ts_iso_utc,server_pid,dedicated_bytes,shared_bytes,cpu_total_pct,adapter_shared_bytes
2026-09-25T11:07:49.2455529Z,139008,8186290176,132120576,34.8296142707932,2088767488
2026-09-25T11:07:50.2620923Z,139008,8186290176,132120576,49.1657890404784,2088767488
2026-09-25T11:07:51.2764194Z,139008,8186290176,132120576,40.9854786489747,2088767488
2026-09-25T11:07:52.2924121Z,139008,8186290176,132120576,30.505804727188,2088767488
2026-09-25T11:07:53.3075216Z,139008,8186290176,132120576,41.5083813687029,2088767488
2026-09-25T11:07:54.3227240Z,139008,8186290176,132120576,29.2874635168703,2088767488
2026-09-25T11:07:55.3343119Z,139008,8186290176,132120576,27.0044389324641,2088767488
2026-09-25T11:07:56.3522304Z,139008,8186290176,132120576,26.6317611493411,2088767488
2026-09-25T11:07:57.3692534Z,139008,8186290176,132120576,22.8005765790457,2088767488
2026-09-25T11:07:58.3831221Z,139008,8186290176,132120576,29.7719731212942,2088767488
2026-09-25T11:07:59.4018701Z,139008,8186290176,132120576,23.3126726630512,2088767488
2026-09-25T11:08:00.4208306Z,139008,8186290176,132120576,22.8496298879899,2088767488
2026-09-25T11:08:01.4386352Z,139008,8186290176,132120576,22.5903015490213,2088767488
2026-09-25T11:08:02.4564579Z,139008,8186290176,132120576,27.3682704723032,2088767488
2026-09-25T11:08:03.4703158Z,139008,8186290176,132120576,31.7755825996612,2088767488
2026-09-25T11:08:04.4857914Z,139008,8186290176,132120576,27.970125110921,2088767488
2026-09-25T11:08:05.5040475Z,139008,8186290176,132120576,28.2625226527757,2088767488
2026-09-25T11:08:06.5082301Z,139008,8186290176,132120576,27.9380398800456,2088767488
2026-09-25T11:08:07.5297737Z,139008,8186290176,132120576,26.557000495884,2088767488
2026-09-25T11:08:08.5371411Z,139008,8186290176,132120576,28.0582842490234,2088767488
2026-09-25T11:08:09.5528131Z,139008,8186290176,132120576,21.7344888361248,2088767488
2026-09-25T11:08:10.5689836Z,139008,8186290176,132120576,33.8816860315215,2088767488
2026-09-25T11:08:11.5811606Z,139008,8186290176,132120576,21.6762980056334,2088767488
2026-09-25T11:08:12.5983763Z,139008,8186290176,132120576,24.6682772645778,2088767488
2026-09-25T11:08:13.6131863Z,139008,8186290176,132120576,29.1444414344182,2101350400
2026-09-25T11:08:14.6287070Z,139008,8186290176,132120576,38.8556528871775,2101350400
2026-09-25T11:08:15.6425249Z,139008,8186290176,132120576,25.7709387827399,2101350400
2026-09-25T11:08:16.6575138Z,139008,8186290176,132120576,34.564388702914,2094010368
2026-09-25T11:08:17.6636832Z,139008,8186290176,132120576,35.5232772963184,2094010368
2026-09-25T11:08:18.6807472Z,139008,8186290176,132120576,35.4434380891088,2094010368
2026-09-25T11:08:19.6962148Z,139008,8186290176,132120576,41.4312606389291,2094010368
2026-09-25T11:08:20.7096386Z,139008,8192581632,132120576,55.2691928356079,2094010368
2026-09-25T11:08:21.7270111Z,139008,8192581632,132120576,45.1608490366563,2094010368
2026-09-25T11:08:22.7440781Z,139008,8192581632,132120576,35.2202182011012,2094010368
2026-09-25T11:08:23.7588768Z,139008,8192581632,132120576,40.8955433581697,2094010368
2026-09-25T11:08:24.7766006Z,139008,8192581632,132120576,64.3819328002064,2100039680
2026-09-25T11:08:25.7935809Z,139008,8192581632,132120576,38.9959908259426,2100039680
2026-09-25T11:08:26.8091393Z,139008,8192581632,132120576,39.4190421929868,2107379712
2026-09-25T11:08:27.8267917Z,139008,8192581632,132120576,35.9933997362371,2107379712
2026-09-25T11:08:28.8310461Z,139008,8192581632,132120576,34.458046675768,2100039680
2026-09-25T11:08:29.8361969Z,139008,8192581632,132120576,34.1286596949427,2100039680
2026-09-25T11:08:30.8413200Z,139008,8192581632,132120576,28.3942478738942,2100039680
2026-09-25T11:08:31.8539545Z,139008,8192581632,132120576,28.8026562673725,2100039680
2026-09-25T11:08:32.8584447Z,139008,8192581632,132120576,24.6992790357777,2100039680
2026-09-25T11:08:33.8611150Z,139008,8192581632,132120576,22.9183554514371,2100039680
2026-09-25T11:08:34.8806929Z,139008,8192581632,132120576,34.6068790830542,2100039680
2026-09-25T11:08:35.8977998Z,139008,8192581632,132120576,43.3318342714559,2100039680
2026-09-25T11:08:36.9137717Z,139008,8192581632,132120576,29.9966518235762,2100039680
2026-09-25T11:08:37.9197792Z,139008,8192581632,132120576,32.6614179496173,2100039680
2026-09-25T11:08:38.9258752Z,139008,8192581632,132120576,31.5697236277052,2100039680
2026-09-25T11:08:39.9285902Z,139008,8192581632,132120576,24.1686375214737,2100039680
2026-09-25T11:08:40.9433768Z,139008,8192581632,132120576,23.4731924129998,2100039680
2026-09-25T11:08:41.9493429Z,139008,8192581632,132120576,26.1117153530833,2100039680
2026-09-25T11:08:42.9638152Z,139008,8192581632,132120576,24.1816657541578,2100039680
2026-09-25T11:08:43.9670672Z,139008,8192581632,132120576,25.5726085949869,2085883904
2026-09-25T11:08:44.9720900Z,139008,8192581632,132120576,31.1363496019012,2085883904
2026-09-25T11:08:45.9886343Z,139008,8192581632,132120576,39.6701955382718,2085883904
2026-09-25T11:08:47.0044714Z,139008,8192581632,132120576,12.8073904939285,2085883904
2026-09-25T11:08:48.0192512Z,139008,8192581632,132120576,11.9463342005457,2085883904
2026-09-25T11:08:49.0356674Z,139008,8192581632,132120576,8.72438373534142,2085883904
2026-09-25T11:08:50.0408736Z,139008,8192581632,132120576,14.0636874553605,2085883904
2026-09-25T11:08:51.0434526Z,139008,8192581632,132120576,18.3180457646084,2085883904
2026-09-25T11:08:52.0593537Z,139008,8192581632,132120576,14.2547258429818,2085883904
2026-09-25T11:08:53.0622194Z,139008,8192581632,132120576,9.92661572295155,2085883904
2026-09-25T11:08:54.0699493Z,139008,8192581632,132120576,11.4353927017769,2085883904
2026-09-25T11:08:55.0880072Z,139008,8192581632,132120576,10.1813838589099,2085883904
2026-09-25T11:08:56.1028493Z,139008,8192581632,132120576,12.6474678357555,2085883904
2026-09-25T11:08:57.1166779Z,139008,8192581632,132120576,21.4190451629618,2085883904
2026-09-25T11:08:58.1301304Z,139008,8192581632,132120576,12.2160634070171,2085883904
2026-09-25T11:08:59.1466092Z,139008,8192581632,132120576,11.7083906556944,2085883904
2026-09-25T11:09:00.1623669Z,139008,8192581632,132120576,12.7893861612368,2085883904
2026-09-25T11:09:01.1777528Z,139008,8192581632,132120576,15.9421739999665,2085883904
2026-09-25T11:09:02.1827790Z,139008,8192581632,132120576,11.3023793218172,2085883904
2026-09-25T11:09:03.1851234Z,139008,8192581632,132120576,11.2266255922944,2085883904
2026-09-25T11:09:04.1909763Z,139008,8192581632,132120576,12.7282286336182,2085883904
2026-09-25T11:09:05.2044499Z,139008,8192581632,132120576,11.4975017050414,2085883904
2026-09-25T11:09:06.2079853Z,139008,8192581632,132120576,29.4079606603274,2085883904
2026-09-25T11:09:07.2254535Z,139008,8192581632,132120576,37.9969166488773,2085883904
2026-09-25T11:09:08.2417613Z,139008,8192581632,132120576,25.5529436237384,2085883904
2026-09-25T11:09:09.2552740Z,139008,8192581632,132120576,23.1466867638601,2085883904
2026-09-25T11:09:10.2693518Z,139008,8192581632,132120576,21.3817178966629,2085883904
2026-09-25T11:09:11.2836989Z,139008,8192581632,132120576,19.7639542486529,2085883904
2026-09-25T11:09:12.2879972Z,139008,8192581632,132120576,19.4859547401196,2085883904
2026-09-25T11:09:13.2961217Z,139008,8192581632,132120576,18.8487841258766,2085883904
2026-09-25T11:09:14.3131828Z,139008,8192581632,132120576,17.4015844797335,2085883904
2026-09-25T11:09:15.3284363Z,139008,8192581632,132120576,20.7225327020635,2085883904
2026-09-25T11:09:16.3438992Z,139008,8192581632,132120576,19.0003706327128,2085883904
2026-09-25T11:09:17.3513615Z,139008,8192581632,132120576,23.4831165542428,2085883904
2026-09-25T11:09:18.3676463Z,139008,8192581632,132120576,31.7039960490105,2085883904
2026-09-25T11:09:19.3817830Z,139008,8192581632,132120576,21.9568718784289,2085883904
2026-09-25T11:09:20.3888742Z,139008,8192581632,132120576,18.2833098434945,2085883904
2026-09-25T11:09:21.4040287Z,139008,8192581632,132120576,19.0638431830268,2085883904
2026-09-25T11:09:22.4223630Z,139008,8192581632,132120576,16.3347813280405,2085883904
2026-09-25T11:09:23.4291942Z,139008,8192581632,132120576,17.8071176798857,2085883904
2026-09-25T11:09:24.4323376Z,139008,8192581632,132120576,17.7389014671508,2085883904
2026-09-25T11:09:25.4510577Z,139008,8192581632,132120576,24.3858751681719,2085883904
2026-09-25T11:09:26.4561445Z,139008,8192581632,132120576,19.9047126544979,2085883904
2026-09-25T11:09:27.4643049Z,139008,8192581632,132120576,23.5724181452022,2086932480
2026-09-25T11:09:28.4722355Z,139008,8192581632,132120576,21.4457268043446,2094272512
2026-09-25T11:09:29.4832379Z,139008,8192581632,132120576,12.2045912320753,2094272512
2026-09-25T11:09:30.5003939Z,139008,8192581632,132120576,9.84006380161783,2094272512
2026-09-25T11:09:31.5070565Z,139008,8192581632,132120576,14.6555407832876,2094272512
2026-09-25T11:09:32.5230461Z,139008,8192581632,132120576,12.1474616332075,2094272512
2026-09-25T11:09:33.5384381Z,139008,8192581632,132120576,13.6120381252382,2094272512
2026-09-25T11:09:34.5430643Z,139008,8192581632,132120576,13.3889599932791,2094272512
2026-09-25T11:09:35.5470149Z,139008,8192581632,132120576,11.1226034371647,2094272512
2026-09-25T11:09:36.5501446Z,139008,8192581632,132120576,11.7695083493725,2094272512
2026-09-25T11:09:37.5686180Z,139008,8192581632,132120576,12.6591867858125,2094272512
2026-09-25T11:09:38.5842860Z,139008,8192581632,132120576,23.9243025478418,2094272512
2026-09-25T11:09:39.6005982Z,139008,8192581632,132120576,23.7057418570094,2094272512
2026-09-25T11:09:40.6131065Z,139008,8192581632,132120576,21.2006612475289,2094272512
2026-09-25T11:09:41.6284929Z,139008,8192581632,132120576,29.5290903401817,2094272512
2026-09-25T11:09:42.6457940Z,139008,8192581632,132120576,28.2915583369401,2094272512
2026-09-25T11:09:43.6494904Z,139008,8192581632,132120576,25.3729145420033,2094272512
2026-09-25T11:09:44.6665350Z,139008,8192581632,132120576,30.8383801424779,2049052672
2026-09-25T11:09:45.6824793Z,139008,8192581632,132120576,28.2090974955483,2049052672
2026-09-25T11:09:46.7011067Z,139008,8192581632,132120576,25.8629412846994,2049052672
2026-09-25T11:09:47.7161386Z,139008,8192581632,132120576,24.2258774596663,2049052672
2026-09-25T11:09:48.7324754Z,139008,8192581632,132120576,20.728975734623,2049052672
2026-09-25T11:09:49.7476647Z,139008,8192581632,132120576,26.5788242555428,2049052672
2026-09-25T11:09:50.7519537Z,139008,8192581632,132120576,17.4577186664018,2049052672
2026-09-25T11:09:51.7598261Z,139008,8192581632,132120576,17.7836557862143,2049052672
2026-09-25T11:09:52.7766157Z,139008,8192581632,132120576,30.7656501411693,2049052672
2026-09-25T11:09:53.7976256Z,139008,8192581632,132120576,42.6345454761563,2049052672
2026-09-25T11:09:54.8072597Z,139008,8192581632,132120576,45.1267868398877,2049052672
2026-09-25T11:09:55.8221476Z,139008,8192581632,132120576,34.4716209784932,2049052672
2026-09-25T11:09:56.8363261Z,139008,8192581632,132120576,28.2382682440051,2049052672
2026-09-25T11:09:57.8412229Z,139008,8192581632,132120576,24.3181300651523,2049052672
2026-09-25T11:09:58.8544563Z,139008,8192581632,132120576,25.0156257417478,2049052672
2026-09-25T11:09:59.8726454Z,139008,8192581632,132120576,26.9389828455613,2049052672
2026-09-25T11:10:00.8865492Z,139008,8192581632,132120576,30.494051549139,2049052672
2026-09-25T11:10:01.9051388Z,139008,8192581632,132120576,25.0776991185608,2049052672
2026-09-25T11:10:02.9111033Z,139008,8192581632,132120576,28.1366374813609,2049052672
2026-09-25T11:10:03.9158812Z,139008,8192581632,132120576,23.9580111694328,2049052672
2026-09-25T11:10:04.9343950Z,139008,8192581632,132120576,27.1676216059682,2049052672
2026-09-25T11:10:05.9403636Z,139008,8192581632,132120576,15.528898066835,2049052672
2026-09-25T11:10:06.9446707Z,139008,8192581632,132120576,19.6308125855424,2049052672
2026-09-25T11:10:07.9492387Z,139008,8192581632,132120576,19.948486493547,2049052672
2026-09-25T11:10:08.9617331Z,139008,8192581632,132120576,20.13783688594,2049052672
2026-09-25T11:10:09.9778346Z,139008,8192581632,132120576,17.5394941932548,2049052672
2026-09-25T11:10:10.9951637Z,139008,8192581632,132120576,27.6208590995369,2049052672
2026-09-25T11:10:12.0121491Z,139008,8192581632,132120576,17.7223225890272,2049052672
2026-09-25T11:10:13.0158620Z,139008,8192581632,132120576,18.6593399520588,2049052672
2026-09-25T11:10:14.0342517Z,139008,8192581632,132120576,17.2459452625791,2049052672
2026-09-25T11:10:15.0527075Z,139008,8192581632,132120576,24.1753545722012,2049052672
2026-09-25T11:10:16.0562398Z,139008,8192581632,132120576,22.1913907333515,2049052672
2026-09-25T11:10:17.0711900Z,139008,8192581632,132120576,20.7326028903744,2049052672
2026-09-25T11:10:18.0774271Z,139008,8192581632,132120576,20.9038622724677,2049052672
2026-09-25T11:10:19.0927661Z,139008,8192581632,132120576,33.5696189453332,2049052672
2026-09-25T11:10:20.1003974Z,139008,8192581632,132120576,29.3314797917214,2049052672
2026-09-25T11:10:21.1134984Z,139008,8192581632,132120576,25.204484139157,2049052672
2026-09-25T11:10:22.1193287Z,139008,8192581632,132120576,26.3315901675057,2049052672
2026-09-25T11:10:23.1372295Z,139008,8192581632,132120576,24.6286830607559,2049052672
2026-09-25T11:10:24.1568534Z,139008,8192581632,132120576,18.1520930882723,2049052672
2026-09-25T11:10:25.1602143Z,139008,8192581632,132120576,20.5882741810756,2049052672
2026-09-25T11:10:26.1636590Z,139008,8192581632,132120576,20.8606469775799,2049052672
2026-09-25T11:10:27.1690670Z,139008,8192581632,132120576,21.6148990235555,2049052672
2026-09-25T11:10:28.1833998Z,139008,8192581632,132120576,24.2304441209474,2049052672
2026-09-25T11:10:29.2009559Z,139008,8192581632,132120576,15.7501089957283,2049052672
2026-09-25T11:10:30.2044227Z,139008,8192581632,132120576,13.9586441736963,2049052672
2026-09-25T11:10:31.2181035Z,139008,8192581632,132120576,14.4523629324006,2049052672
2026-09-25T11:10:32.2345844Z,139008,8192581632,132120576,18.8185593320969,2049052672
2026-09-25T11:10:33.2382913Z,139008,8192581632,132120576,11.7581632856601,2049052672
2026-09-25T11:10:34.2413026Z,139008,8192581632,132120576,11.1993405895572,2049052672
2026-09-25T11:10:35.2582390Z,139008,8192581632,132120576,14.340864855733,2049052672
2026-09-25T11:10:36.2639350Z,139008,8192581632,132120576,18.2558189879333,2049052672
2026-09-25T11:10:37.2770584Z,139008,8192581632,132120576,33.2008651264268,2049052672
2026-09-25T11:10:38.2924087Z,139008,8192581632,132120576,27.6481330779501,2049052672
2026-09-25T11:10:39.2992787Z,139008,8192581632,132120576,21.6513557162677,2049052672
2026-09-25T11:10:40.3032194Z,139008,8192581632,132120576,22.5503852179479,2049052672
2026-09-25T11:10:41.3071587Z,139008,8192581632,132120576,20.3297896999714,2049052672
2026-09-25T11:10:42.3233135Z,139008,8192581632,132120576,23.8357245196404,2049052672
2026-09-25T11:10:43.3374614Z,139008,8192581632,132120576,16.3562730476726,2049052672
2026-09-25T11:10:44.3539672Z,139008,8192581632,132120576,15.0103328998252,2049052672
2026-09-25T11:10:45.3713267Z,139008,8192581632,132120576,16.3112097499341,2049052672
2026-09-25T11:10:46.3865864Z,139008,8192581632,132120576,18.1271581221161,2049052672
2026-09-25T11:10:47.3891148Z,139008,8192581632,132120576,12.6770472866264,2049052672
2026-09-25T11:10:48.3954821Z,139008,8192581632,132120576,11.9324133592528,2049052672
2026-09-25T11:10:49.4005063Z,139008,8192581632,132120576,6.42763350282425,2049052672
2026-09-25T11:10:50.4061653Z,139008,8192581632,132120576,16.3079748372584,2049052672
2026-09-25T11:10:51.4220077Z,139008,8192581632,132120576,7.89889134278094,2049052672
2026-09-25T11:10:52.4266382Z,139008,8192581632,132120576,11.4550163410366,2049052672
2026-09-25T11:10:53.4316873Z,139008,8192581632,132120576,16.5731869920688,2049052672
2026-09-25T11:10:54.4368216Z,139008,8192581632,132120576,9.9899647861739,2049052672
2026-09-25T11:10:55.4421052Z,139008,8192581632,132120576,8.19453538640842,2049052672
2026-09-25T11:10:56.4457757Z,139008,8192581632,132120576,17.895000349068,2049052672
2026-09-25T11:10:57.4622463Z,139008,8192581632,132120576,6.909254809231,2049052672
2026-09-25T11:10:58.4726233Z,139008,8192581632,132120576,12.2380025089881,2049052672
2026-09-25T11:10:59.4834432Z,139008,8192581632,132120576,9.65510656884955,2049052672
2026-09-25T11:11:00.4890815Z,139008,8192581632,132120576,9.01491993561803,2049052672
2026-09-25T11:11:01.4959004Z,139008,8192581632,132120576,8.77646082138368,2049052672
2026-09-25T11:11:02.5131890Z,139008,8192581632,132120576,10.19488538841,2049052672
2026-09-25T11:11:03.5282846Z,139008,8192581632,132120576,16.5769965028833,2049052672
2026-09-25T11:11:04.5429308Z,139008,8192581632,132120576,13.6216665549109,2049052672
2026-09-25T11:11:05.5556877Z,139008,8192581632,132120576,7.00240345908439,2049052672
2026-09-25T11:11:06.5705944Z,139008,8192581632,132120576,13.4849860252021,2049052672
2026-09-25T11:11:07.5785666Z,139008,8192581632,132120576,9.70492470088692,2049052672
2026-09-25T11:11:08.5813648Z,139008,8192581632,132120576,11.2830617405783,2049052672
2026-09-25T11:11:09.5885843Z,139008,8192581632,132120576,10.1303238996517,2049052672
2026-09-25T11:11:10.5943504Z,139008,8192581632,132120576,10.2804140682009,2049052672
2026-09-25T11:11:11.5986855Z,139008,8192581632,132120576,11.2176097000562,2049052672
2026-09-25T11:11:12.6009425Z,139008,8192581632,132120576,8.89624767672366,2049052672
2026-09-25T11:11:13.6166665Z,139008,8192581632,132120576,12.9899580824593,2049052672
2026-09-25T11:11:14.6222808Z,139008,8192581632,132120576,18.9116760149196,2041712640
2026-09-25T11:11:15.6256520Z,139008,8192581632,132120576,16.1029523740423,2041712640
2026-09-25T11:11:16.6312827Z,139008,8192581632,132120576,21.4393683640061,2041712640
2026-09-25T11:11:17.6335176Z,139008,8192581632,132120576,16.8833649050529,2041712640
2026-09-25T11:11:18.6382417Z,139008,8192581632,132120576,27.8811054928684,2041712640
2026-09-25T11:11:19.6558567Z,139008,8192581632,132120576,18.1343735510264,2041712640
2026-09-25T11:11:20.6750224Z,139008,8192581632,132120576,8.51150128616734,2041712640
2026-09-25T11:11:21.6924993Z,139008,8192581632,132120576,10.156083160698,2041712640
2026-09-25T11:11:22.6981916Z,139008,8192581632,132120576,7.74466744268704,2041712640
2026-09-25T11:11:23.7108904Z,139008,8192581632,132120576,9.45230317012489,2041712640
2026-09-25T11:11:24.7171304Z,139008,8192581632,132120576,13.3331372223207,2041712640
2026-09-25T11:11:25.7320159Z,139008,8192581632,132120576,13.1625322735038,2041712640
2026-09-25T11:11:26.7450568Z,139008,8192581632,132120576,10.4907718513965,2041712640
2026-09-25T11:11:27.7479195Z,139008,8192581632,132120576,13.6260259397863,2031226880
2026-09-25T11:11:28.7530147Z,139008,8192581632,132120576,13.4297536283966,2031226880
2026-09-25T11:11:29.7560658Z,139008,8192581632,132120576,12.5705106195124,2031226880
2026-09-25T11:11:30.7599838Z,139008,8192581632,132120576,9.33974911743457,2031226880
2026-09-25T11:11:31.7650727Z,139008,8192581632,132120576,11.0076632301892,2031226880
2026-09-25T11:11:32.7812253Z,139008,8192581632,132120576,7.58871753227611,2031226880
2026-09-25T11:11:33.7981889Z,139008,8192581632,132120576,11.8992959186856,2031226880
2026-09-25T11:11:34.8016897Z,139008,8192581632,132120576,11.4430427326988,2031226880
2026-09-25T11:11:35.8191723Z,139008,8192581632,132120576,14.5735817932833,2031226880
2026-09-25T11:11:36.8248418Z,139008,8192581632,132120576,7.52673203537867,2031226880
2026-09-25T11:11:37.8284547Z,139008,8192581632,132120576,7.90237063550527,2031226880
2026-09-25T11:11:38.8330294Z,139008,8192581632,132120576,12.3091523450247,2031226880
2026-09-25T11:11:39.8414510Z,139008,8192581632,132120576,11.875313359756,2031226880
2026-09-25T11:11:40.8457390Z,139008,8192581632,132120576,5.96960234514402,2031226880
2026-09-25T11:11:41.8497037Z,139008,8192581632,132120576,9.44134955736126,2031226880
2026-09-25T11:11:42.8528261Z,139008,8192581632,132120576,14.7184564663961,2031226880
2026-09-25T11:11:43.8609748Z,139008,8192581632,132120576,7.69201822593331,2031226880
2026-09-25T11:11:44.8763835Z,139008,8192581632,132120576,4.88023608037627,1919029248
2026-09-25T11:11:45.8954105Z,139008,8192581632,132120576,13.9656891235228,1919029248
2026-09-25T11:11:46.9090186Z,139008,8192581632,132120576,6.79576402851848,1919029248
2026-09-25T11:11:47.9261755Z,139008,8192581632,132120576,4.59690630419048,1919029248
2026-09-25T11:11:48.9301920Z,139008,8192581632,132120576,8.76479496581477,1919029248
2026-09-25T11:11:49.9362028Z,139008,8192581632,132120576,6.27642177454075,1919029248
2026-09-25T11:11:50.9414832Z,139008,8192581632,132120576,8.53876987922017,1919029248
2026-09-25T11:11:51.9485839Z,139008,8192581632,132120576,11.1148983036245,1919029248
2026-09-25T11:11:52.9597912Z,139008,8192581632,132120576,4.16089612208522,1919029248
2026-09-25T11:11:53.9655138Z,139008,8192581632,132120576,5.97721581459625,1919029248
2026-09-25T11:11:54.9735950Z,139008,8192581632,132120576,3.93161894782835,1919029248
2026-09-25T11:11:55.9768124Z,139008,8192581632,132120576,9.17902730063291,1919029248
2026-09-25T11:11:56.9823671Z,139008,8192581632,132120576,24.3683204587083,1919029248
2026-09-25T11:11:57.9998263Z,139008,8192581632,132120576,19.8384783331874,1919029248
2026-09-25T11:11:59.0031309Z,139008,8192581632,132120576,20.2422296463814,1919029248
2026-09-25T11:12:00.0227232Z,139008,8192581632,132120576,19.8831633502747,1919029248
2026-09-25T11:12:01.0356576Z,139008,8192581632,132120576,30.0522253759974,1919029248
2026-09-25T11:12:02.0383624Z,139008,8192581632,132120576,20.1054536990357,1919029248
2026-09-25T11:12:03.0410303Z,139008,8192581632,132120576,22.4168257895973,1919029248
2026-09-25T11:12:04.0441147Z,139008,8192581632,132120576,21.9355999582047,1919029248
2026-09-25T11:12:05.0503710Z,139008,8192581632,132120576,10.0205968637266,1919029248
2026-09-25T11:12:06.0542795Z,139008,8192581632,132120576,12.2674428575588,1919029248
2026-09-25T11:12:07.0727903Z,139008,8192581632,132120576,31.0542194945222,1919029248
2026-09-25T11:12:08.0786072Z,139008,8192581632,132120576,34.0127275534386,1919029248
2026-09-25T11:12:09.0930364Z,139008,8192581632,132120576,39.5149171335015,1919029248
2026-09-25T11:12:10.1083219Z,139008,8192581632,132120576,31.543806986982,1919029248
2026-09-25T11:12:11.1233892Z,139008,8192581632,132120576,33.0404047558836,1919029248
2026-09-25T11:12:12.1265909Z,139008,8192581632,132120576,29.9118521612319,1919029248
2026-09-25T11:12:13.1322343Z,139008,8192581632,132120576,29.6938326819114,1919029248
2026-09-25T11:12:14.1483003Z,139008,8192581632,132120576,29.9341311112421,1919029248
2026-09-25T11:12:15.1632402Z,139008,8192581632,132120576,26.6815594526315,1919029248
2026-09-25T11:12:16.1786191Z,139008,8192581632,132120576,27.5089788254187,1919029248
2026-09-25T11:12:17.1956675Z,139008,8192581632,132120576,30.2829669551646,1919029248
2026-09-25T11:12:18.2135512Z,139008,8192581632,132120576,29.2369633485204,1919029248
2026-09-25T11:12:19.2173908Z,139008,8192581632,132120576,28.5335319892002,1919029248
2026-09-25T11:12:20.2209057Z,139008,8192581632,132120576,28.1571047325064,1919029248
2026-09-25T11:12:21.2264348Z,139008,8192581632,132120576,31.6276614492191,1919029248
2026-09-25T11:12:22.2323169Z,139008,8192581632,132120576,27.6718208950298,1919029248
2026-09-25T11:12:23.2395250Z,139008,8192581632,132120576,33.5181560463423,1919029248
2026-09-25T11:12:24.2417626Z,139008,8192581632,132120576,30.9853688138219,1919029248
2026-09-25T11:12:25.2491402Z,139008,8192581632,132120576,21.7875082101765,1919029248
2026-09-25T11:12:26.2537793Z,139008,8192581632,132120576,17.181563356366,1919029248
2026-09-25T11:12:27.2574254Z,139008,8192581632,132120576,19.1498203086099,1919029248
2026-09-25T11:12:28.2738676Z,139008,8192581632,132120576,26.0949094929667,1919029248
2026-09-25T11:12:29.2913405Z,139008,8192581632,132120576,24.1976841421783,1919029248
2026-09-25T11:12:30.2943681Z,139008,8192581632,132120576,24.7176736222813,1919029248
2026-09-25T11:12:31.2987969Z,139008,8192581632,132120576,16.6772597963053,1919029248
2026-09-25T11:12:32.3064213Z,139008,8192581632,132120576,12.6773456649345,1919029248
2026-09-25T11:12:33.3153460Z,139008,8192581632,132120576,9.93838703989849,1919029248
2026-09-25T11:12:34.3176561Z,139008,8192581632,132120576,12.3561500239925,1919029248
2026-09-25T11:12:35.3350897Z,139008,8192581632,132120576,9.6310132489572,1919029248
2026-09-25T11:12:36.3462707Z,139008,8192581632,132120576,11.6784643469406,1919029248
2026-09-25T11:12:37.3604893Z,139008,8192581632,132120576,13.9312366095908,1919029248
2026-09-25T11:12:38.3725809Z,139008,8192581632,132120576,15.6678220671983,1919029248
2026-09-25T11:12:39.3880842Z,139008,8192581632,132120576,18.45202369458,1919029248
2026-09-25T11:12:40.3919319Z,139008,8192581632,132120576,10.4921491770312,1919029248
2026-09-25T11:12:41.3987981Z,139008,8192581632,132120576,10.9628180614446,1919029248
2026-09-25T11:12:42.4141721Z,139008,8192581632,132120576,12.8629370724413,1919029248
2026-09-25T11:12:43.4297383Z,139008,8192581632,132120576,11.3418777775491,1919029248
2026-09-25T11:12:44.4354044Z,139008,8192581632,132120576,14.8497174410185,1919029248
2026-09-25T11:12:45.4493722Z,139008,8192581632,132120576,11.961966350741,1919029248
2026-09-25T11:12:46.4666978Z,139008,8192581632,132120576,11.3724141947358,1919029248
2026-09-25T11:12:47.4841811Z,139008,8192581632,132120576,13.1820860920647,1919029248
2026-09-25T11:12:48.4997029Z,139008,8192581632,132120576,13.0477806619927,1919029248
2026-09-25T11:12:49.5177126Z,139008,8192581632,132120576,17.4202049598986,1919029248
2026-09-25T11:12:50.5259217Z,139008,8192581632,132120576,16.4078481502818,1919029248
2026-09-25T11:12:51.5400240Z,139008,8192581632,132120576,11.3020256328366,1919029248
2026-09-25T11:12:52.5554779Z,139008,8192581632,132120576,11.4170074415876,1919029248
2026-09-25T11:12:53.5615140Z,139008,8192581632,132120576,13.4095869987646,1919029248
2026-09-25T11:12:54.5671376Z,139008,8192581632,132120576,11.5423336123085,1919029248
2026-09-25T11:12:55.5821594Z,139008,8192581632,132120576,10.8123115124647,1919029248
2026-09-25T11:12:56.5995404Z,139008,8192581632,132120576,13.1223368382745,1919029248
2026-09-25T11:12:57.6169418Z,139008,8192581632,132120576,9.88152354111325,1919029248
2026-09-25T11:12:58.6324361Z,139008,8192581632,132120576,15.1489081676732,1919029248
2026-09-25T11:12:59.6364454Z,139008,8192581632,132120576,18.2628552274608,1919029248
2026-09-25T11:13:00.6522275Z,139008,8192581632,132120576,37.6324902422669,1919029248
2026-09-25T11:13:01.6560711Z,139008,8192581632,132120576,24.3357721137816,1919029248
2026-09-25T11:13:02.6728943Z,139008,8192581632,132120576,24.299103250655,1919029248
2026-09-25T11:13:03.6899603Z,139008,8192581632,132120576,21.4577568601355,1919029248
2026-09-25T11:13:04.6956687Z,139008,8192581632,132120576,21.8321594394344,1919029248
2026-09-25T11:13:05.7128666Z,139008,8192581632,132120576,25.5370579676722,1919029248
2026-09-25T11:13:06.7279496Z,139008,8192581632,132120576,24.8288110589619,1919029248
2026-09-25T11:13:07.7330797Z,139008,8192581632,132120576,18.8728068648178,1919029248
2026-09-25T11:13:08.7367996Z,139008,8192581632,132120576,18.7168677887397,1919029248
2026-09-25T11:13:09.7536205Z,139008,8192581632,132120576,18.4389242102721,1919029248
2026-09-25T11:13:10.7740939Z,139008,8192581632,132120576,31.7043633495368,1919029248
2026-09-25T11:13:11.7810247Z,139008,8192581632,132120576,22.3357972477695,1919029248
2026-09-25T11:13:12.7842108Z,139008,8192581632,132120576,24.6486595378726,1919029248
2026-09-25T11:13:13.7885351Z,139008,8192581632,132120576,19.213867340799,1919029248
2026-09-25T11:13:14.7970352Z,139008,8192581632,132120576,19.9175950167514,1919029248
2026-09-25T11:13:15.8119087Z,139008,8192581632,132120576,20.1164582814696,1919029248
2026-09-25T11:13:16.8156558Z,139008,8192581632,132120576,19.0537508001225,1919029248
2026-09-25T11:13:17.8190187Z,139008,8192581632,132120576,20.5797333133472,1919029248
2026-09-25T11:13:18.8215334Z,139008,8192581632,132120576,20.7236082659393,1919029248
2026-09-25T11:13:19.8374866Z,139008,8192581632,132120576,21.1799813702816,1919029248
2026-09-25T11:13:20.8406495Z,139008,8192581632,132120576,25.1398289207148,1919029248
2026-09-25T11:13:21.8549486Z,139008,8192581632,132120576,20.0708615560054,1919029248
2026-09-25T11:13:22.8598133Z,139008,8192581632,132120576,10.8919953021946,1919029248
2026-09-25T11:13:23.8657765Z,139008,8192581632,132120576,10.4862331575864,1919029248
2026-09-25T11:13:24.8744148Z,139008,8192581632,132120576,11.0315723828065,1919029248
2026-09-25T11:13:25.8786034Z,139008,8192581632,132120576,12.9293642937864,1919029248
2026-09-25T11:13:26.8838388Z,139008,8192581632,132120576,13.6682392385626,1919029248
2026-09-25T11:13:27.8995729Z,139008,8192581632,132120576,14.8765261873647,1919029248
2026-09-25T11:13:28.9062858Z,139008,8192581632,132120576,13.3020668155977,1919029248
2026-09-25T11:13:29.9123454Z,139008,8192581632,132120576,14.4952906369122,1919029248
2026-09-25T11:13:30.9271562Z,139008,8192581632,132120576,11.721092487477,1919029248
2026-09-25T11:13:31.9425861Z,139008,8192581632,132120576,18.5070953586448,1919029248
2026-09-25T11:13:32.9546904Z,139008,8192581632,132120576,11.8732788407349,1919029248
2026-09-25T11:13:33.9722383Z,139008,8192581632,132120576,12.7880664881812,1919029248
2026-09-25T11:13:34.9745954Z,139008,8192581632,132120576,14.5288560915624,1919029248
2026-09-25T11:13:35.9781925Z,139008,8192581632,132120576,12.8131142627482,1919029248
2026-09-25T11:13:36.9846557Z,139008,8192581632,132120576,11.1215138521887,1919029248
2026-09-25T11:13:37.9994626Z,139008,8192581632,132120576,12.6217906035769,1919029248
2026-09-25T11:13:39.0057224Z,139008,8192581632,132120576,12.8501521825049,1919029248
2026-09-25T11:13:40.0206789Z,139008,8192581632,132120576,12.3451430713135,1919029248
2026-09-25T11:13:41.0381642Z,139008,8192581632,132120576,11.1561838794537,1919029248
2026-09-25T11:13:42.0445408Z,139008,8192581632,132120576,16.7209078486977,1919029248
2026-09-25T11:13:43.0623297Z,139008,8192581632,132120576,14.6050982236214,1919029248
2026-09-25T11:13:44.0675083Z,139008,8192581632,132120576,10.9018125858324,1919029248
2026-09-25T11:13:45.0709766Z,139008,8192581632,132120576,12.4234928527159,1919029248
2026-09-25T11:13:46.0760629Z,139008,8192581632,132120576,9.92082574845978,1919029248
2026-09-25T11:13:47.0825556Z,139008,8192581632,132120576,15.2552533866026,1919029248
2026-09-25T11:13:48.0863933Z,139008,8192581632,132120576,15.6012865270808,1919029248
2026-09-25T11:13:49.1019116Z,139008,8192581632,132120576,15.3757998864029,1919029248
2026-09-25T11:13:50.1185444Z,139008,8192581632,132120576,15.3722169575525,1919029248
2026-09-25T11:13:51.1253847Z,139008,8192581632,132120576,14.6446830105897,1919029248
2026-09-25T11:13:52.1351297Z,139008,8192581632,132120576,9.67126558466734,1919029248
2026-09-25T11:13:53.1397055Z,139008,8192581632,132120576,12.0335029231905,1919029248
2026-09-25T11:13:54.1431536Z,139008,8192581632,132120576,11.0491139274818,1919029248
2026-09-25T11:13:55.1516604Z,139008,8192581632,132120576,9.19868110356616,1919029248
2026-09-25T11:13:56.1671274Z,139008,8192581632,132120576,8.41202120944847,1919029248
2026-09-25T11:13:57.1858572Z,139008,8192581632,132120576,8.79978906454841,1919029248
2026-09-25T11:13:58.1911055Z,139008,8192581632,132120576,10.5925669531291,1919029248
2026-09-25T11:13:59.1963679Z,139008,8192581632,132120576,9.2359820245113,1919029248
2026-09-25T11:14:00.2021632Z,139008,8192581632,132120576,12.3238469701356,1919029248
2026-09-25T11:14:01.2084565Z,139008,8192581632,132120576,11.1842968073524,1919029248
2026-09-25T11:14:02.2115068Z,139008,8192581632,132120576,11.5181132241541,1919029248
2026-09-25T11:14:03.2269663Z,139008,8192581632,132120576,14.8906321257218,1919029248
2026-09-25T11:14:04.2370010Z,139008,8192581632,132120576,8.6377025430903,1919029248
2026-09-25T11:14:05.2543407Z,139008,8192581632,132120576,5.92425864647714,1919029248
2026-09-25T11:14:06.2615158Z,139008,8192581632,132120576,9.39198386099218,1919029248
2026-09-25T11:14:07.2660279Z,139008,8192581632,132120576,8.9664957863532,1919029248
2026-09-25T11:14:08.2840488Z,139008,8192581632,132120576,9.9079677992422,1919029248
2026-09-25T11:14:09.2900574Z,139008,8192581632,132120576,12.8496578461389,1919029248
2026-09-25T11:14:10.3048628Z,139008,8192581632,132120576,8.77886513317695,1919029248
2026-09-25T11:14:11.3105604Z,139008,8192581632,132120576,10.2535439144008,1919029248
2026-09-25T11:14:12.3282247Z,139008,8192581632,132120576,8.7414029071911,1919029248
2026-09-25T11:14:13.3392843Z,139008,8192581632,132120576,6.89264716714677,1919029248
2026-09-25T11:14:14.3553843Z,139008,8192581632,132120576,18.3882006340542,1919029248
2026-09-25T11:14:15.3594265Z,139008,8192581632,132120576,8.97480601085425,1919029248
2026-09-25T11:14:16.3703034Z,139008,8192581632,132120576,22.0010694211501,1919029248
2026-09-25T11:14:17.3750830Z,139008,8192581632,132120576,35.6587892811824,1919029248
2026-09-25T11:14:18.3964079Z,139008,8192581632,132120576,21.0910690163554,1919029248
2026-09-25T11:14:19.4125990Z,139008,8192581632,132120576,21.2221989049279,1919029248
2026-09-25T11:14:20.4287515Z,139008,8192581632,132120576,19.304568875794,1919029248
2026-09-25T11:14:21.4323563Z,139008,8192581632,132120576,22.4267513203581,1919029248
2026-09-25T11:14:22.4499656Z,139008,8192581632,132120576,26.5870494446199,1919029248
2026-09-25T11:14:23.4542475Z,139008,8192581632,132120576,20.8284628167079,1919029248
2026-09-25T11:14:24.4568042Z,139008,8192581632,132120576,25.776094224207,1919029248
2026-09-25T11:14:25.4644067Z,139008,8192581632,132120576,18.0613965049198,1919029248
2026-09-25T11:14:26.4794972Z,139008,8192581632,132120576,13.3744935464502,1919029248
2026-09-25T11:14:27.4851057Z,139008,8192581632,132120576,12.5560932967902,1919029248
2026-09-25T11:14:28.4903018Z,139008,8192581632,132120576,13.7620781570277,1919029248
2026-09-25T11:14:29.4942028Z,139008,8192581632,132120576,17.2059432855202,1919029248
2026-09-25T11:14:30.5123537Z,139008,8192581632,132120576,15.8943593181204,1919029248
2026-09-25T11:14:31.5211180Z,139008,8192581632,132120576,14.4337296172193,1919029248
2026-09-25T11:14:32.5260974Z,139008,8192581632,132120576,10.6902863636599,1919029248
2026-09-25T11:14:33.5310322Z,139008,8192581632,132120576,10.7995547487244,1919029248
2026-09-25T11:14:34.5500917Z,139008,8192581632,132120576,15.5739001517871,1919029248
2026-09-25T11:14:35.5549205Z,139008,8192581632,132120576,17.2793975461734,1919029248
2026-09-25T11:14:36.5607702Z,139008,8192581632,132120576,10.8819416441526,1919029248
2026-09-25T11:14:37.5749580Z,139008,8192581632,132120576,22.7062797338312,1919029248
2026-09-25T11:14:38.5916583Z,139008,8192581632,132120576,17.0843404822109,1919029248
2026-09-25T11:14:39.5949113Z,139008,8192581632,132120576,12.8717067247708,1919029248
2026-09-25T11:14:40.6115572Z,139008,8192581632,132120576,12.3948381489409,1919029248
2026-09-25T11:14:41.6155107Z,139008,8192581632,132120576,21.4234543968208,1919029248
2026-09-25T11:14:42.6195204Z,139008,8192581632,132120576,29.162649246536,1919029248
2026-09-25T11:14:43.6240429Z,139008,8192581632,132120576,16.5887097336164,1919029248
2026-09-25T11:14:44.6278499Z,139008,8192581632,132120576,18.004176248038,1919029248
2026-09-25T11:14:45.6476655Z,139008,8192581632,132120576,24.3495226667239,1919029248
2026-09-25T11:14:46.6649379Z,139008,8192581632,132120576,18.6899856420677,1919029248
2026-09-25T11:14:47.6818124Z,139008,8192581632,132120576,16.0649927242914,1919029248
2026-09-25T11:14:48.6987233Z,139008,8192581632,132120576,11.1621084568805,1919029248
2026-09-25T11:14:49.7053508Z,139008,8192581632,132120576,11.8241356895058,1919029248
2026-09-25T11:14:50.7080443Z,139008,8192581632,132120576,11.5573275844462,1919029248
2026-09-25T11:14:51.7110915Z,139008,8192581632,132120576,14.4799995132646,1919029248
2026-09-25T11:14:52.7140471Z,139008,8192581632,132120576,9.87693668600686,1919029248
2026-09-25T11:14:53.7188190Z,139008,8192581632,132120576,5.81980213470939,1919029248
2026-09-25T11:14:54.7271484Z,139008,8192581632,132120576,4.02173662951729,1919029248
2026-09-25T11:14:55.7370960Z,139008,8192581632,132120576,7.03783827352207,1919029248
2026-09-25T11:14:56.7516774Z,139008,8192581632,132120576,9.65963352446516,1919029248
2026-09-25T11:14:57.7628044Z,139008,8192581632,132120576,6.61746807070838,1919029248
2026-09-25T11:14:58.7774525Z,139008,8192581632,132120576,4.99729770098226,1919029248
2026-09-25T11:14:59.7948613Z,139008,8192581632,132120576,6.12633340079235,1919029248
2026-09-25T11:15:00.8003018Z,139008,8192581632,132120576,5.78298978741805,1919029248
2026-09-25T11:15:01.8036268Z,139008,8192581632,132120576,6.46343391149714,1919029248
2026-09-25T11:15:02.8089071Z,139008,8192581632,132120576,8.78193703850927,1919029248
2026-09-25T11:15:03.8174239Z,139008,8192581632,132120576,2.8782957687321,1919029248
2026-09-25T11:15:04.8229432Z,139008,8192581632,132120576,5.69942399200093,1919029248
2026-09-25T11:15:05.8396849Z,139008,8192581632,132120576,8.93921042141311,1919029248
2026-09-25T11:15:06.8441736Z,139008,8192581632,132120576,12.7943728966431,1919029248
2026-09-25T11:15:07.8489380Z,139008,8192581632,132120576,9.70713404196026,1919029248
2026-09-25T11:15:08.8530833Z,139008,8192581632,132120576,25.6017821227648,1919029248
2026-09-25T11:15:09.8704341Z,139008,8192581632,132120576,26.878953617837,1919029248
2026-09-25T11:15:10.8863228Z,139008,8192581632,132120576,23.0958608986479,1919029248
2026-09-25T11:15:11.9020636Z,139008,8192581632,132120576,24.5813215956161,1919029248
2026-09-25T11:15:12.9204989Z,139008,8192581632,132120576,25.5398351840253,1919029248
2026-09-25T11:15:13.9385423Z,139008,8192581632,132120576,18.367073704278,1919029248
2026-09-25T11:15:14.9417349Z,139008,8192581632,132120576,17.6313636155873,1919029248
2026-09-25T11:15:15.9455306Z,139008,8192581632,132120576,17.4467749140275,1919029248
2026-09-25T11:15:16.9489084Z,139008,8192581632,132120576,26.2895199561701,1919029248
2026-09-25T11:15:17.9544874Z,139008,8192581632,132120576,19.2397992308547,1919029248
2026-09-25T11:15:18.9672580Z,139008,8192581632,132120576,21.7424197939268,1919029248
2026-09-25T11:15:20.0048292Z,139008,8192581632,132120576,15.9827051681401,1919029248
2026-09-25T11:15:21.0170436Z,139008,8192581632,132120576,13.7508919449107,1919029248
2026-09-25T11:15:22.0243548Z,139008,8192581632,132120576,14.5888128863401,1919029248
2026-09-25T11:15:23.0305225Z,139008,8192581632,132120576,12.1727728507481,1919029248
2026-09-25T11:15:24.0414025Z,139008,8192581632,132120576,7.64582135124874,1919029248
2026-09-25T11:15:25.0536557Z,139008,8192581632,132120576,14.1249677773713,1919029248
2026-09-25T11:15:26.0631473Z,139008,8192581632,132120576,9.96567939134931,1919029248
2026-09-25T11:15:27.0741225Z,139008,8192581632,132120576,16.3070570069322,1919029248
2026-09-25T11:15:28.0896023Z,139008,8192581632,132120576,23.3783620152452,1919029248
2026-09-25T11:15:29.0946250Z,139008,8192581632,132120576,12.0439761936264,1919029248
2026-09-25T11:15:30.1110586Z,139008,8192581632,132120576,14.1912988950635,1919029248
2026-09-25T11:15:31.1216277Z,139008,8192581632,132120576,14.2845536910663,1919029248
2026-09-25T11:15:32.1374816Z,139008,8192581632,132120576,12.3782943635309,1919029248
2026-09-25T11:15:33.1415156Z,139008,8192581632,132120576,12.3145208148905,1919029248
2026-09-25T11:15:34.1544542Z,139008,8192581632,132120576,11.60197992778,1919029248
2026-09-25T11:15:35.1566128Z,139008,8192581632,132120576,12.4831892961759,1919029248
2026-09-25T11:15:36.1718602Z,139008,8192581632,132120576,11.8904536611662,1919029248
2026-09-25T11:15:37.1754939Z,139008,8192581632,132120576,11.5514938530603,1919029248
2026-09-25T11:15:38.1819043Z,139008,8192581632,132120576,23.9043555384381,1919029248
2026-09-25T11:15:39.1979089Z,139008,8192581632,132120576,11.6756915352116,1919029248
2026-09-25T11:15:40.2008866Z,139008,8192581632,132120576,12.6634774687163,1919029248
2026-09-25T11:15:41.2040718Z,139008,8192581632,132120576,10.2466865992054,1919029248
2026-09-25T11:15:42.2082788Z,139008,8192581632,132120576,14.5311067860516,1919029248
2026-09-25T11:15:43.2253428Z,139008,8192581632,132120576,11.5787719630257,1919029248
2026-09-25T11:15:44.2424174Z,139008,8192581632,132120576,11.6029483699137,1919029248
2026-09-25T11:15:45.2455480Z,139008,8192581632,132120576,10.5776190191507,1919029248
2026-09-25T11:15:46.2552963Z,139008,8192581632,132120576,8.84402324766599,1919029248
2026-09-25T11:15:47.2676264Z,139008,8192581632,132120576,12.3519713203864,1919029248
2026-09-25T11:15:48.2715939Z,139008,8192581632,132120576,15.7508074613519,1919029248
2026-09-25T11:15:49.2869295Z,139008,8192581632,132120576,18.534209788678,1919029248
2026-09-25T11:15:50.3022986Z,139008,8192581632,132120576,12.958637213665,1919029248
2026-09-25T11:15:51.3184076Z,139008,8192581632,132120576,11.0047969789356,1919029248
2026-09-25T11:15:52.3343555Z,139008,8192581632,132120576,11.2777172483122,1919029248
2026-09-25T11:15:53.3379928Z,139008,8192581632,132120576,12.4703261161947,1919029248
2026-09-25T11:15:54.3448528Z,139008,8192581632,132120576,8.68766829571336,1919029248
2026-09-25T11:15:55.3605389Z,139008,8192581632,132120576,12.0337445457076,1935806464
2026-09-25T11:15:56.3799420Z,139008,8192581632,132120576,31.4521030983612,1935806464
2026-09-25T11:15:57.3949588Z,139008,8192581632,132120576,56.8098055380437,1935806464
2026-09-25T11:15:58.4088680Z,139008,8192581632,132120576,25.797071026619,1935806464
2026-09-25T11:15:59.4262060Z,139008,8192581632,132120576,22.4240682822161,1935806464
2026-09-25T11:16:00.4294904Z,139008,8192581632,132120576,19.3610644728674,1935806464
2026-09-25T11:16:01.4343537Z,139008,8192581632,132120576,15.4508497265767,1935806464
2026-09-25T11:16:02.4372838Z,139008,8192581632,132120576,27.7506998748566,1935806464
2026-09-25T11:16:03.4493347Z,139008,8192581632,132120576,35.3818902618203,1935806464
2026-09-25T11:16:04.4678656Z,139008,8192581632,132120576,17.7498511335715,1935806464
2026-09-25T11:16:05.4837670Z,139008,8192581632,132120576,14.7517919362574,1935806464
2026-09-25T11:16:06.4872086Z,139008,8192581632,132120576,14.4128034043504,1935806464
2026-09-25T11:16:07.4946313Z,139008,8192581632,132120576,7.91099312579118,1935806464
2026-09-25T11:16:08.5144237Z,139008,8192581632,132120576,12.0434543194168,1935806464
2026-09-25T11:16:09.5262488Z,139008,8192581632,132120576,16.4297605301965,1935806464
2026-09-25T11:16:10.5393932Z,139008,8192581632,132120576,14.0372803666921,1935806464
2026-09-25T11:16:11.5466881Z,139008,8192581632,132120576,9.26041975977043,1935806464
2026-09-25T11:16:12.5635987Z,139008,8192581632,132120576,11.8360029274666,1935806464
2026-09-25T11:16:13.5727803Z,139008,8192581632,132120576,9.90255978235421,1935806464
2026-09-25T11:16:14.5796346Z,139008,8192581632,132120576,7.77068012622403,1935806464
2026-09-25T11:16:15.5846490Z,139008,8192581632,132120576,7.59242638923161,1935806464
2026-09-25T11:16:16.6493056Z,139008,8192581632,132120576,11.3709859510314,1935806464
2026-09-25T11:16:17.6644897Z,139008,8192581632,132120576,11.8168795688669,1935806464
2026-09-25T11:16:18.6825777Z,139008,8192581632,132120576,10.8328227166796,1935806464
2026-09-25T11:16:19.6862460Z,139008,8192581632,132120576,10.0441294682157,1935806464
2026-09-25T11:16:20.6918715Z,139008,8192581632,132120576,14.166185224839,1935806464
2026-09-25T11:16:21.6992395Z,139008,8192581632,132120576,13.3338574715355,1935806464
2026-09-25T11:16:22.7058189Z,139008,8192581632,132120576,8.11885362395016,1935806464
2026-09-25T11:16:23.7145966Z,139008,8192581632,132120576,8.3748111986418,1935806464
2026-09-25T11:16:24.7235278Z,139008,8192581632,132120576,7.7066714085956,1935806464
2026-09-25T11:16:25.7277868Z,139008,8192581632,132120576,6.3591071784735,1935806464
2026-09-25T11:16:26.7552899Z,139008,8192581632,132120576,10.9402146814274,1935806464
2026-09-25T11:16:27.7688618Z,139008,8192581632,132120576,11.5478815892927,1935806464
2026-09-25T11:16:28.7853270Z,139008,8192581632,132120576,14.6021581976463,1935806464
2026-09-25T11:16:29.8001960Z,139008,8192581632,132120576,13.8667876534783,1935806464
2026-09-25T11:16:30.8161982Z,139008,8192581632,132120576,28.3368698514446,1935806464
2026-09-25T11:16:31.8211118Z,139008,8192581632,132120576,14.2272405987171,1935806464
2026-09-25T11:16:32.8366772Z,139008,8192581632,132120576,13.2745881029623,1935806464
2026-09-25T11:16:33.8510362Z,139008,8192581632,132120576,14.1123672259123,1935806464
2026-09-25T11:16:34.8584388Z,139008,8192581632,132120576,14.3062706781695,1935806464
2026-09-25T11:16:35.8747399Z,139008,8192581632,132120576,11.8853998675587,1935806464
2026-09-25T11:16:36.8925080Z,139008,8192581632,132120576,10.973431045324,1935806464
2026-09-25T11:16:37.9078851Z,139008,8192581632,132120576,13.131780458754,1935806464
2026-09-25T11:16:38.9108975Z,139008,8192581632,132120576,17.6456645614562,1935806464
2026-09-25T11:16:39.9146584Z,139008,8192581632,132120576,15.4418611502248,1935806464
2026-09-25T11:16:40.9330981Z,139008,8192581632,132120576,13.8818283403374,1935806464
2026-09-25T11:16:41.9478986Z,139008,8192581632,132120576,17.5550989046825,1935806464
2026-09-25T11:16:42.9515164Z,139008,8192581632,132120576,10.3599033356118,1935806464
2026-09-25T11:16:43.9649664Z,139008,8192581632,132120576,14.6125606462945,1935806464
2026-09-25T11:16:44.9800279Z,139008,8192581632,132120576,24.5738162631483,1935806464
2026-09-25T11:16:45.9860616Z,139008,8192581632,132120576,29.4497143103018,1935806464
2026-09-25T11:16:46.9899105Z,139008,8192581632,132120576,33.1679446040732,1935806464
2026-09-25T11:16:48.0065222Z,139008,8192581632,132120576,29.3953815313783,1935806464
2026-09-25T11:16:49.0197359Z,139008,8192581632,132120576,25.3998708664482,1935806464
2026-09-25T11:16:50.0339705Z,139008,8192581632,132120576,20.9309632879096,1935806464
2026-09-25T11:16:51.0362201Z,139008,8192581632,132120576,23.7836785593216,1935806464
2026-09-25T11:16:52.0429305Z,139008,8192581632,132120576,26.8384395086491,1935806464
2026-09-25T11:16:53.0482831Z,139008,8192581632,132120576,13.6971194001453,1935806464
2026-09-25T11:16:54.0516245Z,139008,8192581632,132120576,13.2886524594151,1935806464
2026-09-25T11:16:55.0550834Z,139008,8192581632,132120576,10.8470205941091,1935806464
2026-09-25T11:16:56.0584802Z,139008,8192581632,132120576,11.4327606694408,1935806464
2026-09-25T11:16:57.0638720Z,139008,8192581632,132120576,11.9014516820781,1935806464
2026-09-25T11:16:58.0670655Z,139008,8192581632,132120576,15.808436578383,1935806464
2026-09-25T11:16:59.0827378Z,139008,8192581632,132120576,14.0554256362021,1935806464
2026-09-25T11:17:00.0956708Z,139008,8192581632,132120576,15.1879834589501,1935806464
2026-09-25T11:17:01.0995355Z,139008,8192581632,132120576,14.6618519955419,1935806464
2026-09-25T11:17:02.1029033Z,139008,8192581632,132120576,14.624734284089,1935806464
2026-09-25T11:17:03.1196115Z,139008,8192581632,132120576,22.2741617911294,1935806464
2026-09-25T11:17:04.1227020Z,139008,8192581632,132120576,12.1952056786932,1935806464
2026-09-25T11:17:05.1387342Z,139008,8192581632,132120576,10.7094015470483,1935806464
2026-09-25T11:17:06.1432235Z,139008,8192581632,132120576,10.9463380115814,1935806464
2026-09-25T11:17:07.1468890Z,139008,8192581632,132120576,13.404283174195,1935806464
2026-09-25T11:17:08.1505457Z,139008,8192581632,132120576,13.4997484195266,1935806464
2026-09-25T11:17:09.1685632Z,139008,8192581632,132120576,16.5563304611309,1935806464
2026-09-25T11:17:10.1883240Z,139008,8192581632,132120576,11.6092275714717,1935806464
2026-09-25T11:17:11.2074072Z,139008,8192581632,132120576,14.7675931420116,1935806464
2026-09-25T11:17:27.8884841Z,141156,8306503680,1545601024,13.6542247200053,3349286912
2026-09-25T11:17:28.9134303Z,141156,8306503680,1545601024,15.0375307529436,3349286912
2026-09-25T11:17:29.9282252Z,141156,8306503680,1545601024,19.3110906951947,3349286912
2026-09-25T11:17:30.9380626Z,141156,8306503680,1545601024,26.8049154459704,3349286912
2026-09-25T11:17:31.9502000Z,141156,8306503680,1545601024,29.4517696577887,3349286912
2026-09-25T11:17:32.9686271Z,141156,8306503680,1545601024,20.0992126846851,3349286912
2026-09-25T11:17:33.9885145Z,141156,8306503680,1545601024,27.962547881915,3349286912
2026-09-25T11:17:35.0020665Z,141156,8306503680,1545601024,26.8457035369742,3349286912
2026-09-25T11:17:36.0186339Z,141156,8306503680,1545601024,15.5815883365238,3349286912
2026-09-25T11:17:37.0325916Z,141156,8306503680,1545601024,5.51174714832916,3349286912
2026-09-25T11:17:38.0374656Z,141156,8306503680,1545601024,6.70555676631011,3349286912
2026-09-25T11:17:39.0435049Z,141156,8306503680,1545601024,7.10432924878254,3349286912
2026-09-25T11:17:40.0465471Z,141156,8306503680,1545601024,9.47865484663801,3349286912
2026-09-25T11:17:41.0625013Z,141156,8306503680,1545601024,9.42888884819406,3349286912
2026-09-25T11:17:42.0685708Z,141156,8306503680,1545601024,4.97127831763461,3349286912
2026-09-25T11:17:43.0774721Z,141156,8306503680,1545601024,9.21325084626501,3349286912
2026-09-25T11:17:44.0818929Z,141156,8306503680,1545601024,5.49279356607829,3349286912
2026-09-25T11:17:45.0887233Z,141156,8306503680,1545601024,13.6870719406629,3349286912
2026-09-25T11:17:46.1036778Z,141156,8306503680,1545601024,2.66108552564698,3349286912
2026-09-25T11:17:47.1181978Z,141156,8306503680,1545601024,5.80520930054017,3349286912
2026-09-25T11:17:48.1307585Z,141156,8306503680,1545601024,8.37545845138638,3349286912
2026-09-25T11:17:49.1432647Z,141156,8306503680,1545601024,7.40505698406262,3349286912
2026-09-25T11:17:50.1494688Z,141156,8306503680,1545601024,6.64271674772901,3349286912
2026-09-25T11:17:51.1674613Z,141156,8306503680,1545601024,5.40988730546368,3349286912
2026-09-25T11:17:52.1705264Z,141156,8306503680,1545601024,7.0182930970982,3349286912
2026-09-25T11:17:53.1768370Z,141156,8306503680,1545601024,6.35265348597281,3349286912
2026-09-25T11:17:54.1875368Z,141156,8306503680,1545601024,7.74311121313017,3349286912
2026-09-25T11:17:55.1925319Z,141156,8306503680,1545601024,12.6381693703404,3349286912
2026-09-25T11:17:56.1978721Z,141156,8306503680,1545601024,5.23205556232775,3349286912
2026-09-25T11:17:57.2070621Z,141156,8306503680,1545601024,5.97943105018724,3349286912
2026-09-25T11:17:58.2117731Z,141156,8306503680,1545601024,6.6026856342107,3349286912
2026-09-25T11:17:59.2247888Z,141156,8306503680,1545601024,6.77986513950603,3349286912
2026-09-25T11:18:00.2308193Z,141156,8306503680,1545601024,5.93815185156286,3349286912
2026-09-25T11:18:01.2458421Z,141156,8306503680,1545601024,6.00132411705825,3349286912
2026-09-25T11:18:02.2526044Z,141156,8306503680,1545601024,7.7324720823254,3349286912
2026-09-25T11:18:03.2565434Z,141156,8306503680,1545601024,7.85570455737343,3349286912
2026-09-25T11:18:04.2749152Z,141156,8306503680,1545601024,9.14447203215216,3349286912
2026-09-25T11:18:05.2792968Z,141156,8306503680,1545601024,9.1806086514987,3349286912
2026-09-25T11:18:06.2866320Z,141156,8306503680,1545601024,14.9790208651707,3349286912
2026-09-25T11:18:07.3030562Z,141156,8306503680,1545601024,3.82440877491746,3349286912
2026-09-25T11:18:08.3096606Z,141156,8306503680,1545601024,8.7085595141377,3349286912
2026-09-25T11:18:09.3129112Z,141156,8306503680,1545601024,15.6073693966066,3349286912
2026-09-25T11:18:10.3763016Z,141156,8306503680,1545601024,34.5518987604296,3349286912
2026-09-25T11:18:11.3864365Z,141156,8306503680,1545601024,38.3043011010036,3349286912
2026-09-25T11:18:12.3896232Z,141156,8306503680,1545601024,29.4368765996125,3349286912
2026-09-25T11:18:13.4069060Z,141156,8306503680,1545601024,22.2284578059852,3349286912
2026-09-25T11:18:14.4237694Z,141156,8306503680,1545601024,24.7061264750224,3349286912
2026-09-25T11:18:15.4398882Z,141156,8306503680,1545601024,15.5230836726423,3349286912
2026-09-25T11:18:16.4448229Z,141156,8306503680,1545601024,25.3679435017421,3349286912
2026-09-25T11:18:17.4507484Z,141156,8306503680,1545601024,20.2957503409827,3349286912
2026-09-25T11:18:18.4560277Z,141156,8306503680,1545601024,17.1915391066861,3349286912
2026-09-25T11:18:19.4730036Z,141156,8306503680,1545601024,23.1472351626724,3349286912
2026-09-25T11:18:20.4766836Z,141156,8306503680,1545601024,18.2577904529583,3349286912
2026-09-25T11:18:21.4916772Z,141156,8306503680,1545601024,15.7040119283735,3349286912
2026-09-25T11:18:22.5081302Z,141156,8306503680,1545601024,10.2728243816695,3349286912
2026-09-25T11:18:23.5125348Z,141156,8306503680,1545601024,13.4666865790522,3349286912
2026-09-25T11:18:24.5255303Z,141156,8306503680,1545601024,11.1088407023111,3349286912
2026-09-25T11:18:25.5291960Z,141156,8306503680,1545601024,16.1261742928238,3349286912
2026-09-25T11:18:26.5348726Z,141156,8306503680,1545601024,13.9764389666796,3349286912
2026-09-25T11:18:27.5379126Z,141156,8306503680,1545601024,15.0140098353949,3349286912
2026-09-25T11:18:28.5554195Z,141156,8306503680,1545601024,10.7264663446385,3349286912
2026-09-25T11:18:29.5726995Z,141156,8306503680,1545601024,13.104696956513,3349286912
2026-09-25T11:18:30.5899023Z,141156,8306503680,1545601024,11.1073513621262,3349286912
2026-09-25T11:18:31.5940770Z,141156,8306503680,1545601024,19.3158256845261,3349286912
2026-09-25T11:18:32.6146366Z,141156,8306503680,1545601024,14.6283946386127,3332509696
2026-09-25T11:18:33.6325896Z,141156,8306503680,1545601024,16.170918627169,3332509696
2026-09-25T11:18:34.6363171Z,141156,8306503680,1545601024,11.4533381744696,3332509696
2026-09-25T11:18:35.6536412Z,141156,8306503680,1545601024,12.3683668326826,3332509696
2026-09-25T11:18:36.6720502Z,141156,8306503680,1545601024,10.8213967430773,3332509696
2026-09-25T11:18:37.6775776Z,141156,8306503680,1545601024,19.8412103679752,3332509696
2026-09-25T11:18:38.6928606Z,141156,8306503680,1545601024,11.2290945243534,3332509696
2026-09-25T11:18:39.6982566Z,141156,8306503680,1545601024,13.952836125763,3332509696
2026-09-25T11:18:40.7124107Z,141156,8306503680,1545601024,11.3044994424458,3332509696
2026-09-25T11:18:41.7163730Z,141156,8306503680,1545601024,13.0508338370062,3332509696
2026-09-25T11:18:42.7319431Z,141156,8306503680,1545601024,10.6682806036883,3332509696
2026-09-25T11:18:43.7479296Z,141156,8306503680,1545601024,12.8175862084918,3332509696
2026-09-25T11:18:44.7643597Z,141156,8306503680,1545601024,10.4657196291354,3332509696
2026-09-25T11:18:45.7821012Z,141156,8306503680,1545601024,14.6773416820172,3332509696
2026-09-25T11:18:46.7953433Z,141156,8306503680,1545601024,10.9572277332397,3332509696
2026-09-25T11:18:47.7992225Z,141156,8306503680,1545601024,16.2560238323844,3332509696
2026-09-25T11:18:48.8150160Z,141156,8306503680,1545601024,10.9767789667817,3332509696
2026-09-25T11:18:49.8187539Z,141156,8306503680,1545601024,15.9255936480081,3332509696
2026-09-25T11:18:50.8340603Z,141156,8306503680,1545601024,10.6460019936625,3332509696
2026-09-25T11:18:51.8377871Z,141156,8306503680,1545601024,12.9318827812949,3332509696
2026-09-25T11:18:52.8546535Z,141156,8306503680,1545601024,12.8939879646593,3332509696
2026-09-25T11:18:53.8669375Z,141156,8306503680,1545601024,13.562686266237,3332509696
2026-09-25T11:18:54.8723181Z,141156,8306503680,1545601024,10.8311989806829,3332509696
2026-09-25T11:18:55.8798576Z,141156,8306503680,1545601024,12.7669328601006,3332509696
2026-09-25T11:18:56.8869071Z,141156,8306503680,1545601024,12.4665222404565,3332509696
2026-09-25T11:18:57.8928414Z,141156,8306503680,1545601024,18.8990625494803,3332509696
2026-09-25T11:18:58.9074733Z,141156,8306503680,1545601024,31.3533239191325,3292663808
2026-09-25T11:18:59.9149465Z,141156,8306503680,1545601024,25.9009020342763,3332509696
2026-09-25T11:19:00.9194147Z,141156,8306503680,1545601024,24.6754812746881,3332509696
2026-09-25T11:19:01.9358014Z,141156,8306503680,1545601024,17.3670813839652,3332509696
2026-09-25T11:19:02.9530841Z,141156,8306503680,1545601024,16.759160721649,3332509696
2026-09-25T11:19:03.9692781Z,141156,8306503680,1545601024,15.3351824051809,3332509696
2026-09-25T11:19:04.9827757Z,141156,8306503680,1545601024,15.4968039669014,3332509696
2026-09-25T11:19:06.0043638Z,141156,8306503680,1545601024,15.1767310669456,3332509696
2026-09-25T11:19:07.0114495Z,141156,8306503680,1545601024,19.2370856404291,3332509696
2026-09-25T11:19:08.0277245Z,141156,8306503680,1545601024,11.9798567343786,3332509696
2026-09-25T11:19:09.0437845Z,141156,8306503680,1545601024,17.0543180401606,3332509696
2026-09-25T11:19:10.0489799Z,141156,8306503680,1545601024,9.2980172111543,3332509696
2026-09-25T11:19:11.0642715Z,141156,8306503680,1545601024,12.3365128254696,3332509696
2026-09-25T11:19:12.0668637Z,141156,8306503680,1545601024,9.89475196659388,3332509696
2026-09-25T11:19:13.0787889Z,141156,8306503680,1545601024,8.71035445569608,3332509696
2026-09-25T11:19:14.0950139Z,141156,8306503680,1545601024,9.76656796337574,3332509696
2026-09-25T11:19:15.0980920Z,141156,8306503680,1545601024,10.3340616956586,3332509696
2026-09-25T11:19:16.1136926Z,141156,8306503680,1545601024,8.29760284867441,3332509696
2026-09-25T11:19:17.1181022Z,141156,8306503680,1545601024,7.51035522602447,3332509696
2026-09-25T11:19:18.1346306Z,141156,8306503680,1545601024,5.75323512967594,3332509696
2026-09-25T11:19:19.1391938Z,141156,8306503680,1545601024,14.5746273361065,3332509696
2026-09-25T11:19:20.1540800Z,141156,8306503680,1545601024,15.7911828419955,3332509696
2026-09-25T11:19:21.1605838Z,141156,8306503680,1545601024,11.4380697422031,3332509696
2026-09-25T11:19:22.1740958Z,141156,8306503680,1545601024,8.1489468445717,3332509696
2026-09-25T11:19:23.1768471Z,141156,8306503680,1545601024,10.4022049073089,3332509696
2026-09-25T11:19:24.1928076Z,141156,8306503680,1545601024,10.8960334921858,3332509696
2026-09-25T11:19:25.1994078Z,141156,8306503680,1545601024,13.8494387963067,3332509696
2026-09-25T11:19:26.2061672Z,141156,8306503680,1545601024,5.03819140704775,3332509696
2026-09-25T11:19:27.2234144Z,141156,8306503680,1545601024,10.2402150886454,3332509696
2026-09-25T11:19:28.2396327Z,141156,8306503680,1545601024,11.8668421954494,3332509696
2026-09-25T11:19:29.2562179Z,141156,8306503680,1545601024,10.0952723226813,3332509696
2026-09-25T11:19:30.2731691Z,141156,8312795136,1545601024,24.6913072082332,3332509696
2026-09-25T11:19:31.2920358Z,141156,8312795136,1545601024,18.1775278483454,3332509696
2026-09-25T11:19:32.3087197Z,141156,8312795136,1545601024,18.5694493906814,3332509696
2026-09-25T11:19:33.3256710Z,141156,8312795136,1545601024,14.9614019527828,3332509696
2026-09-25T11:19:34.3391652Z,141156,8312795136,1545601024,17.2596015912307,3332509696
2026-09-25T11:19:35.3548040Z,141156,8312795136,1545601024,17.3903356848351,3332509696
2026-09-25T11:19:36.3582557Z,141156,8312795136,1545601024,15.7202276591905,3332509696
2026-09-25T11:19:37.3647414Z,141156,8312795136,1545601024,20.6713639854703,3332509696
2026-09-25T11:19:38.3808804Z,141156,8312795136,1545601024,15.8532296964045,3332509696
2026-09-25T11:19:39.3851706Z,141156,8312795136,1545601024,17.8331302051595,3332509696
2026-09-25T11:19:40.3887867Z,141156,8312795136,1545601024,22.9556813660704,3332509696
2026-09-25T11:19:41.4047373Z,141156,8312795136,1545601024,18.8559588700028,3332509696
2026-09-25T11:19:42.4102913Z,141156,8312795136,1545601024,16.6875616197043,3332509696
2026-09-25T11:19:43.4260367Z,141156,8312795136,1545601024,16.246561468004,3332509696
2026-09-25T11:19:44.4393874Z,141156,8312795136,1545601024,14.6284561210523,3332509696
2026-09-25T11:19:45.4447853Z,141156,8312795136,1545601024,16.6037168618787,3332509696
2026-09-25T11:19:46.4484086Z,141156,8312795136,1545601024,15.0006094748239,3332509696
2026-09-25T11:19:47.4645753Z,141156,8312795136,1545601024,12.4605730127715,3332509696
2026-09-25T11:19:48.4747532Z,141156,8312795136,1545601024,20.0534991202949,3332509696
2026-09-25T11:19:49.4769145Z,141156,8312795136,1545601024,18.0281807943258,3332509696
2026-09-25T11:19:50.4921825Z,141156,8312795136,1545601024,18.6403815365855,3332509696
2026-09-25T11:19:51.4964292Z,141156,8312795136,1545601024,23.9351749151214,3332509696
2026-09-25T11:19:52.5023680Z,141156,8312795136,1545601024,14.5933315563142,3332509696
2026-09-25T11:19:53.5062364Z,141156,8312795136,1545601024,14.1988531982519,3332509696
2026-09-25T11:19:54.5082850Z,141156,8312795136,1545601024,14.799964543699,3332509696
2026-09-25T11:19:55.5260298Z,141156,8312795136,1545601024,14.7097340197699,3332509696
2026-09-25T11:19:56.5414826Z,141156,8312795136,1545601024,19.0239770157526,3332509696
2026-09-25T11:19:57.5555737Z,141156,8312795136,1545601024,15.9174128140688,3332509696
2026-09-25T11:19:58.5596072Z,141156,8312795136,1545601024,16.2562528665456,3332509696
2026-09-25T11:19:59.5634247Z,141156,8312795136,1545601024,16.3342875988224,3332509696
2026-09-25T11:20:00.5691227Z,141156,8312795136,1545601024,16.8948019202079,3332509696
2026-09-25T11:20:01.5730246Z,141156,8312795136,1545601024,28.2808984403377,3332509696
2026-09-25T11:20:02.5904803Z,141156,8312795136,1545601024,18.2403912712064,3332509696
2026-09-25T11:20:03.6169847Z,141156,8312795136,1545601024,18.42623439421,3332509696
2026-09-25T11:20:04.6358936Z,141156,8312795136,1545601024,17.3365672261843,3332509696
2026-09-25T11:20:05.6520414Z,141156,8312795136,1545601024,14.2639603789857,3332509696
2026-09-25T11:20:06.6674162Z,141156,8312795136,1545601024,14.113864410906,3332509696
2026-09-25T11:20:07.6732108Z,141156,8312795136,1545601024,14.2776799020212,3332509696
2026-09-25T11:20:08.6770365Z,141156,8312795136,1545601024,15.8357572221304,3332509696
2026-09-25T11:20:09.6927364Z,141156,8312795136,1545601024,16.0640439877094,3332509696
2026-09-25T11:20:10.7090857Z,141156,8312795136,1545601024,20.6330030838026,3332509696
2026-09-25T11:20:11.7197891Z,141156,8312795136,1545601024,17.5156632556909,3332509696
2026-09-25T11:20:12.7355895Z,141156,8312795136,1545601024,26.1196131255907,3332509696
2026-09-25T11:20:13.7400127Z,141156,8312795136,1545601024,14.342981473985,3332509696
2026-09-25T11:20:14.7577381Z,141156,8312795136,1545601024,14.9843564447105,3332509696
2026-09-25T11:20:15.7737185Z,141156,8312795136,1545601024,17.1587071790958,3332509696
2026-09-25T11:20:16.7779522Z,141156,8312795136,1545601024,15.7862342414685,3332509696
2026-09-25T11:20:17.7910160Z,141156,8312795136,1545601024,15.8445640740542,3332509696
2026-09-25T11:20:18.7938091Z,141156,8312795136,1545601024,16.9175640451543,3332509696
2026-09-25T11:20:19.8114446Z,141156,8312795136,1545601024,20.0012917945251,3332509696
2026-09-25T11:20:20.8266056Z,141156,8312795136,1545601024,17.6237584436841,3332509696
2026-09-25T11:20:21.8294410Z,141156,8312795136,1545601024,16.9350562946626,3332509696
2026-09-25T11:20:22.8354004Z,141156,8312795136,1545601024,23.718109012838,3332509696
2026-09-25T11:20:23.8379590Z,141156,8312795136,1545601024,14.9510865584816,3332509696
2026-09-25T11:20:24.8537659Z,141156,8312795136,1545601024,19.5071834005253,3332509696
2026-09-25T11:20:25.8710598Z,141156,8312795136,1545601024,17.8843317007696,3332509696
2026-09-25T11:20:26.8746052Z,141156,8312795136,1545601024,16.1877493226836,3332509696
2026-09-25T11:20:27.8887096Z,141156,8312795136,1545601024,16.5240595789204,3332509696
2026-09-25T11:20:28.8938012Z,141156,8312795136,1545601024,14.7169229171677,3332509696
2026-09-25T11:20:29.8999983Z,141156,8312795136,1545601024,19.517918905165,3332509696
2026-09-25T11:20:30.9158990Z,141156,8312795136,1545601024,21.2714555678511,3332509696
2026-09-25T11:20:31.9193078Z,141156,8312795136,1545601024,20.9533542877795,3332509696
2026-09-25T11:20:32.9248265Z,141156,8312795136,1545601024,19.6820207716408,3332509696
2026-09-25T11:20:33.9289428Z,141156,8312795136,1545601024,23.5574847982013,3332509696
2026-09-25T11:20:34.9348212Z,141156,8312795136,1545601024,15.6323629938835,3332509696
2026-09-25T11:20:35.9424229Z,141156,8312795136,1545601024,16.0810039682193,3332509696
2026-09-25T11:20:36.9499749Z,141156,8312795136,1545601024,16.6305619349175,3332509696
2026-09-25T11:20:37.9567666Z,141156,8312795136,1545601024,13.5756372540937,3332509696
2026-09-25T11:20:38.9619798Z,141156,8312795136,1545601024,18.0216466726879,3332509696
2026-09-25T11:20:39.9660785Z,141156,8312795136,1545601024,22.9720645354048,3378647040
2026-09-25T11:20:40.9827273Z,141156,8312795136,1545601024,20.6067517239108,3393327104
2026-09-25T11:20:41.9874289Z,141156,8312795136,1545601024,18.6933776047995,3393327104
2026-09-25T11:20:43.0049552Z,141156,8312795136,1545601024,15.4341030480333,3393327104
2026-09-25T11:20:44.0217237Z,141156,8312795136,1545601024,24.0487790951236,3393327104
2026-09-25T11:20:45.0268260Z,141156,8312795136,1545601024,21.1245715214473,3393327104
2026-09-25T11:20:46.0413119Z,141156,8312795136,1545601024,22.2775336199478,3393327104
2026-09-25T11:20:47.0568658Z,141156,8312795136,1545601024,18.4555086854915,3393327104
2026-09-25T11:20:48.0812567Z,141156,8312795136,1545601024,17.9242932095337,3393327104
2026-09-25T11:20:49.0950218Z,141156,8312795136,1545601024,14.339413004735,3393327104
2026-09-25T11:20:50.1131070Z,141156,8312795136,1545601024,16.1120454988125,3393327104
2026-09-25T11:20:51.1284797Z,141156,8312795136,1545601024,12.7554066493788,3393327104
2026-09-25T11:20:52.1350724Z,141156,8312795136,1545601024,19.3962316612177,3393327104
2026-09-25T11:20:53.1481631Z,141156,8312795136,1545601024,12.2712233711893,3393327104
2026-09-25T11:20:54.1613952Z,141156,8312795136,1545601024,11.1363396356394,3393327104
2026-09-25T11:20:55.1665680Z,141156,8312795136,1545601024,18.9906915784841,3393327104
2026-09-25T11:20:56.1714395Z,141156,8312795136,1545601024,14.8555658340736,3393327104
2026-09-25T11:20:57.1785615Z,141156,8312795136,1545601024,13.1606132666963,3393327104
2026-09-25T11:20:58.1915398Z,141156,8312795136,1545601024,15.990279758191,3393327104
2026-09-25T11:20:59.2101704Z,141156,8312795136,1545601024,10.883640813838,3393327104
2026-09-25T11:21:00.2254471Z,141156,8312795136,1545601024,20.4000020033883,3393327104
2026-09-25T11:21:01.2381196Z,141156,8312795136,1545601024,21.1751107587654,3393327104
2026-09-25T11:21:02.2463779Z,141156,8312795136,1545601024,16.5385477292027,3393327104
2026-09-25T11:21:03.2495936Z,141156,8312795136,1545601024,17.6166677311215,3393327104
2026-09-25T11:21:04.2652079Z,141156,8312795136,1545601024,11.7300900112848,3393327104
2026-09-25T11:21:05.2713506Z,141156,8312795136,1545601024,17.1255905491835,3393327104
2026-09-25T11:21:06.2755482Z,141156,8312795136,1545601024,12.0880242541206,3393327104
2026-09-25T11:21:07.2793036Z,141156,8312795136,1545601024,14.7604601019635,3393327104
2026-09-25T11:21:08.2958012Z,141156,8312795136,1545601024,12.275388131471,3393327104
2026-09-25T11:21:09.3110459Z,141156,8312795136,1545601024,19.2184677441141,3393327104
2026-09-25T11:21:10.3285766Z,141156,8312795136,1545601024,23.1665193556443,3393327104
2026-09-25T11:21:11.3421981Z,141156,8312795136,1545601024,32.5947414331003,3393327104
2026-09-25T11:21:12.3469407Z,141156,8312795136,1545601024,33.4224656144698,3393327104
2026-09-25T11:21:13.3659882Z,141156,8312795136,1545601024,30.9339013492999,3393327104
2026-09-25T11:21:14.3830286Z,141156,8312795136,1545601024,31.2781945859112,3393327104
2026-09-25T11:21:15.3881291Z,141156,8312795136,1545601024,31.0557076428586,3393327104
2026-09-25T11:21:16.3938942Z,141156,8312795136,1545601024,32.809198096652,3393327104
2026-09-25T11:21:17.4002397Z,141156,8312795136,1545601024,25.1068023994719,3393327104
2026-09-25T11:21:18.4158863Z,141156,8312795136,1545601024,25.2897329394151,3393327104
2026-09-25T11:21:19.4311346Z,141156,8312795136,1545601024,24.4705927269482,3393327104
2026-09-25T11:21:20.4366213Z,141156,8312795136,1545601024,25.7241778620571,3393327104
2026-09-25T11:21:21.4538730Z,141156,8312795136,1545601024,27.7106671336848,3393327104
2026-09-25T11:21:22.4568878Z,141156,8312795136,1545601024,24.2529157916093,3393327104
2026-09-25T11:21:23.4743020Z,141156,8312795136,1545601024,20.0275348926358,3393327104
2026-09-25T11:21:24.4903732Z,141156,8312795136,1545601024,17.4397588819948,3393327104
2026-09-25T11:21:25.4988820Z,141156,8312795136,1545601024,21.6037723382987,3393327104
2026-09-25T11:21:26.5036477Z,141156,8312795136,1545601024,24.0483651963681,3393327104
2026-09-25T11:21:27.5156571Z,141156,8312795136,1545601024,20.4087908357612,3393327104
2026-09-25T11:21:28.5275944Z,141156,8312795136,1545601024,19.1291884393274,3393327104
2026-09-25T11:21:29.5319181Z,141156,8312795136,1545601024,18.2247027404099,3393327104
2026-09-25T11:21:30.5469285Z,141156,8312795136,1545601024,20.0076135967562,3393327104
2026-09-25T11:21:31.5502543Z,141156,8312795136,1545601024,19.1576016709537,3393327104
2026-09-25T11:21:32.5526950Z,141156,8312795136,1545601024,21.5592413490972,3385987072
2026-09-25T11:21:33.5583029Z,141156,8312795136,1545601024,20.5803609467785,3393327104
2026-09-25T11:21:34.5757670Z,141156,8312795136,1545601024,24.6338041956682,3393327104
2026-09-25T11:21:35.5791829Z,141156,8312795136,1545601024,18.8320490053438,3393327104
2026-09-25T11:21:36.5952599Z,141156,8312795136,1545601024,19.2832533852651,3393327104
2026-09-25T11:21:37.5986000Z,141156,8312795136,1545601024,31.7704337280375,3393327104
2026-09-25T11:21:38.6140429Z,141156,8312795136,1545601024,16.5240089335842,3393327104
2026-09-25T11:21:39.6190148Z,141156,8312795136,1545601024,23.6980536089082,3393327104
2026-09-25T11:21:40.6232933Z,141156,8312795136,1545601024,21.9355306852851,3393327104
2026-09-25T11:21:41.6275515Z,141156,8312795136,1545601024,19.8730156264485,3393327104
2026-09-25T11:21:42.6319602Z,141156,8312795136,1545601024,23.599565636575,3393327104
2026-09-25T11:21:43.6488187Z,141156,8312795136,1545601024,17.7617703116401,3393327104
2026-09-25T11:21:44.6514032Z,141156,8312795136,1545601024,18.180417260547,3393327104
2026-09-25T11:21:45.6547395Z,141156,8312795136,1545601024,18.3389618808266,3393327104
2026-09-25T11:21:46.6587432Z,141156,8312795136,1545601024,15.5716612134523,3393327104
2026-09-25T11:21:47.6608234Z,141156,8312795136,1545601024,26.8134054104111,3393327104
2026-09-25T11:21:48.6651686Z,141156,8312795136,1545601024,18.2572102417023,3393327104
2026-09-25T11:21:49.6702578Z,141156,8312795136,1545601024,19.5192677012459,3393327104
2026-09-25T11:21:50.6743277Z,141156,8312795136,1545601024,18.9562724952451,3385987072
2026-09-25T11:21:51.6903813Z,141156,8312795136,1545601024,21.6120622645411,3393327104
2026-09-25T11:21:52.6978478Z,141156,8312795136,1545601024,22.4233363931867,3393327104
2026-09-25T11:21:53.7059976Z,141156,8312795136,1545601024,15.6770585778779,3393327104
2026-09-25T11:21:54.7221934Z,141156,8312795136,1545601024,16.9840556374609,3393327104
2026-09-25T11:21:55.7273725Z,141156,8312795136,1545601024,16.4073269068472,3393327104
2026-09-25T11:21:56.7335265Z,141156,8312795136,1545601024,21.4055705559875,3393327104
2026-09-25T11:21:57.7496636Z,141156,8312795136,1545601024,21.784744440735,3393327104
2026-09-25T11:21:58.7664345Z,141156,8312795136,1545601024,21.8588010035692,3393327104
2026-09-25T11:21:59.7714012Z,141156,8312795136,1545601024,19.5405136471736,3393327104
2026-09-25T11:22:00.7762243Z,141156,8312795136,1545601024,32.67880135463,3385987072
2026-09-25T11:22:01.7813238Z,141156,8312795136,1545601024,30.6270547140063,3393327104
2026-09-25T11:22:02.7975680Z,141156,8312795136,1545601024,24.8412795502396,3393327104
2026-09-25T11:22:03.8129950Z,141156,8312795136,1545601024,24.1323382511426,3393327104
2026-09-25T11:22:04.8302776Z,141156,8312795136,1545601024,28.0023965716639,3393327104
2026-09-25T11:22:05.8364153Z,141156,8312795136,1545601024,27.312138757045,3393327104
2026-09-25T11:22:06.8424835Z,141156,8312795136,1545601024,22.1210767551317,3393327104
2026-09-25T11:22:07.8606963Z,141156,8312795136,1545601024,21.8120112892923,3393327104
2026-09-25T11:22:08.8641846Z,141156,8312795136,1545601024,30.7804043076453,3393327104
2026-09-25T11:22:09.8806117Z,141156,8312795136,1545601024,24.5203746200713,3393327104
2026-09-25T11:22:10.8964518Z,141156,8312795136,1545601024,19.7457434218759,3385987072
2026-09-25T11:22:11.9085313Z,141156,8312795136,1545601024,16.3433055847691,3393327104
2026-09-25T11:22:12.9119205Z,141156,8312795136,1545601024,19.6886593768827,3393327104
2026-09-25T11:22:13.9146371Z,141156,8312795136,1545601024,17.3142986050069,3393327104
2026-09-25T11:22:14.9201779Z,141156,8312795136,1545601024,26.2138548273965,3393327104
2026-09-25T11:22:15.9223222Z,141156,8312795136,1545601024,14.4290154762751,3393327104
2026-09-25T11:22:16.9264576Z,141156,8312795136,1545601024,15.9293944415455,3393327104
2026-09-25T11:22:17.9318085Z,141156,8312795136,1545601024,24.5640199007508,3393327104
2026-09-25T11:22:18.9493543Z,141156,8312795136,1545601024,18.613765856522,3393327104
2026-09-25T11:22:19.9615414Z,141156,8312795136,1545601024,23.7001704856371,3393327104
2026-09-25T11:22:20.9771325Z,141156,8312795136,1545601024,15.5594746105439,3385987072
2026-09-25T11:22:21.9927515Z,141156,8312795136,1545601024,16.1551422663546,3393327104
2026-09-25T11:22:22.9951889Z,141156,8312795136,1545601024,16.0252168683196,3393327104
2026-09-25T11:22:23.9983720Z,141156,8312795136,1545601024,14.2375488658712,3393327104
2026-09-25T11:22:25.0019696Z,141156,8312795136,1545601024,15.8437137722772,3393327104
2026-09-25T11:22:26.0195818Z,141156,8312795136,1545601024,19.553080643682,3393327104
2026-09-25T11:22:27.0361332Z,141156,8312795136,1545601024,17.3964415309033,3393327104
2026-09-25T11:22:28.0513930Z,141156,8312795136,1545601024,14.5961777591631,3393327104
2026-09-25T11:22:29.0641586Z,141156,8312795136,1545601024,14.4590125318564,3393327104
2026-09-25T11:22:30.0809327Z,141156,8312795136,1545601024,21.1469639098058,3393327104
2026-09-25T11:22:31.0846317Z,141156,8312795136,1545601024,16.4774104696377,3393327104
2026-09-25T11:22:32.0994991Z,141156,8312795136,1545601024,16.03716964973,3393327104
2026-09-25T11:22:33.1183765Z,141156,8312795136,1545601024,23.7270854754477,3385987072
2026-09-25T11:22:34.1372857Z,141156,8312795136,1545601024,20.6964366882567,3393327104
2026-09-25T11:22:35.1529583Z,141156,8312795136,1545601024,14.7466611167306,3393327104
2026-09-25T11:22:36.1594777Z,141156,8312795136,1545601024,12.2034134964754,3393327104
2026-09-25T11:22:37.1635121Z,141156,8312795136,1545601024,17.2286860714609,3393327104
2026-09-25T11:22:38.2261705Z,141156,8312795136,1545601024,16.9462489994971,3393327104
2026-09-25T11:22:39.2300312Z,141156,8312795136,1545601024,20.71137366656,3393327104
2026-09-25T11:22:40.2332497Z,141156,8312795136,1545601024,18.7352359263424,3393327104
2026-09-25T11:22:41.2359116Z,141156,8312795136,1545601024,22.2566619625185,3393327104
2026-09-25T11:22:42.2502310Z,141156,8312795136,1545601024,16.1434103559577,3393327104
2026-09-25T11:22:43.2569408Z,141156,8312795136,1545601024,17.7279740576386,3393327104
2026-09-25T11:22:44.2699313Z,141156,8312795136,1545601024,16.253270334725,3393327104
2026-09-25T11:22:45.2848886Z,141156,8312795136,1545601024,14.2705370050689,3393327104
2026-09-25T11:22:46.3036749Z,141156,8312795136,1545601024,19.2896545496306,3393327104
2026-09-25T11:22:47.3215308Z,141156,8312795136,1545601024,14.8514435899878,3393327104
2026-09-25T11:22:48.3317403Z,141156,8312795136,1545601024,16.6204245646277,3393327104
2026-09-25T11:22:49.3456721Z,141156,8312795136,1545601024,16.6325966003933,3393327104
2026-09-25T11:22:50.3504913Z,141156,8312795136,1545601024,22.9894668757752,3393327104
2026-09-25T11:22:51.3552591Z,141156,8312795136,1545601024,27.5665116082992,3393327104
2026-09-25T11:22:52.3591940Z,141156,8312795136,1545601024,16.6365999700977,3393327104
2026-09-25T11:22:53.3630293Z,141156,8312795136,1545601024,17.3089875378438,3378647040
2026-09-25T11:22:54.3770931Z,141156,8312795136,1545601024,18.0468729198737,3378647040
2026-09-25T11:22:55.3811426Z,141156,8312795136,1545601024,15.0059777225156,3378647040
2026-09-25T11:22:56.3840989Z,141156,8312795136,1545601024,16.3459614328976,3378647040
2026-09-25T11:22:57.3879142Z,141156,8312795136,1545601024,15.3620131663611,3378647040
2026-09-25T11:22:58.3912696Z,141156,8312795136,1545601024,21.1813160254717,3378647040
2026-09-25T11:22:59.4062691Z,141156,8312795136,1545601024,19.0283467787877,3378647040
2026-09-25T11:23:00.4227185Z,141156,8312795136,1545601024,17.8970556017276,3378647040
2026-09-25T11:23:01.4258374Z,141156,8312795136,1545601024,24.9631677896283,3378647040
2026-09-25T11:23:02.4400197Z,141156,8312795136,1545601024,22.009961823101,3378647040
2026-09-25T11:23:03.4433542Z,141156,8312795136,1545601024,21.2335262094472,3378647040
2026-09-25T11:23:04.4472710Z,141156,8312795136,1545601024,20.8185123213535,3378647040
2026-09-25T11:23:05.4625089Z,141156,8312795136,1545601024,17.7567849142941,3378647040
2026-09-25T11:23:06.4790090Z,141156,8312795136,1545601024,26.794259314605,3378647040
2026-09-25T11:23:07.4964998Z,141156,8312795136,1545601024,18.1463680878823,3328315392
2026-09-25T11:23:08.5128896Z,141156,8312795136,1545601024,16.5050420695557,3328315392
2026-09-25T11:23:09.5306800Z,141156,8312795136,1545601024,22.4731846259505,3328315392
2026-09-25T11:23:10.5474231Z,141156,8312795136,1545601024,24.9642690176962,3328315392
2026-09-25T11:23:11.5545465Z,141156,8312795136,1545601024,13.7653119585897,3328315392
2026-09-25T11:23:12.5719728Z,141156,8312795136,1545601024,26.1426777132864,3328315392
2026-09-25T11:23:13.5862239Z,141156,8312795136,1545601024,16.7001296427663,3328315392
2026-09-25T11:23:14.6028996Z,141156,8312795136,1545601024,18.8505852825357,3328315392
2026-09-25T11:23:15.6172358Z,141156,8312795136,1545601024,15.8554499131755,3328315392
2026-09-25T11:23:16.6339864Z,141156,8312795136,1545601024,17.8637899026613,3328315392
2026-09-25T11:23:17.6479558Z,141156,8312795136,1545601024,15.3430963122993,3328315392
2026-09-25T11:23:18.6676784Z,141156,8312795136,1545601024,16.0255762765487,3328315392
2026-09-25T11:23:19.6805531Z,141156,8312795136,1545601024,17.2192065660397,3328315392
2026-09-25T11:23:20.6977159Z,141156,8312795136,1545601024,15.1957822384056,3328315392
2026-09-25T11:23:21.7111376Z,141156,8312795136,1545601024,14.1179665995062,3328315392
2026-09-25T11:23:22.7269642Z,141156,8312795136,1545601024,22.6786393438781,3328315392
2026-09-25T11:23:23.7429427Z,141156,8312795136,1545601024,19.5775281464897,3328315392
2026-09-25T11:23:24.7468541Z,141156,8312795136,1545601024,17.6226434359007,3328315392
2026-09-25T11:23:25.7509618Z,141156,8312795136,1545601024,12.2744278777211,3328315392
2026-09-25T11:23:26.7639456Z,141156,8312795136,1545601024,13.5135116477001,3328315392
2026-09-25T11:23:27.7861493Z,141156,8312795136,1545601024,10.2930370858783,3328315392
2026-09-25T11:23:28.7888900Z,141156,8312795136,1545601024,12.4466198248493,3328315392
2026-09-25T11:23:29.7945042Z,141156,8312795136,1545601024,18.912442051705,3328315392
2026-09-25T11:23:30.8118513Z,141156,8312795136,1545601024,13.9918542913887,3328315392
2026-09-25T11:23:31.8267140Z,141156,8312795136,1545601024,14.6599043009723,3328315392
2026-09-25T11:23:32.8416479Z,141156,8312795136,1545601024,24.8884325026366,3328315392
2026-09-25T11:23:33.8586106Z,141156,8312795136,1545601024,36.0156012431491,3328315392
2026-09-25T11:23:34.8764238Z,141156,8312795136,1545601024,22.8201168025221,3328315392
2026-09-25T11:23:35.8794664Z,141156,8312795136,1545601024,23.589366993193,3328315392
2026-09-25T11:23:36.8828854Z,141156,8312795136,1545601024,19.0424681089893,3328315392
2026-09-25T11:23:37.8966708Z,141156,8312795136,1545601024,19.1652338742864,3328315392
2026-09-25T11:23:38.9056661Z,141156,8312795136,1545601024,14.5384616451935,3328315392
2026-09-25T11:23:39.9212260Z,141156,8312795136,1545601024,13.6896007728786,3328315392
2026-09-25T11:23:40.9349892Z,141156,8312795136,1545601024,16.1519500130616,3328315392
2026-09-25T11:23:41.9495126Z,141156,8312795136,1545601024,17.0769849809217,3328315392
2026-09-25T11:23:42.9533719Z,141156,8312795136,1545601024,13.9647954573858,3328315392
2026-09-25T11:23:43.9657860Z,141156,8312795136,1545601024,15.873809989707,3328315392
2026-09-25T11:23:44.9697803Z,141156,8312795136,1545601024,7.01237522508762,3328315392
2026-09-25T11:23:46.0594173Z,141156,8312795136,1545601024,6.64598281051991,3328315392
2026-09-25T11:23:47.0705807Z,141156,8312795136,1545601024,8.76490453013634,3328315392
2026-09-25T11:23:48.0748126Z,141156,8312795136,1545601024,5.52491158811748,3328315392
2026-09-25T11:23:49.0915309Z,141156,8312795136,1545601024,5.91836752750029,3328315392
2026-09-25T11:23:50.0942165Z,141156,8312795136,1545601024,6.69466849843793,3328315392
2026-09-25T11:23:51.0972768Z,141156,8312795136,1545601024,7.02320738098099,3328315392
2026-09-25T11:23:52.1025376Z,141156,8312795136,1545601024,10.1417476355913,3328315392
2026-09-25T11:23:53.1083983Z,141156,8312795136,1545601024,4.95073926397507,3328315392
2026-09-25T11:23:54.1218385Z,141156,8312795136,1545601024,10.2879660736482,3328315392
2026-09-25T11:23:55.1274883Z,141156,8312795136,1545601024,5.61121434597913,3328315392
2026-09-25T11:23:56.1439762Z,141156,8312795136,1545601024,5.18061106009035,3328315392
2026-09-25T11:23:57.1522739Z,141156,8312795136,1545601024,5.46744087902758,3328315392
2026-09-25T11:23:58.1688579Z,141156,8312795136,1545601024,7.01124742766981,3328315392
2026-09-25T11:23:59.1735004Z,141156,8312795136,1545601024,4.54602235610327,3328315392
2026-09-25T11:24:00.1824382Z,141156,8312795136,1545601024,8.91769644197865,3328315392
2026-09-25T11:24:01.1930330Z,141156,8312795136,1545601024,4.04519024001007,3328315392
2026-09-25T11:24:02.1974193Z,141156,8312795136,1545601024,7.83045552437961,3328315392
2026-09-25T11:24:03.2121917Z,141156,8312795136,1545601024,7.32175850814822,3328315392
2026-09-25T11:24:04.2168871Z,141156,8312795136,1545601024,7.67036674198729,3328315392
2026-09-25T11:24:05.2334699Z,141156,8312795136,1545601024,12.8217507372674,3328315392
2026-09-25T11:24:06.2378553Z,141156,8312795136,1545601024,6.10408617135696,3328315392
2026-09-25T11:24:07.2476817Z,141156,8312795136,1545601024,6.00523678796461,3328315392
2026-09-25T11:24:08.2529177Z,141156,8312795136,1545601024,5.28128714605767,3328315392
2026-09-25T11:24:09.2612668Z,141156,8312795136,1545601024,6.00645733267674,3328315392
2026-09-25T11:24:10.2698443Z,141156,8312795136,1545601024,6.90549317908259,3328315392
2026-09-25T11:24:11.2737029Z,141156,8312795136,1545601024,7.91856489901014,3328315392
2026-09-25T11:24:12.2887197Z,141156,8312795136,1545601024,27.4131948962668,3328315392
2026-09-25T11:24:13.3065984Z,141156,8312795136,1545601024,27.2145101681579,3328315392
2026-09-25T11:24:14.3097113Z,141156,8312795136,1545601024,29.3915026119747,3328315392
2026-09-25T11:24:15.3289424Z,141156,8312795136,1545601024,30.590756663361,3328315392
2026-09-25T11:24:16.3426270Z,141156,8312795136,1545601024,20.7743714155557,3328315392
2026-09-25T11:24:17.3462196Z,141156,8312795136,1545601024,16.6220404969897,3328315392
2026-09-25T11:24:18.3626212Z,141156,8312795136,1545601024,19.291259562556,3328315392
2026-09-25T11:24:19.3797150Z,141156,8312795136,1545601024,18.2767393213472,3328315392
2026-09-25T11:24:20.3983183Z,141156,8312795136,1545601024,19.8679707317466,3328315392
2026-09-25T11:24:21.4021851Z,141156,8312795136,1545601024,18.7549135787333,3328315392
2026-09-25T11:24:22.4053694Z,141156,8312795136,1545601024,19.0075721191467,3328315392
2026-09-25T11:24:23.4142478Z,141156,8312795136,1545601024,14.8187307899202,3328315392
2026-09-25T11:24:24.4313230Z,141156,8312795136,1545601024,12.0573376646831,3328315392
2026-09-25T11:24:25.4457047Z,141156,8312795136,1545601024,17.5766404178279,3328315392
2026-09-25T11:24:26.4499618Z,141156,8312795136,1545601024,20.1620542673676,3328315392
2026-09-25T11:24:27.4658495Z,141156,8312795136,1545601024,14.0748444333215,3328315392
2026-09-25T11:24:28.4705522Z,141156,8312795136,1545601024,10.5297970443601,3328315392
2026-09-25T11:24:29.4758193Z,141156,8312795136,1545601024,12.2268599305481,3328315392
2026-09-25T11:24:30.4929941Z,141156,8312795136,1545601024,11.1404581052797,3328315392
2026-09-25T11:24:31.4993922Z,141156,8312795136,1545601024,12.2379764598705,3328315392
2026-09-25T11:24:32.5051646Z,141156,8312795136,1545601024,14.2962657455449,3328315392
2026-09-25T11:24:33.5183953Z,141156,8312795136,1545601024,10.7133092785547,3328315392
2026-09-25T11:24:34.5215753Z,141156,8312795136,1545601024,17.5618656278563,3328315392
2026-09-25T11:24:35.5246640Z,141156,8312795136,1545601024,21.2214556653354,3328315392
2026-09-25T11:24:36.5289934Z,141156,8312795136,1545601024,21.0448478982962,3328315392
2026-09-25T11:24:37.5459273Z,141156,8312795136,1545601024,12.6122926246357,3328315392
2026-09-25T11:24:38.5632570Z,141156,8312795136,1545601024,10.6389998135449,3328315392
2026-09-25T11:24:39.5821518Z,141156,8312795136,1545601024,11.9560936595813,3328315392
2026-09-25T11:24:40.5965413Z,141156,8312795136,1545601024,13.3126018400485,3328315392
2026-09-25T11:24:41.6131091Z,141156,8312795136,1545601024,11.1321098486754,3328315392
2026-09-25T11:24:42.6172603Z,141156,8312795136,1545601024,14.2771455035016,3328315392
2026-09-25T11:24:43.6202824Z,141156,8312795136,1545601024,10.180908272168,3328315392
2026-09-25T11:24:44.6368043Z,141156,8312795136,1545601024,12.0000397437004,3328315392
2026-09-25T11:24:45.6432580Z,141156,8312795136,1545601024,12.9639920628194,3328315392
2026-09-25T11:24:46.6605081Z,141156,8312795136,1545601024,12.1695749359706,3328315392
2026-09-25T11:24:47.6773563Z,141156,8312795136,1545601024,17.5989688888609,3328315392
2026-09-25T11:24:48.6922264Z,141156,8312795136,1545601024,11.175487081302,3328315392
2026-09-25T11:24:49.6955309Z,141156,8312795136,1545601024,11.142848876247,3328315392
2026-09-25T11:24:50.7114924Z,141156,8312795136,1545601024,15.8794362191856,3328315392
2026-09-25T11:24:51.7150283Z,141156,8312795136,1545601024,10.9679308114276,3328315392
2026-09-25T11:24:52.7200077Z,141156,8312795136,1545601024,10.495789262525,3328315392
2026-09-25T11:24:53.7344116Z,141156,8312795136,1545601024,12.2981888629097,3328315392
2026-09-25T11:24:54.7488374Z,141156,8312795136,1545601024,14.6111227322993,3328315392
2026-09-25T11:24:55.7671303Z,141156,8312795136,1545601024,11.3922945649866,3328315392
2026-09-25T11:24:56.7738969Z,141156,8312795136,1545601024,14.6310338015231,3328315392
2026-09-25T11:24:57.7814841Z,141156,8312795136,1545601024,18.391582954908,3328315392
2026-09-25T11:24:58.7859713Z,141156,8312795136,1545601024,8.13401258276285,3328315392
2026-09-25T11:24:59.8027593Z,141156,8312795136,1545601024,14.0817601246627,3328315392
2026-09-25T11:25:00.8193937Z,141156,8312795136,1545601024,34.0417625016406,3328315392
2026-09-25T11:25:01.8337595Z,141156,8312795136,1545601024,21.9218956919489,3328315392
2026-09-25T11:25:02.8494329Z,141156,8312795136,1545601024,23.5071857652585,3328315392
2026-09-25T11:25:03.8605459Z,141156,8312795136,1545601024,15.9035751936224,3328315392
2026-09-25T11:25:04.8770616Z,141156,8312795136,1545601024,20.5900361103122,3328315392
2026-09-25T11:25:05.8799187Z,141156,8312795136,1545601024,14.989086693504,3328315392
2026-09-25T11:25:06.8820368Z,141156,8312795136,1545601024,17.5574891919002,3328315392
2026-09-25T11:25:07.8970928Z,141156,8312795136,1545601024,18.030696546375,3328315392
2026-09-25T11:25:08.8998106Z,141156,8312795136,1545601024,19.8460950209313,3328315392
2026-09-25T11:25:09.9161865Z,141156,8312795136,1545601024,13.5749314155276,3328315392
2026-09-25T11:25:10.9200636Z,141156,8312795136,1545601024,13.7606742472423,3328315392
2026-09-25T11:25:11.9305936Z,141156,8312795136,1545601024,4.28537614794301,3328315392
2026-09-25T11:25:12.9408580Z,141156,8312795136,1545601024,11.1029008923473,3328315392
2026-09-25T11:25:13.9431982Z,141156,8312795136,1545601024,6.56311634083024,3328315392
2026-09-25T11:25:14.9574348Z,141156,8312795136,1545601024,9.11561843968807,3328315392
2026-09-25T11:25:15.9737780Z,141156,8312795136,1545601024,14.7547780057155,3328315392
2026-09-25T11:25:16.9888669Z,141156,8312795136,1545601024,7.17951225722988,3328315392
2026-09-25T11:25:17.9943631Z,141156,8312795136,1545601024,6.9573331002162,3328315392
2026-09-25T11:25:19.0121316Z,141156,8312795136,1545601024,10.9656940827869,3328315392
2026-09-25T11:25:20.0203952Z,141156,8312795136,1545601024,6.62568452876073,3328315392
2026-09-25T11:25:21.0244290Z,141156,8312795136,1545601024,12.4742984821549,3328315392
2026-09-25T11:25:22.0300410Z,141156,8312795136,1545601024,12.6861478445684,3328315392
2026-09-25T11:25:23.0458157Z,141156,8312795136,1545601024,8.21256148002021,3328315392
2026-09-25T11:25:24.0628666Z,141156,8312795136,1545601024,3.28152877969016,3328315392
2026-09-25T11:25:25.0649207Z,141156,8312795136,1545601024,9.1708431760439,3328315392
2026-09-25T11:25:26.0739102Z,141156,8312795136,1545601024,7.2787167105902,3328315392
2026-09-25T11:25:27.0910286Z,141156,8312795136,1545601024,7.97329382137799,3328315392
2026-09-25T11:25:28.1080276Z,141156,8312795136,1545601024,4.89080864002009,3328315392
2026-09-25T11:25:29.1102853Z,141156,8312795136,1545601024,11.0387662148669,3328315392
2026-09-25T11:25:30.1140809Z,141156,8312795136,1545601024,6.2155171950037,3328315392
2026-09-25T11:25:31.1206457Z,141156,8312795136,1545601024,7.76579562802934,3328315392
2026-09-25T11:25:32.1341701Z,141156,8312795136,1545601024,6.5091177640175,3328315392
2026-09-25T11:25:33.1482654Z,141156,8312795136,1545601024,6.87976775557536,3328315392
2026-09-25T11:25:34.1808764Z,141156,8312795136,1545601024,4.62619398671806,3328315392
2026-09-25T11:25:35.1950199Z,141156,8312795136,1545601024,13.3470569239033,3328315392
2026-09-25T11:25:36.2115005Z,141156,8312795136,1545601024,14.0584430206016,3328315392
2026-09-25T11:25:37.2154029Z,141156,8312795136,1545601024,9.03916237831148,3328315392
2026-09-25T11:25:38.2199635Z,141156,8312795136,1545601024,5.12722582104205,3328315392
2026-09-25T11:25:39.2249840Z,141156,8312795136,1545601024,11.8243691218217,3328315392
2026-09-25T11:25:40.2304525Z,141156,8312795136,1545601024,11.9195362736903,3328315392
2026-09-25T11:25:41.2457673Z,141156,8312795136,1545601024,10.9541921711833,3328315392
2026-09-25T11:25:42.2536696Z,141156,8312795136,1545601024,5.74072556960844,3328315392
2026-09-25T11:25:43.2645590Z,141156,8312795136,1545601024,7.44806474460605,3328315392
2026-09-25T11:25:44.2793684Z,141156,8312795136,1545601024,10.9777528256025,3328315392
2026-09-25T11:25:45.2849377Z,141156,8312795136,1545601024,5.02408886091015,3328315392
2026-09-25T11:25:46.2931192Z,141156,8312795136,1545601024,10.5481945837114,3328315392
2026-09-25T11:25:47.2967806Z,141156,8312795136,1545601024,3.97612541489474,3328315392
2026-09-25T11:25:48.3053478Z,141156,8312795136,1545601024,6.33434659259132,3328315392
2026-09-25T11:25:49.3118652Z,141156,8312795136,1545601024,6.49490868726736,3328315392
2026-09-25T11:25:50.3168903Z,141156,8312795136,1545601024,9.04597981523306,3328315392
2026-09-25T11:25:51.3233003Z,141156,8312795136,1545601024,9.64819249618043,3328315392
2026-09-25T11:25:52.3278207Z,141156,8312795136,1545601024,4.79043685439052,3328315392
2026-09-25T11:25:53.3343501Z,141156,8312795136,1545601024,7.64050769974954,3328315392
2026-09-25T11:25:54.3425835Z,141156,8312795136,1545601024,5.073868864892,3328315392
2026-09-25T11:25:55.3528253Z,141156,8312795136,1545601024,5.84793515589103,3328315392
2026-09-25T11:25:56.3721526Z,141156,8312795136,1545601024,21.917982240633,3328315392
2026-09-25T11:25:57.3800659Z,141156,8312795136,1545601024,32.8148224408196,3328315392
2026-09-25T11:25:58.3964030Z,141156,8312795136,1545601024,8.0904691527808,3328315392
2026-09-25T11:25:59.4015419Z,141156,8312795136,1545601024,4.82157959600316,3328315392
2026-09-25T11:26:00.4051827Z,141156,8312795136,1545601024,10.1497925320706,3328315392
2026-09-25T11:26:01.4219744Z,141156,8312795136,1545601024,7.2221077009563,3344699392
2026-09-25T11:26:02.4272379Z,141156,8312795136,1545601024,10.1473947345125,3344699392
2026-09-25T11:26:03.4302905Z,141156,8312795136,1545601024,11.8816060241542,3344699392
2026-09-25T11:26:04.4351067Z,141156,8312795136,1545601024,17.0151516162817,3344699392
2026-09-25T11:26:05.4520164Z,141156,8312795136,1545601024,5.69353239617714,3344699392
2026-09-25T11:26:06.4560348Z,141156,8312795136,1545601024,5.74914019866316,3344699392
2026-09-25T11:26:07.4620521Z,141156,8312795136,1545601024,6.52038490039776,3344699392
2026-09-25T11:26:08.4780361Z,141156,8312795136,1545601024,4.84110145301844,3344699392
2026-09-25T11:26:09.4841893Z,141156,8312795136,1545601024,3.49733795865957,3344699392
2026-09-25T11:26:10.4890451Z,141156,8312795136,1545601024,6.19513599365492,3344699392
2026-09-25T11:26:11.4963808Z,141156,8312795136,1545601024,11.7269546834503,3344699392
2026-09-25T11:26:12.5134380Z,141156,8312795136,1545601024,8.49343913776975,3344699392
2026-09-25T11:26:13.5300715Z,141156,8312795136,1545601024,6.82806611610934,3344699392
2026-09-25T11:26:14.5337532Z,141156,8312795136,1545601024,7.36868853309122,3344699392
2026-09-25T11:26:15.5390209Z,141156,8312795136,1545601024,6.64360070871069,3344699392
2026-09-25T11:26:16.5480957Z,141156,8312795136,1545601024,4.96476503914941,3344699392
2026-09-25T11:26:17.5548305Z,141156,8312795136,1545601024,6.10114004204484,3344699392
2026-09-25T11:26:18.5598905Z,141156,8312795136,1545601024,5.26393711461018,3344699392
2026-09-25T11:26:19.5758869Z,141156,8312795136,1545601024,6.07552790711799,3344699392
2026-09-25T11:26:20.5933543Z,141156,8312795136,1545601024,8.81566586470937,3344699392
2026-09-25T11:26:21.6077309Z,141156,8312795136,1545601024,12.2191530342087,3344699392
2026-09-25T11:26:22.6163966Z,141156,8312795136,1545601024,5.98964643290109,3344699392
2026-09-25T11:26:23.6203813Z,141156,8312795136,1545601024,5.98972160436249,3344699392
2026-09-25T11:26:24.6734497Z,141156,8312795136,1545601024,6.54026705793322,3344699392
2026-09-25T11:26:25.6881470Z,141156,8312795136,1545601024,8.19243738740395,3344699392
2026-09-25T11:26:26.7045721Z,141156,8312795136,1545601024,8.91512543364089,3344699392
2026-09-25T11:26:27.7187493Z,141156,8312795136,1545601024,6.12095259254273,3344699392
2026-09-25T11:26:28.7352380Z,141156,8312795136,1545601024,4.9209337575036,3344699392
2026-09-25T11:26:29.7425755Z,141156,8312795136,1545601024,3.59944251319533,3344699392
2026-09-25T11:26:30.7453260Z,141156,8312795136,1545601024,3.52833013314013,3344699392
2026-09-25T11:26:31.7497737Z,141156,8312795136,1545601024,7.26058064476269,3344699392
2026-09-25T11:26:32.7539578Z,141156,8312795136,1545601024,12.7251348163682,3344699392
2026-09-25T11:26:33.7658156Z,141156,8312795136,1545601024,9.07792674012059,3344699392
2026-09-25T11:26:34.7698823Z,141156,8312795136,1545601024,8.1918358093697,3344699392
2026-09-25T11:26:35.7738580Z,141156,8312795136,1545601024,12.0681559754161,3344699392
2026-09-25T11:26:36.7941358Z,141156,8312795136,1545601024,11.1132776313143,3344699392
2026-09-25T11:26:37.8093821Z,141156,8312795136,1545601024,8.87151783718705,3344699392
2026-09-25T11:26:38.8143943Z,141156,8312795136,1545601024,5.79641122309499,3344699392
2026-09-25T11:26:39.8183149Z,141156,8312795136,1545601024,6.2258149466185,3344699392
2026-09-25T11:26:40.8320065Z,141156,8312795136,1545601024,4.67393065213279,3344699392
2026-09-25T11:26:41.8372776Z,141156,8312795136,1545601024,11.856156565811,3344699392
2026-09-25T11:26:42.8402052Z,141156,8312795136,1545601024,14.8295308882394,3344699392
2026-09-25T11:26:43.8445493Z,141156,8312795136,1545601024,5.97993979426717,3344699392
2026-09-25T11:26:44.8529647Z,141156,8312795136,1545601024,5.76949082221024,3344699392
2026-09-25T11:26:45.8694211Z,141156,8312795136,1545601024,7.4822771784363,3344699392
2026-09-25T11:26:46.8901809Z,141156,8312795136,1545601024,4.78091963910527,3344699392
2026-09-25T11:26:47.9005870Z,141156,8312795136,1545601024,10.2839084428951,3344699392
2026-09-25T11:26:48.9180160Z,141156,8312795136,1545601024,11.6954859838161,3344699392
2026-09-25T11:26:49.9328601Z,141156,8312795136,1545601024,14.0685197071707,3344699392
2026-09-25T11:26:50.9353402Z,141156,8312795136,1545601024,7.45096139942614,3344699392
2026-09-25T11:26:51.9418133Z,141156,8312795136,1545601024,8.32828047835107,3344699392
2026-09-25T11:26:52.9582524Z,141156,8312795136,1545601024,9.57831626147412,3344699392
2026-09-25T11:26:53.9723408Z,141156,8312795136,1545601024,9.46374167733839,3344699392
2026-09-25T11:26:54.9782374Z,141156,8312795136,1545601024,6.22215048554606,3344699392
2026-09-25T11:26:55.9944641Z,141156,8312795136,1545601024,6.304405948861,3344699392
2026-09-25T11:26:57.0059115Z,141156,8312795136,1545601024,4.61030262807053,3344699392
2026-09-25T11:26:58.0091463Z,141156,8312795136,1545601024,7.52978129617859,3344699392
2026-09-25T11:26:59.0245580Z,141156,8312795136,1545601024,4.88193977731792,3344699392
2026-09-25T11:27:00.0404626Z,141156,8312795136,1545601024,5.69812881234073,3344699392
2026-09-25T11:27:01.0465624Z,141156,8312795136,1545601024,5.79733915624708,3344699392
2026-09-25T11:27:02.0624729Z,141156,8312795136,1545601024,6.99944554361839,3344699392
2026-09-25T11:27:03.0658272Z,141156,8312795136,1545601024,4.03291915294994,3344699392
2026-09-25T11:27:04.0739205Z,141156,8312795136,1545601024,19.2087436945464,3344699392
2026-09-25T11:27:05.0769793Z,141156,8312795136,1545601024,5.07533470181655,3344699392
2026-09-25T11:27:06.0949118Z,141156,8312795136,1545601024,5.60277248082871,3344699392
2026-09-25T11:27:07.1100077Z,141156,8312795136,1545601024,2.54495280207973,3344699392
2026-09-25T11:27:08.1129103Z,141156,8312795136,1545601024,5.93713390655588,3344699392
2026-09-25T11:27:09.1165084Z,141156,8312795136,1545601024,7.56440465095496,3344699392
2026-09-25T11:27:10.1216260Z,141156,8312795136,1545601024,4.68955901685058,3344699392
2026-09-25T11:27:11.1394150Z,141156,8312795136,1545601024,5.72374534768911,3344699392
2026-09-25T11:27:12.1444805Z,141156,8312795136,1545601024,4.00276755576153,3344699392
2026-09-25T11:27:13.1616699Z,141156,8312795136,1545601024,18.4354742825699,3344699392
2026-09-25T11:27:14.1678421Z,141156,8312795136,1545601024,34.38922472774,3344699392
2026-09-25T11:27:15.1854691Z,141156,8312795136,1545601024,28.1468946771445,3344699392
2026-09-25T11:27:16.2006140Z,141156,8312795136,1545601024,25.4232466018095,3344699392
2026-09-25T11:27:17.2141409Z,141156,8312795136,1545601024,23.3034115384729,3344699392
2026-09-25T11:27:18.2178443Z,141156,8312795136,1545601024,22.0661395068295,3344699392
2026-09-25T11:27:19.2378075Z,141156,8312795136,1545601024,17.1429895998222,3344699392
2026-09-25T11:27:20.2521998Z,141156,8312795136,1545601024,19.1626774596112,3344699392
2026-09-25T11:27:21.2571011Z,141156,8312795136,1545601024,17.5080472300734,3344699392
2026-09-25T11:27:22.2606733Z,141156,8312795136,1545601024,19.1207746328506,3344699392
2026-09-25T11:27:23.2644734Z,141156,8312795136,1545601024,19.2523387575759,3344699392
2026-09-25T11:27:24.2791602Z,141156,8312795136,1545601024,18.0972796387766,3344699392
2026-09-25T11:27:25.2923685Z,141156,8312795136,1545601024,21.3514473801088,3344699392
2026-09-25T11:27:26.2980581Z,141156,8312795136,1545601024,9.59633644198157,3344699392
2026-09-25T11:27:27.3032981Z,141156,8312795136,1545601024,12.0811430030082,3344699392
2026-09-25T11:27:28.3077575Z,141156,8312795136,1545601024,16.0637251969289,3328315392
2026-09-25T11:27:29.3210853Z,141156,8312795136,1545601024,11.1855068848032,3328315392
2026-09-25T11:27:30.3402000Z,141156,8312795136,1545601024,11.2394359103699,3328315392
2026-09-25T11:27:31.3521206Z,141156,8312795136,1545601024,12.0217659891717,3328315392
2026-09-25T11:27:32.3565622Z,141156,8312795136,1545601024,9.48425576109998,3328315392
2026-09-25T11:27:33.3761866Z,141156,8312795136,1545601024,13.280217295777,3328315392
2026-09-25T11:27:34.3806830Z,141156,8312795136,1545601024,14.5553764389571,3328315392
2026-09-25T11:27:35.3827084Z,141156,8312795136,1545601024,20.4740093344427,3328315392
2026-09-25T11:27:36.3982506Z,141156,8312795136,1545601024,13.646638508254,3328315392
2026-09-25T11:27:37.4127154Z,141156,8312795136,1545601024,15.7752809387918,3328315392
2026-09-25T11:27:38.4147998Z,141156,8312795136,1545601024,18.3253838728161,3328315392
2026-09-25T11:27:39.4185354Z,141156,8312795136,1545601024,16.9112815070543,3328315392
2026-09-25T11:27:40.4340403Z,141156,8312795136,1545601024,10.2784360393752,3328315392
2026-09-25T11:27:41.4500807Z,141156,8312795136,1545601024,11.4778403763816,3328315392
2026-09-25T11:27:42.4545990Z,141156,8312795136,1545601024,9.01198716442486,3328315392
2026-09-25T11:27:43.4630700Z,141156,8312795136,1545601024,14.4213715244193,3328315392
2026-09-25T11:27:44.4724161Z,141156,8312795136,1545601024,13.6496113204916,3328315392
2026-09-25T11:27:45.4911738Z,141156,8312795136,1545601024,17.5857370884334,3328315392
2026-09-25T11:27:46.5041766Z,141156,8312795136,1545601024,16.8858737538776,3328315392
2026-09-25T11:27:47.5237714Z,141156,8312795136,1545601024,11.0301418589414,3328315392
2026-09-25T11:27:48.5288285Z,141156,8312795136,1545601024,10.793998813583,3328315392
2026-09-25T11:27:49.5318328Z,141156,8312795136,1545601024,11.9060553451252,3328315392
2026-09-25T11:27:50.5375970Z,141156,8312795136,1545601024,11.7192940419616,3328315392
2026-09-25T11:27:51.5546661Z,141156,8312795136,1545601024,14.6405900672382,3328315392
2026-09-25T11:27:52.5683772Z,141156,8312795136,1545601024,9.43532173563395,3328315392
2026-09-25T11:27:53.5850461Z,141156,8312795136,1545601024,15.4991270326908,3328315392
2026-09-25T11:27:54.6022849Z,141156,8312795136,1545601024,9.56640586484122,3328315392
2026-09-25T11:27:55.6158482Z,141156,8312795136,1545601024,14.3451807009601,3328315392
2026-09-25T11:27:56.6327665Z,141156,8312795136,1545601024,17.5087190075249,3328315392
2026-09-25T11:27:57.6358075Z,141156,8312795136,1545601024,11.7208398439542,3328315392
2026-09-25T11:27:58.6525823Z,141156,8312795136,1545601024,12.4784451536078,3328315392
2026-09-25T11:27:59.6591271Z,141156,8312795136,1545601024,8.50807800859821,3328315392
2026-09-25T11:28:00.6731151Z,141156,8312795136,1545601024,12.8303999642165,3328315392
2026-09-25T11:28:01.6765954Z,141156,8312795136,1545601024,23.5289986688926,3328315392
2026-09-25T11:28:02.6940006Z,141156,8312795136,1545601024,23.0947542130053,3328315392
2026-09-25T11:28:03.7114278Z,141156,8312795136,1545601024,17.3740322232339,3328315392
2026-09-25T11:28:04.7271718Z,141156,8312795136,1545601024,17.7161080675595,3328315392
2026-09-25T11:28:05.7400699Z,141156,8312795136,1545601024,25.8134263041281,3328315392
2026-09-25T11:28:06.7555320Z,141156,8312795136,1545601024,20.6598866598087,3328315392
2026-09-25T11:28:07.7713999Z,141156,8312795136,1545601024,20.5174559653298,3328315392
2026-09-25T11:28:08.7855230Z,141156,8312795136,1545601024,15.1504879598993,3328315392
2026-09-25T11:28:09.7918099Z,141156,8312795136,1545601024,17.7041124341943,3328315392
2026-09-25T11:28:10.7986031Z,141156,8312795136,1545601024,15.2606948523009,3328315392
2026-09-25T11:28:11.8027570Z,141156,8312795136,1545601024,9.37915160187675,3328315392
2026-09-25T11:28:12.8162993Z,141156,8312795136,1545601024,10.1502412178499,3328315392
2026-09-25T11:28:13.8198890Z,141156,8312795136,1545601024,13.895629427806,3328315392
2026-09-25T11:28:14.8252284Z,141156,8312795136,1545601024,12.7425392124857,3328315392
2026-09-25T11:28:15.8290608Z,141156,8312795136,1545601024,11.5003843038325,3328315392
2026-09-25T11:28:16.8321264Z,141156,8312795136,1545601024,8.28819134143097,3328315392
2026-09-25T11:28:17.8388541Z,141156,8312795136,1545601024,16.3975221730631,3328315392
2026-09-25T11:28:18.8442188Z,141156,8312795136,1545601024,8.96687845366667,3328315392
2026-09-25T11:28:19.8605005Z,141156,8312795136,1545601024,11.7048520732438,3328315392
2026-09-25T11:28:20.8764542Z,141156,8312795136,1545601024,10.176549906196,3328315392
2026-09-25T11:28:21.8800480Z,141156,8312795136,1545601024,8.76479496581477,3328315392
2026-09-25T11:28:22.8979791Z,141156,8312795136,1545601024,9.5390693120344,3328315392
2026-09-25T11:28:23.9001189Z,141156,8312795136,1545601024,17.7397296939237,3328315392
2026-09-25T11:28:24.9046069Z,141156,8312795136,1545601024,31.1676594038281,3328315392
2026-09-25T11:28:25.9187157Z,141156,8312795136,1545601024,37.7915904871117,3328315392
2026-09-25T11:28:26.9340654Z,141156,8312795136,1545601024,24.6541192101974,3328315392
2026-09-25T11:28:27.9507610Z,141156,8312795136,1545601024,26.1632963073119,3328315392
2026-09-25T11:28:28.9544471Z,141156,8312795136,1545601024,21.4902239097547,3328315392
2026-09-25T11:28:29.9705348Z,141156,8312795136,1545601024,14.7504474265775,3328315392
2026-09-25T11:28:30.9861152Z,141156,8312795136,1545601024,16.8231275429467,3328315392
2026-09-25T11:28:32.0050526Z,141156,8312795136,1545601024,15.9607190646277,3328315392
2026-09-25T11:28:33.0223486Z,141156,8312795136,1545601024,14.6156058284094,3328315392
2026-09-25T11:28:34.0348677Z,141156,8312795136,1545601024,18.9120766201005,3328315392
2026-09-25T11:28:35.0386041Z,141156,8312795136,1545601024,19.3613943107953,3328315392
2026-09-25T11:28:36.0554379Z,141156,8312795136,1545601024,24.6825764321407,3328315392
2026-09-25T11:28:37.0736032Z,141156,8312795136,1545601024,15.3218172271272,3328315392
2026-09-25T11:28:38.0900306Z,141156,8312795136,1545601024,16.5075902253313,3328315392
2026-09-25T11:28:39.0948662Z,141156,8312795136,1545601024,28.3023578158898,3328315392
2026-09-25T11:28:40.1097258Z,141156,8312795136,1545601024,14.4307129154555,3328315392
2026-09-25T11:28:41.1259057Z,141156,8312795136,1545601024,17.641561329876,3328315392
2026-09-25T11:28:42.1289408Z,141156,8312795136,1545601024,15.5875564665757,3328315392
2026-09-25T11:28:43.1372749Z,141156,8312795136,1545601024,18.7023024603851,3328315392
2026-09-25T11:28:44.1418149Z,141156,8312795136,1545601024,20.5727175637448,3328315392
2026-09-25T11:28:45.1583322Z,141156,8312795136,1545601024,23.676511307361,3328315392
2026-09-25T11:28:46.1756088Z,141156,8312795136,1545601024,19.891068002579,3328315392
2026-09-25T11:28:47.1800685Z,141156,8312795136,1545601024,18.1804187789516,3328315392
2026-09-25T11:28:48.2023703Z,141156,8312795136,1545601024,15.3198790582381,3328315392
2026-09-25T11:28:49.2262143Z,141156,8312795136,1545601024,25.7470562506099,3328315392
2026-09-25T11:28:50.2380242Z,141156,8312795136,1545601024,15.3424844183894,3328315392
2026-09-25T11:28:51.2417910Z,141156,8312795136,1545601024,17.8873089157396,3328315392
2026-09-25T11:28:52.2594637Z,141156,8312795136,1545601024,14.3906445952413,3328315392
2026-09-25T11:28:53.2650627Z,141156,8312795136,1545601024,15.4156827253905,3328315392
2026-09-25T11:28:54.2728397Z,141156,8312795136,1545601024,15.5974122329022,3328315392
2026-09-25T11:28:55.2904350Z,141156,8312795136,1545601024,17.9598253357587,3328315392
2026-09-25T11:28:56.3037224Z,141156,8312795136,1545601024,17.20260347656,3328315392
2026-09-25T11:28:57.3219057Z,141156,8312795136,1545601024,16.2352912245325,3328315392
2026-09-25T11:28:58.3388187Z,141156,8312795136,1545601024,16.7726788986484,3328315392
2026-09-25T11:28:59.3574171Z,141156,8312795136,1545601024,23.8586876796082,3328315392
2026-09-25T11:29:00.3740403Z,141156,8312795136,1545601024,20.8271046804761,3328315392
2026-09-25T11:29:01.3894924Z,141156,8312795136,1545601024,13.9905813243232,3328315392
2026-09-25T11:29:02.4034339Z,141156,8312795136,1545601024,21.6968746221417,3328315392
2026-09-25T11:29:03.4207055Z,141156,8312795136,1545601024,20.5521514992047,3328315392
2026-09-25T11:29:04.4369528Z,141156,8312795136,1545601024,22.9844296256182,3328315392
2026-09-25T11:29:05.4390203Z,141156,8312795136,1545601024,19.7949584974228,3328315392
2026-09-25T11:29:06.4453892Z,141156,8312795136,1545601024,21.3993753610117,3328315392
2026-09-25T11:29:07.4508454Z,141156,8312795136,1545601024,14.1395532673083,3328315392
2026-09-25T11:29:08.4578583Z,141156,8312795136,1545601024,19.6413189647324,3328315392
2026-09-25T11:29:09.4739088Z,141156,8312795136,1545601024,18.8636420619489,3328315392
2026-09-25T11:29:10.4764499Z,141156,8312795136,1545601024,29.6437949986991,3328315392
2026-09-25T11:29:11.4833337Z,141156,8312795136,1545601024,16.9780058691801,3328315392
2026-09-25T11:29:12.4905680Z,141156,8312795136,1545601024,16.521511126705,3328315392
2026-09-25T11:29:13.4945482Z,141156,8312795136,1545601024,12.9442376953112,3328315392
2026-09-25T11:29:14.5125306Z,141156,8312795136,1545601024,20.0896632539502,3328315392
2026-09-25T11:29:15.5267623Z,141156,8312795136,1545601024,21.4305743547028,3328315392
2026-09-25T11:29:16.5439408Z,141156,8312795136,1545601024,21.2927690050817,3328315392
2026-09-25T11:29:17.5602846Z,141156,8312795136,1545601024,16.1996984113863,3328315392
2026-09-25T11:29:18.5766158Z,141156,8312795136,1545601024,21.8069500094959,3328315392
2026-09-25T11:29:19.5910345Z,141156,8312795136,1545601024,21.172741558339,3328315392
2026-09-25T11:29:20.5963811Z,141156,8312795136,1545601024,18.2852475790767,3328315392
2026-09-25T11:29:21.6137164Z,141156,8312795136,1545601024,16.388514152455,3328315392
2026-09-25T11:29:22.6165860Z,141156,8312795136,1545601024,16.3415216025971,3328315392
2026-09-25T11:29:23.6321220Z,141156,8312795136,1545601024,17.2293685397333,3328315392
2026-09-25T11:29:24.6370180Z,141156,8312795136,1545601024,20.7571474939818,3328315392
2026-09-25T11:29:25.6413008Z,141156,8312795136,1545601024,18.1522225611692,3328315392
2026-09-25T11:29:26.6585699Z,141156,8312795136,1545601024,18.3857448627404,3328315392
2026-09-25T11:29:27.6628680Z,141156,8312795136,1545601024,15.8050570194214,3328315392
2026-09-25T11:29:28.6798243Z,141156,8312795136,1545601024,17.0437509536896,3328315392
2026-09-25T11:29:29.6976550Z,141156,8312795136,1545601024,17.1717106272597,3328315392
2026-09-25T11:29:30.7004132Z,141156,8312795136,1545601024,16.8318625725367,3328315392
2026-09-25T11:29:31.7176097Z,141156,8312795136,1545601024,22.8315948343262,3328315392
2026-09-25T11:29:32.7223822Z,141156,8312795136,1545601024,19.9529060719753,3328315392
2026-09-25T11:29:33.7277334Z,141156,8312795136,1545601024,14.6604615779531,3328315392
2026-09-25T11:29:34.7345580Z,141156,8312795136,1545601024,18.735193144184,3328315392
2026-09-25T11:29:35.7520639Z,141156,8312795136,1545601024,23.8696259885581,3328315392
2026-09-25T11:29:36.7566202Z,141156,8312795136,1545601024,24.0008597412127,3328315392
2026-09-25T11:29:37.7604612Z,141156,8312795136,1545601024,19.1409776308615,3328315392
2026-09-25T11:29:38.7641668Z,141156,8312795136,1545601024,17.3965301628115,3328315392
2026-09-25T11:29:39.7685492Z,141156,8312795136,1545601024,16.2985826413808,3328315392
2026-09-25T11:29:40.7726382Z,141156,8312795136,1545601024,12.6618667634973,3328315392
2026-09-25T11:29:41.7752459Z,141156,8312795136,1545601024,21.7662561789871,3328315392
2026-09-25T11:29:42.7792188Z,141156,8312795136,1545601024,17.7096262194694,3328315392
2026-09-25T11:29:43.7947427Z,141156,8312795136,1545601024,16.0498128267261,3328315392
2026-09-25T11:29:44.7972377Z,141156,8312795136,1545601024,19.9264476088341,3328315392
2026-09-25T11:29:45.8140137Z,141156,8312795136,1545601024,15.1901959889499,3328315392
2026-09-25T11:29:46.8313273Z,141156,8312795136,1545601024,16.5615483753236,3328315392
2026-09-25T11:29:47.8391172Z,141156,8312795136,1545601024,16.961574154275,3328315392
2026-09-25T11:29:48.8433282Z,141156,8312795136,1545601024,15.0736541109562,3328315392
2026-09-25T11:29:49.8514690Z,141156,8312795136,1545601024,22.827261273461,3328315392
2026-09-25T11:29:50.8658537Z,141156,8312795136,1545601024,25.1225587894393,3328315392
2026-09-25T11:29:51.8698856Z,141156,8312795136,1545601024,23.4743763945812,3328315392
2026-09-25T11:29:52.8851270Z,141156,8312795136,1545601024,27.999636273375,3328315392
2026-09-25T11:29:53.8998085Z,141156,8312795136,1545601024,24.7375943783606,3328315392
2026-09-25T11:29:54.9175004Z,141156,8312795136,1545601024,20.3131037002271,3328315392
2026-09-25T11:29:55.9220661Z,141156,8312795136,1545601024,14.983632334333,3328315392
2026-09-25T11:29:56.9404076Z,141156,8312795136,1545601024,15.6439243219244,3328315392
2026-09-25T11:29:57.9574669Z,141156,8312795136,1545601024,16.2377861380041,3328315392
2026-09-25T11:29:58.9731695Z,141156,8312795136,1545601024,16.5645003912133,3328315392
2026-09-25T11:29:59.9803621Z,141156,8312795136,1545601024,16.3465946980771,3328315392
2026-09-25T11:30:00.9931819Z,141156,8312795136,1545601024,23.3046714642287,3381923840
2026-09-25T11:30:01.9978016Z,141156,8312795136,1545601024,19.900859474043,3381923840
2026-09-25T11:30:03.0144459Z,141156,8312795136,1545601024,24.9790511537431,3381923840
2026-09-25T11:30:04.0186541Z,141156,8312795136,1545601024,13.0614343813897,3381923840
2026-09-25T11:30:05.0257917Z,141156,8312795136,1545601024,21.149427111593,3381923840
2026-09-25T11:30:06.0402519Z,141156,8312795136,1545601024,19.444476474168,3381923840
2026-09-25T11:30:07.0432660Z,141156,8312795136,1545601024,15.9940815231904,3381923840
2026-09-25T11:30:08.0486940Z,141156,8312795136,1545601024,18.373838611637,3381923840
2026-09-25T11:30:09.0507485Z,141156,8312795136,1545601024,15.0664677768988,3381923840
2026-09-25T11:30:10.0566259Z,141156,8312795136,1545601024,16.9994428597009,3381923840
2026-09-25T11:30:11.0708594Z,141156,8312795136,1545601024,12.9218265588064,3381923840
2026-09-25T11:30:12.0887144Z,141156,8312795136,1545601024,12.9036471932926,3381923840
2026-09-25T11:30:13.1042613Z,141156,8312795136,1545601024,18.2778653117691,3381923840
2026-09-25T11:30:14.1193470Z,141156,8312795136,1545601024,25.8857942088466,3381923840
2026-09-25T11:30:15.1227031Z,141156,8312795136,1545601024,50.2648496813113,3381923840
2026-09-25T11:30:16.1264109Z,141156,8312795136,1545601024,34.8766113461943,3381923840
2026-09-25T11:30:17.1414431Z,141156,8312795136,1545601024,32.1050117382953,3381923840
2026-09-25T11:30:18.1470366Z,141156,8312795136,1545601024,28.3565202961951,3381923840
2026-09-25T11:30:19.1646879Z,141156,8312795136,1545601024,26.3631867774204,3381923840
2026-09-25T11:30:20.1684350Z,141156,8312795136,1545601024,37.9011680411986,3381923840
2026-09-25T11:30:21.1788021Z,141156,8312795136,1545601024,30.6862686996539,3363049472
2026-09-25T11:30:22.1894336Z,141156,8312795136,1545601024,25.5487879485441,3363049472
2026-09-25T11:30:23.2057723Z,141156,8312795136,1545601024,27.9113734554826,3363049472
2026-09-25T11:30:24.2084183Z,141156,8312795136,1545601024,31.3549527215471,3363049472
2026-09-25T11:30:25.2272761Z,141156,8312795136,1545601024,34.6747714791319,3363049472
2026-09-25T11:30:26.2438972Z,141156,8312795136,1545601024,29.4025525876089,3363049472
2026-09-25T11:30:27.2621790Z,141156,8312795136,1545601024,28.7105125839296,3363049472
2026-09-25T11:30:28.2784253Z,141156,8312795136,1545601024,21.9901417025603,3363049472
2026-09-25T11:30:29.2963268Z,141156,8312795136,1545601024,19.5062658182955,3363049472
2026-09-25T11:30:30.3153751Z,141156,8312795136,1545601024,17.8585720467432,3363049472
2026-09-25T11:30:31.3336115Z,141156,8312795136,1545601024,19.5334835741281,3363049472
2026-09-25T11:30:32.3491080Z,141156,8312795136,1545601024,17.7636190333217,3363049472
2026-09-25T11:30:33.3541881Z,141156,8312795136,1545601024,17.8151268036555,3363049472
2026-09-25T11:30:34.3713346Z,141156,8312795136,1545601024,21.4646214891113,3363049472
2026-09-25T11:30:35.3878941Z,141156,8312795136,1545601024,25.6227179554611,3363049472
2026-09-25T11:30:36.4032288Z,141156,8312795136,1545601024,17.6685151598271,3363049472
2026-09-25T11:30:37.4215770Z,141156,8312795136,1545601024,27.1429220173368,3363049472
2026-09-25T11:30:38.4358277Z,141156,8312795136,1545601024,26.9921123682428,3363049472
2026-09-25T11:30:39.4424850Z,141156,8312795136,1545601024,20.645301390188,3363049472
2026-09-25T11:30:40.4471942Z,141156,8312795136,1545601024,19.1310786182273,3363049472
2026-09-25T11:30:41.4528049Z,141156,8312795136,1545601024,19.5919683226084,3363049472
2026-09-25T11:30:42.4696013Z,141156,8312795136,1545601024,17.6494869341486,3363049472
2026-09-25T11:30:43.4874728Z,141156,8312795136,1545601024,17.9152790922244,3363049472
2026-09-25T11:30:44.4933526Z,141156,8312795136,1545601024,19.2414789280076,3363049472
2026-09-25T11:30:45.5098121Z,141156,8312795136,1545601024,28.4948558376513,3363049472
2026-09-25T11:30:46.5138221Z,141156,8312795136,1545601024,17.8098715966151,3363049472
2026-09-25T11:30:47.5317121Z,141156,8312795136,1545601024,18.0829706514585,3363049472
2026-09-25T11:30:48.5480671Z,141156,8312795136,1545601024,21.0173419868458,3363049472
2026-09-25T11:30:49.5521601Z,141156,8312795136,1545601024,20.8324917846926,3363049472
2026-09-25T11:30:50.5675173Z,141156,8312795136,1545601024,17.2708073949926,3363049472
2026-09-25T11:30:51.5728465Z,141156,8312795136,1545601024,18.7109146495978,3363049472
2026-09-25T11:30:52.5874778Z,141156,8312795136,1545601024,18.4782212322658,3363049472
2026-09-25T11:30:53.6020498Z,141156,8312795136,1545601024,17.4964768956035,3363049472
2026-09-25T11:30:54.6183434Z,141156,8312795136,1545601024,17.1696576913786,3363049472
2026-09-25T11:30:55.6335915Z,141156,8312795136,1545601024,26.7272963902177,3363049472
2026-09-25T11:30:56.6497446Z,141156,8312795136,1545601024,26.3611092677388,3363049472
2026-09-25T11:30:57.6537619Z,141156,8312795136,1545601024,17.8108048132944,3363049472
2026-09-25T11:30:58.6586285Z,141156,8312795136,1545601024,16.1443883966025,3363049472
2026-09-25T11:30:59.6637097Z,141156,8312795136,1545601024,23.9278496545135,3363049472
2026-09-25T11:31:00.6826041Z,141156,8312795136,1545601024,27.2475223345939,3363049472
2026-09-25T11:31:01.6899969Z,141156,8312795136,1545601024,19.557520321265,3363049472
2026-09-25T11:31:02.7069538Z,141156,8312795136,1545601024,17.9623725328479,3363049472
2026-09-25T11:31:03.7105306Z,141156,8312795136,1545601024,18.8438717474153,3363049472
2026-09-25T11:31:04.7281670Z,141156,8312795136,1545601024,29.6854392837245,3363049472
2026-09-25T11:31:05.7433280Z,141156,8312795136,1545601024,29.7486679778752,3363049472
2026-09-25T11:31:06.7522902Z,141156,8312795136,1545601024,32.5684501847581,3363049472
2026-09-25T11:31:07.7557398Z,141156,8312795136,1545601024,22.2403863497976,3363049472
2026-09-25T11:31:08.7704603Z,141156,8312795136,1545601024,20.8909736694618,3363049472
2026-09-25T11:31:09.7762739Z,141156,8312795136,1545601024,21.2373086034645,3363049472
2026-09-25T11:31:10.7811826Z,141156,8312795136,1545601024,24.0445266433298,3363049472
2026-09-25T11:31:11.7849685Z,141156,8312795136,1545601024,18.9264942424397,3363049472
2026-09-25T11:31:12.7892920Z,141156,8312795136,1545601024,23.1068606014311,3363049472
2026-09-25T11:31:13.7928942Z,141156,8312795136,1545601024,20.1502624483708,3363049472
2026-09-25T11:31:14.8087479Z,141156,8312795136,1545601024,14.3899224339425,3363049472
2026-09-25T11:31:15.8143022Z,141156,8312795136,1545601024,17.1587239897735,3363049472
2026-09-25T11:31:16.8313397Z,141156,8312795136,1545601024,26.9536655813201,3363049472
2026-09-25T11:31:17.8483356Z,141156,8312795136,1545601024,20.2032472359556,3363049472
2026-09-25T11:31:18.8514498Z,141156,8312795136,1545601024,12.0805210718934,3363049472
2026-09-25T11:31:19.8542452Z,141156,8312795136,1545601024,13.9129653492429,3363049472
2026-09-25T11:31:20.8624850Z,141156,8312795136,1545601024,10.7213196033486,3363049472
2026-09-25T11:31:21.8655121Z,141156,8312795136,1545601024,18.6709191374518,3363049472
2026-09-25T11:31:22.8841089Z,141156,8312795136,1545601024,17.6402279560059,3363049472
2026-09-25T11:31:23.8981535Z,141156,8312795136,1545601024,12.4026756294114,3363049472
2026-09-25T11:31:24.9153989Z,141156,8312795136,1545601024,13.7740751258603,3363049472
2026-09-25T11:31:25.9316507Z,141156,8312795136,1545601024,13.1212343346207,3363049472
2026-09-25T11:31:26.9506197Z,141156,8312795136,1545601024,16.3077538365122,3363049472
2026-09-25T11:31:27.9653769Z,141156,8312795136,1545601024,19.5537431966417,3370389504
2026-09-25T11:31:28.9694620Z,141156,8312795136,1545601024,10.6190312573139,3370389504
2026-09-25T11:31:29.9727538Z,141156,8312795136,1545601024,12.2845239022117,3370389504
2026-09-25T11:31:30.9792031Z,141156,8312795136,1545601024,12.7853936619309,3370389504
2026-09-25T11:31:31.9863796Z,141156,8312795136,1545601024,12.5062782621233,3370389504
2026-09-25T11:31:32.9909478Z,141156,8312795136,1545601024,14.874057243274,3370389504
2026-09-25T11:31:33.9942336Z,141156,8312795136,1545601024,12.6891561221388,3370389504
2026-09-25T11:31:34.9991909Z,141156,8312795136,1545601024,8.64964407027338,3370389504
2026-09-25T11:31:36.0158234Z,141156,8312795136,1545601024,14.5192691597444,3370389504
2026-09-25T11:31:37.0315203Z,141156,8312795136,1545601024,15.0598055300759,3363049472
2026-09-25T11:31:38.0444719Z,141156,8312795136,1545601024,25.6111449553444,3370389504
2026-09-25T11:31:39.0622908Z,141156,8312795136,1545601024,23.1653004760457,3370389504
2026-09-25T11:31:40.0643542Z,141156,8312795136,1545601024,13.840435821399,3370389504
2026-09-25T11:31:41.0777416Z,141156,8312795136,1545601024,13.6977713707003,3370389504
2026-09-25T11:31:42.0956091Z,141156,8312795136,1545601024,11.7960583122322,3370389504
2026-09-25T11:31:43.1088817Z,141156,8312795136,1545601024,13.3461457994626,3370389504
2026-09-25T11:31:44.1229280Z,141156,8312795136,1545601024,24.0534748805838,3370389504
2026-09-25T11:31:45.1265978Z,141156,8312795136,1545601024,13.3244996932986,3370389504
2026-09-25T11:31:46.1403797Z,141156,8312795136,1545601024,17.2837184968405,3370389504
2026-09-25T11:31:47.1564553Z,141156,8312795136,1545601024,11.7698942421005,3370389504
2026-09-25T11:31:48.1718206Z,141156,8312795136,1545601024,14.3171088940128,3370389504
2026-09-25T11:31:49.1903189Z,141156,8312795136,1545601024,21.2710069593101,3370389504
2026-09-25T11:31:50.1943698Z,141156,8312795136,1545601024,13.5849447242283,3370389504
2026-09-25T11:31:51.1988052Z,141156,8312795136,1545601024,14.9410597661923,3363049472
2026-09-25T11:31:52.2034779Z,141156,8312795136,1545601024,12.9516243823793,3363049472
2026-09-25T11:31:53.2093216Z,141156,8312795136,1545601024,12.5233447137726,3363049472
2026-09-25T11:31:54.2238815Z,141156,8312795136,1545601024,13.1664801991595,3363049472
2026-09-25T11:31:55.2290726Z,141156,8312795136,1545601024,12.9094735283119,3363049472
2026-09-25T11:31:56.2351671Z,141156,8312795136,1545601024,14.1523933932208,3363049472
2026-09-25T11:31:57.2401874Z,141156,8312795136,1545601024,11.9547558269914,3363049472
2026-09-25T11:31:58.2469327Z,141156,8312795136,1545601024,13.789195838087,3363049472
2026-09-25T11:31:59.2612838Z,141156,8312795136,1545601024,18.7116389666483,3363049472
2026-09-25T11:32:00.2641250Z,141156,8312795136,1545601024,17.5194542382907,3363049472
2026-09-25T11:32:01.2700736Z,141156,8312795136,1545601024,10.9791522048398,3363049472
2026-09-25T11:32:02.2759216Z,141156,8312795136,1545601024,13.0298753724298,3363049472
2026-09-25T11:32:03.2847809Z,141156,8312795136,1545601024,17.7363337007128,3363049472
2026-09-25T11:32:04.2994426Z,141156,8312795136,1545601024,12.296482638451,3363049472
2026-09-25T11:32:05.3157823Z,141156,8312795136,1545601024,10.6362180859152,3363049472
2026-09-25T11:32:06.3317424Z,141156,8312795136,1545601024,15.3858234147057,3363049472
2026-09-25T11:32:07.3493640Z,141156,8312795136,1545601024,12.9976256317702,3363049472
2026-09-25T11:32:08.3534349Z,141156,8312795136,1545601024,13.6215976028753,3363049472
2026-09-25T11:32:09.3583314Z,141156,8312795136,1545601024,16.6332036316989,3363049472
2026-09-25T11:32:10.3633346Z,141156,8312795136,1545601024,15.5456273272909,3363049472
2026-09-25T11:32:11.3693626Z,141156,8312795136,1545601024,10.7828133799142,3363049472
2026-09-25T11:32:12.3766301Z,141156,8312795136,1545601024,12.172357762035,3363049472
2026-09-25T11:32:13.3931072Z,141156,8312795136,1545601024,12.0933372894649,3363049472
2026-09-25T11:32:14.3968867Z,141156,8312795136,1545601024,12.5746187579702,3363049472
2026-09-25T11:32:15.4046518Z,141156,8312795136,1545601024,12.6620024457249,3363049472
2026-09-25T11:32:16.4221857Z,141156,8312795136,1545601024,14.667734210932,3363049472
2026-09-25T11:32:17.4406000Z,141156,8312795136,1545601024,14.8924039134853,3363049472
2026-09-25T11:32:18.4586032Z,141156,8312795136,1545601024,13.2386001300554,3363049472
2026-09-25T11:32:19.4659473Z,141156,8312795136,1545601024,11.2075198411989,3363049472
2026-09-25T11:32:20.4720310Z,141156,8312795136,1545601024,20.2127595073898,3363049472
2026-09-25T11:32:21.4860675Z,141156,8312795136,1545601024,16.0199990867907,3363049472
2026-09-25T11:32:22.4890256Z,141156,8312795136,1545601024,14.8895281888555,3363049472
2026-09-25T11:32:23.5053984Z,141156,8312795136,1545601024,11.8469136303172,3363049472
2026-09-25T11:32:24.5084891Z,141156,8312795136,1545601024,11.3543099424831,3363049472
2026-09-25T11:32:25.5369974Z,141156,8312795136,1545601024,12.5977837594832,3363049472
2026-09-25T11:32:26.5421377Z,141156,8312795136,1545601024,14.0748758387279,3363049472
2026-09-25T11:32:27.5467831Z,141156,8312795136,1545601024,18.06237664125,3363049472
2026-09-25T11:32:28.5635303Z,141156,8312795136,1545601024,20.4369344833858,3363049472
2026-09-25T11:32:29.5695889Z,141156,8312795136,1545601024,28.6097901618726,3363049472
2026-09-25T11:32:30.5869242Z,141156,8312795136,1545601024,26.829969579803,3363049472
2026-09-25T11:32:31.5908788Z,141156,8312795136,1545601024,19.0698601915649,3363049472
2026-09-25T11:32:32.5949474Z,141156,8312795136,1545601024,15.8073026668091,3363049472
2026-09-25T11:32:33.5994777Z,141156,8312795136,1545601024,18.7102475787921,3363049472
2026-09-25T11:32:34.6141769Z,141156,8312795136,1545601024,12.9870467428218,3363049472
2026-09-25T11:32:35.6307410Z,141156,8312795136,1545601024,13.9258950157584,3363049472
2026-09-25T11:32:36.6434392Z,141156,8312795136,1545601024,12.2473476620787,3363049472
2026-09-25T11:32:37.6465239Z,141156,8312795136,1545601024,16.3707743856665,3363049472
2026-09-25T11:32:38.6520824Z,141156,8312795136,1545601024,15.3140112952773,3363049472
2026-09-25T11:32:39.6689151Z,141156,8312795136,1545601024,20.1743294398056,3363049472
2026-09-25T11:32:40.6811849Z,141156,8312795136,1545601024,4.68474735738901,3344699392
2026-09-25T11:32:41.6972937Z,141156,8312795136,1545601024,14.4760633872725,3328315392
2026-09-25T11:32:42.7029947Z,141156,8312795136,1545601024,6.68424911163875,3328315392
2026-09-25T11:32:43.7089284Z,141156,8312795136,1545601024,7.088711382547,3328315392
2026-09-25T11:32:44.7178523Z,141156,8312795136,1545601024,13.9402295235882,3328315392
2026-09-25T11:32:45.7291965Z,141156,8312795136,1545601024,10.59272730296,3328315392
2026-09-25T11:32:46.7327375Z,141156,8312795136,1545601024,5.03183557058816,3328315392
2026-09-25T11:32:47.7375339Z,141156,8312795136,1545601024,5.04334713912871,3328315392
2026-09-25T11:32:48.7556990Z,141156,8312795136,1545601024,7.63531480296713,3328315392
2026-09-25T11:32:49.7711982Z,141156,8312795136,1545601024,7.28588028199121,3328315392
2026-09-25T11:32:50.7795843Z,141156,8312795136,1545601024,6.45275350982294,3328315392
2026-09-25T11:32:51.7871255Z,141156,8312795136,1545601024,10.2390835848111,3328315392
2026-09-25T11:32:52.7973298Z,141156,8312795136,1545601024,5.5599269155773,3328315392
2026-09-25T11:32:53.8020172Z,141156,8312795136,1545601024,4.93205744459543,3328315392
2026-09-25T11:32:54.8140927Z,141156,8312795136,1545601024,1.58052133895984,3328315392
2026-09-25T11:32:55.8184246Z,141156,8312795136,1545601024,9.47401656088969,3328315392
2026-09-25T11:32:56.8225010Z,141156,8312795136,1545601024,6.53328295200083,3328315392
2026-09-25T11:32:57.8319635Z,141156,8312795136,1545601024,6.49971876355077,3328315392
2026-09-25T11:32:58.8400873Z,141156,8312795136,1545601024,6.85968313063852,3328315392
2026-09-25T11:32:59.8447042Z,141156,8312795136,1545601024,3.95945218362382,3328315392
2026-09-25T11:33:00.8526921Z,141156,8312795136,1545601024,5.73692520344564,3328315392
2026-09-25T11:33:01.8600273Z,141156,8312795136,1545601024,8.1491268434787,3328315392
2026-09-25T11:33:02.8685379Z,141156,8312795136,1545601024,11.8314575305281,3328315392
2026-09-25T11:33:03.8755401Z,141156,8312795136,1545601024,9.02774023059136,3328315392
2026-09-25T11:33:04.8824329Z,141156,8312795136,1545601024,9.22758358651282,3328315392
2026-09-25T11:33:05.8886708Z,141156,8312795136,1545601024,17.7978874567771,3328315392
2026-09-25T11:33:06.9038108Z,141156,8312795136,1545601024,13.8038970686528,3328315392
2026-09-25T11:33:07.9176564Z,141156,8312795136,1545601024,16.475559884997,3328315392
2026-09-25T11:33:08.9226954Z,141156,8312795136,1545601024,9.8291544805433,3328315392
2026-09-25T11:33:09.9263158Z,141156,8312795136,1545601024,10.4801239595268,3328315392
2026-09-25T11:33:10.9334081Z,141156,8312795136,1545601024,10.498516777174,3328315392
2026-09-25T11:33:11.9405265Z,141156,8312795136,1545601024,4.95382962501486,3328315392
2026-09-25T11:33:12.9468839Z,141156,8312795136,1545601024,11.7098391750873,3328315392
2026-09-25T11:33:13.9626977Z,141156,8312795136,1545601024,6.94265733329514,3328315392
2026-09-25T11:33:14.9660115Z,141156,8312795136,1545601024,8.59762266059686,3328315392
2026-09-25T11:33:15.9837479Z,141156,8312795136,1545601024,27.2197233305557,3330977792
2026-09-25T11:33:17.0007226Z,141156,8312795136,1545601024,25.2912376962939,3330977792
2026-09-25T11:33:18.0050341Z,141156,8312795136,1545601024,36.1151617106081,3330977792
2026-09-25T11:33:19.0194024Z,141156,8312795136,1545601024,25.5584866061602,3330977792
2026-09-25T11:33:20.0326437Z,141156,8312795136,1545601024,22.2211475610944,3330977792
2026-09-25T11:33:21.0372253Z,141156,8312795136,1545601024,21.2781111667451,3330977792
2026-09-25T11:33:22.0409435Z,141156,8312795136,1545601024,17.3820722627847,3330977792
2026-09-25T11:33:23.0482154Z,141156,8312795136,1545601024,28.9873217155048,3330977792
2026-09-25T11:33:24.0502751Z,141156,8312795136,1545601024,20.9159215299394,3330977792
2026-09-25T11:33:25.0543320Z,141156,8312795136,1545601024,25.3605376503417,3330977792
2026-09-25T11:33:26.0694250Z,141156,8312795136,1545601024,31.7101139869816,3330977792
2026-09-25T11:33:27.0830109Z,141156,8312795136,1545601024,16.4128897436375,3330977792
2026-09-25T11:33:28.0859429Z,141156,8312795136,1545601024,12.6398896121666,3330977792
2026-09-25T11:33:29.0903959Z,141156,8312795136,1545601024,12.9856309672065,3330977792
2026-09-25T11:33:30.1078769Z,141156,8312795136,1545601024,8.63437790156476,3330977792
2026-09-25T11:33:31.1248515Z,141156,8312795136,1545601024,12.9035969287517,3330977792
2026-09-25T11:33:32.1421357Z,141156,8312795136,1545601024,10.531926114421,3330977792
2026-09-25T11:33:33.1501556Z,141156,8312795136,1545601024,12.4313085941825,3330977792
2026-09-25T11:33:34.2112582Z,141156,8312795136,1545601024,19.4529420404469,3330977792
2026-09-25T11:33:35.2213015Z,141156,8312795136,1545601024,12.510050876452,3330977792
2026-09-25T11:33:36.2387220Z,141156,8312795136,1545601024,13.1084645472657,3330977792
2026-09-25T11:33:37.2408231Z,141156,8312795136,1545601024,11.4868130407527,3330977792
2026-09-25T11:33:38.2575440Z,141156,8312795136,1545601024,20.3924565810178,3330977792
2026-09-25T11:33:39.2613121Z,141156,8312795136,1545601024,18.7271079475794,3330977792
2026-09-25T11:33:40.2750298Z,141156,8312795136,1545601024,12.8999036151228,3330977792
2026-09-25T11:33:41.2783034Z,141156,8312795136,1545601024,12.6888080208835,3330977792
2026-09-25T11:33:42.2841742Z,141156,8312795136,1545601024,10.8746987805677,3330977792
2026-09-25T11:33:43.2873158Z,141156,8312795136,1545601024,11.3136086628811,3330977792
2026-09-25T11:33:44.3024351Z,141156,8312795136,1545601024,19.9609113718552,3330977792
2026-09-25T11:33:45.3079318Z,141156,8312795136,1545601024,13.7658169092732,3330977792
2026-09-25T11:33:46.3142075Z,141156,8312795136,1545601024,11.1228207844704,3330977792
2026-09-25T11:33:47.3325036Z,141156,8312795136,1545601024,13.8628591948801,3330977792
2026-09-25T11:33:48.3511851Z,141156,8312795136,1545601024,11.0346486298109,3330977792
2026-09-25T11:33:49.3554088Z,141156,8312795136,1545601024,15.9816996939493,3330977792
2026-09-25T11:33:50.3722103Z,141156,8312795136,1545601024,11.2482045924116,3330977792
2026-09-25T11:33:51.3765023Z,141156,8312795136,1545601024,12.6797740306513,3330977792
2026-09-25T11:33:52.3839002Z,141156,8312795136,1545601024,12.1284956049633,3330977792
2026-09-25T11:33:53.4010954Z,141156,8312795136,1545601024,13.9372140994252,3330977792
2026-09-25T11:33:54.4183136Z,141156,8312795136,1545601024,12.9153778653374,3330977792
2026-09-25T11:33:55.4350457Z,141156,8312795136,1545601024,16.1797437024882,3330977792
2026-09-25T11:33:56.4490364Z,141156,8312795136,1545601024,12.1436741105879,3330977792
2026-09-25T11:33:57.4668160Z,141156,8312795136,1545601024,10.390131644363,3330977792
2026-09-25T11:33:58.4813660Z,141156,8312795136,1545601024,12.396845906597,3330977792
2026-09-25T11:33:59.4843284Z,141156,8312795136,1545601024,12.5642940979643,3330977792
2026-09-25T11:34:00.4890398Z,141156,8312795136,1545601024,11.3638317753937,3330977792
2026-09-25T11:34:01.4925808Z,141156,8312795136,1545601024,14.9908229614405,3330977792
2026-09-25T11:34:02.5092474Z,141156,8312795136,1545601024,13.1140597990667,3330977792
2026-09-25T11:34:03.5259119Z,141156,8312795136,1545601024,14.2755935112325,3330977792
2026-09-25T11:34:04.5364439Z,141156,8312795136,1545601024,18.9769079662106,3330977792
2026-09-25T11:34:05.5423818Z,141156,8312795136,1545601024,37.9310255790713,3330977792
2026-09-25T11:34:06.5453823Z,141156,8312795136,1545601024,28.4636759470345,3330977792
2026-09-25T11:34:07.5681415Z,141156,8312795136,1545601024,22.147509843037,3330977792
2026-09-25T11:34:08.5765796Z,141156,8312795136,1545601024,17.926530788201,3330977792
2026-09-25T11:34:09.5930213Z,141156,8312795136,1545601024,16.523169525949,3330977792
2026-09-25T11:34:10.6111919Z,141156,8312795136,1545601024,13.6498494163816,3330977792
2026-09-25T11:34:11.6160464Z,141156,8312795136,1545601024,15.1705554351859,3330977792
2026-09-25T11:34:12.6340300Z,141156,8312795136,1545601024,16.8277906949216,3330977792
2026-09-25T11:34:13.6407027Z,141156,8312795136,1545601024,15.2480250961704,3330977792
2026-09-25T11:34:14.6432119Z,141156,8312795136,1545601024,13.7200694732956,3330977792
2026-09-25T11:34:15.6465854Z,141156,8312795136,1545601024,12.4413719122141,3330977792
2026-09-25T11:34:16.6619228Z,141156,8312795136,1545601024,15.7588818750302,3330977792
2026-09-25T11:34:17.6765208Z,141156,8312795136,1545601024,8.54904323916817,3330977792
2026-09-25T11:34:18.6800254Z,141156,8312795136,1545601024,12.2215654120485,3330977792
2026-09-25T11:34:19.6862047Z,141156,8312795136,1545601024,10.9099935135479,3330977792
2026-09-25T11:34:20.7006041Z,141156,8312795136,1545601024,13.3475711732785,3330977792
2026-09-25T11:34:21.7049463Z,141156,8312795136,1545601024,5.97444330583002,3330977792
2026-09-25T11:34:22.7229222Z,141156,8312795136,1545601024,7.43478733754969,3330977792
2026-09-25T11:34:23.7306619Z,141156,8312795136,1545601024,6.90449581650017,3330977792
2026-09-25T11:34:24.7337240Z,141156,8312795136,1545601024,9.90590150747481,3330977792
2026-09-25T11:34:25.7513348Z,141156,8312795136,1545601024,12.8680747585222,3330977792
2026-09-25T11:34:26.7554956Z,141156,8312795136,1545601024,14.5327408597894,3330977792
2026-09-25T11:34:27.7592617Z,141156,8312795136,1545601024,8.41841686980591,3330977792
2026-09-25T11:34:28.7654589Z,141156,8312795136,1545601024,6.14701212419488,3330977792
2026-09-25T11:34:29.7729601Z,141156,8312795136,1545601024,7.13846879970174,3330977792
2026-09-25T11:34:30.7769250Z,141156,8312795136,1545601024,9.49874227689381,3330977792
2026-09-25T11:34:31.7843924Z,141156,8312795136,1545601024,4.96293716908541,3330977792
2026-09-25T11:34:32.8010205Z,141156,8312795136,1545601024,4.99625260664201,3330977792
2026-09-25T11:34:33.8054028Z,141156,8312795136,1545601024,5.09970134455624,3330977792
2026-09-25T11:34:34.8104060Z,141156,8312795136,1545601024,6.96676730055119,3330977792
2026-09-25T11:34:35.8146633Z,141156,8312795136,1545601024,4.11530350543658,3330977792
2026-09-25T11:34:36.8213765Z,141156,8312795136,1545601024,16.7829024906739,3330977792
2026-09-25T11:34:37.8388727Z,141156,8312795136,1545601024,7.13790283311656,3330977792
2026-09-25T11:34:38.8422225Z,141156,8312795136,1545601024,12.552620809481,3330977792
2026-09-25T11:34:39.8573809Z,141156,8312795136,1545601024,8.27407410178771,3330977792
2026-09-25T11:34:40.8731888Z,141156,8312795136,1545601024,10.6166436516628,3330977792
2026-09-25T11:34:41.8764346Z,141156,8312795136,1545601024,6.68986652881463,3330977792
2026-09-25T11:34:42.8950022Z,141156,8312795136,1545601024,8.28282518674874,3330977792
2026-09-25T11:34:43.9104209Z,141156,8312795136,1545601024,8.05395611753805,3330977792
2026-09-25T11:34:44.9183806Z,141156,8312795136,1545601024,7.28167543547051,3330977792
2026-09-25T11:34:45.9238336Z,141156,8312795136,1545601024,7.09486367184378,3330977792
2026-09-25T11:34:46.9319461Z,141156,8312795136,1545601024,9.87359824870621,3330977792
2026-09-25T11:34:47.9499241Z,141156,8312795136,1545601024,11.4548622868525,3330977792
2026-09-25T11:34:48.9543146Z,141156,8312795136,1545601024,8.34416798477075,3330977792
2026-09-25T11:34:49.9692565Z,141156,8312795136,1545601024,8.17087750248315,3330977792
2026-09-25T11:34:50.9757260Z,141156,8312795136,1545601024,7.62903791820853,3330977792
2026-09-25T11:34:51.9829114Z,141156,8312795136,1545601024,6.72413091244141,3330977792
2026-09-25T11:34:52.9908843Z,141156,8312795136,1545601024,4.3286136048444,3330977792
2026-09-25T11:34:53.9954349Z,141156,8312795136,1545601024,5.99006330197158,3330977792
2026-09-25T11:34:55.0029015Z,141156,8312795136,1545601024,4.18385717444749,3330977792
2026-09-25T11:34:56.0108099Z,141156,8312795136,1545601024,7.85782751233268,3330977792
2026-09-25T11:34:57.0139554Z,141156,8312795136,1545601024,5.47922005984189,3330977792
2026-09-25T11:34:58.0188575Z,141156,8312795136,1545601024,13.9911650292875,3330977792
2026-09-25T11:34:59.0264051Z,141156,8312795136,1545601024,5.69375175789961,3330977792
2026-09-25T11:35:00.0323978Z,141156,8312795136,1545601024,4.47865212500611,3330977792
2026-09-25T11:35:01.0495670Z,141156,8312795136,1545601024,6.10162130436243,3330977792
2026-09-25T11:35:02.0587885Z,141156,8312795136,1545601024,5.1710412731278,3330977792
2026-09-25T11:35:03.0683785Z,141156,8312795136,1545601024,9.56628448128252,3330977792
2026-09-25T11:35:04.0730001Z,141156,8312795136,1545601024,8.90971974308208,3330977792
2026-09-25T11:35:05.0789802Z,141156,8312795136,1545601024,4.18876023383783,3330977792
2026-09-25T11:35:06.0830650Z,141156,8312795136,1545601024,5.65866397738116,3328315392
2026-09-25T11:35:07.0989834Z,141156,8312795136,1545601024,5.40771979303878,3328315392
2026-09-25T11:35:08.1128916Z,141156,8312795136,1545601024,8.40360211157448,3328315392
2026-09-25T11:35:09.1178083Z,141156,8312795136,1545601024,13.1322234146763,3328315392
2026-09-25T11:35:10.1215258Z,141156,8312795136,1545601024,7.8637051294888,3328315392
2026-09-25T11:35:11.1260360Z,141156,8312795136,1545601024,4.09069220951177,3328315392
2026-09-25T11:35:12.1326680Z,141156,8312795136,1545601024,7.6963650565419,3328315392
2026-09-25T11:35:13.1479131Z,141156,8312795136,1545601024,5.92607418466984,3328315392
2026-09-25T11:35:14.1555255Z,141156,8312795136,1545601024,4.92299371037973,3328315392
2026-09-25T11:35:15.1626923Z,141156,8312795136,1545601024,7.402095855233,3328315392
2026-09-25T11:35:16.1811832Z,141156,8312795136,1545601024,8.58258524491091,3328315392
2026-09-25T11:35:17.1979189Z,141156,8312795136,1545601024,11.5845522133498,3328315392
2026-09-25T11:35:18.2163026Z,141156,8312795136,1545601024,9.57248893589151,3328315392
2026-09-25T11:35:19.2197754Z,141156,8312795136,1545601024,15.6115105979865,3328315392
2026-09-25T11:35:20.2296971Z,141156,8312795136,1545601024,8.33657196578299,3328315392
2026-09-25T11:35:21.2459859Z,141156,8312795136,1545601024,4.00414235181189,3328315392
2026-09-25T11:35:22.2496099Z,141156,8312795136,1545601024,5.17726356118979,3328315392
2026-09-25T11:35:23.2584481Z,141156,8312795136,1545601024,3.62477405850437,3328315392
2026-09-25T11:35:24.2606873Z,141156,8312795136,1545601024,5.59175627536634,3328315392
2026-09-25T11:35:25.2648930Z,141156,8312795136,1545601024,9.55973711671443,3328315392
2026-09-25T11:35:26.2783837Z,141156,8312795136,1545601024,14.4352194133814,3328315392
2026-09-25T11:35:27.2941758Z,141156,8312795136,1545601024,14.2455840734065,3328315392
2026-09-25T11:35:28.3011268Z,141156,8312795136,1545601024,8.73973794729253,3328315392
2026-09-25T11:35:29.3157278Z,141156,8312795136,1545601024,10.4389266041602,3328315392
2026-09-25T11:35:30.3183396Z,141156,8312795136,1545601024,7.66100107162492,3328315392
2026-09-25T11:35:31.3254320Z,141156,8312795136,1545601024,6.4692418439657,3328315392
2026-09-25T11:35:32.3456018Z,141156,8312795136,1545601024,7.72556583880624,3328315392
2026-09-25T11:35:33.3560566Z,141156,8312795136,1545601024,6.35143472362311,3328315392
2026-09-25T11:35:34.3599962Z,141156,8312795136,1545601024,1.75602963470584,3328315392
2026-09-25T11:35:35.3639416Z,141156,8312795136,1545601024,10.1142966433206,3328315392
2026-09-25T11:35:36.3672591Z,141156,8312795136,1545601024,11.238817585941,3328315392
2026-09-25T11:35:37.3844068Z,141156,8312795136,1545601024,8.39239894571286,3328315392
2026-09-25T11:35:38.3900324Z,141156,8312795136,1545601024,13.7873153509878,3328315392
2026-09-25T11:35:39.3955199Z,141156,8312795136,1545601024,12.5158314470968,3328315392
2026-09-25T11:35:40.4128721Z,141156,8312795136,1545601024,17.3409781251837,3328315392
2026-09-25T11:35:41.4297934Z,141156,8312795136,1545601024,11.7397535594636,3328315392
2026-09-25T11:35:42.4426840Z,141156,8312795136,1545601024,5.95199474771065,3328315392
2026-09-25T11:35:43.4608528Z,141156,8312795136,1545601024,5.08919802895125,3328315392
2026-09-25T11:35:44.4646260Z,141156,8312795136,1545601024,6.89632637251838,3328315392
2026-09-25T11:35:45.4699622Z,141156,8312795136,1545601024,6.84267868971075,3328315392
2026-09-25T11:35:46.4754977Z,141156,8312795136,1545601024,9.77610767676286,3328315392
2026-09-25T11:35:47.4781941Z,141156,8312795136,1545601024,13.9041737583652,3328315392
2026-09-25T11:35:48.4883258Z,141156,8312795136,1545601024,4.77540298677848,3328315392
2026-09-25T11:35:49.4941431Z,141156,8312795136,1545601024,7.56526013035637,3328315392
2026-09-25T11:35:50.5111157Z,141156,8312795136,1545601024,11.3546522057504,3328315392
2026-09-25T11:35:51.5158153Z,141156,8312795136,1545601024,6.00749741537937,3328315392
2026-09-25T11:35:52.5326209Z,141156,8312795136,1545601024,5.97573663458977,3328315392
2026-09-25T11:35:53.5384088Z,141156,8312795136,1545601024,9.51527988836651,3328315392
2026-09-25T11:35:54.5484052Z,141156,8312795136,1545601024,7.75838306598691,3328315392
2026-09-25T11:35:55.5561424Z,141156,8312795136,1545601024,11.5146230976689,3340898304
2026-09-25T11:35:56.5737819Z,141156,8312795136,1545601024,36.5061950220868,3340898304
2026-09-25T11:35:57.5900121Z,141156,8312795136,1545601024,24.3493868665636,3340898304
2026-09-25T11:35:58.6049065Z,141156,8312795136,1545601024,8.9736904750644,3340898304
2026-09-25T11:35:59.6086103Z,141156,8312795136,1545601024,9.41752032995396,3340898304
2026-09-25T11:36:00.6133842Z,141156,8312795136,1545601024,7.96394504066479,3340898304
2026-09-25T11:36:01.6171486Z,141156,8312795136,1545601024,12.9142061612353,3340898304
2026-09-25T11:36:02.6328029Z,141156,8312795136,1545601024,13.4763833701302,3340898304
2026-09-25T11:36:03.6377496Z,141156,8312795136,1545601024,14.2356080118206,3340898304
2026-09-25T11:36:04.6484677Z,141156,8312795136,1545601024,3.55174771452184,3340898304
2026-09-25T11:36:05.6662559Z,141156,8312795136,1545601024,6.89877641452923,3340898304
2026-09-25T11:36:06.6749142Z,141156,8312795136,1545601024,5.51004856045872,3340898304
2026-09-25T11:36:07.6813983Z,141156,8312795136,1545601024,6.55288303274505,3340898304
2026-09-25T11:36:08.6984599Z,141156,8312795136,1545601024,8.1101433946195,3340898304
2026-09-25T11:36:09.7054372Z,141156,8312795136,1545601024,9.3730245450939,3340898304
2026-09-25T11:36:10.7095546Z,141156,8312795136,1545601024,4.74190768524422,3340898304
2026-09-25T11:36:11.7266304Z,141156,8312795136,1545601024,13.488429256801,3340898304
2026-09-25T11:36:12.7421938Z,141156,8312795136,1545601024,4.99122038169943,3340898304
2026-09-25T11:36:13.7502220Z,141156,8312795136,1545601024,7.28689071757128,3340898304
2026-09-25T11:36:14.7693845Z,141156,8312795136,1545601024,5.52903445769942,3340898304
2026-09-25T11:36:15.7829343Z,141156,8312795136,1545601024,5.95844555021856,3340898304
2026-09-25T11:36:16.7986044Z,141156,8312795136,1545601024,27.4068469291608,3340898304
2026-09-25T11:36:17.8017783Z,141156,8312795136,1545601024,31.175774037377,3340898304
2026-09-25T11:36:18.8198045Z,141156,8312795136,1545601024,32.2645933801255,3340898304
2026-09-25T11:36:19.8220479Z,141156,8312795136,1545601024,29.2448525037689,3340898304
2026-09-25T11:36:20.8251465Z,141156,8312795136,1545601024,24.9627484666299,3340898304
2026-09-25T11:36:21.8415421Z,141156,8312795136,1545601024,25.8977415070616,3340898304
2026-09-25T11:36:22.8586033Z,141156,8312795136,1545601024,26.6662907059862,3340898304
2026-09-25T11:36:23.8677351Z,141156,8312795136,1545601024,19.4682573506519,3340898304
2026-09-25T11:36:24.8836350Z,141156,8312795136,1545601024,18.0185897678437,3340898304
2026-09-25T11:36:25.8864306Z,141156,8312795136,1545601024,24.8403006602514,3340898304
2026-09-25T11:36:26.8931294Z,141156,8312795136,1545601024,12.7670827751669,3340898304
2026-09-25T11:36:27.9084918Z,141156,8312795136,1545601024,21.0610900975879,3340898304
2026-09-25T11:36:28.9223768Z,141156,8312795136,1545601024,17.2376071074454,3340898304
2026-09-25T11:36:29.9263655Z,141156,8312795136,1545601024,14.7921704744651,3340898304
2026-09-25T11:36:30.9391899Z,141156,8312795136,1545601024,11.1804560725355,3340898304
2026-09-25T11:36:31.9548305Z,141156,8312795136,1545601024,9.91238050408559,3340898304
2026-09-25T11:36:32.9723688Z,141156,8312795136,1545601024,19.3244620770266,3340898304
2026-09-25T11:36:33.9766028Z,141156,8312795136,1545601024,12.2026161021802,3340898304
2026-09-25T11:36:34.9929398Z,141156,8312795136,1545601024,12.5139461978819,3340898304
2026-09-25T11:36:36.0076137Z,141156,8312795136,1545601024,13.5833190041573,3340898304
2026-09-25T11:36:37.0144211Z,141156,8312795136,1545601024,13.5772166990824,3340898304
2026-09-25T11:36:38.0296764Z,141156,8312795136,1545601024,11.8810819236069,3340898304
2026-09-25T11:36:39.0461213Z,141156,8312795136,1545601024,13.0541831212851,3340898304
2026-09-25T11:36:40.0624307Z,141156,8312795136,1545601024,16.4955873077411,3340898304
2026-09-25T11:36:41.0760077Z,141156,8312795136,1545601024,18.3932249522755,3340898304
2026-09-25T11:36:42.0930662Z,141156,8312795136,1545601024,12.2071800079257,3340898304
2026-09-25T11:36:43.1110185Z,141156,8312795136,1545601024,17.6282593554013,3340898304
2026-09-25T11:36:44.1248687Z,141156,8312795136,1545601024,13.4054663633006,3340898304
2026-09-25T11:36:45.1293815Z,141156,8312795136,1545601024,12.1145159119453,3340898304
2026-09-25T11:36:46.1471238Z,141156,8312795136,1545601024,9.13944055477742,3340898304
2026-09-25T11:36:47.1624711Z,141156,8312795136,1545601024,11.505397112075,3340898304
2026-09-25T11:36:48.1754942Z,141156,8312795136,1545601024,12.9547383304169,3340898304
2026-09-25T11:36:49.1901191Z,141156,8312795136,1545601024,14.1399763943351,3340898304
2026-09-25T11:36:50.1958834Z,141156,8312795136,1545601024,18.1480575228986,3340898304
2026-09-25T11:36:51.2110311Z,141156,8312795136,1545601024,27.465986017615,3340898304
2026-09-25T11:36:52.2274373Z,141156,8312795136,1545601024,16.1462629308335,3340898304
2026-09-25T11:36:53.2355223Z,141156,8312795136,1545601024,18.1343741811885,3340898304
2026-09-25T11:36:54.2521520Z,141156,8312795136,1545601024,21.5187201355401,3340898304
2026-09-25T11:36:55.2677163Z,141156,8312795136,1545601024,14.4179223402803,3340898304
2026-09-25T11:36:56.2833738Z,141156,8312795136,1545601024,11.4457655169073,3340898304
2026-09-25T11:36:57.3018005Z,141156,8312795136,1545601024,10.1599319070641,3340898304
2026-09-25T11:36:58.3176243Z,141156,8312795136,1545601024,13.9593818432577,3340898304
2026-09-25T11:36:59.3362012Z,141156,8312795136,1545601024,12.0725895823282,3340898304
2026-09-25T11:37:00.3402195Z,141156,8312795136,1545601024,13.9199347580248,3340898304
2026-09-25T11:37:01.3461223Z,141156,8312795136,1545601024,12.0336538418566,3340898304
2026-09-25T11:37:02.3640287Z,141156,8312795136,1545601024,11.4481543675754,3340898304
2026-09-25T11:37:03.3687774Z,141156,8312795136,1545601024,14.0760832889919,3340898304
2026-09-25T11:37:04.3743730Z,141156,8312795136,1545601024,16.0873336179651,3340898304
2026-09-25T11:37:05.3810587Z,141156,8312795136,1545601024,14.2757517670781,3340898304
2026-09-25T11:37:06.3991619Z,141156,8312795136,1545601024,24.0882274002397,3340898304
2026-09-25T11:37:07.4076309Z,141156,8312795136,1545601024,21.0978795080987,3340898304
2026-09-25T11:37:08.4264635Z,141156,8312795136,1545601024,17.5591777589023,3340898304
2026-09-25T11:37:09.4496236Z,141156,8312795136,1545601024,18.2812607202586,3340898304
2026-09-25T11:37:10.4600370Z,141156,8312795136,1545601024,18.260700076326,3340898304
2026-09-25T11:37:11.4763414Z,141156,8312795136,1545601024,15.9079957652651,3340898304
2026-09-25T11:37:12.5297322Z,141156,8312795136,1545601024,16.2100193777822,3340898304
2026-09-25T11:37:13.5458851Z,141156,8312795136,1545601024,18.0296378464001,3340898304
2026-09-25T11:37:14.5510518Z,141156,8312795136,1545601024,20.1391610245666,3340898304
2026-09-25T11:37:15.5684562Z,141156,8312795136,1545601024,13.7100456822966,3340898304
2026-09-25T11:37:16.5747334Z,141156,8312795136,1545601024,7.61007289332333,3340898304
2026-09-25T11:37:17.5899846Z,141156,8312795136,1545601024,11.0245169078676,3340898304
2026-09-25T11:37:18.6074096Z,141156,8312795136,1545601024,12.526409766304,3340898304
2026-09-25T11:37:19.6111250Z,141156,8312795136,1545601024,10.9195924823331,3340898304
2026-09-25T11:37:20.6170217Z,141156,8312795136,1545601024,16.4649383893911,3340898304
2026-09-25T11:37:21.6233112Z,141156,8312795136,1545601024,9.79412730188323,3340898304
2026-09-25T11:37:22.6401060Z,141156,8312795136,1545601024,13.7419065154638,3340898304
2026-09-25T11:37:23.6544366Z,141156,8312795136,1545601024,9.12197305035998,3340898304
2026-09-25T11:37:24.6721128Z,141156,8312795136,1545601024,9.69931324156115,3340898304
2026-09-25T11:37:25.6778574Z,141156,8312795136,1545601024,19.0913664274912,3340898304
2026-09-25T11:37:26.6821151Z,141156,8312795136,1545601024,8.86144210183426,3340898304
2026-09-25T11:37:27.6856983Z,141156,8312795136,1545601024,6.34118101196134,3340898304
2026-09-25T11:37:28.6925071Z,141156,8312795136,1545601024,9.11453830122167,3340898304
2026-09-25T11:37:29.6991357Z,141156,8312795136,1545601024,8.2265747211938,3340898304
2026-09-25T11:37:30.7159664Z,141156,8312795136,1545601024,12.3198045847796,3340898304
2026-09-25T11:37:31.7335009Z,141156,8312795136,1545601024,8.83707781003469,3340898304
2026-09-25T11:37:32.7457447Z,141156,8312795136,1545601024,9.23275673183344,3340898304
2026-09-25T11:37:33.7638012Z,141156,8312795136,1545601024,6.8579807528157,3340898304
2026-09-25T11:37:34.7807714Z,141156,8312795136,1545601024,10.9543955713737,3340898304
2026-09-25T11:37:35.7850240Z,141156,8312795136,1545601024,29.1100806490159,3340898304
2026-09-25T11:37:36.7894838Z,141156,8312795136,1545601024,22.784368506487,3340898304
2026-09-25T11:37:37.7948723Z,141156,8312795136,1545601024,15.7872420630283,3340898304
2026-09-25T11:37:38.8123052Z,141156,8312795136,1545601024,21.3342063267134,3340898304
2026-09-25T11:37:39.8254680Z,141156,8312795136,1545601024,22.0283719777127,3340898304
2026-09-25T11:37:40.8429604Z,141156,8312795136,1545601024,22.4442057780486,3340898304
2026-09-25T11:37:41.8463046Z,141156,8312795136,1545601024,15.1995534279547,3340898304
2026-09-25T11:37:42.8535831Z,141156,8312795136,1545601024,16.7877014513535,3340898304
2026-09-25T11:37:43.8594352Z,141156,8312795136,1545601024,12.7630087923645,3340898304
2026-09-25T11:37:44.8720448Z,141156,8312795136,1545601024,17.4618069988746,3340898304
2026-09-25T11:37:45.8775531Z,141156,8312795136,1545601024,15.1957734390696,3340898304
2026-09-25T11:37:46.8953497Z,141156,8312795136,1545601024,23.2066126945539,3340898304
2026-09-25T11:37:47.9006410Z,141156,8312795136,1545601024,15.0435459292557,3340898304
2026-09-25T11:37:48.9057360Z,141156,8312795136,1545601024,17.2336815431407,3340898304
2026-09-25T11:37:49.9137088Z,141156,8312795136,1545601024,19.8766865370104,3340898304
2026-09-25T11:37:50.9205004Z,141156,8312795136,1545601024,18.7158735492363,3340898304
2026-09-25T11:37:51.9376549Z,141156,8312795136,1545601024,15.0192412085685,3340898304
2026-09-25T11:37:52.9439037Z,141156,8312795136,1545601024,19.2892125232808,3340898304
2026-09-25T11:37:53.9582011Z,141156,8312795136,1545601024,15.6457094859861,3340898304
2026-09-25T11:37:54.9634743Z,141156,8312795136,1545601024,19.0612612840018,3340898304
2026-09-25T11:37:55.9809314Z,141156,8312795136,1545601024,13.5330326768849,3340898304
2026-09-25T11:37:56.9976832Z,141156,8312795136,1545601024,23.6220841477445,3340898304
2026-09-25T11:37:58.0007390Z,141156,8312795136,1545601024,12.9717260746427,3340898304
2026-09-25T11:37:59.0173011Z,141156,8312795136,1545601024,18.6323799585503,3340898304
2026-09-25T11:38:00.0234174Z,141156,8312795136,1545601024,17.5942538129853,3340898304
2026-09-25T11:38:01.0383615Z,141156,8312795136,1545601024,23.4098712061543,3340898304
2026-09-25T11:38:02.0458948Z,141156,8312795136,1545601024,22.7302401113054,3340898304
2026-09-25T11:38:03.0481598Z,141156,8312795136,1545601024,14.3535482526906,3340898304
2026-09-25T11:38:04.1179467Z,141156,8312795136,1545601024,21.2562969794634,3340898304
2026-09-25T11:38:05.1318870Z,141156,8312795136,1545601024,17.0444488651179,3340898304
2026-09-25T11:38:06.1565410Z,141156,8312795136,1545601024,18.81749599951,3340898304
2026-09-25T11:38:07.1680554Z,141156,8312795136,1545601024,23.8755281383128,3340898304
2026-09-25T11:38:08.1844793Z,141156,8312795136,1545601024,21.5036634993702,3340898304
2026-09-25T11:38:09.1905052Z,141156,8312795136,1545601024,19.6247781861181,3340898304
2026-09-25T11:38:10.1962067Z,141156,8312795136,1545601024,14.4895562581356,3340898304
2026-09-25T11:38:11.2060681Z,141156,8312795136,1545601024,17.9746875862747,3340898304
2026-09-25T11:38:12.2229313Z,141156,8312795136,1545601024,14.3254412616585,3340898304
2026-09-25T11:38:13.2339572Z,141156,8312795136,1545601024,17.1399005200525,3340898304
2026-09-25T11:38:14.2375588Z,141156,8312795136,1545601024,15.2323925267434,3340898304
2026-09-25T11:38:15.2544360Z,141156,8312795136,1545601024,15.2147498094781,3340898304
2026-09-25T11:38:16.2596637Z,141156,8312795136,1545601024,16.1603683329704,3340898304
2026-09-25T11:38:17.2747139Z,141156,8312795136,1545601024,14.458959245156,3340898304
2026-09-25T11:38:18.2894944Z,141156,8312795136,1545601024,24.0332053857102,3340898304
2026-09-25T11:38:19.3069231Z,141156,8312795136,1545601024,16.9063702457149,3340898304
2026-09-25T11:38:20.3206060Z,141156,8312795136,1545601024,17.6429147874876,3340898304
2026-09-25T11:38:21.3348413Z,141156,8312795136,1545601024,17.4981618282037,3340898304
2026-09-25T11:38:22.3510203Z,141156,8312795136,1545601024,18.986323933623,3340898304
2026-09-25T11:38:23.3677114Z,141156,8312795136,1545601024,16.4616266066775,3340898304
2026-09-25T11:38:24.3813085Z,141156,8312795136,1545601024,18.583966633049,3340898304
2026-09-25T11:38:25.3978039Z,141156,8312795136,1545601024,16.296146863022,3340898304
2026-09-25T11:38:26.4161871Z,141156,8312795136,1545601024,14.2734093709361,3340898304
2026-09-25T11:38:27.4296327Z,141156,8312795136,1545601024,14.9544106643018,3340898304
2026-09-25T11:38:28.4468773Z,141156,8312795136,1545601024,22.3957857463267,3340898304
2026-09-25T11:38:29.4610093Z,141156,8312795136,1545601024,19.3021975957686,3340898304
2026-09-25T11:38:30.4670506Z,141156,8312795136,1545601024,19.3521943092709,3340898304
2026-09-25T11:38:31.4731728Z,141156,8312795136,1545601024,18.14525332512,3340898304
2026-09-25T11:38:32.4910600Z,141156,8312795136,1545601024,19.5055540993682,3340898304
2026-09-25T11:38:33.4945118Z,141156,8312795136,1545601024,16.0420262171657,3340898304
2026-09-25T11:38:34.5094615Z,141156,8312795136,1545601024,14.8198425647383,3328315392
2026-09-25T11:38:35.5150500Z,141156,8312795136,1545601024,14.8305452187697,3328315392
2026-09-25T11:38:36.5214931Z,141156,8312795136,1545601024,16.192540829904,3328315392
2026-09-25T11:38:37.5404592Z,141156,8312795136,1545601024,17.3069589533288,3328315392
2026-09-25T11:38:38.5574719Z,141156,8312795136,1545601024,16.4326658643221,3328315392
2026-09-25T11:38:39.5613398Z,141156,8312795136,1545601024,24.6832603073688,3328315392
2026-09-25T11:38:40.5776790Z,141156,8312795136,1545601024,20.0162704133244,3328315392
2026-09-25T11:38:41.5944400Z,141156,8312795136,1545601024,16.7688902629456,3328315392
2026-09-25T11:38:42.5971402Z,141156,8312795136,1545601024,19.4559261962325,3328315392
2026-09-25T11:38:43.6139832Z,141156,8312795136,1545601024,17.1177995045006,3328315392
2026-09-25T11:38:44.6202520Z,141156,8312795136,1545601024,19.3533467743859,3328315392
2026-09-25T11:38:45.6373252Z,141156,8312795136,1545601024,13.9695041064568,3328315392
2026-09-25T11:38:46.6407117Z,141156,8312795136,1545601024,14.406419848811,3328315392
2026-09-25T11:38:47.6475758Z,141156,8312795136,1545601024,16.0480798438701,3328315392
2026-09-25T11:38:48.6516398Z,141156,8312795136,1545601024,15.2018759179305,3328315392
2026-09-25T11:38:49.6685118Z,141156,8312795136,1545601024,27.5640189304969,3328315392
2026-09-25T11:38:50.6839971Z,141156,8312795136,1545601024,17.6149854980801,3328315392
2026-09-25T11:38:51.7007850Z,141156,8312795136,1545601024,19.498238480907,3328315392
2026-09-25T11:38:52.7048027Z,141156,8312795136,1545601024,16.1391381979674,3328315392
2026-09-25T11:38:53.7099943Z,141156,8312795136,1545601024,14.802060558962,3328315392
2026-09-25T11:38:54.7153791Z,141156,8312795136,1545601024,18.6028476292848,3328315392
2026-09-25T11:38:55.7302493Z,141156,8312795136,1545601024,16.7646091148899,3328315392
2026-09-25T11:38:56.7431618Z,141156,8312795136,1545601024,21.3284176120091,3328315392
2026-09-25T11:38:57.7609896Z,141156,8312795136,1545601024,21.4099452486607,3328315392
2026-09-25T11:38:58.7669872Z,141156,8312795136,1545601024,23.379924482253,3328315392
2026-09-25T11:38:59.7743786Z,141156,8312795136,1545601024,20.6684934561315,3328315392
2026-09-25T11:39:00.7794987Z,141156,8312795136,1545601024,25.4622297552465,3328315392
2026-09-25T11:39:01.7815355Z,141156,8312795136,1545601024,17.273310692333,3328315392
2026-09-25T11:39:02.7862208Z,141156,8312795136,1545601024,18.3663483628452,3328315392
2026-09-25T11:39:03.7906289Z,141156,8312795136,1545601024,15.5100893640911,3328315392
2026-09-25T11:39:04.8078440Z,141156,8312795136,1545601024,15.5993679884252,3328315392
2026-09-25T11:39:05.8226344Z,141156,8312795136,1545601024,17.2393846668088,3328315392
2026-09-25T11:39:06.8272911Z,141156,8312795136,1545601024,13.8901141163641,3328315392
2026-09-25T11:39:07.8443135Z,141156,8312795136,1545601024,16.8305848393069,3328315392
2026-09-25T11:39:08.8610994Z,141156,8312795136,1545601024,13.4200809118395,3328315392
2026-09-25T11:39:09.8777548Z,141156,8312795136,1545601024,18.7758768143448,3328315392
2026-09-25T11:39:10.8915376Z,141156,8312795136,1545601024,25.731646208902,3328315392
2026-09-25T11:39:11.9069499Z,141156,8312795136,1545601024,20.4646122825983,3328315392
2026-09-25T11:39:12.9221929Z,141156,8312795136,1545601024,16.6031727801674,3328315392
2026-09-25T11:39:13.9268944Z,141156,8312795136,1545601024,15.6315009618226,3328315392
2026-09-25T11:39:14.9361112Z,141156,8312795136,1545601024,15.9113530248002,3328315392
2026-09-25T11:39:15.9432271Z,141156,8312795136,1545601024,14.1967385502879,3328315392
2026-09-25T11:39:16.9538831Z,141156,8312795136,1545601024,14.9558257449247,3328315392
2026-09-25T11:39:17.9711551Z,141156,8312795136,1545601024,31.2305140302916,3328315392
2026-09-25T11:39:18.9827816Z,141156,8312795136,1545601024,38.2500702220201,3328315392
2026-09-25T11:39:19.9868105Z,141156,8312795136,1545601024,32.1386128229393,3328315392
2026-09-25T11:39:21.0009178Z,141156,8312795136,1545601024,31.5617710924038,3328315392
2026-09-25T11:39:22.0173119Z,141156,8312795136,1545601024,43.4233563153199,3328315392
2026-09-25T11:39:23.0218397Z,141156,8312795136,1545601024,27.5990718730397,3328315392
2026-09-25T11:39:24.0387813Z,141156,8312795136,1545601024,33.3554290647861,3328315392
2026-09-25T11:39:25.0536262Z,141156,8312795136,1545601024,25.5932507218846,3328315392
2026-09-25T11:39:26.0693643Z,141156,8312795136,1545601024,25.5350545133503,3328315392
2026-09-25T11:39:27.0750822Z,141156,8312795136,1545601024,27.1495520244549,3328315392
2026-09-25T11:39:28.0782109Z,141156,8312795136,1545601024,22.4878317136505,3328315392
2026-09-25T11:39:29.0839316Z,141156,8312795136,1545601024,24.9240907041772,3328315392
2026-09-25T11:39:30.1003398Z,141156,8312795136,1545601024,22.2153879315473,3328315392
2026-09-25T11:39:31.1039661Z,141156,8312795136,1545601024,18.5572900273039,3328315392
2026-09-25T11:39:32.1115847Z,141156,8312795136,1545601024,27.6991627077389,3328315392
2026-09-25T11:39:33.1273087Z,141156,8312795136,1545601024,18.1813894701358,3328315392
2026-09-25T11:39:34.1388475Z,141156,8312795136,1545601024,20.5273679177817,3328315392
2026-09-25T11:39:35.1565057Z,141156,8312795136,1545601024,17.9678725059034,3328315392
2026-09-25T11:39:36.1732787Z,141156,8312795136,1545601024,17.1946964424041,3328315392
2026-09-25T11:39:37.1776243Z,141156,8312795136,1545601024,17.1142577954753,3328315392
2026-09-25T11:39:38.1807905Z,141156,8312795136,1545601024,18.4644288904106,3328315392
2026-09-25T11:39:39.1858402Z,141156,8312795136,1545601024,20.2030505109147,3328315392
2026-09-25T11:39:40.2027234Z,141156,8312795136,1545601024,27.9856701579389,3328315392
2026-09-25T11:39:41.2170052Z,141156,8312795136,1545601024,29.5263629032417,3328315392
2026-09-25T11:39:42.2336600Z,141156,8312795136,1545601024,25.8635365882838,3328315392
2026-09-25T11:39:43.2503604Z,141156,8312795136,1545601024,24.9473201610395,3328315392
2026-09-25T11:39:44.2673257Z,141156,8312795136,1545601024,18.4871736261143,3328315392
2026-09-25T11:39:45.2712327Z,141156,8312795136,1545601024,19.827176408294,3328315392
2026-09-25T11:39:46.2790778Z,141156,8312795136,1545601024,19.7350238841856,3328315392
2026-09-25T11:39:47.2942027Z,141156,8312795136,1545601024,17.5543194986709,3328315392
2026-09-25T11:39:48.2977034Z,141156,8312795136,1545601024,17.4496386723958,3328315392
2026-09-25T11:39:49.3198461Z,141156,8312795136,1545601024,18.8028085850183,3328315392
2026-09-25T11:39:50.3327638Z,141156,8312795136,1545601024,21.7880766162532,3328315392
2026-09-25T11:39:51.3365182Z,141156,8312795136,1545601024,20.3978947267846,3328315392
2026-09-25T11:39:52.3477522Z,141156,8312795136,1545601024,19.3956430773621,3328315392
2026-09-25T11:39:53.3510323Z,141156,8312795136,1545601024,29.0152840680299,3328315392
2026-09-25T11:39:54.3551631Z,141156,8312795136,1545601024,18.9699286008848,3328315392
2026-09-25T11:39:55.3584974Z,141156,8312795136,1545601024,18.492093945672,3328315392
2026-09-25T11:39:56.3751480Z,141156,8312795136,1545601024,15.5266681939599,3328315392
2026-09-25T11:39:57.3920837Z,141156,8312795136,1545601024,17.6862637882442,3328315392
2026-09-25T11:39:58.3964540Z,141156,8312795136,1545601024,18.8609816802552,3328315392
2026-09-25T11:39:59.4020814Z,141156,8312795136,1545601024,18.9407508857564,3328315392
2026-09-25T11:40:00.4184682Z,141156,8312795136,1545601024,21.9045411015012,3328315392
2026-09-25T11:40:01.4362617Z,141156,8312795136,1545601024,19.9788325519434,3328315392
2026-09-25T11:40:02.4526662Z,141156,8312795136,1545601024,22.5599594809739,3328315392
2026-09-25T11:40:03.4561536Z,141156,8312795136,1545601024,21.5809952423865,3328315392
2026-09-25T11:40:04.4599195Z,141156,8312795136,1545601024,25.2810999737886,3328315392
2026-09-25T11:40:05.4625876Z,141156,8312795136,1545601024,15.4472400110594,3328315392
2026-09-25T11:40:06.4793855Z,141156,8312795136,1545601024,13.7639554025667,3328315392
2026-09-25T11:40:07.4819426Z,141156,8312795136,1545601024,23.1250579812202,3328315392
2026-09-25T11:40:08.4927231Z,141156,8312795136,1545601024,31.7906281961406,3328315392
2026-09-25T11:40:09.4997080Z,141156,8312795136,1545601024,28.6232383470423,3328315392
2026-09-25T11:40:10.5108860Z,141156,8312795136,1545601024,22.5458596515171,3328315392
2026-09-25T11:40:11.5261499Z,141156,8312795136,1545601024,21.2929396791903,3328315392
2026-09-25T11:40:12.5421367Z,141156,8312795136,1545601024,23.896897989594,3328315392
2026-09-25T11:40:13.5460253Z,141156,8312795136,1545601024,23.151469076781,3328315392
2026-09-25T11:40:14.5505089Z,141156,8312795136,1545601024,31.2427096656104,3328315392
2026-09-25T11:40:15.5681745Z,141156,8312795136,1545601024,20.5870845451264,3328315392
2026-09-25T11:40:16.5835945Z,141156,8312795136,1545601024,23.5213407540256,3328315392
2026-09-25T11:40:17.5866392Z,141156,8312795136,1545601024,16.4796396978987,3328315392
2026-09-25T11:40:18.6215913Z,141156,8312795136,1545601024,18.8992402297955,3328315392
2026-09-25T11:40:19.6258084Z,141156,8312795136,1545601024,18.9614965799395,3328315392
2026-09-25T11:40:20.6408415Z,141156,8312795136,1545601024,14.1309799076304,3328315392
2026-09-25T11:40:21.6557296Z,141156,8312795136,1545601024,23.0449021791123,3328315392
2026-09-25T11:40:22.6588180Z,141156,8312795136,1545601024,15.0082979001482,3328315392
2026-09-25T11:40:23.6652331Z,141156,8312795136,1545601024,14.299237236152,3328315392
2026-09-25T11:40:24.6795270Z,141156,8312795136,1545601024,18.6524717931126,3328315392
2026-09-25T11:40:25.6841077Z,141156,8312795136,1545601024,17.2737718477185,3328315392
2026-09-25T11:40:26.7040016Z,141156,8312795136,1545601024,14.9135022650973,3328315392
2026-09-25T11:40:27.7179349Z,141156,8312795136,1545601024,15.5900627775422,3328315392
2026-09-25T11:40:28.7340831Z,141156,8312795136,1545601024,11.1997364955443,3328315392
2026-09-25T11:40:29.7559580Z,141156,8312795136,1545601024,12.4646676684558,3328315392
2026-09-25T11:40:30.7691886Z,141156,8312795136,1545601024,13.8266478929098,3328315392
2026-09-25T11:40:31.7854761Z,141156,8312795136,1545601024,11.9169998807865,3328315392
2026-09-25T11:40:32.7919035Z,141156,8312795136,1545601024,13.4251023038159,3328315392
2026-09-25T11:40:33.7952789Z,141156,8312795136,1545601024,12.3502408995976,3328315392
2026-09-25T11:40:34.8008333Z,141156,8312795136,1545601024,12.3130631002811,3328315392
2026-09-25T11:40:35.8038163Z,141156,8312795136,1545601024,20.3957238880499,3328315392
2026-09-25T11:40:36.8207290Z,141156,8312795136,1545601024,10.6605352322051,3328315392
2026-09-25T11:40:37.8231868Z,141156,8312795136,1545601024,15.8823411537085,3328315392
2026-09-25T11:40:38.8302721Z,141156,8312795136,1545601024,9.67798465723159,3328315392
2026-09-25T11:40:39.8339020Z,141156,8312795136,1545601024,13.0104037156611,3328315392
2026-09-25T11:40:40.8503672Z,141156,8312795136,1545601024,11.0354756480054,3328315392
2026-09-25T11:40:41.8572402Z,141156,8312795136,1545601024,17.974599772002,3328315392
2026-09-25T11:40:42.8727398Z,141156,8312795136,1545601024,25.0624169307339,3328315392
2026-09-25T11:40:43.8846864Z,141156,8312795136,1545601024,14.1063575438517,3328315392
2026-09-25T11:40:44.9019373Z,141156,8312795136,1545601024,20.2596247238509,3328315392
2026-09-25T11:40:45.9187922Z,141156,8312795136,1545601024,18.4478229631485,3328315392
2026-09-25T11:40:46.9238187Z,141156,8312795136,1545601024,16.5472841938216,3328315392
2026-09-25T11:40:47.9400862Z,141156,8312795136,1545601024,17.4269827821919,3328315392
2026-09-25T11:40:48.9477043Z,141156,8312795136,1545601024,13.3767165550513,3328315392
2026-09-25T11:40:49.9610939Z,141156,8312795136,1545601024,11.9031995303507,3328315392
2026-09-25T11:40:50.9801708Z,141156,8312795136,1545601024,16.4380042483471,3328315392
2026-09-25T11:40:51.9832620Z,141156,8312795136,1545601024,11.805347448645,3328315392
2026-09-25T11:40:52.9978643Z,141156,8312795136,1545601024,15.9597701307872,3328315392
2026-09-25T11:40:54.0013747Z,141156,8312795136,1545601024,12.8056076258322,3328315392
2026-09-25T11:40:55.0051344Z,141156,8312795136,1545601024,13.606461198112,3328315392
2026-09-25T11:40:56.0225523Z,141156,8312795136,1545601024,12.5681352083521,3328315392
2026-09-25T11:40:57.0388312Z,141156,8312795136,1545601024,23.2226845067404,3328315392
2026-09-25T11:40:58.0537402Z,141156,8312795136,1545601024,10.3132681875359,3328315392
2026-09-25T11:40:59.0700286Z,141156,8312795136,1545601024,14.19079339468,3328315392
2026-09-25T11:41:00.0862312Z,141156,8312795136,1545601024,14.2793896089455,3328315392
2026-09-25T11:41:01.1013361Z,141156,8312795136,1545601024,15.341778845685,3328315392
2026-09-25T11:41:02.1085070Z,141156,8312795136,1545601024,14.3833585111543,3328315392
2026-09-25T11:41:03.1254157Z,141156,8312795136,1545601024,13.378568541666,3328315392
2026-09-25T11:41:04.1286567Z,141156,8312795136,1545601024,11.6105493077271,3328315392
2026-09-25T11:41:05.1319912Z,141156,8312795136,1545601024,15.4184168585477,3328315392
2026-09-25T11:41:06.1477319Z,141156,8312795136,1545601024,13.6620605488748,3328315392
2026-09-25T11:41:07.1535229Z,141156,8312795136,1545601024,19.3877807068047,3328315392
2026-09-25T11:41:08.1566114Z,141156,8312795136,1545601024,7.89301643165047,3328315392
2026-09-25T11:41:09.1626457Z,141156,8312795136,1545601024,13.6173260441995,3328315392
2026-09-25T11:41:10.1689552Z,141156,8312795136,1545601024,18.3083000669715,3328315392
2026-09-25T11:41:11.1836363Z,141156,8312795136,1545601024,21.2650877792315,3328315392
2026-09-25T11:41:12.2116763Z,141156,8312795136,1545601024,14.0755293434044,3328315392
2026-09-25T11:41:13.2157119Z,141156,8312795136,1545601024,16.4361483705549,3328315392
2026-09-25T11:41:14.2198212Z,141156,8312795136,1545601024,8.77319969565027,3328315392
2026-09-25T11:41:15.2277712Z,141156,8312795136,1545601024,13.4169871299249,3328315392
2026-09-25T11:41:16.2444070Z,141156,8312795136,1545601024,11.4156888227301,3328315392
2026-09-25T11:41:17.2476272Z,141156,8312795136,1545601024,14.3389112013355,3328315392
2026-09-25T11:41:18.2640164Z,141156,8312795136,1545601024,17.8488637572258,3328315392
2026-09-25T11:41:19.2786509Z,141156,8312795136,1545601024,12.0214211525365,3328315392
2026-09-25T11:41:20.2835911Z,141156,8312795136,1545601024,14.5944955795264,3328315392
2026-09-25T11:41:21.3012110Z,141156,8312795136,1545601024,14.5905974448147,3328315392
2026-09-25T11:41:22.3085031Z,141156,8312795136,1545601024,13.8114477466003,3328315392
2026-09-25T11:41:23.3117540Z,141156,8312795136,1545601024,15.6912206924838,3328315392
2026-09-25T11:41:24.3267448Z,141156,8312795136,1545601024,18.0101861288921,3328315392
2026-09-25T11:41:25.3312326Z,141156,8312795136,1545601024,14.5553042527138,3328315392
2026-09-25T11:41:26.3337137Z,141156,8312795136,1545601024,10.9102846209756,3328315392
2026-09-25T11:41:27.3390646Z,141156,8312795136,1545601024,16.5322574218289,3328315392
2026-09-25T11:41:28.3439828Z,141156,8312795136,1545601024,18.6463811997809,3328315392
2026-09-25T11:41:29.3618578Z,141156,8312795136,1545601024,9.53413203119606,3328315392
2026-09-25T11:41:30.3689188Z,141156,8312795136,1545601024,13.1136004423163,3328315392
2026-09-25T11:41:31.3855406Z,141156,8312795136,1545601024,12.9284606265077,3328315392
2026-09-25T11:41:32.4047002Z,141156,8312795136,1545601024,14.1327907441625,3328315392
2026-09-25T11:41:33.4212284Z,141156,8312795136,1545601024,12.1329661424456,3328315392
2026-09-25T11:41:34.4365403Z,141156,8312795136,1545601024,14.4936265340044,3328315392
2026-09-25T11:41:35.4416931Z,141156,8312795136,1545601024,10.8108218351244,3328315392
2026-09-25T11:41:36.4457596Z,141156,8312795136,1545601024,11.6871646633447,3328315392
2026-09-25T11:41:37.4517662Z,141156,8312795136,1545601024,10.117696107526,3328315392
2026-09-25T11:41:38.4566363Z,141156,8312795136,1545601024,18.3661842320662,3328315392
2026-09-25T11:41:39.4636412Z,141156,8312795136,1545601024,34.2436763435985,3328315392
2026-09-25T11:41:40.4770104Z,141156,8312795136,1545601024,31.1033425883981,3328315392
2026-09-25T11:41:41.4932602Z,141156,8312795136,1545601024,27.6148466949426,3328315392
2026-09-25T11:41:42.5106282Z,141156,8312795136,1545601024,31.8776861214949,3328315392
2026-09-25T11:41:43.5291321Z,141156,8312795136,1545601024,21.089496081234,3328315392
2026-09-25T11:41:44.5391871Z,141156,8312795136,1545601024,21.0869710137502,3328315392
2026-09-25T11:41:45.5465526Z,141156,8312795136,1545601024,19.5549384606487,3328315392
2026-09-25T11:41:46.5521718Z,141156,8312795136,1545601024,15.8049200858458,3328315392
2026-09-25T11:41:47.5684891Z,141156,8312795136,1545601024,13.0296789895795,3328315392
2026-09-25T11:41:48.5734018Z,141156,8312795136,1545601024,17.1208380681592,3328315392
2026-09-25T11:41:49.5761485Z,141156,8312795136,1545601024,21.2906753892208,3328315392
2026-09-25T11:41:50.5816143Z,141156,8312795136,1545601024,16.472099973644,3328315392
2026-09-25T11:41:51.5854586Z,141156,8312795136,1545601024,6.33591641097604,3328315392
2026-09-25T11:41:52.5957617Z,141156,8312795136,1545601024,7.28450099480021,3328315392
2026-09-25T11:41:53.6111884Z,141156,8312795136,1545601024,7.14645421366618,3328315392
2026-09-25T11:41:54.6179474Z,141156,8312795136,1545601024,5.2287404462814,3328315392
2026-09-25T11:41:55.6228644Z,141156,8312795136,1545601024,6.71393839229649,3328315392
2026-09-25T11:41:56.6264291Z,141156,8312795136,1545601024,4.00199429609824,3328315392
2026-09-25T11:41:57.6315587Z,141156,8312795136,1545601024,4.10687070442313,3328315392
2026-09-25T11:41:58.6374060Z,141156,8312795136,1545601024,7.37769637834379,3328315392
2026-09-25T11:41:59.6423728Z,141156,8312795136,1545601024,6.81449302299082,3328315392
2026-09-25T11:42:00.6590765Z,141156,8312795136,1545601024,16.2814157597245,3328315392
2026-09-25T11:42:01.6640318Z,141156,8312795136,1545601024,8.27409088957742,3328315392
2026-09-25T11:42:02.6786334Z,141156,8312795136,1545601024,11.7730039559651,3328315392
2026-09-25T11:42:03.6847007Z,141156,8312795136,1545601024,4.37831356991907,3328315392
2026-09-25T11:42:04.6906835Z,141156,8312795136,1545601024,6.62752187840859,3328315392
2026-09-25T11:42:05.6956893Z,141156,8312795136,1545601024,5.74649832490729,3328315392
2026-09-25T11:42:06.7029091Z,141156,8312795136,1545601024,3.81737446785846,3328315392
2026-09-25T11:42:07.7085923Z,141156,8312795136,1545601024,3.21626176242933,3328315392
2026-09-25T11:42:08.7150190Z,141156,8312795136,1545601024,7.19630269041721,3328315392
2026-09-25T11:42:09.7202396Z,141156,8312795136,1545601024,6.35252202896727,3328315392
2026-09-25T11:42:10.7255576Z,141156,8312795136,1545601024,12.7687862266384,3328315392
2026-09-25T11:42:11.7399362Z,141156,8312795136,1545601024,5.65636238368731,3328315392
2026-09-25T11:42:12.7484028Z,141156,8312795136,1545601024,10.2369888600376,3328315392
2026-09-25T11:42:13.7514608Z,141156,8312795136,1545601024,3.9558789840759,3328315392
2026-09-25T11:42:14.7541409Z,141156,8312795136,1545601024,7.03262400912471,3328315392
2026-09-25T11:42:15.7651902Z,141156,8312795136,1545601024,7.66626176933961,3328315392
2026-09-25T11:42:16.7679108Z,141156,8312795136,1545601024,5.625607483116,3328315392
2026-09-25T11:42:17.7731013Z,141156,8312795136,1545601024,7.3417126922756,3328315392
2026-09-25T11:42:18.7895199Z,141156,8312795136,1545601024,15.2803560213853,3328315392
2026-09-25T11:42:19.7953729Z,141156,8312795136,1545601024,27.2216844277941,3328315392
2026-09-25T11:42:20.8005587Z,141156,8312795136,1545601024,32.8670838203536,3328315392
2026-09-25T11:42:21.8141429Z,141156,8312795136,1545601024,36.5932230784852,3328315392
2026-09-25T11:42:22.8167375Z,141156,8312795136,1545601024,27.1535669605082,3328315392
2026-09-25T11:42:23.8204174Z,141156,8312795136,1545601024,25.5910405323262,3328315392
2026-09-25T11:42:24.8233715Z,141156,8312795136,1545601024,18.3891482742347,3328315392
2026-09-25T11:42:25.8287590Z,141156,8312795136,1545601024,18.7332781870613,3328315392
2026-09-25T11:42:26.8448542Z,141156,8312795136,1545601024,18.3704960118889,3328315392
2026-09-25T11:42:27.8486270Z,141156,8312795136,1545601024,17.1482056240204,3328315392
2026-09-25T11:42:28.8620286Z,141156,8312795136,1545601024,21.9994489778974,3328315392
2026-09-25T11:42:29.8784508Z,141156,8312795136,1545601024,18.0035538679123,3328315392
2026-09-25T11:42:30.8823694Z,141156,8312795136,1545601024,14.915435489723,3328315392
2026-09-25T11:42:31.8995426Z,141156,8312795136,1545601024,19.8506725648947,3328315392
2026-09-25T11:42:32.9145707Z,141156,8312795136,1545601024,10.0849582741875,3328315392
2026-09-25T11:42:33.9184595Z,141156,8312795136,1545601024,11.5324716016933,3328315392
2026-09-25T11:42:34.9372212Z,141156,8312795136,1545601024,10.3042110122105,3328315392
2026-09-25T11:42:35.9503132Z,141156,8312795136,1545601024,14.2748281187523,3328315392
2026-09-25T11:42:36.9567924Z,141156,8312795136,1545601024,10.9383377429495,3328315392
2026-09-25T11:42:37.9627106Z,141156,8312795136,1545601024,14.9551820825755,3328315392
2026-09-25T11:42:38.9786555Z,141156,8312795136,1545601024,9.92796611545915,3328315392
2026-09-25T11:42:39.9833753Z,141156,8312795136,1545601024,11.8379786021481,3328315392
2026-09-25T11:42:40.9882703Z,141156,8312795136,1545601024,11.1122553821558,3328315392
2026-09-25T11:42:41.9914825Z,141156,8312795136,1545601024,20.8200955431777,3328315392
2026-09-25T11:42:43.0063549Z,141156,8312795136,1545601024,19.3538671236905,3328315392
2026-09-25T11:42:44.0098917Z,141156,8312795136,1545601024,19.053038630387,3328315392
2026-09-25T11:42:45.0271849Z,141156,8312795136,1545601024,12.7809456847513,3328315392
2026-09-25T11:42:46.0441950Z,141156,8312795136,1545601024,9.57533202047399,3328315392
2026-09-25T11:42:47.0614342Z,141156,8312795136,1545601024,11.9905298507243,3328315392
2026-09-25T11:42:48.0680477Z,141156,8312795136,1545601024,11.5042435078806,3328315392
2026-09-25T11:42:49.0741596Z,141156,8312795136,1545601024,10.515614652845,3328315392
2026-09-25T11:42:50.0816925Z,141156,8312795136,1545601024,11.8069351490915,3328315392
2026-09-25T11:42:51.1000824Z,141156,8312795136,1545601024,11.7335537413528,3328315392
2026-09-25T11:42:52.1164196Z,141156,8312795136,1545601024,15.0904748632249,3328315392
2026-09-25T11:42:53.1215043Z,141156,8312795136,1545601024,19.9384112159203,3328315392
2026-09-25T11:42:54.1371864Z,141156,8312795136,1545601024,11.8309165240598,3328315392
2026-09-25T11:42:55.1443913Z,141156,8312795136,1545601024,7.89118118217998,3328315392
2026-09-25T11:42:56.1592316Z,141156,8312795136,1545601024,10.9512506681046,3328315392
2026-09-25T11:42:57.1758859Z,141156,8312795136,1545601024,13.6791420657067,3328315392
2026-09-25T11:42:58.1920263Z,141156,8312795136,1545601024,11.9766663294369,3328315392
2026-09-25T11:42:59.2065565Z,141156,8312795136,1545601024,10.9452767151824,3328315392
2026-09-25T11:43:00.2173594Z,141156,8312795136,1545601024,13.9398194128375,3328315392
2026-09-25T11:43:01.2203562Z,141156,8312795136,1545601024,12.1684639291862,3328315392
2026-09-25T11:43:02.2321870Z,141156,8312795136,1545601024,14.8870151457024,3328315392
2026-09-25T11:43:03.2372853Z,141156,8312795136,1545601024,19.6065303271833,3328315392
2026-09-25T11:43:04.2412643Z,141156,8312795136,1545601024,15.340742173073,3328315392
2026-09-25T11:43:05.2619846Z,141156,8312795136,1545601024,17.621231564115,3328315392
2026-09-25T11:43:06.2762981Z,141156,8312795136,1545601024,25.547743534014,3328315392
2026-09-25T11:43:07.2797139Z,141156,8312795136,1545601024,28.8564770189584,3328315392
2026-09-25T11:43:08.2942840Z,141156,8312795136,1545601024,18.8414600643464,3328315392
2026-09-25T11:43:09.2987443Z,141156,8312795136,1545601024,23.8746865106937,3328315392
2026-09-25T11:43:10.3023457Z,141156,8312795136,1545601024,15.1622411700103,3328315392
2026-09-25T11:43:11.3170759Z,141156,8312795136,1545601024,19.4184488325582,3328315392
2026-09-25T11:43:12.3292795Z,141156,8312795136,1545601024,16.1730888677107,3328315392
2026-09-25T11:43:13.3315210Z,141156,8312795136,1545601024,20.7834221205484,3328315392
2026-09-25T11:43:14.3473193Z,141156,8312795136,1545601024,19.1482185691258,3328315392
2026-09-25T11:43:15.3538361Z,141156,8312795136,1545601024,19.0005979083947,3328315392
2026-09-25T11:43:16.3564832Z,141156,8312795136,1545601024,12.7211012660662,3328315392
2026-09-25T11:43:17.3606436Z,141156,8312795136,1545601024,8.97337653316842,3328315392
2026-09-25T11:43:18.3663933Z,141156,8312795136,1545601024,9.80957437301473,3328315392
2026-09-25T11:43:19.3810218Z,141156,8312795136,1545601024,7.91788792804352,3328315392
2026-09-25T11:43:20.3983224Z,141156,8312795136,1545601024,11.6445178905749,3328315392
2026-09-25T11:43:21.4123314Z,141156,8312795136,1545601024,11.4916374937955,3328315392
2026-09-25T11:43:22.4178886Z,141156,8312795136,1545601024,12.5188129506439,3328315392
2026-09-25T11:43:23.4333299Z,141156,8312795136,1545601024,12.6565857365572,3328315392
2026-09-25T11:43:24.4387291Z,141156,8312795136,1545601024,15.1072006874848,3328315392
2026-09-25T11:43:25.4446128Z,141156,8312795136,1545601024,12.0413918557789,3328315392
2026-09-25T11:43:26.4608855Z,141156,8312795136,1545601024,7.28047218033401,3328315392
2026-09-25T11:43:27.4654188Z,141156,8312795136,1545601024,12.1941199537697,3328315392
2026-09-25T11:43:28.4829851Z,141156,8312795136,1545601024,9.50833376041812,3328315392
2026-09-25T11:43:29.4934829Z,141156,8312795136,1545601024,9.213503012653,3328315392
2026-09-25T11:43:30.4980646Z,141156,8312795136,1545601024,8.56492391856419,3328315392
2026-09-25T11:43:31.5011380Z,141156,8312795136,1545601024,8.46206517888912,3328315392
2026-09-25T11:43:32.5180761Z,141156,8312795136,1545601024,9.46410699967808,3328315392
2026-09-25T11:43:33.5240087Z,141156,8312795136,1545601024,11.650417656482,3328315392
2026-09-25T11:43:34.5274352Z,141156,8312795136,1545601024,11.0470584166885,3328315392
2026-09-25T11:43:35.5426234Z,141156,8312795136,1545601024,14.8124456707254,3328315392
2026-09-25T11:43:36.5489628Z,141156,8312795136,1545601024,10.0064994975852,3328315392
2026-09-25T11:43:37.5533827Z,141156,8312795136,1545601024,10.640533628003,3328315392
2026-09-25T11:43:38.5592522Z,141156,8312795136,1545601024,9.61242429424139,3328315392
2026-09-25T11:43:39.5665308Z,141156,8312795136,1545601024,10.5229809474765,3328315392
2026-09-25T11:43:40.5814967Z,141156,8312795136,1545601024,8.1130375992624,3328315392
2026-09-25T11:43:41.5836425Z,141156,8312795136,1545601024,10.5356957191933,3328315392
2026-09-25T11:43:42.5912153Z,141156,8312795136,1545601024,14.9146255552386,3328315392
2026-09-25T11:43:43.6085241Z,141156,8312795136,1545601024,12.0607420771396,3328315392
2026-09-25T11:43:44.6117099Z,141156,8312795136,1545601024,7.22782622634054,3328315392
2026-09-25T11:43:45.6296066Z,141156,8312795136,1545601024,13.8567397346894,3328315392
2026-09-25T11:43:46.6461248Z,141156,8312795136,1545601024,7.99204016266217,3328315392
2026-09-25T11:43:47.6652096Z,141156,8312795136,1545601024,11.6276513330927,3328315392
2026-09-25T11:43:48.6682742Z,141156,8312795136,1545601024,9.63822180726124,3328315392
2026-09-25T11:43:49.6740421Z,141156,8312795136,1545601024,6.4986896723529,3328315392
2026-09-25T11:43:50.6909018Z,141156,8312795136,1545601024,9.05401700350997,3328315392
2026-09-25T11:43:51.6953049Z,141156,8312795136,1545601024,7.58130798117057,3328315392
2026-09-25T11:43:52.7102928Z,141156,8312795136,1545601024,17.2009740270611,3328315392
2026-09-25T11:43:53.7143638Z,141156,8312795136,1545601024,9.93706428681125,3328315392
2026-09-25T11:43:54.7292245Z,141156,8312795136,1545601024,6.89396137563855,3328315392
2026-09-25T11:43:55.7347379Z,141156,8312795136,1545601024,13.2432787206563,3328315392
2026-09-25T11:43:56.7378506Z,141156,8312795136,1545601024,10.7106862711739,3328315392
2026-09-25T11:43:57.7539182Z,141156,8312795136,1545601024,10.6241458092155,3328315392
2026-09-25T11:43:58.7594557Z,141156,8312795136,1545601024,9.38673306825606,3328315392
2026-09-25T11:43:59.7669354Z,141156,8312795136,1545601024,3.45794306254057,3328315392
2026-09-25T11:44:00.7715368Z,141156,8312795136,1545601024,12.0317410652897,3328315392
2026-09-25T11:44:01.7758701Z,141156,8312795136,1545601024,5.0996735338415,3328315392
2026-09-25T11:44:02.7918485Z,141156,8312795136,1545601024,14.3376757625504,3328315392
2026-09-25T11:44:03.7957852Z,141156,8312795136,1545601024,12.179485136651,3328315392
2026-09-25T11:44:04.8063443Z,141156,8312795136,1545601024,15.7364381739848,3328315392
2026-09-25T11:44:05.8120913Z,141156,8312795136,1545601024,11.931101724525,3328315392
2026-09-25T11:44:06.8179011Z,141156,8312795136,1545601024,13.835495708242,3328315392
2026-09-25T11:44:07.8279121Z,141156,8312795136,1545601024,6.45834093544891,3328315392
2026-09-25T11:44:08.8442982Z,141156,8312795136,1545601024,2.8424676571337,3328315392
2026-09-25T11:44:09.8615005Z,141156,8312795136,1545601024,7.0881843641694,3328315392
2026-09-25T11:44:10.8670602Z,141156,8312795136,1545601024,4.92289250178906,3328315392
2026-09-25T11:44:11.8714543Z,141156,8312795136,1545601024,6.37203263259508,3328315392
2026-09-25T11:44:12.8783785Z,141156,8312795136,1545601024,6.21639602407593,3328315392
2026-09-25T11:44:13.8805001Z,141156,8312795136,1545601024,6.15247459135627,3328315392
2026-09-25T11:44:14.8825831Z,141156,8312795136,1545601024,8.10220800570967,3328315392
2026-09-25T11:44:15.8868250Z,141156,8312795136,1545601024,3.6318393529238,3328315392
2026-09-25T11:44:16.8894847Z,141156,8312795136,1545601024,11.6516440099643,3328315392
2026-09-25T11:44:17.8930500Z,141156,8312795136,1545601024,7.4589107782736,3328315392
2026-09-25T11:44:18.8969336Z,141156,8312795136,1545601024,7.3383276524795,3328315392
2026-09-25T11:44:19.9058287Z,141156,8312795136,1545601024,8.09632038356158,3328315392
2026-09-25T11:44:20.9125285Z,141156,8312795136,1545601024,3.71882216298984,3328315392
2026-09-25T11:44:21.9215372Z,141156,8312795136,1545601024,8.09994536313267,3328315392
2026-09-25T11:44:22.9349116Z,141156,8312795136,1545601024,6.9182548018616,3328315392
2026-09-25T11:44:23.9525043Z,141156,8312795136,1545601024,7.87670404165738,3328315392
2026-09-25T11:44:24.9562509Z,141156,8312795136,1545601024,6.40080251511533,3328315392
2026-09-25T11:44:25.9603793Z,141156,8312795136,1545601024,5.77976086522318,3328315392
2026-09-25T11:44:26.9761602Z,141156,8312795136,1545601024,4.12949093549075,3328315392
2026-09-25T11:44:27.9813579Z,141156,8312795136,1545601024,13.1466348267861,3328315392
2026-09-25T11:44:28.9861099Z,141156,8312795136,1545601024,5.04481635605217,3328315392
2026-09-25T11:44:30.0002765Z,141156,8312795136,1545601024,6.59124029924936,3328315392
2026-09-25T11:44:31.0127201Z,141156,8312795136,1545601024,6.25352192963444,3328315392
2026-09-25T11:44:32.0282701Z,141156,8312795136,1545601024,7.8716653376515,3328315392
2026-09-25T11:44:33.0323241Z,141156,8312795136,1545601024,3.92153231029546,3328315392
2026-09-25T11:44:34.0494429Z,141156,8312795136,1545601024,6.94296692470063,3328315392
2026-09-25T11:44:35.0535910Z,141156,8312795136,1545601024,4.98707575015974,3328315392
2026-09-25T11:44:36.0600709Z,141156,8312795136,1545601024,8.3566094993371,3328315392
2026-09-25T11:44:37.0645073Z,141156,8312795136,1545601024,3.11288143290982,3328315392
2026-09-25T11:44:38.0695501Z,141156,8312795136,1545601024,16.5346049675841,3328315392
2026-09-25T11:44:39.0783863Z,141156,8312795136,1545601024,5.13481469527808,3328315392
2026-09-25T11:44:40.0816035Z,141156,8312795136,1545601024,7.13523385480933,3328315392
2026-09-25T11:44:41.0883354Z,141156,8312795136,1545601024,7.30791035336612,3328315392
2026-09-25T11:44:42.1059212Z,141156,8312795136,1545601024,5.9069716728261,3328315392
2026-09-25T11:44:43.1149412Z,141156,8312795136,1545601024,12.3351391694716,3328315392
2026-09-25T11:44:44.1313597Z,141156,8312795136,1545601024,13.4108015467982,3328315392
2026-09-25T11:44:45.1361393Z,141156,8312795136,1545601024,14.7743624729669,3328315392
2026-09-25T11:44:46.1530816Z,141156,8312795136,1545601024,14.2341382447844,3328315392
2026-09-25T11:44:47.1701773Z,141156,8312795136,1545601024,3.79422261317861,3328315392
2026-09-25T11:44:48.1861636Z,141156,8312795136,1545601024,6.86011730465055,3328315392
2026-09-25T11:44:49.2029355Z,141156,8312795136,1545601024,10.7725160262006,3328315392
2026-09-25T11:44:50.2083815Z,141156,8312795136,1545601024,11.6155229827818,3328315392
2026-09-25T11:44:51.2182619Z,141156,8312795136,1545601024,6.39702345357532,3328315392
2026-09-25T11:44:52.2340081Z,141156,8312795136,1545601024,7.89101059379357,3328315392
2026-09-25T11:44:53.2410218Z,141156,8312795136,1545601024,5.43779054477618,3328315392
2026-09-25T11:44:54.2520921Z,141156,8312795136,1545601024,4.83355168167799,3328315392
2026-09-25T11:44:55.2565787Z,141156,8312795136,1545601024,5.15116851272555,3328315392
2026-09-25T11:44:56.2648854Z,141156,8312795136,1545601024,3.83983543137028,3328315392
2026-09-25T11:44:57.2689245Z,141156,8312795136,1545601024,6.70874110735281,3328315392
2026-09-25T11:44:58.2822714Z,141156,8312795136,1545601024,7.86884085144627,3328315392
2026-09-25T11:44:59.2853043Z,141156,8312795136,1545601024,15.2684346807237,3328315392
2026-09-25T11:45:00.2939091Z,141156,8312795136,1545601024,8.50910254413918,3328315392
2026-09-25T11:45:01.2963393Z,141156,8312795136,1545601024,4.62454698004822,3328315392
2026-09-25T11:45:02.3145098Z,141156,8312795136,1545601024,7.64145596577992,3328315392
2026-09-25T11:45:03.3196024Z,141156,8312795136,1545601024,5.94439652541896,3328315392
2026-09-25T11:45:04.3225716Z,141156,8312795136,1545601024,7.05908185038541,3328315392
2026-09-25T11:45:05.3391189Z,141156,8312795136,1545601024,4.37302993451428,3328315392
2026-09-25T11:45:06.3415207Z,141156,8312795136,1545601024,6.1787194924635,3328315392
2026-09-25T11:45:07.3525762Z,141156,8312795136,1545601024,2.7361289208624,3328315392
2026-09-25T11:45:08.3574259Z,141156,8312795136,1545601024,7.37227049459971,3328315392
2026-09-25T11:45:09.3615435Z,141156,8312795136,1545601024,5.57095850921938,3328315392
2026-09-25T11:45:10.3653852Z,141156,8312795136,1545601024,11.4642308978,3328315392
2026-09-25T11:45:11.3822600Z,141156,8312795136,1545601024,6.49531140846489,3328315392
2026-09-25T11:45:12.3841382Z,141156,8312795136,1545601024,15.4915040007768,3328315392
2026-09-25T11:45:13.3949971Z,141156,8312795136,1545601024,5.4708970672146,3328315392
2026-09-25T11:45:14.4003605Z,141156,8312795136,1545601024,6.75061862882926,3328315392
2026-09-25T11:45:15.4095138Z,141156,8312795136,1545601024,3.81033523779739,3328315392
2026-09-25T11:45:16.4216843Z,141156,8312795136,1545601024,5.24200758099858,3328315392
2026-09-25T11:45:17.4399108Z,141156,8312795136,1545601024,3.77319385067214,3328315392
2026-09-25T11:45:18.4514647Z,141156,8312795136,1545601024,6.89457371110133,3328315392
2026-09-25T11:45:19.4689621Z,141156,8312795136,1545601024,7.67073830045334,3328315392
2026-09-25T11:45:20.4826986Z,141156,8312795136,1545601024,25.680878688819,3328315392
2026-09-25T11:45:21.5012500Z,141156,8312795136,1545601024,20.7455366839486,3328315392
2026-09-25T11:45:22.5166189Z,141156,8312795136,1545601024,23.61282378973,3328315392
2026-09-25T11:45:23.5283898Z,141156,8312795136,1545601024,20.0351547380078,3328315392
2026-09-25T11:45:24.5433363Z,141156,8312795136,1545601024,18.1664041139797,3328315392
2026-09-25T11:45:25.5606066Z,141156,8312795136,1545601024,20.2252110554937,3328315392
2026-09-25T11:45:26.5743237Z,141156,8312795136,1545601024,11.3635140731128,3328315392
2026-09-25T11:45:27.5813291Z,141156,8312795136,1545601024,12.9019891596772,3328315392
2026-09-25T11:45:28.5937680Z,141156,8312795136,1545601024,9.80097174996822,3328315392
2026-09-25T11:45:29.6096304Z,141156,8312795136,1545601024,12.3179314149752,3328315392
2026-09-25T11:45:30.6278244Z,141156,8312795136,1545601024,12.7714226025872,3328315392
2026-09-25T11:45:31.6440114Z,141156,8312795136,1545601024,10.6220928426469,3328315392
2026-09-25T11:45:32.6573819Z,141156,8312795136,1545601024,7.87298465881595,3328315392
2026-09-25T11:45:33.6680316Z,141156,8312795136,1545601024,9.56367737534704,3328315392
2026-09-25T11:45:34.6721732Z,141156,8312795136,1545601024,4.0089945697106,3328315392
2026-09-25T11:45:35.6809894Z,141156,8312795136,1545601024,7.74701303665322,3328315392
2026-09-25T11:45:36.6886863Z,141156,8312795136,1545601024,1.82966995780669,3328315392
2026-09-25T11:45:37.6998079Z,141156,8312795136,1545601024,6.79820781075735,3328315392
2026-09-25T11:45:38.7052323Z,141156,8312795136,1545601024,5.68781030905113,3328315392
2026-09-25T11:45:39.7204206Z,141156,8312795136,1545601024,13.2414016693,3328315392
2026-09-25T11:45:40.7233955Z,141156,8312795136,1545601024,7.01100516642214,3328315392
2026-09-25T11:45:41.7303232Z,141156,8312795136,1545601024,13.7920322091607,3328315392
2026-09-25T11:45:42.7471100Z,141156,8312795136,1545601024,7.79180176462497,3328315392
2026-09-25T11:45:43.7529573Z,141156,8312795136,1545601024,8.68751533738975,3328315392
2026-09-25T11:45:44.7688250Z,141156,8312795136,1545601024,9.49425820213969,3328315392
2026-09-25T11:45:45.7843360Z,141156,8312795136,1545601024,14.7017409902016,3328315392
2026-09-25T11:45:46.8012661Z,141156,8312795136,1545601024,5.77627025424657,3328315392
2026-09-25T11:45:47.8049125Z,141156,8312795136,1545601024,8.06822654398757,3328315392
2026-09-25T11:45:48.8109407Z,141156,8312795136,1545601024,7.59266469370172,3328315392
2026-09-25T11:45:49.8153070Z,141156,8312795136,1545601024,5.19601907329277,3328315392
2026-09-25T11:45:50.8230537Z,141156,8312795136,1545601024,12.1171414392927,3328315392
2026-09-25T11:45:51.8265235Z,141156,8312795136,1545601024,9.87575869408894,3328315392
2026-09-25T11:45:52.8309550Z,141156,8312795136,1545601024,11.3001846748829,3328315392
2026-09-25T11:45:53.8449171Z,141156,8312795136,1545601024,9.40066897638057,3328315392
2026-09-25T11:45:54.8526184Z,141156,8312795136,1545601024,5.41547076129962,3328315392
2026-09-25T11:45:55.8620236Z,141156,8312795136,1545601024,3.69062614209773,3328315392
2026-09-25T11:45:56.8731118Z,141156,8312795136,1545601024,49.1256938582627,3328315392
2026-09-25T11:45:57.8773877Z,141156,8312795136,1545601024,6.35745552019564,3328315392
2026-09-25T11:45:58.8821851Z,141156,8312795136,1545601024,4.94823835238526,3328315392
2026-09-25T11:45:59.8900389Z,141156,8312795136,1545601024,7.94875801896223,3328315392
2026-09-25T11:46:00.9091735Z,141156,8312795136,1545601024,11.0143995148579,3328315392
2026-09-25T11:46:01.9145502Z,141156,8312795136,1545601024,9.32184725159377,3328315392
2026-09-25T11:46:02.9299086Z,141156,8312795136,1545601024,29.6299260470305,3328315392
2026-09-25T11:46:03.9429447Z,141156,8312795136,1545601024,11.9230552141331,3328315392
2026-09-25T11:46:04.9465361Z,141156,8312795136,1545601024,6.13655917477013,3328315392
2026-09-25T11:46:05.9621376Z,141156,8312795136,1545601024,2.35342552340719,3328315392
2026-09-25T11:46:06.9688189Z,141156,8312795136,1545601024,5.36745377116343,3328315392
2026-09-25T11:46:07.9774695Z,141156,8312795136,1545601024,4.9864221280167,3328315392
2026-09-25T11:46:08.9945587Z,141156,8312795136,1545601024,8.33367172289328,3328315392
2026-09-25T11:46:10.0131560Z,141156,8312795136,1545601024,3.55318471080951,3328315392
2026-09-25T11:46:11.0189342Z,141156,8312795136,1545601024,5.32573360525967,3328315392
2026-09-25T11:46:12.0288586Z,141156,8312795136,1545601024,5.81584532825563,3328315392
2026-09-25T11:46:13.0364238Z,141156,8312795136,1545601024,9.28909508141804,3328315392
2026-09-25T11:46:14.0530769Z,141156,8312795136,1545601024,11.6700747577788,3328315392
2026-09-25T11:46:15.0573857Z,141156,8312795136,1545601024,7.77374084654816,3328315392
2026-09-25T11:46:16.0734501Z,141156,8312795136,1545601024,6.28736215331854,3328315392
2026-09-25T11:46:17.0828098Z,141156,8312795136,1545601024,3.73305051371686,3328315392
2026-09-25T11:46:18.0879344Z,141156,8312795136,1545601024,6.14470236472003,3328315392
2026-09-25T11:46:19.0915037Z,141156,8312795136,1545601024,4.15056162622993,3328315392
2026-09-25T11:46:20.0948872Z,141156,8312795136,1545601024,4.71784142049199,3328315392
2026-09-25T11:46:21.1004286Z,141156,8312795136,1545601024,7.0609006074531,3328315392
2026-09-25T11:46:22.1159102Z,141156,8312795136,1545601024,5.17714592089956,3328315392
2026-09-25T11:46:23.1190508Z,141156,8312795136,1545601024,10.2429118922904,3328315392
2026-09-25T11:46:24.1281566Z,141156,8312795136,1545601024,13.4829611219458,3328315392
2026-09-25T11:46:25.1354880Z,141156,8312795136,1545601024,8.63073821606434,3328315392
2026-09-25T11:46:26.1441974Z,141156,8312795136,1545601024,4.00219100835486,3328315392
2026-09-25T11:46:27.1482977Z,141156,8312795136,1545601024,3.53205613592883,3328315392
2026-09-25T11:46:28.1631665Z,141156,8312795136,1545601024,5.70474530029396,3328315392
2026-09-25T11:46:29.1809092Z,141156,8312795136,1545601024,6.07954744720445,3328315392
2026-09-25T11:46:30.1857843Z,141156,8312795136,1545601024,6.09281611001371,3328315392
2026-09-25T11:46:31.1905202Z,141156,8312795136,1545601024,5.13668727209788,3328315392
2026-09-25T11:46:32.1970077Z,141156,8312795136,1545601024,8.21273332238437,3328315392
2026-09-25T11:46:33.2029443Z,141156,8312795136,1545601024,6.29027098456575,3328315392
2026-09-25T11:46:34.2108710Z,141156,8312795136,1545601024,10.8890627039478,3328315392
2026-09-25T11:46:35.2147124Z,141156,8312795136,1545601024,13.1264861071859,3328315392
2026-09-25T11:46:36.2288802Z,141156,8312795136,1545601024,4.57426958812681,3328315392
2026-09-25T11:46:37.2459879Z,141156,8312795136,1545601024,8.0225847061663,3328315392
2026-09-25T11:46:38.2508450Z,141156,8312795136,1545601024,4.46409689168246,3328315392
2026-09-25T11:46:39.2554198Z,141156,8312795136,1545601024,6.58390648466123,3328315392
2026-09-25T11:46:40.2605294Z,141156,8312795136,1545601024,5.94693926962778,3328315392
2026-09-25T11:46:41.2697571Z,141156,8312795136,1545601024,4.68657957227003,3328315392
2026-09-25T11:46:42.2759858Z,141156,8312795136,1545601024,9.43519855053823,3328315392
2026-09-25T11:46:43.2830114Z,141156,8312795136,1545601024,4.8846780789562,3328315392
2026-09-25T11:46:44.2862432Z,141156,8312795136,1545601024,12.8344439495666,3328315392
2026-09-25T11:46:45.2927400Z,141156,8312795136,1545601024,20.8858260594005,3328315392
2026-09-25T11:46:46.2959198Z,141156,8312795136,1545601024,25.1174295671557,3328315392
2026-09-25T11:46:47.3008930Z,141156,8312795136,1545601024,18.8770463930433,3328315392
2026-09-25T11:46:48.3048079Z,141156,8312795136,1545601024,12.7338214331027,3328315392
2026-09-25T11:46:49.3098506Z,141156,8312795136,1545601024,16.4507521220287,3328315392
2026-09-25T11:46:50.3176378Z,141156,8312795136,1545601024,11.2297149770077,3328315392
2026-09-25T11:46:51.3354044Z,141156,8312795136,1545601024,19.4176946779455,3328315392
2026-09-25T11:46:52.3410389Z,141156,8312795136,1545601024,14.7552944363631,3328315392
2026-09-25T11:46:53.3538458Z,141156,8312795136,1545601024,12.9574460528907,3328315392
2026-09-25T11:46:54.3607040Z,141156,8312795136,1545601024,12.5551961696412,3328315392
2026-09-25T11:46:55.3685751Z,141156,8312795136,1545601024,23.9066081514074,3328315392
2026-09-25T11:46:56.3722287Z,141156,8312795136,1545601024,25.0334717472765,3328315392
2026-09-25T11:46:57.3880698Z,141156,8312795136,1545601024,20.1345317839007,3328315392
2026-09-25T11:46:58.3946637Z,141156,8312795136,1545601024,14.0008366992305,3328315392
2026-09-25T11:46:59.4007400Z,141156,8312795136,1545601024,10.6462350352904,3328315392
2026-09-25T11:47:00.4041436Z,141156,8312795136,1545601024,16.3538880410499,3328315392
2026-09-25T11:47:01.4118417Z,141156,8312795136,1545601024,13.3729725992589,3328315392
2026-09-25T11:47:02.4181557Z,141156,8312795136,1545601024,16.3114990305214,3328315392
2026-09-25T11:47:03.4344463Z,141156,8312795136,1545601024,17.1952497559031,3328315392
2026-09-25T11:47:04.4513576Z,141156,8312795136,1545601024,16.261616680209,3328315392
2026-09-25T11:47:05.4533923Z,141156,8312795136,1545601024,12.7734128504476,3328315392
2026-09-25T11:47:06.4703030Z,141156,8312795136,1545601024,18.0844045278741,3328315392
2026-09-25T11:47:07.4776039Z,141156,8312795136,1545601024,13.6302078820107,3328315392
2026-09-25T11:47:08.4799849Z,141156,8312795136,1545601024,12.892448087936,3328315392
2026-09-25T11:47:09.4857600Z,141156,8312795136,1545601024,11.776932502387,3328315392
2026-09-25T11:47:10.4963818Z,141156,8312795136,1545601024,16.2829011842902,3328315392
2026-09-25T11:47:11.5037242Z,141156,8312795136,1545601024,9.74555361349964,3328315392
2026-09-25T11:47:12.5118647Z,141156,8312795136,1545601024,18.5342699222708,3328315392
2026-09-25T11:47:13.5216935Z,141156,8312795136,1545601024,10.8456899111881,3328315392
2026-09-25T11:47:14.5300316Z,141156,8312795136,1545601024,15.684957496827,3328315392
2026-09-25T11:47:15.5374684Z,141156,8312795136,1545601024,12.3196754497889,3328315392
2026-09-25T11:47:16.5429258Z,141156,8312795136,1545601024,18.0394226894116,3328315392
2026-09-25T11:47:17.5484559Z,141156,8312795136,1545601024,14.1474501996192,3328315392
2026-09-25T11:47:18.5619819Z,141156,8312795136,1545601024,13.8752687137921,3328315392
2026-09-25T11:47:19.5766378Z,141156,8312795136,1545601024,26.638429112889,3328315392
2026-09-25T11:47:20.5802874Z,141156,8312795136,1545601024,22.8400463628821,3328315392
2026-09-25T11:47:21.5973726Z,141156,8312795136,1545601024,17.1384245912759,3328315392
2026-09-25T11:47:22.6042077Z,141156,8312795136,1545601024,22.5014304896262,3328315392
2026-09-25T11:47:23.6209501Z,141156,8312795136,1545601024,23.3545075612618,3328315392
2026-09-25T11:47:24.6249895Z,141156,8312795136,1545601024,28.3028090335967,3328315392
2026-09-25T11:47:25.6278550Z,141156,8312795136,1545601024,19.5943163671264,3328315392
2026-09-25T11:47:26.6311428Z,141156,8312795136,1545601024,20.2406548086086,3328315392
2026-09-25T11:47:27.6580608Z,141156,8312795136,1545601024,26.8111762411146,3328315392
2026-09-25T11:47:28.6671779Z,141156,8312795136,1545601024,19.1706401368372,3328315392
2026-09-25T11:47:29.6763574Z,141156,8312795136,1545601024,11.8890869141713,3328315392
2026-09-25T11:47:30.6842534Z,141156,8312795136,1545601024,14.1427731614598,3328315392
2026-09-25T11:47:31.6952423Z,141156,8312795136,1545601024,15.3825998321438,3328315392
2026-09-25T11:47:32.6995257Z,141156,8312795136,1545601024,14.7715774779115,3328315392
2026-09-25T11:47:33.7043692Z,141156,8312795136,1545601024,12.6778535492332,3328315392
2026-09-25T11:47:34.7140416Z,141156,8312795136,1545601024,13.6398975211272,3328315392
2026-09-25T11:47:35.7212446Z,141156,8312795136,1545601024,12.6409410935852,3328315392
2026-09-25T11:47:36.7275904Z,141156,8312795136,1545601024,12.4553980496357,3328315392
2026-09-25T11:47:37.7339721Z,141156,8312795136,1545601024,18.2017102835608,3328315392
2026-09-25T11:47:38.7405769Z,141156,8312795136,1545601024,13.9196238825816,3328315392
2026-09-25T11:47:39.7586891Z,141156,8312795136,1545601024,14.4910317105131,3328315392
2026-09-25T11:47:40.7655560Z,141156,8312795136,1545601024,12.1042385927266,3328315392
2026-09-25T11:47:41.7704742Z,141156,8312795136,1545601024,11.6209287368406,3328315392
2026-09-25T11:47:42.7769395Z,141156,8312795136,1545601024,13.8820262087624,3328315392
2026-09-25T11:47:43.7824761Z,141156,8312795136,1545601024,10.8449263465833,3328315392
2026-09-25T11:47:44.7844794Z,141156,8312795136,1545601024,19.4972032025447,3328315392
2026-09-25T11:47:45.7911390Z,141156,8312795136,1545601024,16.8765872066088,3328315392
2026-09-25T11:47:46.7949889Z,141156,8312795136,1545601024,17.0042305745216,3328315392
2026-09-25T11:47:47.7999094Z,141156,8312795136,1545601024,12.5498782025071,3328315392
2026-09-25T11:47:48.8067984Z,141156,8312795136,1545601024,20.9464513685608,3328315392
2026-09-25T11:47:49.8586537Z,141156,8312795136,1545601024,12.5598492334861,3328315392
2026-09-25T11:47:50.8775030Z,141156,8312795136,1545601024,14.301107470876,3328315392
2026-09-25T11:47:51.8814920Z,141156,8312795136,1545601024,16.312489661239,3328315392
2026-09-25T11:47:52.8881875Z,141156,8312795136,1545601024,15.6436755200774,3328315392
2026-09-25T11:47:53.8966939Z,141156,8312795136,1545601024,12.3126189928368,3328315392
2026-09-25T11:47:54.9036540Z,141156,8312795136,1545601024,14.8223180515768,3328315392
2026-09-25T11:47:55.9090411Z,141156,8312795136,1545601024,10.8239667104071,3328315392
2026-09-25T11:47:56.9146498Z,141156,8312795136,1545601024,13.6659998591868,3328315392
2026-09-25T11:47:57.9222918Z,141156,8312795136,1545601024,12.6796408908973,3328315392
2026-09-25T11:47:58.9288762Z,141156,8312795136,1545601024,17.9236538751551,3328315392
2026-09-25T11:47:59.9329692Z,141156,8312795136,1545601024,14.6847272321928,3328315392
2026-09-25T11:48:00.9415995Z,141156,8312795136,1545601024,12.0457955732654,3328315392
2026-09-25T11:48:01.9495983Z,141156,8312795136,1545601024,16.9414301220763,3328315392
2026-09-25T11:48:02.9654708Z,141156,8312795136,1545601024,17.3149016623748,3328315392
2026-09-25T11:48:03.9697900Z,141156,8312795136,1545601024,13.3628643198268,3328315392
2026-09-25T11:48:04.9793287Z,141156,8312795136,1545601024,15.1859236199239,3328315392
2026-09-25T11:48:05.9874887Z,141156,8312795136,1545601024,20.5970019313783,3328315392
2026-09-25T11:48:06.9927335Z,141156,8312795136,1545601024,11.5478463728537,3328315392
2026-09-25T11:48:07.9950147Z,141156,8312795136,1545601024,14.2581115443228,3328315392
2026-09-25T11:48:09.0182663Z,141156,8312795136,1545601024,11.2871655261011,3328315392
2026-09-25T11:48:10.0317537Z,141156,8312795136,1545601024,18.8818172347734,3328315392
2026-09-25T11:48:11.0485410Z,141156,8312795136,1545601024,11.7324184708871,3328315392
2026-09-25T11:48:12.0536708Z,141156,8312795136,1545601024,11.2988242340012,3328315392
2026-09-25T11:48:13.0564280Z,141156,8312795136,1545601024,14.0076256860006,3328315392
2026-09-25T11:48:14.0716365Z,141156,8312795136,1545601024,14.0980863640622,3328315392
2026-09-25T11:48:15.0888903Z,141156,8312795136,1545601024,13.8867664942576,3328315392
2026-09-25T11:48:16.1053835Z,141156,8312795136,1545601024,14.0172170398871,3328315392
2026-09-25T11:48:17.1205377Z,141156,8312795136,1545601024,12.5548185288622,3328315392
2026-09-25T11:48:18.1251683Z,141156,8312795136,1545601024,10.9114747894243,3328315392
2026-09-25T11:48:19.1281453Z,141156,8312795136,1545601024,12.8067458680363,3328315392
2026-09-25T11:48:20.1377987Z,141156,8312795136,1545601024,22.0612619836576,3328315392
2026-09-25T11:48:21.1431861Z,141156,8312795136,1545601024,13.2499736435155,3328315392
2026-09-25T11:48:22.1499968Z,141156,8312795136,1545601024,12.3134925057306,3328315392
2026-09-25T11:48:23.1562916Z,141156,8312795136,1545601024,18.5123382662501,3328315392
2026-09-25T11:48:24.1723129Z,141156,8312795136,1545601024,10.8885988880653,3328315392
2026-09-25T11:48:25.1757059Z,141156,8312795136,1545601024,13.8654066064263,3328315392
2026-09-25T11:48:26.1841247Z,141156,8312795136,1545601024,14.3925831601497,3328315392
2026-09-25T11:48:27.1942224Z,141156,8312795136,1545601024,13.341148284181,3328315392
2026-09-25T11:48:28.2016060Z,141156,8312795136,1545601024,21.5374055925575,3328315392
2026-09-25T11:48:29.2183385Z,141156,8312795136,1545601024,21.1069223629906,3328315392
2026-09-25T11:48:30.2221041Z,141156,8312795136,1545601024,16.4282868583448,3328315392
2026-09-25T11:48:31.2264484Z,141156,8312795136,1545601024,19.6846371792227,3328315392
2026-09-25T11:48:32.2290148Z,141156,8312795136,1545601024,11.8472119014727,3328315392
2026-09-25T11:48:33.2333556Z,141156,8312795136,1545601024,12.4893151404547,3328315392
2026-09-25T11:48:34.2393986Z,141156,8312795136,1545601024,11.0338716897574,3328315392
2026-09-25T11:48:35.2482508Z,141156,8312795136,1545601024,15.541662204532,3328315392
2026-09-25T11:48:36.2662837Z,141156,8312795136,1545601024,14.0578345789369,3328315392
2026-09-25T11:48:37.2705521Z,141156,8312795136,1545601024,14.0309634909725,3328315392
2026-09-25T11:48:38.2775642Z,141156,8312795136,1545601024,13.0122990602196,3328315392
2026-09-25T11:48:39.2848411Z,141156,8312795136,1545601024,12.3575495287498,3328315392
2026-09-25T11:48:40.3026378Z,141156,8312795136,1545601024,28.351201220236,3328315392
2026-09-25T11:48:41.3062686Z,141156,8312795136,1545601024,37.3018893954997,3328315392
2026-09-25T11:48:42.3109456Z,141156,8312795136,1545601024,43.0805918815798,3328315392
2026-09-25T11:48:43.3284238Z,141156,8312795136,1545601024,34.3323023285398,3328315392
2026-09-25T11:48:44.3445479Z,141156,8312795136,1545601024,31.9491798591457,3328315392
2026-09-25T11:48:45.3496324Z,141156,8312795136,1545601024,33.5977441685295,3328315392
2026-09-25T11:48:46.3664349Z,141156,8312795136,1545601024,25.0964853958361,3328315392
2026-09-25T11:48:47.3723484Z,141156,8312795136,1545601024,30.4310679727406,3328315392
2026-09-25T11:48:48.3750362Z,141156,8312795136,1545601024,24.8110643199617,3328315392
2026-09-25T11:48:49.3798772Z,141156,8312795136,1545601024,25.9268911128964,3328315392
2026-09-25T11:48:50.3886590Z,141156,8312795136,1545601024,27.5938550495861,3328315392
2026-09-25T11:48:51.4073280Z,141156,8312795136,1545601024,31.3278869187543,3328315392
2026-09-25T11:48:52.4243416Z,141156,8312795136,1545601024,28.1183499316684,3328315392
2026-09-25T11:48:53.4289007Z,141156,8312795136,1545601024,20.6523665857603,3328315392
2026-09-25T11:48:54.4437534Z,141156,8312795136,1545601024,17.6625650146427,3328315392
2026-09-25T11:48:55.4525126Z,141156,8312795136,1545601024,19.6835352070608,3328315392
2026-09-25T11:48:56.4561990Z,141156,8312795136,1545601024,18.7387481542419,3328315392
2026-09-25T11:48:57.4602477Z,141156,8312795136,1545601024,18.3240386524746,3328315392
2026-09-25T11:48:58.4645982Z,141156,8312795136,1545601024,21.6039925082277,3328315392
2026-09-25T11:48:59.4798749Z,141156,8312795136,1545601024,17.3607084292513,3328315392
2026-09-25T11:49:00.4840168Z,141156,8312795136,1545601024,20.6593747719663,3328315392
2026-09-25T11:49:01.4890734Z,141156,8312795136,1545601024,18.2843686340701,3328315392
2026-09-25T11:49:02.5065605Z,141156,8312795136,1545601024,28.0169023525012,3328315392
2026-09-25T11:49:03.5096131Z,141156,8312795136,1545601024,21.9561525252944,3328315392
2026-09-25T11:49:04.5116342Z,141156,8312795136,1545601024,18.8573145377462,3328315392
2026-09-25T11:49:05.5142820Z,141156,8312795136,1545601024,19.1594969129292,3328315392
2026-09-25T11:49:06.5192483Z,141156,8312795136,1545601024,17.9853246615877,3328315392
2026-09-25T11:49:07.5241703Z,141156,8312795136,1545601024,18.0345836102461,3328315392
2026-09-25T11:49:08.5276895Z,141156,8312795136,1545601024,17.8144556152707,3328315392
2026-09-25T11:49:09.5312921Z,141156,8312795136,1545601024,16.7072616272054,3328315392
2026-09-25T11:49:10.5507904Z,141156,8312795136,1545601024,20.4165376353503,3328315392
2026-09-25T11:49:11.5577425Z,141156,8312795136,1545601024,19.5049678103053,3328315392
2026-09-25T11:49:12.5634762Z,141156,8312795136,1545601024,19.1001411185365,3328315392
2026-09-25T11:49:13.5673555Z,141156,8312795136,1545601024,28.8520808757486,3328315392
2026-09-25T11:49:14.5717165Z,141156,8312795136,1545601024,18.9491644167835,3328315392
2026-09-25T11:49:15.5772599Z,141156,8312795136,1545601024,18.7212554820915,3328315392
2026-09-25T11:49:16.5808810Z,141156,8312795136,1545601024,18.2066979184406,3328315392
2026-09-25T11:49:17.5884303Z,141156,8312795136,1545601024,19.5350217327252,3328315392
2026-09-25T11:49:18.6029775Z,141156,8312795136,1545601024,19.7315959344756,3328315392
2026-09-25T11:49:19.6075856Z,141156,8312795136,1545601024,20.4444972494165,3328315392
2026-09-25T11:49:20.6114280Z,141156,8312795136,1545601024,16.7263207137048,3328315392
2026-09-25T11:49:21.6177896Z,141156,8312795136,1545601024,16.7404623336045,3328315392
2026-09-25T11:49:22.6230798Z,141156,8312795136,1545601024,19.7603496067899,3328315392
2026-09-25T11:49:23.6282931Z,141156,8312795136,1545601024,23.7374372446686,3328315392
2026-09-25T11:49:24.6327361Z,141156,8312795136,1545601024,22.976950869664,3328315392
2026-09-25T11:49:25.6515101Z,141156,8312795136,1545601024,20.8045737028013,3328315392
2026-09-25T11:49:26.6679028Z,141156,8312795136,1545601024,22.4579701930034,3328315392
2026-09-25T11:49:27.6729306Z,141156,8312795136,1545601024,14.9135097463287,3328315392
2026-09-25T11:49:28.6761115Z,141156,8312795136,1545601024,19.1392993526811,3328315392
2026-09-25T11:49:29.6793892Z,141156,8312795136,1545601024,31.9614668004545,3328315392
2026-09-25T11:49:30.6958872Z,141156,8312795136,1545601024,27.4412704615296,3328315392
2026-09-25T11:49:31.7130318Z,141156,8312795136,1545601024,27.8006254149467,3328315392
2026-09-25T11:49:32.7292045Z,141156,8312795136,1545601024,27.4669577465593,3328315392
2026-09-25T11:49:33.7313360Z,141156,8312795136,1545601024,26.7309704422567,3328315392
2026-09-25T11:49:34.7401744Z,141156,8312795136,1545601024,36.9264417103917,3328315392
2026-09-25T11:49:35.7551967Z,141156,8312795136,1545601024,31.3752446488801,3328315392
2026-09-25T11:49:36.7583663Z,141156,8312795136,1545601024,20.0810953433474,3328315392
2026-09-25T11:49:37.7639991Z,141156,8312795136,1545601024,23.0684920347934,3328315392
2026-09-25T11:49:38.7810247Z,141156,8312795136,1545601024,21.6079968892571,3328315392
2026-09-25T11:49:39.7967965Z,141156,8312795136,1545601024,26.1389793382544,3328315392
2026-09-25T11:49:40.8118509Z,141156,8312795136,1545601024,16.645743101278,3328315392
2026-09-25T11:49:41.8194888Z,141156,8312795136,1545601024,10.8373102890878,3328315392
2026-09-25T11:49:42.8222128Z,141156,8312795136,1545601024,17.4134403099999,3328315392
2026-09-25T11:49:43.8257949Z,141156,8312795136,1545601024,17.2873830586022,3328315392
2026-09-25T11:49:44.8331665Z,141156,8312795136,1545601024,19.0904246621421,3328315392
2026-09-25T11:49:45.8507099Z,141156,8312795136,1545601024,23.9913868943683,3328315392
2026-09-25T11:49:46.8543017Z,141156,8312795136,1545601024,19.8363448551159,3328315392
2026-09-25T11:49:47.8602169Z,141156,8312795136,1545601024,17.8250836174625,3328315392
2026-09-25T11:49:48.8657002Z,141156,8312795136,1545601024,12.7058348422732,3328315392
2026-09-25T11:49:49.8738944Z,141156,8312795136,1545601024,16.9371927129867,3328315392
2026-09-25T11:49:50.8831284Z,141156,8312795136,1545601024,8.88106526060823,3328315392
2026-09-25T11:49:51.8994780Z,141156,8312795136,1545601024,21.7630182411772,3328315392
2026-09-25T11:49:52.9034973Z,141156,8312795136,1545601024,15.7864482560059,3328315392
2026-09-25T11:49:53.9103418Z,141156,8312795136,1545601024,11.7412131214685,3328315392
2026-09-25T11:49:54.9140792Z,141156,8312795136,1545601024,13.7985225183938,3328315392
2026-09-25T11:49:55.9305495Z,141156,8312795136,1545601024,19.3939116687277,3328315392
2026-09-25T11:49:56.9351208Z,141156,8312795136,1545601024,14.883851756571,3328315392
2026-09-25T11:49:57.9423135Z,141156,8312795136,1545601024,16.9630789849428,3328315392
2026-09-25T11:49:58.9465835Z,141156,8312795136,1545601024,14.7155225354078,3328315392
2026-09-25T11:49:59.9661041Z,141156,8312795136,1545601024,13.531048650374,3328315392
2026-09-25T11:50:00.9817878Z,141156,8312795136,1545601024,14.5921921001222,3328315392
2026-09-25T11:50:01.9859893Z,141156,8312795136,1545601024,10.5280048226977,3328315392
2026-09-25T11:50:02.9958462Z,141156,8312795136,1545601024,14.8046799068819,3328315392
2026-09-25T11:50:04.0018618Z,141156,8312795136,1545601024,11.7612788509443,3328315392
2026-09-25T11:50:05.0106988Z,141156,8312795136,1545601024,12.0060137968005,3328315392
2026-09-25T11:50:06.0149645Z,141156,8312795136,1545601024,25.2594726617802,3328315392
2026-09-25T11:50:07.0218584Z,141156,8312795136,1545601024,15.8708853919759,3328315392
2026-09-25T11:50:08.0264695Z,141156,8312795136,1545601024,14.8991996966022,3328315392
2026-09-25T11:50:09.0332826Z,141156,8312795136,1545601024,16.4750100265769,3328315392
2026-09-25T11:50:10.1222554Z,141156,8312795136,1545601024,12.9423643794336,3328315392
2026-09-25T11:50:11.1332088Z,141156,8312795136,1545601024,13.2289114393325,3328315392
2026-09-25T11:50:12.1446089Z,141156,8312795136,1545601024,7.27197182556941,3328315392
2026-09-25T11:50:13.1487025Z,141156,8312795136,1545601024,15.942038492775,3328315392
2026-09-25T11:50:14.1634713Z,141156,8312795136,1545601024,13.6334362726819,3328315392
2026-09-25T11:50:15.1807061Z,141156,8312795136,1545601024,13.2579870203243,3328315392
2026-09-25T11:50:16.1857190Z,141156,8312795136,1545601024,15.0867703686041,3328315392
2026-09-25T11:50:17.2028266Z,141156,8312795136,1545601024,19.2360032927709,3328315392
2026-09-25T11:50:18.2199621Z,141156,8312795136,1545601024,14.7418416145643,3328315392
2026-09-25T11:50:19.2351964Z,141156,8312795136,1545601024,12.5629322196121,3328315392
2026-09-25T11:50:20.2408563Z,141156,8312795136,1545601024,13.7807678410927,3328315392
2026-09-25T11:50:21.2552942Z,141156,8312795136,1545601024,13.8301013220137,3328315392
2026-09-25T11:50:22.2582579Z,141156,8312795136,1545601024,12.8560331473215,3328315392
2026-09-25T11:50:23.2770022Z,141156,8312795136,1545601024,21.7977955560936,3328315392
2026-09-25T11:50:24.2903993Z,141156,8312795136,1545601024,14.8132447403465,3328315392
2026-09-25T11:50:25.3484819Z,141156,8312795136,1545601024,14.4995661117804,3328315392
2026-09-25T11:50:26.3556563Z,141156,8312795136,1545601024,12.5310474880959,3328315392
2026-09-25T11:50:27.3978506Z,141156,8312795136,1545601024,21.5908564141332,3328315392
2026-09-25T11:50:28.4089857Z,141156,8312795136,1545601024,12.9251180487047,3328315392
2026-09-25T11:50:29.4133275Z,141156,8312795136,1545601024,14.7259261589875,3328315392
2026-09-25T11:50:30.4181346Z,141156,8312795136,1545601024,16.4854625362074,3328315392
2026-09-25T11:50:31.4230085Z,141156,8312795136,1545601024,18.0218262669619,3328315392
2026-09-25T11:50:32.4406911Z,141156,8312795136,1545601024,17.3796479581484,3328315392
2026-09-25T11:50:33.4489873Z,141156,8312795136,1545601024,14.1255020354975,3328315392
2026-09-25T11:50:34.4593717Z,141156,8312795136,1545601024,13.367053812742,3328315392
2026-09-25T11:50:35.4739324Z,141156,8312795136,1545601024,16.2582989226653,3328315392
2026-09-25T11:50:36.4803497Z,141156,8312795136,1545601024,13.4461915854513,3328315392
2026-09-25T11:50:37.4846147Z,141156,8312795136,1545601024,13.7357418703817,3328315392
2026-09-25T11:50:38.4978213Z,141156,8312795136,1545601024,20.4834098300596,3328315392
2026-09-25T11:50:39.5149693Z,141156,8312795136,1545601024,14.359121275662,3328315392
2026-09-25T11:50:40.5188298Z,141156,8312795136,1545601024,12.0586521037538,3328315392
2026-09-25T11:50:41.5353513Z,141156,8312795136,1545601024,11.8604921714492,3328315392
2026-09-25T11:50:42.5502118Z,141156,8312795136,1545601024,14.2620374665815,3328315392
2026-09-25T11:50:43.5649260Z,141156,8312795136,1545601024,13.2351075465394,3328315392
2026-09-25T11:50:44.5806851Z,141156,8312795136,1545601024,16.4529947135869,3328315392
2026-09-25T11:50:45.5970703Z,141156,8312795136,1545601024,15.0631206034516,3328315392
2026-09-25T11:50:46.6154323Z,141156,8312795136,1545601024,16.4338496619622,3328315392
2026-09-25T11:50:47.6189424Z,141156,8312795136,1545601024,16.4897941142565,3328315392
2026-09-25T11:50:48.6235772Z,141156,8312795136,1545601024,32.7002921613577,3328315392
2026-09-25T11:50:49.6265017Z,141156,8312795136,1545601024,25.2190409072785,3328315392
2026-09-25T11:50:50.6421337Z,141156,8312795136,1545601024,19.1356387941017,3328315392
2026-09-25T11:50:51.6449179Z,141156,8312795136,1545601024,17.5148892818611,3328315392
2026-09-25T11:50:52.6472958Z,141156,8312795136,1545601024,20.5014997345311,3328315392
2026-09-25T11:50:53.6594466Z,141156,8312795136,1545601024,20.6898452772318,3328315392
2026-09-25T11:50:54.6640709Z,141156,8312795136,1545601024,16.6108107607221,3328315392
2026-09-25T11:50:55.6693634Z,141156,8312795136,1545601024,12.914908211318,3328315392
2026-09-25T11:50:56.6732864Z,141156,8312795136,1545601024,14.6256790970198,3328315392
2026-09-25T11:50:57.6868536Z,141156,8312795136,1545601024,10.4922918276482,3328315392
2026-09-25T11:50:58.7035045Z,141156,8312795136,1545601024,15.289967509256,3328315392
2026-09-25T11:50:59.7260244Z,141156,8312795136,1545601024,15.7214281429975,3328315392
2026-09-25T11:51:00.7383703Z,141156,8312795136,1545601024,6.67025842706169,3328315392
2026-09-25T11:51:01.7423134Z,141156,8312795136,1545601024,8.45977156982829,3328315392
2026-09-25T11:51:02.7585564Z,141156,8312795136,1545601024,17.2201712087325,3328315392
2026-09-25T11:51:03.7752592Z,141156,8312795136,1545601024,16.0930656880489,3328315392
2026-09-25T11:51:04.7900642Z,141156,8312795136,1545601024,10.232196331672,3328315392
2026-09-25T11:51:05.8029466Z,141156,8312795136,1545601024,19.5832920694686,3328315392
2026-09-25T11:51:06.8075076Z,141156,8312795136,1545601024,15.8125744115762,3328315392
2026-09-25T11:51:07.8222949Z,141156,8312795136,1545601024,9.98721984699268,3328315392
2026-09-25T11:51:08.8376954Z,141156,8312795136,1545601024,10.4882418186769,3328315392
2026-09-25T11:51:09.8547238Z,141156,8312795136,1545601024,12.6243129774745,3328315392
2026-09-25T11:51:10.8600750Z,141156,8312795136,1545601024,7.49814386863744,3328315392
2026-09-25T11:51:11.8623232Z,141156,8312795136,1545601024,4.43883960967874,3328315392
2026-09-25T11:51:12.8711438Z,141156,8312795136,1545601024,5.23394288227188,3328315392
2026-09-25T11:51:13.8877732Z,141156,8312795136,1545601024,7.20243955024134,3328315392
2026-09-25T11:51:14.8955850Z,141156,8312795136,1545601024,7.75180983817305,3328315392
2026-09-25T11:51:15.9020854Z,141156,8312795136,1545601024,5.10911360878386,3328315392
2026-09-25T11:51:16.9092114Z,141156,8312795136,1545601024,9.8215889477113,3328315392
2026-09-25T11:51:17.9151292Z,141156,8312795136,1545601024,13.6092630780356,3328315392
2026-09-25T11:51:18.9316756Z,141156,8312795136,1545601024,15.8313256209003,3328315392
2026-09-25T11:51:19.9373488Z,141156,8312795136,1545601024,9.01326768515084,3328315392
2026-09-25T11:51:20.9435573Z,141156,8312795136,1545601024,12.8460294572323,3328315392
2026-09-25T11:51:21.9514401Z,141156,8312795136,1545601024,5.23693294399316,3328315392
2026-09-25T11:51:22.9565988Z,141156,8312795136,1545601024,4.01265208623228,3328315392
2026-09-25T11:51:23.9621711Z,141156,8312795136,1545601024,8.32303070660108,3328315392
2026-09-25T11:51:24.9749933Z,141156,8312795136,1545601024,11.678307378983,3328315392
2026-09-25T11:51:25.9904997Z,141156,8312795136,1545601024,5.95155847680374,3328315392
2026-09-25T11:51:26.9984744Z,141156,8312795136,1545601024,9.83074709063209,3328315392
2026-09-25T11:51:28.0024143Z,141156,8312795136,1545601024,2.60600671982957,3328315392
2026-09-25T11:51:29.0081536Z,141156,8312795136,1545601024,8.82996600490558,3328315392
2026-09-25T11:51:30.0179247Z,141156,8312795136,1545601024,4.93376188821896,3328315392
2026-09-25T11:51:31.0226511Z,141156,8312795136,1545601024,12.8037663628456,3328315392
2026-09-25T11:51:32.0294931Z,141156,8312795136,1545601024,7.30026288627823,3328315392
2026-09-25T11:51:33.0441186Z,141156,8312795136,1545601024,4.78703760057814,3328315392
2026-09-25T11:51:34.0501935Z,141156,8312795136,1545601024,6.81113865527653,3328315392
2026-09-25T11:51:35.0587004Z,141156,8312795136,1545601024,6.75521013283505,3328315392
2026-09-25T11:51:36.0625196Z,141156,8312795136,1545601024,6.99495063706291,3328315392
2026-09-25T11:51:37.0728113Z,141156,8312795136,1545601024,5.56583219475657,3328315392
2026-09-25T11:51:38.0801539Z,141156,8312795136,1545601024,1.98754960907385,3328315392
2026-09-25T11:51:39.1064908Z,141156,8312795136,1545601024,8.70693422234878,3328315392
2026-09-25T11:51:40.1154217Z,141156,8312795136,1545601024,5.22800524660829,3328315392
2026-09-25T11:51:41.1186905Z,141156,8312795136,1545601024,22.7055691442155,3328315392
2026-09-25T11:51:42.1228265Z,141156,8312795136,1545601024,30.0458610629467,3328315392
2026-09-25T11:51:43.1277814Z,141156,8312795136,1545601024,30.8043461752418,3328315392
2026-09-25T11:51:44.1438097Z,141156,8312795136,1545601024,24.6453372823031,3328315392
2026-09-25T11:51:45.1600039Z,141156,8312795136,1545601024,24.2906533458869,3328315392
2026-09-25T11:51:46.1762938Z,141156,8312795136,1545601024,30.1419642462676,3328315392
2026-09-25T11:51:47.1913585Z,141156,8312795136,1545601024,19.2817046547186,3328315392
2026-09-25T11:51:48.2082870Z,141156,8312795136,1545601024,24.4460291938399,3328315392
2026-09-25T11:51:49.2244842Z,141156,8312795136,1545601024,21.9480647537513,3328315392
2026-09-25T11:51:50.2435335Z,141156,8312795136,1545601024,18.2877564376357,3328315392
2026-09-25T11:51:51.2624523Z,141156,8312795136,1545601024,18.7254741083528,3328315392
2026-09-25T11:51:52.2705534Z,141156,8312795136,1545601024,24.2453319440333,3328315392
2026-09-25T11:51:53.2866729Z,141156,8312795136,1545601024,12.8735000609374,3328315392
2026-09-25T11:51:54.3034522Z,141156,8312795136,1545601024,15.9747268661267,3328315392
2026-09-25T11:51:55.3054651Z,141156,8312795136,1545601024,10.7429766060987,3328315392
2026-09-25T11:51:56.3235560Z,141156,8312795136,1545601024,13.1818015976565,3328315392
2026-09-25T11:51:57.3375393Z,141156,8312795136,1545601024,10.3492764064228,3328315392
2026-09-25T11:51:58.3545334Z,141156,8312795136,1545601024,10.135977908713,3328315392
2026-09-25T11:51:59.3661908Z,141156,8312795136,1545601024,12.7052418118126,3328315392
2026-09-25T11:52:00.3686572Z,141156,8312795136,1545601024,13.1154789388335,3328315392
2026-09-25T11:52:01.3843104Z,141156,8312795136,1545601024,12.167792085915,3328315392
2026-09-25T11:52:02.3865439Z,141156,8312795136,1545601024,17.2162194926734,3328315392
2026-09-25T11:52:03.3887802Z,141156,8312795136,1545601024,20.2951390725067,3328315392
2026-09-25T11:52:04.3932619Z,141156,8312795136,1545601024,13.4142213212825,3328315392
2026-09-25T11:52:05.4083990Z,141156,8312795136,1545601024,13.7666889540447,3328315392
2026-09-25T11:52:06.4205577Z,141156,8312795136,1545601024,13.9377409002409,3328315392
2026-09-25T11:52:07.4305208Z,141156,8312795136,1545601024,11.9123008815122,3328315392
2026-09-25T11:52:08.4351830Z,141156,8312795136,1545601024,10.9711944931657,3328315392
2026-09-25T11:52:09.4518051Z,141156,8312795136,1545601024,12.8741342543952,3328315392
2026-09-25T11:52:10.4678581Z,141156,8312795136,1545601024,12.0467295306596,3328315392
2026-09-25T11:52:11.4841723Z,141156,8312795136,1545601024,10.9253166583408,3328315392
2026-09-25T11:52:12.4916734Z,141156,8312795136,1545601024,10.2517454712333,3328315392
2026-09-25T11:52:13.5088421Z,141156,8312795136,1545601024,17.5684297796291,3328315392
2026-09-25T11:52:14.5258731Z,141156,8312795136,1545601024,16.9988352784707,3328315392
2026-09-25T11:52:15.5421809Z,141156,8312795136,1545601024,11.5010433444249,3328315392
2026-09-25T11:52:16.5481514Z,141156,8312795136,1545601024,13.0191971105275,3328315392
2026-09-25T11:52:17.5514812Z,141156,8312795136,1545601024,12.6907312456226,3328315392
2026-09-25T11:52:18.5568902Z,141156,8312795136,1545601024,13.2532576971435,3328315392
2026-09-25T11:52:19.5621024Z,141156,8312795136,1545601024,11.3118703329505,3328315392
2026-09-25T11:52:20.5768052Z,141156,8312795136,1545601024,11.1689279796621,3328315392
2026-09-25T11:52:21.5901059Z,141156,8312795136,1545601024,14.792852621803,3328315392
2026-09-25T11:52:22.5969670Z,141156,8312795136,1545601024,12.8969459819362,3328315392
2026-09-25T11:52:23.6093852Z,141156,8312795136,1545601024,15.903757902763,3328315392
2026-09-25T11:52:24.6268126Z,141156,8312795136,1545601024,14.8103446802311,3328315392
2026-09-25T11:52:25.6306715Z,141156,8312795136,1545601024,14.2508904545327,3328315392
2026-09-25T11:52:26.6347003Z,141156,8312795136,1545601024,12.9378962631652,3328315392
2026-09-25T11:52:27.6411259Z,141156,8312795136,1545601024,15.4123215897531,3328315392
2026-09-25T11:52:28.6559548Z,141156,8312795136,1545601024,17.9414691329685,3328315392
2026-09-25T11:52:29.6701065Z,141156,8312795136,1545601024,23.196328626014,3328315392
2026-09-25T11:52:30.6843594Z,141156,8312795136,1545601024,18.6948721914756,3328315392
2026-09-25T11:52:31.6962278Z,141156,8312795136,1545601024,16.1752318179609,3328315392
2026-09-25T11:52:32.7084430Z,141156,8312795136,1545601024,14.4474612094934,3328315392
2026-09-25T11:52:33.7257083Z,141156,8312795136,1545601024,13.9734736335264,3328315392
2026-09-25T11:52:34.7302708Z,141156,8312795136,1545601024,29.7847163313467,3328315392
2026-09-25T11:52:35.7443891Z,141156,8312795136,1545601024,12.9586609012606,3328315392
2026-09-25T11:52:36.7621542Z,141156,8312795136,1545601024,16.8091926141054,3328315392
2026-09-25T11:52:37.7879119Z,141156,8312795136,1545601024,12.3079267326613,3328315392
2026-09-25T11:52:38.8046992Z,141156,8312795136,1545601024,7.50829762442916,3328315392
2026-09-25T11:52:39.8215033Z,141156,8312795136,1545601024,13.562190766258,3328315392
2026-09-25T11:52:40.8298399Z,141156,8312795136,1545601024,6.85561547375122,3328315392
2026-09-25T11:52:41.8467804Z,141156,8312795136,1545601024,6.15552163649125,3328315392
2026-09-25T11:52:42.8506248Z,141156,8312795136,1545601024,7.17086751002384,3328315392
2026-09-25T11:52:43.8612417Z,141156,8312795136,1545601024,6.68069122509178,3328315392
2026-09-25T11:52:44.8778160Z,141156,8312795136,1545601024,21.2669553350559,3328315392
2026-09-25T11:52:45.8945161Z,141156,8312795136,1545601024,8.99107321824899,3328315392
2026-09-25T11:52:46.8989228Z,141156,8312795136,1545601024,10.5465978111316,3328315392
2026-09-25T11:52:47.9043190Z,141156,8312795136,1545601024,10.2501445944071,3328315392
2026-09-25T11:52:48.9093651Z,141156,8312795136,1545601024,7.20610967745017,3328315392
2026-09-25T11:52:49.9155898Z,141156,8312795136,1545601024,15.092546924059,3328315392
2026-09-25T11:52:50.9190296Z,141156,8312795136,1545601024,12.0213437901681,3328315392
2026-09-25T11:52:51.9225285Z,141156,8312795136,1545601024,7.15644807352167,3328315392
2026-09-25T11:52:52.9261506Z,141156,8312795136,1545601024,5.72880651434952,3328315392
2026-09-25T11:52:53.9297052Z,141156,8312795136,1545601024,6.12735334598207,3328315392
2026-09-25T11:52:54.9353450Z,141156,8312795136,1545601024,9.74299491493437,3328315392
2026-09-25T11:52:55.9479867Z,141156,8312795136,1545601024,21.4038024278065,3328315392
2026-09-25T11:52:56.9539142Z,141156,8312795136,1545601024,8.54889048941935,3328315392
2026-09-25T11:52:57.9703843Z,141156,8312795136,1545601024,8.34011891583869,3328315392
2026-09-25T11:52:58.9780212Z,141156,8312795136,1545601024,5.02333699763876,3328315392
2026-09-25T11:52:59.9871145Z,141156,8312795136,1545601024,6.42413419643685,3328315392
2026-09-25T11:53:01.0034016Z,141156,8312795136,1545601024,17.2512184798035,3344699392
2026-09-25T11:53:02.0191009Z,141156,8312795136,1545601024,7.40521293218239,3344699392
2026-09-25T11:53:03.0240277Z,141156,8312795136,1545601024,10.7911011654477,3344699392
2026-09-25T11:53:04.0289754Z,141156,8312795136,1545601024,10.7931162332686,3344699392
2026-09-25T11:53:05.0465977Z,141156,8312795136,1545601024,8.92937210356961,3344699392
2026-09-25T11:53:06.0624581Z,141156,8312795136,1545601024,27.2084693071398,3344699392
2026-09-25T11:53:07.0719656Z,141156,8312795136,1545601024,9.26659896822176,3344699392
2026-09-25T11:53:08.0820464Z,141156,8312795136,1545601024,6.60272680365928,3344699392
2026-09-25T11:53:09.0855509Z,141156,8312795136,1545601024,6.7731143752338,3344699392
2026-09-25T11:53:10.0918573Z,141156,8312795136,1545601024,14.418159890691,3344699392
2026-09-25T11:53:11.0941738Z,141156,8312795136,1545601024,10.8434048355171,3344699392
2026-09-25T11:53:12.0996084Z,141156,8312795136,1545601024,8.89324987062764,3344699392
2026-09-25T11:53:13.1114140Z,141156,8312795136,1545601024,5.7054855477419,3344699392
2026-09-25T11:53:14.1235403Z,141156,8312795136,1545601024,6.69881743511758,3344699392
2026-09-25T11:53:15.1353956Z,141156,8312795136,1545601024,7.15247897224081,3344699392
2026-09-25T11:53:16.1449969Z,141156,8312795136,1545601024,5.49955180141526,3344699392
2026-09-25T11:53:17.1583805Z,141156,8312795136,1545601024,16.1833283866296,3344699392
2026-09-25T11:53:18.1663911Z,141156,8312795136,1545601024,6.86712722448002,3344699392
2026-09-25T11:53:19.1739588Z,141156,8312795136,1545601024,9.27392996147529,3344699392
2026-09-25T11:53:20.1780133Z,141156,8312795136,1545601024,8.96252460532874,3344699392
2026-09-25T11:53:21.1849571Z,141156,8312795136,1545601024,7.08445241766366,3344699392
2026-09-25T11:53:22.1912477Z,141156,8312795136,1545601024,1.98413783931354,3344699392
2026-09-25T11:53:23.1957670Z,141156,8312795136,1545601024,8.6085252337036,3344699392
2026-09-25T11:53:24.2096218Z,141156,8312795136,1545601024,4.81786378139399,3344699392
2026-09-25T11:53:25.2196565Z,141156,8312795136,1545601024,10.1866799486397,3344699392
2026-09-25T11:53:26.2306448Z,141156,8312795136,1545601024,10.4494012189949,3344699392
2026-09-25T11:53:27.2359125Z,141156,8312795136,1545601024,12.5802250193922,3344699392
2026-09-25T11:53:28.2428790Z,141156,8312795136,1545601024,6.60606183389155,3344699392
2026-09-25T11:53:29.2473917Z,141156,8312795136,1545601024,6.27924600356829,3344699392
2026-09-25T11:53:30.2630638Z,141156,8312795136,1545601024,6.54301156522095,3344699392
2026-09-25T11:53:31.2704527Z,141156,8312795136,1545601024,6.73754834477439,3344699392
2026-09-25T11:53:32.2755853Z,141156,8312795136,1545601024,5.0835295461247,3344699392
2026-09-25T11:53:33.2833818Z,141156,8312795136,1545601024,6.68852617936878,3344699392
2026-09-25T11:53:34.2935255Z,141156,8312795136,1545601024,4.81690310038667,3344699392
2026-09-25T11:53:35.3046229Z,141156,8312795136,1545601024,6.46784421106262,3344699392
2026-09-25T11:53:36.3094403Z,141156,8312795136,1545601024,6.99125355611026,3344699392
2026-09-25T11:53:37.3264077Z,141156,8312795136,1545601024,7.17594311485764,3344699392
2026-09-25T11:53:38.3310707Z,141156,8312795136,1545601024,11.6984302928807,3344699392
2026-09-25T11:53:39.3358966Z,141156,8312795136,1545601024,7.77425612220827,3344699392
2026-09-25T11:53:40.3516138Z,141156,8312795136,1545601024,10.6736805579325,3344699392
2026-09-25T11:53:41.3581924Z,141156,8312795136,1545601024,6.95958679763198,3344699392
2026-09-25T11:53:42.3652342Z,141156,8312795136,1545601024,4.57704474853124,3344699392
2026-09-25T11:53:43.3742968Z,141156,8312795136,1545601024,7.00484744360081,3344699392
2026-09-25T11:53:44.3854008Z,141156,8312795136,1545601024,4.57438485963997,3344699392
2026-09-25T11:53:45.4053519Z,141156,8312795136,1545601024,9.28283872642793,3344699392
2026-09-25T11:53:46.4220048Z,141156,8312795136,1545601024,8.31773619962103,3344699392
2026-09-25T11:53:47.4293734Z,141156,8312795136,1545601024,10.9910559850221,3344699392
2026-09-25T11:53:48.4363273Z,141156,8312795136,1545601024,14.1189857508876,3344699392
2026-09-25T11:53:49.4418820Z,141156,8312795136,1545601024,16.0469563924758,3344699392
2026-09-25T11:53:50.4466004Z,141156,8312795136,1545601024,13.4946418655777,3344699392
2026-09-25T11:53:51.4515446Z,141156,8312795136,1545601024,5.35330870244017,3344699392
2026-09-25T11:53:52.4689108Z,141156,8312795136,1545601024,6.59839987795413,3344699392
2026-09-25T11:53:53.4804914Z,141156,8312795136,1545601024,5.5454963745822,3344699392
2026-09-25T11:53:54.4977842Z,141156,8312795136,1545601024,11.6318881890596,3344699392
2026-09-25T11:53:55.5017040Z,141156,8312795136,1545601024,6.21996926618391,3344699392
2026-09-25T11:53:56.5069486Z,141156,8312795136,1545601024,9.45832942877215,3344699392
2026-09-25T11:53:57.5121760Z,141156,8312795136,1545601024,7.22846491923374,3344699392
2026-09-25T11:53:58.5218638Z,141156,8312795136,1545601024,8.7469504642429,3344699392
2026-09-25T11:53:59.5272321Z,141156,8312795136,1545601024,16.4804159349691,3344699392
2026-09-25T11:54:00.5329979Z,141156,8312795136,1545601024,7.96604834932014,3344699392
2026-09-25T11:54:01.5364471Z,141156,8312795136,1545601024,7.45282009072421,3344699392
2026-09-25T11:54:02.5462550Z,141156,8312795136,1545601024,5.42071215838505,3344699392
2026-09-25T11:54:03.5550290Z,141156,8312795136,1545601024,4.83877842908594,3344699392
2026-09-25T11:54:04.5708530Z,141156,8312795136,1545601024,6.64826812462426,3344699392
2026-09-25T11:54:05.5801860Z,141156,8312795136,1545601024,5.86160619627092,3344699392
2026-09-25T11:54:06.5853443Z,141156,8312795136,1545601024,8.95975771781504,3344699392
2026-09-25T11:54:07.5900803Z,141156,8312795136,1545601024,5.62333303010464,3344699392
2026-09-25T11:54:08.5940331Z,141156,8312795136,1545601024,6.32634774139478,3344699392
2026-09-25T11:54:09.6090207Z,141156,8312795136,1545601024,12.6375348366085,3344699392
2026-09-25T11:54:10.6173554Z,141156,8312795136,1545601024,5.09063376477898,3344699392
2026-09-25T11:54:11.6250956Z,141156,8312795136,1545601024,6.81798522550892,3344699392
2026-09-25T11:54:12.6347817Z,141156,8312795136,1545601024,4.39366669559719,3344699392
2026-09-25T11:54:13.6515035Z,141156,8312795136,1545601024,6.54246626704333,3344699392
2026-09-25T11:54:14.6557651Z,141156,8312795136,1545601024,7.33349108547561,3344699392
2026-09-25T11:54:15.6634418Z,141156,8312795136,1545601024,4.98817915790856,3344699392
2026-09-25T11:54:16.6726446Z,141156,8312795136,1545601024,7.33148969717489,3344699392
2026-09-25T11:54:17.6853403Z,141156,8312795136,1545601024,7.14473139766064,3344699392
2026-09-25T11:54:18.6905057Z,141156,8312795136,1545601024,7.59605238126821,3344699392
2026-09-25T11:54:19.6955533Z,141156,8312795136,1545601024,7.30511515961959,3344699392
2026-09-25T11:54:20.7005543Z,141156,8312795136,1545601024,13.1082197397965,3344699392
2026-09-25T11:54:21.7168556Z,141156,8312795136,1545601024,6.23734050387524,3344699392
2026-09-25T11:54:22.7238639Z,141156,8312795136,1545601024,5.83948593032982,3344699392
2026-09-25T11:54:23.7264874Z,141156,8312795136,1545601024,5.42178884587076,3344699392
2026-09-25T11:54:24.7436433Z,141156,8312795136,1545601024,7.64003040608562,3344699392
2026-09-25T11:54:25.7478042Z,141156,8312795136,1545601024,8.62458705086784,3344699392
2026-09-25T11:54:26.7643199Z,141156,8312795136,1545601024,7.92441751974143,3344699392
2026-09-25T11:54:27.7802174Z,141156,8312795136,1545601024,6.68805864003849,3344699392
2026-09-25T11:54:28.7976398Z,141156,8312795136,1545601024,5.3312524161462,3344699392
2026-09-25T11:54:29.8114034Z,141156,8312795136,1545601024,7.71589600068339,3344699392
2026-09-25T11:54:30.8284312Z,141156,8312795136,1545601024,11.6603821708909,3344699392
2026-09-25T11:54:31.8363972Z,141156,8312795136,1545601024,7.28151905992814,3344699392
2026-09-25T11:54:32.8443996Z,141156,8312795136,1545601024,3.31257870782169,3344699392
2026-09-25T11:54:33.8541334Z,141156,8312795136,1545601024,5.70617425700526,3344699392
2026-09-25T11:54:34.8564393Z,141156,8312795136,1545601024,8.11594708475261,3344699392
2026-09-25T11:54:35.8722314Z,141156,8312795136,1545601024,7.70786502253109,3344699392
2026-09-25T11:54:36.8759221Z,141156,8312795136,1545601024,5.13422809430419,3344699392
2026-09-25T11:54:37.8855139Z,141156,8312795136,1545601024,7.04823697753938,3344699392
2026-09-25T11:54:38.8909404Z,141156,8312795136,1545601024,4.2274223567147,3344699392
2026-09-25T11:54:39.9079978Z,141156,8312795136,1545601024,6.20118443923159,3344699392
2026-09-25T11:54:40.9152220Z,141156,8312795136,1545601024,7.592488775894,3344699392
2026-09-25T11:54:41.9347988Z,141156,8312795136,1545601024,17.3661448384767,3344699392
2026-09-25T11:54:42.9506940Z,141156,8312795136,1545601024,21.9091579693247,3344699392
2026-09-25T11:54:43.9636509Z,141156,8312795136,1545601024,27.8620896152992,3344699392
2026-09-25T11:54:44.9822722Z,141156,8312795136,1545601024,25.1166699255894,3344699392
2026-09-25T11:54:45.9996621Z,141156,8312795136,1545601024,21.3223556723259,3344699392
2026-09-25T11:54:47.0163648Z,141156,8312795136,1545601024,20.4517691680341,3344699392
2026-09-25T11:54:48.0183709Z,141156,8312795136,1545601024,26.2229397979553,3344699392
2026-09-25T11:54:49.0204910Z,141156,8312795136,1545601024,18.5313277795884,3344699392
2026-09-25T11:54:50.0257720Z,141156,8312795136,1545601024,19.7766810680762,3344699392
2026-09-25T11:54:51.0416700Z,141156,8312795136,1545601024,18.5641166036961,3344699392
2026-09-25T11:54:52.0477823Z,141156,8312795136,1545601024,28.7290047855014,3344699392
2026-09-25T11:54:53.0539665Z,141156,8312795136,1545601024,19.4892476597836,3344699392
2026-09-25T11:54:54.0607345Z,141156,8312795136,1545601024,15.1002697042067,3344699392
2026-09-25T11:54:55.0716118Z,141156,8312795136,1545601024,10.6825619355386,3344699392
2026-09-25T11:54:56.0829197Z,141156,8312795136,1545601024,11.1347813218901,3344699392
2026-09-25T11:54:57.0989905Z,141156,8312795136,1545601024,14.7471653694038,3344699392
2026-09-25T11:54:58.1186892Z,141156,8312795136,1545601024,9.96911825520542,3344699392
2026-09-25T11:54:59.1327422Z,141156,8312795136,1545601024,14.3758506846065,3344699392
2026-09-25T11:55:00.1399076Z,141156,8312795136,1545601024,10.7064411919517,3344699392
2026-09-25T11:55:01.1439089Z,141156,8312795136,1545601024,10.5140327940827,3344699392
2026-09-25T11:55:02.1474259Z,141156,8312795136,1545601024,17.5757549184595,3344699392
2026-09-25T11:55:03.1533582Z,141156,8312795136,1545601024,17.0786033239428,3344699392
2026-09-25T11:55:04.1584879Z,141156,8312795136,1545601024,10.8790959938637,3344699392
2026-09-25T11:55:05.1775868Z,141156,8312795136,1545601024,12.7472305427143,3344699392
2026-09-25T11:55:06.1933470Z,141156,8312795136,1545601024,13.1740569958806,3344699392
2026-09-25T11:55:07.1979598Z,141156,8312795136,1545601024,13.1931150170176,3344699392
2026-09-25T11:55:08.2019779Z,141156,8312795136,1545601024,10.7107438905515,3344699392
2026-09-25T11:55:09.2174202Z,141156,8312795136,1545601024,16.6040008339047,3344699392
2026-09-25T11:55:10.2355348Z,141156,8312795136,1545601024,19.5701744256044,3344699392
2026-09-25T11:55:11.2523314Z,141156,8312795136,1545601024,11.2167668670346,3344699392
2026-09-25T11:55:12.2686146Z,141156,8312795136,1545601024,16.0158597712052,3344699392
2026-09-25T11:55:13.2833704Z,141156,8312795136,1545601024,26.4027467859253,3344699392
2026-09-25T11:55:14.2990599Z,141156,8312795136,1545601024,13.8413615789091,3344699392
2026-09-25T11:55:15.3025396Z,141156,8312795136,1545601024,12.5103217187299,3344699392
2026-09-25T11:55:16.3087787Z,141156,8312795136,1545601024,11.1018533499072,3344699392
2026-09-25T11:55:17.3253528Z,141156,8312795136,1545601024,18.5365269670779,3344699392
2026-09-25T11:55:18.3407031Z,141156,8312795136,1545601024,11.6542345551831,3344699392
2026-09-25T11:55:19.3448826Z,141156,8312795136,1545601024,11.3627974193394,3344699392
2026-09-25T11:55:20.3507246Z,141156,8312795136,1545601024,13.881634570034,3344699392
2026-09-25T11:55:21.3683837Z,141156,8312795136,1545601024,11.1166404707384,3328315392
2026-09-25T11:55:22.3850067Z,141156,8312795136,1545601024,13.5690347836699,3328315392
2026-09-25T11:55:23.3884262Z,141156,8312795136,1545601024,20.0001036456046,3328315392
2026-09-25T11:55:24.4031508Z,141156,8312795136,1545601024,15.598010764922,3328315392
2026-09-25T11:55:25.4112001Z,141156,8312795136,1545601024,13.6929019286067,3328315392
2026-09-25T11:55:26.4257076Z,141156,8312795136,1545601024,13.0046394165746,3328315392
2026-09-25T11:55:27.4443613Z,141156,8312795136,1545601024,16.6737722559196,3328315392
2026-09-25T11:55:28.4543709Z,141156,8312795136,1545601024,14.5276209121893,3328315392
2026-09-25T11:55:29.4709740Z,141156,8312795136,1545601024,9.88687020876845,3328315392
2026-09-25T11:55:30.4879761Z,141156,8312795136,1545601024,20.7207167265926,3328315392
2026-09-25T11:55:31.5022126Z,141156,8312795136,1545601024,25.4292275213371,3328315392
2026-09-25T11:55:32.5067289Z,141156,8312795136,1545601024,19.5042114274036,3328315392
2026-09-25T11:55:33.5170623Z,141156,8312795136,1545601024,17.64792283583,3328315392
2026-09-25T11:55:34.5332710Z,141156,8312795136,1545601024,24.3922146581635,3328315392
2026-09-25T11:55:35.5475208Z,141156,8312795136,1545601024,16.9883207720211,3328315392
2026-09-25T11:55:36.5510328Z,141156,8312795136,1545601024,14.9589746945446,3328315392
2026-09-25T11:55:37.5681114Z,141156,8312795136,1545601024,21.7270410861944,3328315392
2026-09-25T11:55:38.5842312Z,141156,8312795136,1545601024,18.5025670276714,3328315392
2026-09-25T11:55:39.5918832Z,141156,8312795136,1545601024,18.8643098540543,3328315392
2026-09-25T11:55:40.6048372Z,141156,8312795136,1545601024,8.34861944863121,3328315392
2026-09-25T11:55:41.6084302Z,141156,8312795136,1545601024,7.36385082998003,3328315392
2026-09-25T11:55:42.6204857Z,141156,8312795136,1545601024,12.2974449491881,3328315392
2026-09-25T11:55:43.6371216Z,141156,8312795136,1545601024,14.5087438773973,3328315392
2026-09-25T11:55:44.6525433Z,141156,8312795136,1545601024,14.7913648036699,3328315392
2026-09-25T11:55:45.6565332Z,141156,8312795136,1545601024,17.8906799520277,3328315392
2026-09-25T11:55:46.6709815Z,141156,8312795136,1545601024,19.3290135806841,3328315392
2026-09-25T11:55:47.6889948Z,141156,8312795136,1545601024,12.7156824898886,3328315392
2026-09-25T11:55:48.6913249Z,141156,8312795136,1545601024,12.8876383407275,3328315392
2026-09-25T11:55:49.7008744Z,141156,8312795136,1545601024,10.336921389504,3328315392
2026-09-25T11:55:50.7051389Z,141156,8312795136,1545601024,6.55002571058603,3328315392
2026-09-25T11:55:51.7119680Z,141156,8312795136,1545601024,9.40141300655026,3328315392
2026-09-25T11:55:52.7190319Z,141156,8312795136,1545601024,10.0101483727849,3328315392
2026-09-25T11:55:53.7270641Z,141156,8312795136,1545601024,10.9781049992051,3328315392
2026-09-25T11:55:54.7315214Z,141156,8312795136,1545601024,15.9860143546309,3345092608
2026-09-25T11:55:55.7487676Z,141156,8312795136,1545601024,29.0816800966776,3345092608
2026-09-25T11:55:56.7661088Z,141156,8312795136,1545601024,72.6424349857978,3345092608
2026-09-25T11:55:57.7817982Z,141156,8312795136,1545601024,40.3135205735041,3345092608
2026-09-25T11:55:58.7864134Z,141156,8312795136,1545601024,25.0752134343739,3345092608
2026-09-25T11:55:59.8034086Z,141156,8312795136,1545601024,25.8096730427434,3345092608
2026-09-25T11:56:00.8172286Z,141156,8312795136,1545601024,27.8142725582554,3345092608
2026-09-25T11:56:01.8345855Z,141156,8312795136,1545601024,26.5920006359915,3345092608
2026-09-25T11:56:02.8511615Z,141156,8312795136,1545601024,19.1936519698047,3345092608
2026-09-25T11:56:03.8559245Z,141156,8312795136,1545601024,26.9104719341686,3345092608
2026-09-25T11:56:04.8641522Z,141156,8312795136,1545601024,20.8657430040686,3345092608
2026-09-25T11:56:05.8825716Z,141156,8312795136,1545601024,27.0997988290897,3345092608
2026-09-25T11:56:06.8995386Z,141156,8312795136,1545601024,17.7988394990695,3345092608
2026-09-25T11:56:07.9149348Z,141156,8312795136,1545601024,22.5219526715285,3345092608
2026-09-25T11:56:08.9214897Z,141156,8312795136,1545601024,17.1443408519471,3345092608
2026-09-25T11:56:09.9263715Z,141156,8312795136,1545601024,18.6590623463443,3345092608
2026-09-25T11:56:10.9308527Z,141156,8312795136,1545601024,13.764888359702,3345092608
2026-09-25T11:56:11.9386246Z,141156,8312795136,1545601024,13.4975914500723,3345092608
2026-09-25T11:56:12.9418103Z,141156,8312795136,1545601024,18.8912377483361,3345092608
2026-09-25T11:56:13.9598624Z,141156,8312795136,1545601024,16.3538885318351,3345092608
2026-09-25T11:56:14.9734640Z,141156,8312795136,1545601024,19.943908514756,3345092608
2026-09-25T11:56:15.9885073Z,141156,8312795136,1545601024,18.9860765273616,3345092608
2026-09-25T11:56:16.9929040Z,141156,8312795136,1545601024,23.7701518115249,3345092608
2026-09-25T11:56:17.9999956Z,141156,8312795136,1545601024,16.413101566312,3345092608
2026-09-25T11:56:19.0045878Z,141156,8312795136,1545601024,17.3566139643412,3345092608
2026-09-25T11:56:20.0102421Z,141156,8312795136,1545601024,15.6404569254349,3345092608
2026-09-25T11:56:21.0152947Z,141156,8312795136,1545601024,18.0317976066069,3345092608
2026-09-25T11:56:22.0289227Z,141156,8312795136,1545601024,17.3796054804786,3345092608
2026-09-25T11:56:23.0410978Z,141156,8312795136,1545601024,15.7582492485744,3345092608
2026-09-25T11:56:24.0555858Z,141156,8312795136,1545601024,18.1931687332941,3345092608
2026-09-25T11:56:25.0689165Z,141156,8312795136,1545601024,19.3203784046665,3345092608
2026-09-25T11:56:26.0743359Z,141156,8312795136,1545601024,15.9821538067977,3345092608
2026-09-25T11:56:27.0855832Z,141156,8312795136,1545601024,25.4429679507952,3345092608
2026-09-25T11:56:28.1016185Z,141156,8312795136,1545601024,23.7173723157223,3345092608
2026-09-25T11:56:29.1056580Z,141156,8312795136,1545601024,19.9916817175879,3345092608
2026-09-25T11:56:30.1083032Z,141156,8312795136,1545601024,16.9605699980451,3345092608
2026-09-25T11:56:31.1128367Z,141156,8312795136,1545601024,16.7986507796132,3345092608
2026-09-25T11:56:32.1256912Z,141156,8312795136,1545601024,16.68165731506,3345092608
2026-09-25T11:56:33.1308512Z,141156,8312795136,1545601024,15.8642176614656,3345092608
2026-09-25T11:56:34.1395433Z,141156,8312795136,1545601024,17.292932682737,3345092608
2026-09-25T11:56:35.1568882Z,141156,8312795136,1545601024,20.0789624880041,3345092608
2026-09-25T11:56:36.1730835Z,141156,8312795136,1545601024,17.9308279656067,3345092608
2026-09-25T11:56:37.1790070Z,141156,8312795136,1545601024,20.5645051024168,3345092608
2026-09-25T11:56:38.1961703Z,141156,8312795136,1545601024,20.5279809831786,3345092608
2026-09-25T11:56:39.2122420Z,141156,8312795136,1545601024,19.553497754458,3345092608
2026-09-25T11:56:40.2270668Z,141156,8312795136,1545601024,14.152747555101,3345092608
2026-09-25T11:56:41.2328774Z,141156,8312795136,1545601024,17.4834521847336,3345092608
2026-09-25T11:56:42.2481451Z,141156,8312795136,1545601024,17.2671280362615,3345092608
2026-09-25T11:56:43.2528721Z,141156,8312795136,1545601024,16.9257468734255,3345092608
2026-09-25T11:56:44.2699944Z,141156,8312795136,1545601024,18.2213175492464,3345092608
2026-09-25T11:56:45.2721722Z,141156,8312795136,1545601024,15.7538022042946,3345092608
2026-09-25T11:56:46.2779756Z,141156,8312795136,1545601024,15.4323842070094,3345092608
2026-09-25T11:56:47.2947669Z,141156,8312795136,1545601024,19.2273675040296,3345092608
2026-09-25T11:56:48.2973591Z,141156,8312795136,1545601024,24.6093143367991,3345092608
2026-09-25T11:56:49.3143709Z,141156,8312795136,1545601024,22.8174600440588,3345092608
2026-09-25T11:56:50.3180949Z,141156,8312795136,1545601024,20.6647942762908,3345092608
2026-09-25T11:56:51.3213648Z,141156,8312795136,1545601024,14.8176408694275,3345092608
2026-09-25T11:56:52.3265040Z,141156,8312795136,1545601024,16.9875777634002,3345092608
2026-09-25T11:56:53.3427705Z,141156,8312795136,1545601024,14.5850192142461,3345092608
2026-09-25T11:56:54.3587804Z,141156,8312795136,1545601024,17.1202039843546,3345092608
2026-09-25T11:56:55.3660063Z,141156,8312795136,1545601024,13.2450759357759,3345092608
2026-09-25T11:56:56.3819014Z,141156,8312795136,1545601024,20.7261632032876,3345092608
2026-09-25T11:56:57.3988109Z,141156,8312795136,1545601024,16.4144093388464,3345092608
2026-09-25T11:56:58.4144745Z,141156,8312795136,1545601024,30.2363888366179,3345092608
2026-09-25T11:56:59.4303645Z,141156,8312795136,1545601024,23.9617074465771,3345092608
2026-09-25T11:57:00.4352850Z,141156,8312795136,1545601024,25.195970775512,3345092608
2026-09-25T11:57:01.4538657Z,141156,8312795136,1545601024,20.0960996050659,3345092608
2026-09-25T11:57:02.4705330Z,141156,8312795136,1545601024,26.5762843862404,3345092608
2026-09-25T11:57:03.4882089Z,141156,8312795136,1545601024,26.8569324560969,3345092608
2026-09-25T11:57:04.4908518Z,141156,8312795136,1545601024,25.8553446053764,3345092608
2026-09-25T11:57:05.4963831Z,141156,8312795136,1545601024,23.855967651494,3345092608
2026-09-25T11:57:06.5128498Z,141156,8312795136,1545601024,25.1502828880374,3345092608
2026-09-25T11:57:07.5318558Z,141156,8312795136,1545601024,21.5401359405683,3345092608
2026-09-25T11:57:08.5472993Z,141156,8312795136,1545601024,25.2751947275115,3345092608
2026-09-25T11:57:09.5625486Z,141156,8312795136,1545601024,31.0314472904643,3345092608
2026-09-25T11:57:10.5694527Z,141156,8312795136,1545601024,32.498522229717,3345092608
2026-09-25T11:57:11.5865476Z,141156,8312795136,1545601024,26.2229577629384,3345092608
2026-09-25T11:57:12.6066339Z,141156,8312795136,1545601024,25.9625795032799,3345092608
2026-09-25T11:57:13.6291397Z,141156,8312795136,1545601024,24.66714413061,3345092608
2026-09-25T11:57:14.6441658Z,141156,8312795136,1545601024,24.4090144415659,3345092608
2026-09-25T11:57:15.6497811Z,141156,8312795136,1545601024,21.670084136619,3345092608
2026-09-25T11:57:16.6567409Z,141156,8312795136,1545601024,25.3849971459614,3345092608
2026-09-25T11:57:17.6734577Z,141156,8312795136,1545601024,26.3417223564167,3345092608
2026-09-25T11:57:18.6866690Z,141156,8312795136,1545601024,25.0877557107397,3345092608
2026-09-25T11:57:19.6887128Z,141156,8312795136,1545601024,30.8054866658038,3345092608
2026-09-25T11:57:20.7042608Z,141156,8312795136,1545601024,26.3397617555797,3345092608
2026-09-25T11:57:21.7223490Z,141156,8312795136,1545601024,22.8801869208816,3345092608
2026-09-25T11:57:22.7325347Z,141156,8312795136,1545601024,21.7150899280647,3345092608
2026-09-25T11:57:23.7485380Z,141156,8312795136,1545601024,14.829249679758,3345092608
2026-09-25T11:57:24.7539830Z,141156,8312795136,1545601024,17.5459966756149,3345092608
2026-09-25T11:57:25.7593800Z,141156,8312795136,1545601024,20.7057664587009,3345092608
2026-09-25T11:57:26.7624328Z,141156,8312795136,1545601024,19.4852589681153,3345092608
2026-09-25T11:57:27.7796196Z,141156,8312795136,1545601024,19.2745884744606,3345092608
2026-09-25T11:57:28.7829452Z,141156,8312795136,1545601024,12.9852778600591,3345092608
2026-09-25T11:57:29.8014601Z,141156,8312795136,1545601024,18.4360868556219,3345092608
2026-09-25T11:57:30.8178356Z,141156,8312795136,1545601024,22.4227587399448,3345092608
2026-09-25T11:57:31.8293744Z,141156,8312795136,1545601024,17.9234093102504,3345092608
2026-09-25T11:57:32.8370451Z,141156,8312795136,1545601024,18.9974868678689,3345092608
2026-09-25T11:57:33.8577699Z,141156,8312795136,1545601024,16.215215470698,3345092608
2026-09-25T11:57:34.8737954Z,141156,8312795136,1545601024,17.6810929756235,3345092608
2026-09-25T11:57:35.8903966Z,141156,8312795136,1545601024,15.0821782008755,3345092608
2026-09-25T11:57:36.9038109Z,141156,8312795136,1545601024,17.1275936610159,3345092608
2026-09-25T11:57:37.9077191Z,141156,8312795136,1545601024,14.7854412148943,3345092608
2026-09-25T11:57:38.9220525Z,141156,8312795136,1545601024,18.662599692046,3345092608
2026-09-25T11:57:39.9388688Z,141156,8312795136,1545601024,17.9657601540547,3345092608
2026-09-25T11:57:40.9577708Z,141156,8312795136,1545601024,22.5972363678703,3345092608
2026-09-25T11:57:41.9609301Z,141156,8312795136,1545601024,16.6409642576839,3345092608
2026-09-25T11:57:42.9670771Z,141156,8312795136,1545601024,21.4980116892041,3345092608
2026-09-25T11:57:43.9825890Z,141156,8312795136,1545601024,32.0785824079881,3345092608
2026-09-25T11:57:44.9976377Z,141156,8312795136,1545601024,37.5951450613026,3345092608
2026-09-25T11:57:46.0115567Z,141156,8312795136,1545601024,33.9929519901376,3345092608
2026-09-25T11:57:47.0270984Z,141156,8312795136,1545601024,34.9302790130707,3345092608
2026-09-25T11:57:48.0309294Z,141156,8312795136,1545601024,39.0034335334294,3345092608
2026-09-25T11:57:49.0460496Z,141156,8312795136,1545601024,34.2627195031447,3345092608
2026-09-25T11:57:50.0616737Z,141156,8312795136,1545601024,35.6283816711429,3345092608
2026-09-25T11:57:51.0779342Z,141156,8312795136,1545601024,26.5394052946043,3345092608
2026-09-25T11:57:52.0834981Z,141156,8312795136,1545601024,30.5900051047184,3345092608
2026-09-25T11:57:53.0982260Z,141156,8312795136,1545601024,26.9175045754761,3345092608
2026-09-25T11:57:54.1106150Z,141156,8312795136,1545601024,24.1017967172473,3345092608
2026-09-25T11:57:55.1129676Z,141156,8312795136,1545601024,27.2219321820874,3345092608
2026-09-25T11:57:56.1312827Z,141156,8312795136,1545601024,20.2465670126221,3345092608
2026-09-25T11:57:57.1518775Z,141156,8312795136,1545601024,16.1108415136236,3345092608
2026-09-25T11:57:58.1663832Z,141156,8312795136,1545601024,20.8296503603704,3345092608
2026-09-25T11:57:59.1821415Z,141156,8312795136,1545601024,21.7316915393984,3345092608
2026-09-25T11:58:00.1941636Z,141156,8312795136,1545601024,19.6010263626091,3345092608
2026-09-25T11:58:01.2089667Z,141156,8312795136,1545601024,20.4583129747695,3345092608
2026-09-25T11:58:02.2103288Z,141156,8312795136,1545601024,26.3964638302683,3345092608
2026-09-25T11:58:03.2139619Z,141156,8312795136,1545601024,17.210935266838,3345092608
2026-09-25T11:58:04.2300471Z,141156,8312795136,1545601024,21.4964048678288,3345092608
2026-09-25T11:58:05.2360969Z,141156,8312795136,1545601024,19.7066958237728,3345092608
2026-09-25T11:58:06.2413921Z,141156,8312795136,1545601024,26.7551678757621,3345092608
2026-09-25T11:58:07.2444659Z,141156,8312795136,1545601024,18.1530529553551,3345092608
2026-09-25T11:58:08.2593865Z,141156,8312795136,1545601024,23.2022095934648,3345092608
2026-09-25T11:58:09.2627963Z,141156,8312795136,1545601024,19.026540558684,3345092608
2026-09-25T11:58:10.2772226Z,141156,8312795136,1545601024,19.6550930795444,3345092608
2026-09-25T11:58:11.2826473Z,141156,8312795136,1545601024,16.2294553401189,3345092608
2026-09-25T11:58:12.2988323Z,141156,8312795136,1545601024,22.1025630181226,3345092608
2026-09-25T11:58:13.3138192Z,141156,8312795136,1545601024,23.3781991963888,3345092608
2026-09-25T11:58:14.3332638Z,141156,8312795136,1545601024,17.9200988645812,3345092608
2026-09-25T11:58:15.3467977Z,141156,8312795136,1545601024,23.3194586847684,3345092608
2026-09-25T11:58:16.3503153Z,141156,8312795136,1545601024,21.980652814895,3345092608
2026-09-25T11:58:17.3667129Z,141156,8312795136,1545601024,16.4972125653933,3345092608
2026-09-25T11:58:18.3743339Z,141156,8312795136,1545601024,19.2700952312902,3345092608
2026-09-25T11:58:19.3916297Z,141156,8312795136,1545601024,16.798320293609,3345092608
2026-09-25T11:58:20.3948951Z,141156,8312795136,1545601024,22.3503767300235,3345092608
2026-09-25T11:58:21.4084804Z,141156,8312795136,1545601024,18.4100519407151,3345092608
2026-09-25T11:58:22.4224398Z,141156,8312795136,1545601024,18.5776604521097,3345092608
2026-09-25T11:58:23.4264396Z,141156,8312795136,1545601024,27.7045117160856,3345092608
2026-09-25T11:58:24.4460273Z,141156,8312795136,1545601024,17.5214446237935,3345092608
2026-09-25T11:58:25.4583163Z,141156,8312795136,1545601024,18.9100007434748,3345092608
2026-09-25T11:58:26.4720425Z,141156,8312795136,1545601024,19.1761837387023,3345092608
2026-09-25T11:58:27.4852404Z,141156,8312795136,1545601024,19.8877146208125,3345092608
2026-09-25T11:58:28.4886892Z,141156,8312795136,1545601024,19.5325140214969,3345092608
2026-09-25T11:58:29.5051524Z,141156,8312795136,1545601024,19.1846140252749,3345092608
2026-09-25T11:58:30.5083142Z,141156,8312795136,1545601024,18.9085565248042,3345092608
2026-09-25T11:58:31.5257186Z,141156,8312795136,1545601024,19.8518561620266,3345092608
2026-09-25T11:58:32.5384421Z,141156,8312795136,1545601024,14.2895138319774,3345092608
2026-09-25T11:58:33.5552879Z,141156,8312795136,1545601024,23.4059797863218,3345092608
2026-09-25T11:58:34.5584070Z,141156,8312795136,1545601024,37.3983866083837,3345092608
2026-09-25T11:58:35.5631687Z,141156,8312795136,1545601024,30.1461172257293,3345092608
2026-09-25T11:58:36.5786259Z,141156,8312795136,1545601024,26.8143259821433,3345092608
2026-09-25T11:58:37.5935604Z,141156,8312795136,1545601024,29.4095975591057,3345092608
2026-09-25T11:58:38.5963098Z,141156,8312795136,1545601024,22.9276903510275,3345092608
2026-09-25T11:58:39.6139264Z,141156,8312795136,1545601024,21.5189538477035,3345092608
2026-09-25T11:58:40.6195133Z,141156,8312795136,1545601024,23.5719310471979,3345092608
2026-09-25T11:58:41.6344804Z,141156,8312795136,1545601024,25.1212049866295,3345092608
2026-09-25T11:58:42.6386774Z,141156,8312795136,1545601024,19.8623068242782,3345092608
2026-09-25T11:58:43.6443874Z,141156,8312795136,1545601024,22.1294856649024,3345092608
2026-09-25T11:58:44.6475253Z,141156,8312795136,1545601024,25.5499208343906,3345092608
2026-09-25T11:58:45.6505065Z,141156,8312795136,1545601024,16.2380992324583,3345092608
2026-09-25T11:58:46.6589610Z,141156,8312795136,1545601024,16.8595566393353,3345092608
2026-09-25T11:58:47.6610749Z,141156,8312795136,1545601024,15.7756315932308,3345092608
2026-09-25T11:58:48.6789099Z,141156,8312795136,1545601024,20.1911855255079,3345092608
2026-09-25T11:58:49.6926667Z,141156,8312795136,1545601024,20.1236302315502,3345092608
2026-09-25T11:58:50.7102009Z,141156,8312795136,1545601024,16.0375153461139,3345092608
2026-09-25T11:58:51.7283290Z,141156,8312795136,1545601024,18.3738970028888,3345092608
2026-09-25T11:58:52.7342355Z,141156,8312795136,1545601024,15.6350385179858,3345092608
2026-09-25T11:58:53.7372567Z,141156,8312795136,1545601024,20.8446063597266,3345092608
2026-09-25T11:58:54.7539259Z,141156,8312795136,1545601024,29.8797326640623,3345092608
2026-09-25T11:58:55.7715168Z,141156,8312795136,1545601024,25.5289855805936,3345092608
2026-09-25T11:58:56.7754679Z,141156,8312795136,1545601024,27.532640433199,3345092608
2026-09-25T11:58:57.7924415Z,141156,8312795136,1545601024,27.6674969409912,3345092608
2026-09-25T11:58:58.7945343Z,141156,8312795136,1545601024,18.2366802896288,3345092608
2026-09-25T11:58:59.8196365Z,141156,8312795136,1545601024,14.242483983414,3345092608
2026-09-25T11:59:00.8282764Z,141156,8312795136,1545601024,15.4923139335408,3345092608
2026-09-25T11:59:01.8446438Z,141156,8312795136,1545601024,16.9986562576203,3345092608
2026-09-25T11:59:02.8490544Z,141156,8312795136,1545601024,19.7789766456789,3345092608
2026-09-25T11:59:03.8512827Z,141156,8312795136,1545601024,14.5365570356415,3345092608
2026-09-25T11:59:04.8538624Z,141156,8312795136,1545601024,17.1084168628106,3345092608
2026-09-25T11:59:05.8604970Z,141156,8312795136,1545601024,25.9286802180271,3345092608
2026-09-25T11:59:06.8776860Z,141156,8312795136,1545601024,16.44779361343,3345092608
2026-09-25T11:59:07.8950547Z,141156,8312795136,1545601024,17.928974866218,3345092608
2026-09-25T11:59:08.8993761Z,141156,8312795136,1545601024,18.6849398505868,3345092608
2026-09-25T11:59:09.9055934Z,141156,8312795136,1545601024,16.6756030254226,3345092608
2026-09-25T11:59:10.9210067Z,141156,8312795136,1545601024,28.3493551344463,3345092608
2026-09-25T11:59:11.9241518Z,141156,8312795136,1545601024,21.3411007745045,3345092608
2026-09-25T11:59:12.9407747Z,141156,8312795136,1545601024,19.3889078547596,3345092608
2026-09-25T11:59:13.9583515Z,141156,8312795136,1545601024,16.3161505935368,3345092608
2026-09-25T11:59:14.9613274Z,141156,8312795136,1545601024,19.8121320638069,3345092608
2026-09-25T11:59:15.9779543Z,141156,8312795136,1545601024,21.4968224869156,3345092608
2026-09-25T11:59:16.9917488Z,141156,8312795136,1545601024,17.9451034569101,3345092608
2026-09-25T11:59:18.0042364Z,141156,8312795136,1545601024,16.0040863503391,3345092608
2026-09-25T11:59:19.0093877Z,141156,8312795136,1545601024,21.2061507164093,3345092608
2026-09-25T11:59:20.0270348Z,141156,8312795136,1545601024,17.1433888280319,3345092608
2026-09-25T11:59:21.0450747Z,141156,8312795136,1545601024,18.094995936252,3345092608
2026-09-25T11:59:22.0604317Z,141156,8312795136,1545601024,22.5750764392718,3345092608
2026-09-25T11:59:23.0671060Z,141156,8312795136,1545601024,18.9177716543513,3345092608
2026-09-25T11:59:24.0829206Z,141156,8312795136,1545601024,15.7583393085679,3345092608
2026-09-25T11:59:25.1041690Z,141156,8312795136,1545601024,19.0862573825932,3345092608
2026-09-25T11:59:26.1197542Z,141156,8312795136,1545601024,18.4563005916988,3345092608
2026-09-25T11:59:27.1376407Z,141156,8312795136,1545601024,25.7836472746425,3345092608
2026-09-25T11:59:28.1543631Z,141156,8312795136,1545601024,31.1039985159057,3345092608
2026-09-25T11:59:29.1593362Z,141156,8312795136,1545601024,18.2943063364026,3345092608
2026-09-25T11:59:30.1647875Z,141156,8312795136,1545601024,16.9556463704387,3345092608
2026-09-25T11:59:31.1811918Z,141156,8312795136,1545601024,21.2344695631535,3345092608
2026-09-25T11:59:32.1981671Z,141156,8312795136,1545601024,16.223910803853,3345092608
2026-09-25T11:59:33.2006969Z,141156,8312795136,1545601024,24.3126018236057,3345092608
2026-09-25T11:59:34.2184941Z,141156,8312795136,1545601024,19.2284656350038,3345092608
2026-09-25T11:59:35.2223037Z,141156,8312795136,1545601024,21.2958583347745,3345092608
2026-09-25T11:59:36.2251728Z,141156,8312795136,1545601024,20.036012634705,3345092608
2026-09-25T11:59:37.2383521Z,141156,8312795136,1545601024,25.3977356172453,3345092608
2026-09-25T11:59:38.2525641Z,141156,8312795136,1545601024,16.1596394707453,3328315392
2026-09-25T11:59:39.2697674Z,141156,8312795136,1545601024,20.3770340432083,3328315392
2026-09-25T11:59:40.2731526Z,141156,8312795136,1545601024,17.9526406095272,3328315392
2026-09-25T11:59:41.2798061Z,141156,8312795136,1545601024,16.4872432399752,3328315392
2026-09-25T11:59:42.2844284Z,141156,8312795136,1545601024,15.4182297298977,3328315392
2026-09-25T11:59:43.2944731Z,141156,8312795136,1545601024,17.0864687618325,3328315392
2026-09-25T11:59:44.3051842Z,141156,8312795136,1545601024,17.2489879892405,3328315392
2026-09-25T11:59:45.3208525Z,141156,8312795136,1545601024,16.9350265140173,3328315392
2026-09-25T11:59:46.3234224Z,141156,8312795136,1545601024,23.5203365360185,3328315392
2026-09-25T11:59:47.3386997Z,141156,8312795136,1545601024,27.3799200701592,3328315392
2026-09-25T11:59:48.3573541Z,141156,8312795136,1545601024,24.1791997936925,3328315392
2026-09-25T11:59:49.3757604Z,141156,8312795136,1545601024,19.8633244777375,3328315392
2026-09-25T11:59:50.3871497Z,141156,8312795136,1545601024,23.100380404482,3328315392
2026-09-25T11:59:51.3920919Z,141156,8312795136,1545601024,19.4410680738992,3328315392
2026-09-25T11:59:52.4061523Z,141156,8312795136,1545601024,20.0856761151843,3328315392
2026-09-25T11:59:53.4078193Z,141156,8312795136,1545601024,17.3517605356864,3328315392
2026-09-25T11:59:54.4248162Z,141156,8312795136,1545601024,21.9137018797581,3328315392
2026-09-25T11:59:55.4401995Z,141156,8312795136,1545601024,15.7359925138479,3328315392
2026-09-25T11:59:56.4588978Z,141156,8312795136,1545601024,19.7963822935275,3328315392
2026-09-25T11:59:57.4740726Z,141156,8312795136,1545601024,26.2661285470416,3328315392
2026-09-25T11:59:58.4893955Z,141156,8312795136,1545601024,24.4005897630606,3328315392
2026-09-25T11:59:59.4916681Z,141156,8312795136,1545601024,18.7396142598289,3328315392
2026-09-25T12:00:00.4994420Z,141156,8312795136,1545601024,28.6876305936731,3381923840
2026-09-25T12:00:01.5139544Z,141156,8312795136,1545601024,28.5681436540649,3381923840
2026-09-25T12:00:02.5186442Z,141156,8312795136,1545601024,18.3509329530334,3381923840
2026-09-25T12:00:03.5228411Z,141156,8312795136,1545601024,15.7834416533352,3381923840
2026-09-25T12:00:04.5280118Z,141156,8312795136,1545601024,17.8077357867561,3381923840
2026-09-25T12:00:05.5336588Z,141156,8312795136,1545601024,13.4761805133215,3381923840
2026-09-25T12:00:06.5363300Z,141156,8312795136,1545601024,16.9213374201398,3381923840
2026-09-25T12:00:07.5527370Z,141156,8312795136,1545601024,22.0992949485097,3381923840
2026-09-25T12:00:08.5572454Z,141156,8312795136,1545601024,21.0072822573416,3381923840
