timestamp, utilization.gpu [%], clocks.current.sm [MHz], clocks.current.memory [MHz], power.draw [W], temperature.gpu, memory.used [MiB], clocks_event_reasons.active
2026/09/25 04:07:40.344, 0 %, 1605 MHz, 8001 MHz, 14.76 W, 58, 0 MiB, 0x0000000000000001
2026/09/25 04:07:41.362, 0 %, 1605 MHz, 8000 MHz, 1.20 W, 57, 0 MiB, 0x0000000000000001
2026/09/25 04:07:42.592, 0 %, 1605 MHz, 8001 MHz, 13.60 W, 58, 113 MiB, 0x0000000000000001
2026/09/25 04:07:43.595, 0 %, 1605 MHz, 8001 MHz, 12.98 W, 58, 2417 MiB, 0x0000000000000001
2026/09/25 04:07:44.599, 14 %, 1605 MHz, 8001 MHz, 13.68 W, 58, 2489 MiB, 0x0000000000000001
2026/09/25 04:07:45.602, 12 %, 1605 MHz, 8001 MHz, 13.81 W, 58, 6649 MiB, 0x0000000000000001
2026/09/25 04:07:46.603, 0 %, 2565 MHz, 8001 MHz, 25.51 W, 59, 7807 MiB, 0x0000000000000000
2026/09/25 04:07:47.605, 0 %, 2565 MHz, 8001 MHz, 23.77 W, 59, 7807 MiB, 0x0000000000000000
2026/09/25 04:07:48.606, 0 %, 1605 MHz, 8001 MHz, 17.00 W, 58, 7807 MiB, 0x0000000000000001
2026/09/25 04:07:49.608, 0 %, 1605 MHz, 8001 MHz, 13.47 W, 58, 7807 MiB, 0x0000000000000001
2026/09/25 04:07:50.622, 0 %, 1605 MHz, 8001 MHz, 13.43 W, 58, 7807 MiB, 0x0000000000000001
2026/09/25 04:07:51.636, 0 %, 1605 MHz, 8001 MHz, 13.37 W, 58, 7807 MiB, 0x0000000000000001
2026/09/25 04:07:52.641, 0 %, 1605 MHz, 8001 MHz, 13.34 W, 58, 7807 MiB, 0x0000000000000001
2026/09/25 04:07:53.651, 0 %, 225 MHz, 810 MHz, 7.46 W, 58, 7807 MiB, 0x0000000000000001
2026/09/25 04:07:54.666, 0 %, 210 MHz, 405 MHz, 2.30 W, 58, 7807 MiB, 0x0000000000000001
2026/09/25 04:07:55.679, 0 %, 210 MHz, 405 MHz, 2.28 W, 58, 7807 MiB, 0x0000000000000001
2026/09/25 04:07:56.682, 0 %, 210 MHz, 405 MHz, 2.22 W, 58, 7807 MiB, 0x0000000000000001
2026/09/25 04:07:57.702, 0 %, 210 MHz, 405 MHz, 2.30 W, 58, 7807 MiB, 0x0000000000000001
2026/09/25 04:07:58.714, 0 %, 210 MHz, 405 MHz, 2.25 W, 58, 7807 MiB, 0x0000000000000001
2026/09/25 04:07:59.716, 0 %, 210 MHz, 405 MHz, 2.31 W, 57, 7807 MiB, 0x0000000000000001
2026/09/25 04:08:00.719, 0 %, 210 MHz, 405 MHz, 2.28 W, 57, 7807 MiB, 0x0000000000000001
2026/09/25 04:08:01.722, 0 %, 210 MHz, 405 MHz, 2.26 W, 57, 7807 MiB, 0x0000000000000001
2026/09/25 04:08:02.725, 0 %, 210 MHz, 405 MHz, 2.26 W, 57, 7807 MiB, 0x0000000000000001
2026/09/25 04:08:03.741, 0 %, 210 MHz, 405 MHz, 4.80 W, 57, 7807 MiB, 0x0000000000000001
2026/09/25 04:08:04.743, 0 %, 210 MHz, 405 MHz, 2.23 W, 57, 7807 MiB, 0x0000000000000001
2026/09/25 04:08:05.743, 0 %, 210 MHz, 405 MHz, 2.29 W, 57, 7807 MiB, 0x0000000000000001
2026/09/25 04:08:06.746, 0 %, 210 MHz, 405 MHz, 2.21 W, 57, 7807 MiB, 0x0000000000000001
2026/09/25 04:08:07.747, 0 %, 210 MHz, 405 MHz, 2.21 W, 57, 7807 MiB, 0x0000000000000001
2026/09/25 04:08:08.748, 0 %, 210 MHz, 405 MHz, 2.25 W, 57, 7807 MiB, 0x0000000000000001
2026/09/25 04:08:09.763, 0 %, 210 MHz, 405 MHz, 2.29 W, 57, 7807 MiB, 0x0000000000000001
2026/09/25 04:08:10.777, 0 %, 210 MHz, 405 MHz, 2.22 W, 57, 7807 MiB, 0x0000000000000001
2026/09/25 04:08:11.791, 0 %, 210 MHz, 405 MHz, 2.53 W, 57, 7807 MiB, 0x0000000000000001
2026/09/25 04:08:12.791, 0 %, 210 MHz, 405 MHz, 2.30 W, 57, 7807 MiB, 0x0000000000000001
2026/09/25 04:08:13.807, 0 %, 210 MHz, 405 MHz, 2.29 W, 57, 7807 MiB, 0x0000000000000001
2026/09/25 04:08:14.808, 0 %, 210 MHz, 405 MHz, 2.20 W, 57, 7807 MiB, 0x0000000000000001
2026/09/25 04:08:15.820, 0 %, 210 MHz, 405 MHz, 3.58 W, 57, 7807 MiB, 0x0000000000000001
2026/09/25 04:08:16.822, 0 %, 210 MHz, 405 MHz, 2.24 W, 57, 7807 MiB, 0x0000000000000001
2026/09/25 04:08:17.826, 0 %, 210 MHz, 405 MHz, 2.22 W, 57, 7807 MiB, 0x0000000000000001
2026/09/25 04:08:18.829, 0 %, 210 MHz, 405 MHz, 2.18 W, 57, 7807 MiB, 0x0000000000000001
2026/09/25 04:08:19.844, 0 %, 210 MHz, 405 MHz, 2.41 W, 57, 7813 MiB, 0x0000000000000001
2026/09/25 04:08:20.857, 100 %, 2310 MHz, 8001 MHz, 106.80 W, 70, 7813 MiB, 0x0000000000000004
2026/09/25 04:08:21.860, 100 %, 2340 MHz, 8001 MHz, 101.33 W, 71, 7813 MiB, 0x0000000000000004
2026/09/25 04:08:22.875, 100 %, 2295 MHz, 8001 MHz, 100.08 W, 71, 7813 MiB, 0x0000000000000004
2026/09/25 04:08:23.878, 100 %, 2385 MHz, 8001 MHz, 101.43 W, 70, 7813 MiB, 0x0000000000000004
2026/09/25 04:08:24.881, 100 %, 2400 MHz, 8001 MHz, 98.71 W, 71, 7813 MiB, 0x0000000000000004
2026/09/25 04:08:25.896, 100 %, 2535 MHz, 8001 MHz, 115.66 W, 71, 7813 MiB, 0x0000000000000004
2026/09/25 04:08:26.897, 100 %, 2550 MHz, 8001 MHz, 101.69 W, 71, 7813 MiB, 0x0000000000000000
2026/09/25 04:08:27.899, 99 %, 2535 MHz, 8001 MHz, 100.14 W, 72, 7813 MiB, 0x0000000000000000
2026/09/25 04:08:28.903, 100 %, 2535 MHz, 8001 MHz, 100.09 W, 73, 7813 MiB, 0x0000000000000004
2026/09/25 04:08:29.909, 100 %, 2550 MHz, 8001 MHz, 98.70 W, 73, 7813 MiB, 0x0000000000000000
2026/09/25 04:08:30.912, 100 %, 2550 MHz, 8001 MHz, 98.36 W, 73, 7813 MiB, 0x0000000000000000
2026/09/25 04:08:31.927, 100 %, 2550 MHz, 8001 MHz, 98.68 W, 74, 7813 MiB, 0x0000000000000000
2026/09/25 04:08:32.929, 100 %, 2550 MHz, 8001 MHz, 98.59 W, 74, 7813 MiB, 0x0000000000000000
2026/09/25 04:08:33.934, 100 %, 2550 MHz, 8001 MHz, 97.88 W, 74, 7813 MiB, 0x0000000000000000
2026/09/25 04:08:34.937, 99 %, 2550 MHz, 8001 MHz, 98.13 W, 74, 7813 MiB, 0x0000000000000000
2026/09/25 04:08:35.939, 100 %, 2550 MHz, 8001 MHz, 101.41 W, 75, 7813 MiB, 0x0000000000000000
2026/09/25 04:08:36.941, 100 %, 2550 MHz, 8001 MHz, 98.10 W, 76, 7813 MiB, 0x0000000000000000
2026/09/25 04:08:37.947, 100 %, 2550 MHz, 8001 MHz, 98.58 W, 77, 7813 MiB, 0x0000000000000000
2026/09/25 04:08:38.954, 100 %, 2550 MHz, 8001 MHz, 98.03 W, 76, 7813 MiB, 0x0000000000000000
2026/09/25 04:08:39.956, 100 %, 2550 MHz, 8001 MHz, 98.35 W, 76, 7813 MiB, 0x0000000000000000
2026/09/25 04:08:40.971, 100 %, 2550 MHz, 8001 MHz, 98.87 W, 77, 7813 MiB, 0x0000000000000000
2026/09/25 04:08:41.975, 100 %, 2550 MHz, 8001 MHz, 98.20 W, 77, 7813 MiB, 0x0000000000000000
2026/09/25 04:08:42.976, 100 %, 2550 MHz, 8001 MHz, 98.54 W, 77, 7813 MiB, 0x0000000000000000
2026/09/25 04:08:43.979, 99 %, 2145 MHz, 8001 MHz, 99.09 W, 85, 7813 MiB, 0x0000000000000004
2026/09/25 04:08:44.984, 0 %, 2550 MHz, 8001 MHz, 24.97 W, 70, 7813 MiB, 0x0000000000000000
2026/09/25 04:08:45.985, 0 %, 2550 MHz, 8001 MHz, 24.77 W, 70, 7813 MiB, 0x0000000000000000
2026/09/25 04:08:46.986, 0 %, 510 MHz, 8001 MHz, 11.04 W, 68, 7813 MiB, 0x0000000000000001
2026/09/25 04:08:48.001, 0 %, 330 MHz, 6001 MHz, 8.28 W, 68, 7813 MiB, 0x0000000000000001
2026/09/25 04:08:49.003, 0 %, 210 MHz, 6001 MHz, 8.21 W, 68, 7813 MiB, 0x0000000000000001
2026/09/25 04:08:50.007, 0 %, 210 MHz, 810 MHz, 4.77 W, 67, 7813 MiB, 0x0000000000000001
2026/09/25 04:08:51.011, 0 %, 210 MHz, 405 MHz, 3.40 W, 67, 7813 MiB, 0x0000000000000001
2026/09/25 04:08:52.027, 0 %, 210 MHz, 405 MHz, 1.81 W, 67, 7813 MiB, 0x0000000000000001
2026/09/25 04:08:53.029, 0 %, 210 MHz, 405 MHz, 1.77 W, 66, 7813 MiB, 0x0000000000000001
2026/09/25 04:08:54.036, 0 %, 210 MHz, 405 MHz, 1.78 W, 66, 7813 MiB, 0x0000000000000001
2026/09/25 04:08:55.038, 0 %, 210 MHz, 405 MHz, 1.75 W, 66, 7813 MiB, 0x0000000000000001
2026/09/25 04:08:56.040, 0 %, 210 MHz, 405 MHz, 1.77 W, 66, 7813 MiB, 0x0000000000000001
2026/09/25 04:08:57.054, 0 %, 210 MHz, 405 MHz, 1.83 W, 66, 7813 MiB, 0x0000000000000001
2026/09/25 04:08:58.066, 0 %, 210 MHz, 405 MHz, 1.82 W, 65, 7813 MiB, 0x0000000000000001
2026/09/25 04:08:59.068, 0 %, 210 MHz, 405 MHz, 1.78 W, 65, 7813 MiB, 0x0000000000000001
2026/09/25 04:09:00.084, 0 %, 210 MHz, 405 MHz, 1.77 W, 65, 7813 MiB, 0x0000000000000001
2026/09/25 04:09:01.100, 0 %, 210 MHz, 405 MHz, 1.78 W, 65, 7813 MiB, 0x0000000000000001
2026/09/25 04:09:02.102, 0 %, 210 MHz, 405 MHz, 1.83 W, 65, 7813 MiB, 0x0000000000000001
2026/09/25 04:09:03.107, 0 %, 210 MHz, 405 MHz, 1.92 W, 65, 7813 MiB, 0x0000000000000001
2026/09/25 04:09:04.110, 0 %, 210 MHz, 405 MHz, 1.92 W, 64, 7813 MiB, 0x0000000000000001
2026/09/25 04:09:05.126, 0 %, 210 MHz, 405 MHz, 1.87 W, 64, 7813 MiB, 0x0000000000000001
2026/09/25 04:09:06.129, 0 %, 210 MHz, 405 MHz, 1.89 W, 64, 7813 MiB, 0x0000000000000001
2026/09/25 04:09:07.131, 0 %, 210 MHz, 405 MHz, 1.90 W, 64, 7813 MiB, 0x0000000000000001
2026/09/25 04:09:08.146, 0 %, 210 MHz, 405 MHz, 1.88 W, 64, 7813 MiB, 0x0000000000000001
2026/09/25 04:09:09.160, 0 %, 210 MHz, 405 MHz, 1.87 W, 64, 7813 MiB, 0x0000000000000001
2026/09/25 04:09:10.161, 0 %, 210 MHz, 405 MHz, 1.86 W, 64, 7813 MiB, 0x0000000000000001
2026/09/25 04:09:11.176, 0 %, 210 MHz, 405 MHz, 1.82 W, 63, 7813 MiB, 0x0000000000000001
2026/09/25 04:09:12.180, 0 %, 210 MHz, 405 MHz, 1.90 W, 63, 7813 MiB, 0x0000000000000001
2026/09/25 04:09:13.186, 0 %, 210 MHz, 405 MHz, 1.88 W, 63, 7813 MiB, 0x0000000000000001
2026/09/25 04:09:14.189, 0 %, 210 MHz, 405 MHz, 1.89 W, 63, 7813 MiB, 0x0000000000000001
2026/09/25 04:09:15.191, 0 %, 210 MHz, 405 MHz, 1.90 W, 63, 7813 MiB, 0x0000000000000001
2026/09/25 04:09:16.206, 0 %, 210 MHz, 405 MHz, 1.92 W, 63, 7813 MiB, 0x0000000000000001
2026/09/25 04:09:17.212, 0 %, 210 MHz, 405 MHz, 1.97 W, 63, 7813 MiB, 0x0000000000000001
2026/09/25 04:09:18.227, 0 %, 210 MHz, 405 MHz, 2.22 W, 63, 7813 MiB, 0x0000000000000001
2026/09/25 04:09:19.242, 0 %, 210 MHz, 405 MHz, 2.00 W, 63, 7813 MiB, 0x0000000000000001
2026/09/25 04:09:20.246, 0 %, 210 MHz, 405 MHz, 1.97 W, 62, 7813 MiB, 0x0000000000000001
2026/09/25 04:09:21.250, 0 %, 210 MHz, 405 MHz, 1.95 W, 62, 7813 MiB, 0x0000000000000001
2026/09/25 04:09:22.252, 0 %, 210 MHz, 405 MHz, 1.95 W, 62, 7813 MiB, 0x0000000000000001
2026/09/25 04:09:23.257, 0 %, 210 MHz, 405 MHz, 1.93 W, 62, 7813 MiB, 0x0000000000000001
2026/09/25 04:09:24.260, 0 %, 210 MHz, 405 MHz, 1.92 W, 62, 7813 MiB, 0x0000000000000001
2026/09/25 04:09:25.265, 0 %, 210 MHz, 405 MHz, 1.93 W, 62, 7813 MiB, 0x0000000000000001
2026/09/25 04:09:26.269, 0 %, 210 MHz, 405 MHz, 4.33 W, 62, 7813 MiB, 0x0000000000000001
2026/09/25 04:09:27.279, 0 %, 210 MHz, 405 MHz, 1.97 W, 62, 7813 MiB, 0x0000000000000001
2026/09/25 04:09:28.284, 0 %, 210 MHz, 405 MHz, 1.98 W, 62, 7813 MiB, 0x0000000000000001
2026/09/25 04:09:29.299, 0 %, 210 MHz, 405 MHz, 2.00 W, 62, 7813 MiB, 0x0000000000000001
2026/09/25 04:09:30.302, 0 %, 210 MHz, 405 MHz, 2.02 W, 62, 7813 MiB, 0x0000000000000001
2026/09/25 04:09:31.303, 0 %, 210 MHz, 405 MHz, 2.05 W, 62, 7813 MiB, 0x0000000000000001
2026/09/25 04:09:32.308, 0 %, 210 MHz, 405 MHz, 2.04 W, 61, 7813 MiB, 0x0000000000000001
2026/09/25 04:09:33.308, 0 %, 210 MHz, 405 MHz, 2.05 W, 61, 7813 MiB, 0x0000000000000001
2026/09/25 04:09:34.312, 0 %, 210 MHz, 405 MHz, 2.04 W, 61, 7813 MiB, 0x0000000000000001
2026/09/25 04:09:35.316, 0 %, 210 MHz, 405 MHz, 2.02 W, 61, 7813 MiB, 0x0000000000000001
2026/09/25 04:09:36.319, 0 %, 210 MHz, 405 MHz, 2.00 W, 61, 7813 MiB, 0x0000000000000001
2026/09/25 04:09:37.320, 0 %, 210 MHz, 405 MHz, 2.02 W, 61, 7813 MiB, 0x0000000000000001
2026/09/25 04:09:38.325, 0 %, 210 MHz, 405 MHz, 2.04 W, 61, 7813 MiB, 0x0000000000000001
2026/09/25 04:09:39.340, 0 %, 210 MHz, 405 MHz, 2.02 W, 61, 7813 MiB, 0x0000000000000001
2026/09/25 04:09:40.353, 0 %, 210 MHz, 405 MHz, 2.02 W, 61, 7813 MiB, 0x0000000000000001
2026/09/25 04:09:41.367, 0 %, 210 MHz, 405 MHz, 2.03 W, 61, 7813 MiB, 0x0000000000000001
2026/09/25 04:09:42.369, 0 %, 210 MHz, 405 MHz, 2.49 W, 61, 7813 MiB, 0x0000000000000001
2026/09/25 04:09:43.371, 0 %, 210 MHz, 405 MHz, 2.05 W, 61, 7813 MiB, 0x0000000000000001
2026/09/25 04:09:44.373, 0 %, 210 MHz, 405 MHz, 2.70 W, 61, 7813 MiB, 0x0000000000000001
2026/09/25 04:09:45.376, 0 %, 210 MHz, 405 MHz, 2.07 W, 61, 7813 MiB, 0x0000000000000001
2026/09/25 04:09:46.380, 0 %, 210 MHz, 405 MHz, 3.70 W, 61, 7813 MiB, 0x0000000000000001
2026/09/25 04:09:47.394, 0 %, 210 MHz, 405 MHz, 2.34 W, 60, 7813 MiB, 0x0000000000000001
2026/09/25 04:09:48.395, 0 %, 210 MHz, 405 MHz, 2.11 W, 60, 7813 MiB, 0x0000000000000001
2026/09/25 04:09:49.410, 0 %, 210 MHz, 405 MHz, 2.01 W, 60, 7813 MiB, 0x0000000000000001
2026/09/25 04:09:50.414, 0 %, 210 MHz, 405 MHz, 2.06 W, 60, 7813 MiB, 0x0000000000000001
2026/09/25 04:09:51.418, 0 %, 210 MHz, 405 MHz, 2.08 W, 60, 7813 MiB, 0x0000000000000001
2026/09/25 04:09:52.422, 0 %, 210 MHz, 405 MHz, 2.10 W, 60, 7813 MiB, 0x0000000000000001
2026/09/25 04:09:53.428, 100 %, 210 MHz, 405 MHz, 6.05 W, 60, 7813 MiB, 0x0000000000000001
2026/09/25 04:09:54.440, 99 %, 2325 MHz, 8001 MHz, 102.46 W, 73, 7813 MiB, 0x0000000000000004
2026/09/25 04:09:55.455, 100 %, 2265 MHz, 8001 MHz, 101.35 W, 74, 7813 MiB, 0x0000000000000004
2026/09/25 04:09:56.458, 100 %, 2235 MHz, 8001 MHz, 101.01 W, 74, 7813 MiB, 0x0000000000000004
2026/09/25 04:09:57.473, 100 %, 2370 MHz, 8001 MHz, 101.77 W, 75, 7813 MiB, 0x0000000000000004
2026/09/25 04:09:58.487, 99 %, 2505 MHz, 8001 MHz, 103.21 W, 75, 7813 MiB, 0x0000000000000004
2026/09/25 04:09:59.488, 100 %, 2490 MHz, 8001 MHz, 101.22 W, 75, 7813 MiB, 0x0000000000000004
2026/09/25 04:10:00.491, 99 %, 2550 MHz, 8001 MHz, 103.30 W, 75, 7813 MiB, 0x0000000000000000
2026/09/25 04:10:01.493, 100 %, 2550 MHz, 8001 MHz, 101.60 W, 75, 7813 MiB, 0x0000000000000000
2026/09/25 04:10:02.496, 100 %, 2535 MHz, 8001 MHz, 101.21 W, 75, 7813 MiB, 0x0000000000000000
2026/09/25 04:10:03.501, 100 %, 2550 MHz, 8001 MHz, 100.82 W, 76, 7813 MiB, 0x0000000000000000
2026/09/25 04:10:04.507, 100 %, 2550 MHz, 8001 MHz, 99.59 W, 76, 7813 MiB, 0x0000000000000000
2026/09/25 04:10:05.511, 100 %, 2550 MHz, 8001 MHz, 100.05 W, 77, 7813 MiB, 0x0000000000000000
2026/09/25 04:10:06.514, 100 %, 2550 MHz, 8001 MHz, 100.31 W, 77, 7813 MiB, 0x0000000000000000
2026/09/25 04:10:07.521, 100 %, 2550 MHz, 8001 MHz, 99.36 W, 78, 7813 MiB, 0x0000000000000000
2026/09/25 04:10:08.536, 100 %, 2550 MHz, 8001 MHz, 99.70 W, 79, 7813 MiB, 0x0000000000000000
2026/09/25 04:10:09.551, 100 %, 2550 MHz, 8001 MHz, 99.70 W, 78, 7813 MiB, 0x0000000000000000
2026/09/25 04:10:10.553, 100 %, 2550 MHz, 8001 MHz, 99.39 W, 78, 7813 MiB, 0x0000000000000000
2026/09/25 04:10:11.554, 100 %, 2550 MHz, 8001 MHz, 100.17 W, 79, 7813 MiB, 0x0000000000000000
2026/09/25 04:10:12.557, 100 %, 2550 MHz, 8001 MHz, 99.42 W, 79, 7813 MiB, 0x0000000000000000
2026/09/25 04:10:13.561, 100 %, 2550 MHz, 8001 MHz, 99.37 W, 80, 7813 MiB, 0x0000000000000000
2026/09/25 04:10:14.564, 100 %, 2550 MHz, 8001 MHz, 99.78 W, 80, 7813 MiB, 0x0000000000000000
2026/09/25 04:10:15.566, 100 %, 2550 MHz, 8001 MHz, 100.24 W, 81, 7813 MiB, 0x0000000000000000
2026/09/25 04:10:16.568, 100 %, 2550 MHz, 8001 MHz, 99.59 W, 80, 7813 MiB, 0x0000000000000000
2026/09/25 04:10:17.572, 100 %, 2550 MHz, 8001 MHz, 100.25 W, 81, 7813 MiB, 0x0000000000000000
2026/09/25 04:10:18.574, 0 %, 2550 MHz, 8001 MHz, 78.00 W, 73, 7813 MiB, 0x0000000000000000
2026/09/25 04:10:19.579, 0 %, 2550 MHz, 8001 MHz, 25.59 W, 73, 7813 MiB, 0x0000000000000000
2026/09/25 04:10:20.593, 0 %, 510 MHz, 8001 MHz, 22.99 W, 71, 7813 MiB, 0x0000000000000001
2026/09/25 04:10:21.598, 0 %, 330 MHz, 6001 MHz, 8.69 W, 71, 7813 MiB, 0x0000000000000001
2026/09/25 04:10:22.601, 0 %, 210 MHz, 6001 MHz, 8.35 W, 70, 7813 MiB, 0x0000000000000001
2026/09/25 04:10:23.603, 0 %, 210 MHz, 6001 MHz, 8.34 W, 70, 7813 MiB, 0x0000000000000001
2026/09/25 04:10:24.609, 0 %, 210 MHz, 810 MHz, 4.37 W, 70, 7813 MiB, 0x0000000000000001
2026/09/25 04:10:25.614, 0 %, 210 MHz, 405 MHz, 2.21 W, 69, 7813 MiB, 0x0000000000000001
2026/09/25 04:10:26.620, 0 %, 210 MHz, 405 MHz, 1.77 W, 69, 7813 MiB, 0x0000000000000001
2026/09/25 04:10:27.635, 0 %, 210 MHz, 405 MHz, 1.77 W, 69, 7813 MiB, 0x0000000000000001
2026/09/25 04:10:28.637, 0 %, 210 MHz, 405 MHz, 1.78 W, 69, 7813 MiB, 0x0000000000000001
2026/09/25 04:10:29.639, 0 %, 210 MHz, 405 MHz, 1.77 W, 69, 7813 MiB, 0x0000000000000001
2026/09/25 04:10:30.657, 0 %, 210 MHz, 405 MHz, 1.78 W, 68, 7813 MiB, 0x0000000000000001
2026/09/25 04:10:31.671, 0 %, 210 MHz, 405 MHz, 1.79 W, 68, 7813 MiB, 0x0000000000000001
2026/09/25 04:10:32.674, 0 %, 210 MHz, 405 MHz, 1.78 W, 68, 7813 MiB, 0x0000000000000001
2026/09/25 04:10:33.677, 0 %, 210 MHz, 405 MHz, 1.83 W, 68, 7813 MiB, 0x0000000000000001
2026/09/25 04:10:34.679, 0 %, 210 MHz, 405 MHz, 1.83 W, 68, 7813 MiB, 0x0000000000000001
2026/09/25 04:10:35.682, 0 %, 210 MHz, 405 MHz, 1.78 W, 67, 7813 MiB, 0x0000000000000001
2026/09/25 04:10:36.697, 0 %, 210 MHz, 405 MHz, 1.82 W, 67, 7813 MiB, 0x0000000000000001
2026/09/25 04:10:37.698, 0 %, 210 MHz, 405 MHz, 1.84 W, 67, 7813 MiB, 0x0000000000000001
2026/09/25 04:10:38.702, 0 %, 210 MHz, 405 MHz, 2.00 W, 67, 7813 MiB, 0x0000000000000001
2026/09/25 04:10:39.706, 0 %, 210 MHz, 405 MHz, 1.78 W, 67, 7813 MiB, 0x0000000000000001
2026/09/25 04:10:40.709, 0 %, 210 MHz, 405 MHz, 1.78 W, 67, 7813 MiB, 0x0000000000000001
2026/09/25 04:10:41.712, 0 %, 210 MHz, 405 MHz, 1.77 W, 67, 7813 MiB, 0x0000000000000001
2026/09/25 04:10:42.727, 0 %, 210 MHz, 405 MHz, 1.82 W, 66, 7813 MiB, 0x0000000000000001
2026/09/25 04:10:43.729, 0 %, 210 MHz, 405 MHz, 1.81 W, 66, 7813 MiB, 0x0000000000000001
2026/09/25 04:10:44.730, 0 %, 210 MHz, 405 MHz, 1.82 W, 66, 7813 MiB, 0x0000000000000001
2026/09/25 04:10:45.732, 0 %, 210 MHz, 405 MHz, 1.82 W, 66, 7813 MiB, 0x0000000000000001
2026/09/25 04:10:46.747, 0 %, 210 MHz, 405 MHz, 1.83 W, 66, 7813 MiB, 0x0000000000000001
2026/09/25 04:10:47.752, 0 %, 210 MHz, 405 MHz, 1.83 W, 66, 7813 MiB, 0x0000000000000001
2026/09/25 04:10:48.758, 0 %, 210 MHz, 405 MHz, 1.83 W, 66, 7813 MiB, 0x0000000000000001
2026/09/25 04:10:49.763, 0 %, 210 MHz, 405 MHz, 1.83 W, 65, 7813 MiB, 0x0000000000000001
2026/09/25 04:10:50.767, 0 %, 210 MHz, 405 MHz, 1.84 W, 65, 7813 MiB, 0x0000000000000001
2026/09/25 04:10:51.770, 0 %, 210 MHz, 405 MHz, 1.87 W, 65, 7813 MiB, 0x0000000000000001
2026/09/25 04:10:52.773, 0 %, 210 MHz, 405 MHz, 1.89 W, 65, 7813 MiB, 0x0000000000000001
2026/09/25 04:10:53.779, 0 %, 210 MHz, 405 MHz, 1.89 W, 65, 7813 MiB, 0x0000000000000001
2026/09/25 04:10:54.786, 0 %, 210 MHz, 405 MHz, 1.92 W, 65, 7813 MiB, 0x0000000000000001
2026/09/25 04:10:55.788, 0 %, 210 MHz, 405 MHz, 1.93 W, 65, 7813 MiB, 0x0000000000000001
2026/09/25 04:10:56.790, 0 %, 210 MHz, 405 MHz, 1.91 W, 65, 7813 MiB, 0x0000000000000001
2026/09/25 04:10:57.791, 0 %, 210 MHz, 405 MHz, 1.97 W, 65, 7813 MiB, 0x0000000000000001
2026/09/25 04:10:58.797, 0 %, 210 MHz, 405 MHz, 1.98 W, 64, 7813 MiB, 0x0000000000000001
2026/09/25 04:10:59.799, 0 %, 210 MHz, 405 MHz, 1.95 W, 64, 7813 MiB, 0x0000000000000001
2026/09/25 04:11:00.806, 0 %, 210 MHz, 405 MHz, 1.93 W, 64, 7813 MiB, 0x0000000000000001
2026/09/25 04:11:01.810, 0 %, 210 MHz, 405 MHz, 1.92 W, 64, 7813 MiB, 0x0000000000000001
2026/09/25 04:11:02.812, 0 %, 210 MHz, 405 MHz, 1.94 W, 64, 7813 MiB, 0x0000000000000001
2026/09/25 04:11:03.813, 0 %, 210 MHz, 405 MHz, 1.91 W, 64, 7813 MiB, 0x0000000000000001
2026/09/25 04:11:04.817, 0 %, 210 MHz, 405 MHz, 1.87 W, 64, 7813 MiB, 0x0000000000000001
2026/09/25 04:11:05.824, 0 %, 210 MHz, 405 MHz, 1.86 W, 64, 7813 MiB, 0x0000000000000001
2026/09/25 04:11:06.826, 0 %, 210 MHz, 405 MHz, 1.91 W, 64, 7813 MiB, 0x0000000000000001
2026/09/25 04:11:07.831, 0 %, 210 MHz, 405 MHz, 1.96 W, 64, 7813 MiB, 0x0000000000000001
2026/09/25 04:11:08.841, 0 %, 210 MHz, 405 MHz, 1.98 W, 63, 7813 MiB, 0x0000000000000001
2026/09/25 04:11:09.844, 0 %, 210 MHz, 405 MHz, 1.93 W, 63, 7813 MiB, 0x0000000000000001
2026/09/25 04:11:10.847, 0 %, 210 MHz, 405 MHz, 1.89 W, 63, 7813 MiB, 0x0000000000000001
2026/09/25 04:11:11.854, 0 %, 210 MHz, 405 MHz, 1.95 W, 63, 7813 MiB, 0x0000000000000001
2026/09/25 04:11:12.855, 0 %, 210 MHz, 405 MHz, 1.98 W, 63, 7813 MiB, 0x0000000000000001
2026/09/25 04:11:13.859, 0 %, 210 MHz, 405 MHz, 1.92 W, 63, 7813 MiB, 0x0000000000000001
2026/09/25 04:11:14.863, 0 %, 210 MHz, 405 MHz, 1.91 W, 63, 7813 MiB, 0x0000000000000001
2026/09/25 04:11:15.868, 0 %, 210 MHz, 405 MHz, 1.91 W, 63, 7813 MiB, 0x0000000000000001
2026/09/25 04:11:16.872, 0 %, 210 MHz, 405 MHz, 1.91 W, 63, 7813 MiB, 0x0000000000000001
2026/09/25 04:11:17.874, 0 %, 210 MHz, 405 MHz, 1.92 W, 63, 7813 MiB, 0x0000000000000001
2026/09/25 04:11:18.879, 0 %, 210 MHz, 405 MHz, 1.94 W, 63, 7813 MiB, 0x0000000000000001
2026/09/25 04:11:19.881, 0 %, 210 MHz, 405 MHz, 1.95 W, 63, 7813 MiB, 0x0000000000000001
2026/09/25 04:11:20.884, 0 %, 210 MHz, 405 MHz, 1.95 W, 63, 7813 MiB, 0x0000000000000001
2026/09/25 04:11:21.887, 0 %, 210 MHz, 405 MHz, 1.99 W, 62, 7813 MiB, 0x0000000000000001
2026/09/25 04:11:22.893, 0 %, 210 MHz, 405 MHz, 2.07 W, 62, 7813 MiB, 0x0000000000000001
2026/09/25 04:11:23.895, 0 %, 210 MHz, 405 MHz, 2.07 W, 62, 7813 MiB, 0x0000000000000001
2026/09/25 04:11:24.897, 0 %, 210 MHz, 405 MHz, 2.05 W, 62, 7813 MiB, 0x0000000000000001
2026/09/25 04:11:25.910, 0 %, 210 MHz, 405 MHz, 2.01 W, 62, 7813 MiB, 0x0000000000000001
2026/09/25 04:11:26.925, 0 %, 210 MHz, 405 MHz, 1.97 W, 62, 7813 MiB, 0x0000000000000001
2026/09/25 04:11:27.928, 0 %, 210 MHz, 405 MHz, 1.99 W, 62, 7813 MiB, 0x0000000000000001
2026/09/25 04:11:28.932, 0 %, 210 MHz, 405 MHz, 2.07 W, 62, 7813 MiB, 0x0000000000000001
2026/09/25 04:11:29.937, 0 %, 210 MHz, 405 MHz, 2.09 W, 62, 7813 MiB, 0x0000000000000001
2026/09/25 04:11:30.939, 0 %, 210 MHz, 405 MHz, 2.08 W, 62, 7813 MiB, 0x0000000000000001
2026/09/25 04:11:31.943, 0 %, 210 MHz, 405 MHz, 2.10 W, 62, 7813 MiB, 0x0000000000000001
2026/09/25 04:11:32.948, 0 %, 210 MHz, 405 MHz, 2.11 W, 62, 7813 MiB, 0x0000000000000001
2026/09/25 04:11:33.963, 0 %, 210 MHz, 405 MHz, 2.11 W, 62, 7813 MiB, 0x0000000000000001
2026/09/25 04:11:34.966, 0 %, 210 MHz, 405 MHz, 2.09 W, 62, 7813 MiB, 0x0000000000000001
2026/09/25 04:11:35.968, 0 %, 210 MHz, 405 MHz, 2.07 W, 61, 7813 MiB, 0x0000000000000001
2026/09/25 04:11:36.973, 0 %, 210 MHz, 405 MHz, 2.06 W, 61, 7813 MiB, 0x0000000000000001
2026/09/25 04:11:37.979, 0 %, 210 MHz, 405 MHz, 2.04 W, 61, 7813 MiB, 0x0000000000000001
2026/09/25 04:11:38.982, 0 %, 210 MHz, 405 MHz, 2.03 W, 61, 7813 MiB, 0x0000000000000001
2026/09/25 04:11:39.991, 0 %, 210 MHz, 405 MHz, 2.03 W, 61, 7813 MiB, 0x0000000000000001
2026/09/25 04:11:40.996, 0 %, 210 MHz, 405 MHz, 2.05 W, 61, 7813 MiB, 0x0000000000000001
2026/09/25 04:11:41.998, 0 %, 210 MHz, 405 MHz, 2.08 W, 61, 7813 MiB, 0x0000000000000001
2026/09/25 04:11:43.004, 0 %, 210 MHz, 405 MHz, 2.08 W, 61, 7813 MiB, 0x0000000000000001
2026/09/25 04:11:44.009, 0 %, 210 MHz, 405 MHz, 2.06 W, 61, 7813 MiB, 0x0000000000000001
2026/09/25 04:11:45.012, 0 %, 210 MHz, 405 MHz, 2.05 W, 61, 7813 MiB, 0x0000000000000001
2026/09/25 04:11:46.025, 0 %, 210 MHz, 405 MHz, 2.05 W, 61, 7813 MiB, 0x0000000000000001
2026/09/25 04:11:47.028, 0 %, 210 MHz, 405 MHz, 2.02 W, 61, 7813 MiB, 0x0000000000000001
2026/09/25 04:11:48.032, 0 %, 210 MHz, 405 MHz, 2.02 W, 61, 7813 MiB, 0x0000000000000001
2026/09/25 04:11:49.034, 0 %, 210 MHz, 405 MHz, 2.04 W, 61, 7813 MiB, 0x0000000000000001
2026/09/25 04:11:50.041, 0 %, 210 MHz, 405 MHz, 2.04 W, 61, 7813 MiB, 0x0000000000000001
2026/09/25 04:11:51.045, 0 %, 210 MHz, 405 MHz, 2.07 W, 61, 7813 MiB, 0x0000000000000001
2026/09/25 04:11:52.054, 0 %, 210 MHz, 405 MHz, 2.10 W, 61, 7813 MiB, 0x0000000000000001
2026/09/25 04:11:53.064, 0 %, 210 MHz, 405 MHz, 2.08 W, 60, 7813 MiB, 0x0000000000000001
2026/09/25 04:11:54.069, 0 %, 210 MHz, 405 MHz, 2.09 W, 60, 7813 MiB, 0x0000000000000001
2026/09/25 04:11:55.078, 0 %, 210 MHz, 405 MHz, 2.14 W, 60, 7813 MiB, 0x0000000000000001
2026/09/25 04:11:56.081, 0 %, 210 MHz, 405 MHz, 2.15 W, 60, 7813 MiB, 0x0000000000000001
2026/09/25 04:11:57.085, 0 %, 210 MHz, 405 MHz, 2.13 W, 60, 7813 MiB, 0x0000000000000001
2026/09/25 04:11:58.088, 98 %, 1605 MHz, 8001 MHz, 3.19 W, 60, 7813 MiB, 0x0000000000000001
2026/09/25 04:11:59.091, 100 %, 2355 MHz, 8001 MHz, 106.97 W, 74, 7813 MiB, 0x0000000000000004
2026/09/25 04:12:00.093, 100 %, 2340 MHz, 8001 MHz, 105.40 W, 75, 7813 MiB, 0x0000000000000004
2026/09/25 04:12:01.094, 100 %, 2325 MHz, 8001 MHz, 104.78 W, 75, 7813 MiB, 0x0000000000000004
2026/09/25 04:12:02.096, 100 %, 2400 MHz, 8001 MHz, 104.86 W, 75, 7813 MiB, 0x0000000000000004
2026/09/25 04:12:03.099, 99 %, 2475 MHz, 8001 MHz, 104.40 W, 76, 7813 MiB, 0x0000000000000004
2026/09/25 04:12:04.102, 100 %, 2535 MHz, 8001 MHz, 103.59 W, 75, 7813 MiB, 0x0000000000000004
2026/09/25 04:12:05.110, 100 %, 2550 MHz, 8001 MHz, 102.50 W, 75, 7813 MiB, 0x0000000000000000
2026/09/25 04:12:06.113, 100 %, 2550 MHz, 8001 MHz, 102.61 W, 76, 7813 MiB, 0x0000000000000000
2026/09/25 04:12:07.115, 100 %, 2550 MHz, 8001 MHz, 102.31 W, 76, 7813 MiB, 0x0000000000000000
2026/09/25 04:12:08.123, 100 %, 2550 MHz, 8001 MHz, 99.98 W, 76, 7813 MiB, 0x0000000000000000
2026/09/25 04:12:09.136, 100 %, 2550 MHz, 8001 MHz, 122.02 W, 77, 7813 MiB, 0x0000000000000000
2026/09/25 04:12:10.150, 100 %, 2550 MHz, 8001 MHz, 101.98 W, 77, 7813 MiB, 0x0000000000000004
2026/09/25 04:12:11.166, 99 %, 2550 MHz, 8001 MHz, 100.21 W, 77, 7813 MiB, 0x0000000000000000
2026/09/25 04:12:12.168, 100 %, 2550 MHz, 8001 MHz, 100.24 W, 78, 7813 MiB, 0x0000000000000000
2026/09/25 04:12:13.174, 100 %, 2550 MHz, 8001 MHz, 100.21 W, 78, 7813 MiB, 0x0000000000000000
2026/09/25 04:12:14.175, 100 %, 2550 MHz, 8001 MHz, 99.71 W, 78, 7813 MiB, 0x0000000000000000
2026/09/25 04:12:15.190, 100 %, 2550 MHz, 8001 MHz, 99.95 W, 80, 7813 MiB, 0x0000000000000000
2026/09/25 04:12:16.191, 100 %, 2550 MHz, 8001 MHz, 99.63 W, 79, 7813 MiB, 0x0000000000000000
2026/09/25 04:12:17.207, 100 %, 2550 MHz, 8001 MHz, 100.07 W, 81, 7813 MiB, 0x0000000000000000
2026/09/25 04:12:18.210, 100 %, 2550 MHz, 8001 MHz, 100.69 W, 80, 7813 MiB, 0x0000000000000000
2026/09/25 04:12:19.215, 100 %, 2550 MHz, 8001 MHz, 100.49 W, 81, 7813 MiB, 0x0000000000000000
2026/09/25 04:12:20.218, 100 %, 2550 MHz, 8001 MHz, 99.95 W, 81, 7813 MiB, 0x0000000000000000
2026/09/25 04:12:21.224, 100 %, 2550 MHz, 8001 MHz, 100.27 W, 82, 7813 MiB, 0x0000000000000000
2026/09/25 04:12:22.230, 0 %, 2550 MHz, 8001 MHz, 75.03 W, 74, 7813 MiB, 0x0000000000000000
2026/09/25 04:12:23.236, 0 %, 2550 MHz, 8001 MHz, 37.89 W, 73, 7813 MiB, 0x0000000000000000
2026/09/25 04:12:24.239, 0 %, 510 MHz, 8001 MHz, 14.35 W, 72, 7813 MiB, 0x0000000000000001
2026/09/25 04:12:25.246, 0 %, 330 MHz, 6001 MHz, 8.84 W, 71, 7813 MiB, 0x0000000000000001
2026/09/25 04:12:26.250, 0 %, 210 MHz, 6001 MHz, 8.40 W, 71, 7813 MiB, 0x0000000000000001
2026/09/25 04:12:27.255, 0 %, 210 MHz, 810 MHz, 4.29 W, 70, 7813 MiB, 0x0000000000000001
2026/09/25 04:12:28.256, 0 %, 210 MHz, 405 MHz, 2.04 W, 70, 7813 MiB, 0x0000000000000001
2026/09/25 04:12:29.257, 0 %, 210 MHz, 405 MHz, 1.91 W, 70, 7813 MiB, 0x0000000000000001
2026/09/25 04:12:30.261, 0 %, 210 MHz, 405 MHz, 1.82 W, 70, 7813 MiB, 0x0000000000000001
2026/09/25 04:12:31.265, 0 %, 210 MHz, 405 MHz, 1.75 W, 70, 7813 MiB, 0x0000000000000001
2026/09/25 04:12:32.273, 0 %, 210 MHz, 405 MHz, 1.91 W, 69, 7813 MiB, 0x0000000000000001
2026/09/25 04:12:33.282, 0 %, 210 MHz, 405 MHz, 1.79 W, 69, 7813 MiB, 0x0000000000000001
2026/09/25 04:12:34.285, 0 %, 210 MHz, 405 MHz, 1.78 W, 69, 7813 MiB, 0x0000000000000001
2026/09/25 04:12:35.300, 0 %, 210 MHz, 405 MHz, 1.75 W, 69, 7813 MiB, 0x0000000000000001
2026/09/25 04:12:36.313, 0 %, 210 MHz, 405 MHz, 1.74 W, 69, 7813 MiB, 0x0000000000000001
2026/09/25 04:12:37.328, 0 %, 210 MHz, 405 MHz, 1.80 W, 68, 7813 MiB, 0x0000000000000001
2026/09/25 04:12:38.339, 0 %, 210 MHz, 405 MHz, 1.80 W, 68, 7813 MiB, 0x0000000000000001
2026/09/25 04:12:39.353, 0 %, 210 MHz, 405 MHz, 1.74 W, 68, 7813 MiB, 0x0000000000000001
2026/09/25 04:12:40.358, 0 %, 210 MHz, 405 MHz, 1.73 W, 68, 7813 MiB, 0x0000000000000001
2026/09/25 04:12:41.366, 0 %, 210 MHz, 405 MHz, 1.75 W, 68, 7813 MiB, 0x0000000000000001
2026/09/25 04:12:42.381, 0 %, 210 MHz, 405 MHz, 1.79 W, 67, 7813 MiB, 0x0000000000000001
2026/09/25 04:12:43.382, 0 %, 210 MHz, 405 MHz, 1.81 W, 67, 7813 MiB, 0x0000000000000001
2026/09/25 04:12:44.386, 0 %, 210 MHz, 405 MHz, 1.81 W, 67, 7813 MiB, 0x0000000000000001
2026/09/25 04:12:45.401, 0 %, 210 MHz, 405 MHz, 1.80 W, 67, 7813 MiB, 0x0000000000000001
2026/09/25 04:12:46.417, 0 %, 210 MHz, 405 MHz, 1.80 W, 67, 7813 MiB, 0x0000000000000001
2026/09/25 04:12:47.419, 0 %, 210 MHz, 405 MHz, 1.83 W, 67, 7813 MiB, 0x0000000000000001
2026/09/25 04:12:48.421, 0 %, 210 MHz, 405 MHz, 1.86 W, 67, 7813 MiB, 0x0000000000000001
2026/09/25 04:12:49.424, 0 %, 210 MHz, 405 MHz, 1.88 W, 66, 7813 MiB, 0x0000000000000001
2026/09/25 04:12:50.430, 0 %, 210 MHz, 405 MHz, 1.86 W, 66, 7813 MiB, 0x0000000000000001
2026/09/25 04:12:51.447, 0 %, 210 MHz, 405 MHz, 1.80 W, 66, 7813 MiB, 0x0000000000000001
2026/09/25 04:12:52.461, 0 %, 210 MHz, 405 MHz, 1.79 W, 66, 7813 MiB, 0x0000000000000001
2026/09/25 04:12:53.469, 0 %, 210 MHz, 405 MHz, 1.82 W, 66, 7813 MiB, 0x0000000000000001
2026/09/25 04:12:54.473, 0 %, 210 MHz, 405 MHz, 1.85 W, 66, 7813 MiB, 0x0000000000000001
2026/09/25 04:12:55.474, 0 %, 210 MHz, 405 MHz, 1.85 W, 66, 7813 MiB, 0x0000000000000001
2026/09/25 04:12:56.474, 0 %, 210 MHz, 405 MHz, 1.84 W, 66, 7813 MiB, 0x0000000000000001
2026/09/25 04:12:57.478, 0 %, 210 MHz, 405 MHz, 1.84 W, 66, 7813 MiB, 0x0000000000000001
2026/09/25 04:12:58.494, 0 %, 210 MHz, 405 MHz, 1.84 W, 65, 7813 MiB, 0x0000000000000001
2026/09/25 04:12:59.497, 0 %, 210 MHz, 405 MHz, 1.84 W, 65, 7813 MiB, 0x0000000000000001
2026/09/25 04:13:00.499, 0 %, 210 MHz, 405 MHz, 1.81 W, 65, 7813 MiB, 0x0000000000000001
2026/09/25 04:13:01.502, 0 %, 210 MHz, 405 MHz, 1.84 W, 65, 7813 MiB, 0x0000000000000001
2026/09/25 04:13:02.503, 0 %, 210 MHz, 405 MHz, 2.32 W, 65, 7813 MiB, 0x0000000000000001
2026/09/25 04:13:03.507, 0 %, 210 MHz, 405 MHz, 1.79 W, 65, 7813 MiB, 0x0000000000000001
2026/09/25 04:13:04.511, 0 %, 210 MHz, 405 MHz, 1.79 W, 65, 7813 MiB, 0x0000000000000001
2026/09/25 04:13:05.525, 0 %, 210 MHz, 405 MHz, 1.82 W, 65, 7813 MiB, 0x0000000000000001
2026/09/25 04:13:06.528, 0 %, 210 MHz, 405 MHz, 1.80 W, 65, 7813 MiB, 0x0000000000000001
2026/09/25 04:13:07.532, 0 %, 210 MHz, 405 MHz, 1.90 W, 65, 7813 MiB, 0x0000000000000001
2026/09/25 04:13:08.535, 0 %, 210 MHz, 405 MHz, 1.80 W, 64, 7813 MiB, 0x0000000000000001
2026/09/25 04:13:09.537, 0 %, 210 MHz, 405 MHz, 1.96 W, 64, 7813 MiB, 0x0000000000000001
2026/09/25 04:13:10.539, 0 %, 210 MHz, 405 MHz, 1.91 W, 64, 7813 MiB, 0x0000000000000001
2026/09/25 04:13:11.546, 0 %, 210 MHz, 405 MHz, 1.84 W, 64, 7813 MiB, 0x0000000000000001
2026/09/25 04:13:12.553, 0 %, 210 MHz, 405 MHz, 1.78 W, 64, 7813 MiB, 0x0000000000000001
2026/09/25 04:13:13.558, 0 %, 210 MHz, 405 MHz, 1.81 W, 64, 7813 MiB, 0x0000000000000001
2026/09/25 04:13:14.564, 0 %, 210 MHz, 405 MHz, 1.83 W, 64, 7813 MiB, 0x0000000000000001
2026/09/25 04:13:15.568, 0 %, 210 MHz, 405 MHz, 1.93 W, 64, 7813 MiB, 0x0000000000000001
2026/09/25 04:13:16.568, 0 %, 210 MHz, 405 MHz, 1.84 W, 64, 7813 MiB, 0x0000000000000001
2026/09/25 04:13:17.573, 0 %, 210 MHz, 405 MHz, 1.87 W, 64, 7813 MiB, 0x0000000000000001
2026/09/25 04:13:18.578, 0 %, 210 MHz, 405 MHz, 1.94 W, 64, 7813 MiB, 0x0000000000000001
2026/09/25 04:13:19.593, 0 %, 210 MHz, 405 MHz, 1.93 W, 64, 7813 MiB, 0x0000000000000001
2026/09/25 04:13:20.608, 0 %, 210 MHz, 405 MHz, 1.88 W, 64, 7813 MiB, 0x0000000000000001
2026/09/25 04:13:21.611, 0 %, 210 MHz, 405 MHz, 1.87 W, 64, 7813 MiB, 0x0000000000000001
2026/09/25 04:13:22.614, 0 %, 210 MHz, 405 MHz, 1.85 W, 63, 7813 MiB, 0x0000000000000001
2026/09/25 04:13:23.617, 0 %, 210 MHz, 405 MHz, 1.90 W, 63, 7813 MiB, 0x0000000000000001
2026/09/25 04:13:24.626, 0 %, 210 MHz, 405 MHz, 1.94 W, 63, 7813 MiB, 0x0000000000000001
2026/09/25 04:13:25.633, 0 %, 210 MHz, 405 MHz, 1.93 W, 63, 7813 MiB, 0x0000000000000001
2026/09/25 04:13:26.636, 0 %, 210 MHz, 405 MHz, 1.92 W, 63, 7813 MiB, 0x0000000000000001
2026/09/25 04:13:27.637, 0 %, 210 MHz, 405 MHz, 1.92 W, 63, 7813 MiB, 0x0000000000000001
2026/09/25 04:13:28.643, 0 %, 210 MHz, 405 MHz, 1.92 W, 63, 7813 MiB, 0x0000000000000001
2026/09/25 04:13:29.649, 0 %, 210 MHz, 405 MHz, 1.92 W, 63, 7813 MiB, 0x0000000000000001
2026/09/25 04:13:30.650, 0 %, 210 MHz, 405 MHz, 1.97 W, 63, 7813 MiB, 0x0000000000000001
2026/09/25 04:13:31.665, 0 %, 210 MHz, 405 MHz, 1.99 W, 63, 7813 MiB, 0x0000000000000001
2026/09/25 04:13:32.681, 0 %, 210 MHz, 405 MHz, 1.96 W, 63, 7813 MiB, 0x0000000000000001
2026/09/25 04:13:33.696, 0 %, 210 MHz, 405 MHz, 1.95 W, 63, 7813 MiB, 0x0000000000000001
2026/09/25 04:13:34.699, 0 %, 210 MHz, 405 MHz, 1.98 W, 63, 7813 MiB, 0x0000000000000001
2026/09/25 04:13:35.705, 0 %, 210 MHz, 405 MHz, 1.95 W, 63, 7813 MiB, 0x0000000000000001
2026/09/25 04:13:36.721, 0 %, 210 MHz, 405 MHz, 1.93 W, 63, 7813 MiB, 0x0000000000000001
2026/09/25 04:13:37.724, 0 %, 210 MHz, 405 MHz, 1.93 W, 62, 7813 MiB, 0x0000000000000001
2026/09/25 04:13:38.728, 0 %, 210 MHz, 405 MHz, 1.92 W, 62, 7813 MiB, 0x0000000000000001
2026/09/25 04:13:39.730, 0 %, 210 MHz, 405 MHz, 1.94 W, 62, 7813 MiB, 0x0000000000000001
2026/09/25 04:13:40.731, 0 %, 210 MHz, 405 MHz, 1.95 W, 62, 7813 MiB, 0x0000000000000001
2026/09/25 04:13:41.736, 0 %, 210 MHz, 405 MHz, 1.97 W, 62, 7813 MiB, 0x0000000000000001
2026/09/25 04:13:42.738, 0 %, 210 MHz, 405 MHz, 1.95 W, 62, 7813 MiB, 0x0000000000000001
2026/09/25 04:13:43.745, 0 %, 210 MHz, 405 MHz, 1.93 W, 62, 7813 MiB, 0x0000000000000001
2026/09/25 04:13:44.747, 0 %, 210 MHz, 405 MHz, 1.95 W, 62, 7813 MiB, 0x0000000000000001
2026/09/25 04:13:45.754, 0 %, 210 MHz, 405 MHz, 1.92 W, 62, 7813 MiB, 0x0000000000000001
2026/09/25 04:13:46.759, 0 %, 210 MHz, 405 MHz, 1.92 W, 62, 7813 MiB, 0x0000000000000001
2026/09/25 04:13:47.765, 0 %, 210 MHz, 405 MHz, 1.91 W, 62, 7813 MiB, 0x0000000000000001
2026/09/25 04:13:48.766, 0 %, 210 MHz, 405 MHz, 1.90 W, 62, 7813 MiB, 0x0000000000000001
2026/09/25 04:13:49.782, 0 %, 210 MHz, 405 MHz, 1.89 W, 62, 7813 MiB, 0x0000000000000001
2026/09/25 04:13:50.786, 0 %, 210 MHz, 405 MHz, 1.92 W, 62, 7813 MiB, 0x0000000000000001
2026/09/25 04:13:51.796, 0 %, 210 MHz, 405 MHz, 1.97 W, 62, 7813 MiB, 0x0000000000000001
2026/09/25 04:13:52.800, 0 %, 210 MHz, 405 MHz, 1.97 W, 61, 7813 MiB, 0x0000000000000001
2026/09/25 04:13:53.805, 0 %, 210 MHz, 405 MHz, 1.99 W, 61, 7813 MiB, 0x0000000000000001
2026/09/25 04:13:54.811, 0 %, 210 MHz, 405 MHz, 2.02 W, 61, 7813 MiB, 0x0000000000000001
2026/09/25 04:13:55.815, 0 %, 210 MHz, 405 MHz, 2.02 W, 61, 7813 MiB, 0x0000000000000001
2026/09/25 04:13:56.820, 0 %, 210 MHz, 405 MHz, 2.00 W, 61, 7813 MiB, 0x0000000000000001
2026/09/25 04:13:57.846, 0 %, 210 MHz, 405 MHz, 2.01 W, 61, 7813 MiB, 0x0000000000000001
2026/09/25 04:13:58.859, 0 %, 210 MHz, 405 MHz, 2.02 W, 61, 7813 MiB, 0x0000000000000001
2026/09/25 04:13:59.863, 0 %, 210 MHz, 405 MHz, 2.03 W, 61, 7813 MiB, 0x0000000000000001
2026/09/25 04:14:00.873, 0 %, 210 MHz, 405 MHz, 2.03 W, 61, 7813 MiB, 0x0000000000000001
2026/09/25 04:14:01.888, 0 %, 210 MHz, 405 MHz, 2.02 W, 61, 7813 MiB, 0x0000000000000001
2026/09/25 04:14:02.893, 0 %, 210 MHz, 405 MHz, 1.99 W, 61, 7813 MiB, 0x0000000000000001
2026/09/25 04:14:03.899, 0 %, 210 MHz, 405 MHz, 2.00 W, 61, 7813 MiB, 0x0000000000000001
2026/09/25 04:14:04.904, 0 %, 210 MHz, 405 MHz, 2.06 W, 61, 7813 MiB, 0x0000000000000001
2026/09/25 04:14:05.909, 0 %, 210 MHz, 405 MHz, 2.08 W, 61, 7813 MiB, 0x0000000000000001
2026/09/25 04:14:06.914, 0 %, 210 MHz, 405 MHz, 2.08 W, 61, 7813 MiB, 0x0000000000000001
2026/09/25 04:14:07.916, 0 %, 210 MHz, 405 MHz, 2.07 W, 61, 7813 MiB, 0x0000000000000001
2026/09/25 04:14:08.922, 0 %, 210 MHz, 405 MHz, 2.04 W, 61, 7813 MiB, 0x0000000000000001
2026/09/25 04:14:09.937, 0 %, 210 MHz, 405 MHz, 2.03 W, 61, 7813 MiB, 0x0000000000000001
2026/09/25 04:14:10.940, 0 %, 210 MHz, 405 MHz, 2.04 W, 61, 7813 MiB, 0x0000000000000001
2026/09/25 04:14:11.949, 0 %, 210 MHz, 405 MHz, 2.04 W, 61, 7813 MiB, 0x0000000000000001
2026/09/25 04:14:12.952, 0 %, 210 MHz, 405 MHz, 2.05 W, 61, 7813 MiB, 0x0000000000000001
2026/09/25 04:14:13.955, 0 %, 210 MHz, 405 MHz, 2.04 W, 60, 7813 MiB, 0x0000000000000001
2026/09/25 04:14:14.960, 0 %, 210 MHz, 405 MHz, 2.02 W, 60, 7813 MiB, 0x0000000000000001
2026/09/25 04:14:15.961, 0 %, 210 MHz, 405 MHz, 2.03 W, 60, 7813 MiB, 0x0000000000000001
2026/09/25 04:14:16.964, 95 %, 1605 MHz, 8001 MHz, 3.17 W, 61, 7813 MiB, 0x0000000000000001
2026/09/25 04:14:17.980, 100 %, 2325 MHz, 8001 MHz, 105.67 W, 75, 7813 MiB, 0x0000000000000004
2026/09/25 04:14:18.986, 100 %, 2295 MHz, 8001 MHz, 106.66 W, 76, 7813 MiB, 0x0000000000000004
2026/09/25 04:14:20.001, 100 %, 2325 MHz, 8001 MHz, 105.79 W, 75, 7813 MiB, 0x0000000000000004
2026/09/25 04:14:21.002, 100 %, 2400 MHz, 8001 MHz, 106.42 W, 75, 7813 MiB, 0x0000000000000004
2026/09/25 04:14:22.004, 100 %, 2475 MHz, 8001 MHz, 104.64 W, 75, 7813 MiB, 0x0000000000000004
2026/09/25 04:14:23.011, 100 %, 2550 MHz, 8001 MHz, 102.50 W, 75, 7813 MiB, 0x0000000000000000
2026/09/25 04:14:24.014, 100 %, 2550 MHz, 8001 MHz, 102.50 W, 75, 7813 MiB, 0x0000000000000004
2026/09/25 04:14:25.027, 100 %, 2550 MHz, 8001 MHz, 102.71 W, 76, 7813 MiB, 0x0000000000000000
2026/09/25 04:14:26.037, 99 %, 2550 MHz, 8001 MHz, 102.28 W, 76, 7813 MiB, 0x0000000000000000
2026/09/25 04:14:27.040, 100 %, 2550 MHz, 8001 MHz, 100.98 W, 77, 7813 MiB, 0x0000000000000000
2026/09/25 04:14:28.047, 100 %, 2550 MHz, 8001 MHz, 100.22 W, 77, 7813 MiB, 0x0000000000000000
2026/09/25 04:14:29.051, 100 %, 2550 MHz, 8001 MHz, 100.14 W, 78, 7813 MiB, 0x0000000000000000
2026/09/25 04:14:30.053, 100 %, 2550 MHz, 8001 MHz, 100.08 W, 78, 7813 MiB, 0x0000000000000000
2026/09/25 04:14:31.060, 100 %, 2550 MHz, 8001 MHz, 100.09 W, 79, 7813 MiB, 0x0000000000000000
2026/09/25 04:14:32.066, 100 %, 2550 MHz, 8001 MHz, 100.20 W, 79, 7813 MiB, 0x0000000000000000
2026/09/25 04:14:33.071, 100 %, 2550 MHz, 8001 MHz, 99.90 W, 79, 7813 MiB, 0x0000000000000000
2026/09/25 04:14:34.075, 100 %, 2550 MHz, 8001 MHz, 100.10 W, 79, 7813 MiB, 0x0000000000000000
2026/09/25 04:14:35.079, 100 %, 2550 MHz, 8001 MHz, 99.87 W, 80, 7813 MiB, 0x0000000000000000
2026/09/25 04:14:36.085, 100 %, 2550 MHz, 8001 MHz, 99.90 W, 80, 7813 MiB, 0x0000000000000000
2026/09/25 04:14:37.087, 100 %, 2550 MHz, 8001 MHz, 100.27 W, 80, 7813 MiB, 0x0000000000000000
2026/09/25 04:14:38.103, 99 %, 2550 MHz, 8001 MHz, 100.32 W, 81, 7813 MiB, 0x0000000000000000
2026/09/25 04:14:39.105, 100 %, 2550 MHz, 8001 MHz, 100.04 W, 81, 7813 MiB, 0x0000000000000000
2026/09/25 04:14:40.110, 100 %, 2550 MHz, 8001 MHz, 100.21 W, 81, 7813 MiB, 0x0000000000000000
2026/09/25 04:14:41.110, 97 %, 2130 MHz, 8001 MHz, 102.35 W, 77, 7813 MiB, 0x0000000000000020
2026/09/25 04:14:42.116, 0 %, 2550 MHz, 8001 MHz, 31.71 W, 73, 7813 MiB, 0x0000000000000000
2026/09/25 04:14:43.118, 0 %, 510 MHz, 8001 MHz, 23.08 W, 72, 7813 MiB, 0x0000000000000001
2026/09/25 04:14:44.124, 0 %, 330 MHz, 810 MHz, 5.99 W, 71, 7813 MiB, 0x0000000000000001
2026/09/25 04:14:45.139, 0 %, 210 MHz, 405 MHz, 2.19 W, 71, 7813 MiB, 0x0000000000000001
2026/09/25 04:14:46.143, 0 %, 210 MHz, 405 MHz, 1.72 W, 70, 7813 MiB, 0x0000000000000001
2026/09/25 04:14:47.148, 0 %, 210 MHz, 405 MHz, 2.19 W, 70, 7813 MiB, 0x0000000000000001
2026/09/25 04:14:48.151, 0 %, 210 MHz, 405 MHz, 1.74 W, 70, 7813 MiB, 0x0000000000000001
2026/09/25 04:14:49.153, 0 %, 210 MHz, 405 MHz, 1.80 W, 70, 7813 MiB, 0x0000000000000001
2026/09/25 04:14:50.160, 0 %, 210 MHz, 405 MHz, 1.80 W, 70, 7813 MiB, 0x0000000000000001
2026/09/25 04:14:51.164, 0 %, 210 MHz, 405 MHz, 1.75 W, 69, 7813 MiB, 0x0000000000000001
2026/09/25 04:14:52.180, 0 %, 210 MHz, 405 MHz, 1.80 W, 69, 7813 MiB, 0x0000000000000001
2026/09/25 04:14:53.185, 0 %, 210 MHz, 405 MHz, 1.78 W, 69, 7813 MiB, 0x0000000000000001
2026/09/25 04:14:54.188, 0 %, 210 MHz, 405 MHz, 1.74 W, 69, 7813 MiB, 0x0000000000000001
2026/09/25 04:14:55.198, 0 %, 210 MHz, 405 MHz, 1.77 W, 69, 7813 MiB, 0x0000000000000001
2026/09/25 04:14:56.200, 0 %, 210 MHz, 405 MHz, 1.77 W, 68, 7813 MiB, 0x0000000000000001
2026/09/25 04:14:57.204, 0 %, 210 MHz, 405 MHz, 1.75 W, 68, 7813 MiB, 0x0000000000000001
2026/09/25 04:14:58.212, 0 %, 210 MHz, 405 MHz, 1.77 W, 68, 7813 MiB, 0x0000000000000001
2026/09/25 04:14:59.216, 0 %, 210 MHz, 405 MHz, 1.80 W, 68, 7813 MiB, 0x0000000000000001
2026/09/25 04:15:00.217, 0 %, 210 MHz, 405 MHz, 1.79 W, 68, 7813 MiB, 0x0000000000000001
2026/09/25 04:15:01.225, 0 %, 210 MHz, 405 MHz, 1.78 W, 67, 7813 MiB, 0x0000000000000001
2026/09/25 04:15:02.240, 0 %, 210 MHz, 405 MHz, 1.77 W, 67, 7813 MiB, 0x0000000000000001
2026/09/25 04:15:03.248, 0 %, 210 MHz, 405 MHz, 1.78 W, 67, 7813 MiB, 0x0000000000000001
2026/09/25 04:15:04.255, 0 %, 210 MHz, 405 MHz, 1.82 W, 67, 7813 MiB, 0x0000000000000001
2026/09/25 04:15:05.259, 0 %, 210 MHz, 405 MHz, 1.83 W, 67, 7813 MiB, 0x0000000000000001
2026/09/25 04:15:06.262, 0 %, 210 MHz, 405 MHz, 1.81 W, 67, 7813 MiB, 0x0000000000000001
2026/09/25 04:15:07.270, 0 %, 210 MHz, 405 MHz, 1.79 W, 67, 7813 MiB, 0x0000000000000001
2026/09/25 04:15:08.273, 0 %, 210 MHz, 405 MHz, 1.79 W, 66, 7813 MiB, 0x0000000000000001
2026/09/25 04:15:09.275, 0 %, 210 MHz, 405 MHz, 1.80 W, 66, 7813 MiB, 0x0000000000000001
2026/09/25 04:15:10.277, 0 %, 210 MHz, 405 MHz, 1.78 W, 66, 7813 MiB, 0x0000000000000001
2026/09/25 04:15:11.277, 0 %, 210 MHz, 405 MHz, 1.82 W, 66, 7813 MiB, 0x0000000000000001
2026/09/25 04:15:12.294, 0 %, 210 MHz, 405 MHz, 1.80 W, 66, 7813 MiB, 0x0000000000000001
2026/09/25 04:15:13.299, 0 %, 210 MHz, 405 MHz, 1.79 W, 66, 7813 MiB, 0x0000000000000001
2026/09/25 04:15:14.301, 0 %, 210 MHz, 405 MHz, 1.86 W, 66, 7813 MiB, 0x0000000000000001
2026/09/25 04:15:15.304, 0 %, 210 MHz, 405 MHz, 1.79 W, 66, 7813 MiB, 0x0000000000000001
2026/09/25 04:15:16.308, 0 %, 210 MHz, 405 MHz, 1.78 W, 66, 7813 MiB, 0x0000000000000001
2026/09/25 04:15:17.314, 0 %, 210 MHz, 405 MHz, 1.97 W, 66, 7813 MiB, 0x0000000000000001
2026/09/25 04:15:18.329, 0 %, 210 MHz, 405 MHz, 1.79 W, 65, 7813 MiB, 0x0000000000000001
2026/09/25 04:15:19.344, 0 %, 210 MHz, 405 MHz, 1.81 W, 65, 7813 MiB, 0x0000000000000001
2026/09/25 04:15:20.345, 0 %, 210 MHz, 405 MHz, 1.85 W, 65, 7813 MiB, 0x0000000000000001
2026/09/25 04:15:21.351, 0 %, 210 MHz, 405 MHz, 1.85 W, 65, 7813 MiB, 0x0000000000000001
2026/09/25 04:15:22.357, 0 %, 210 MHz, 405 MHz, 1.84 W, 65, 7813 MiB, 0x0000000000000001
2026/09/25 04:15:23.362, 0 %, 210 MHz, 405 MHz, 1.86 W, 65, 7813 MiB, 0x0000000000000001
2026/09/25 04:15:24.366, 0 %, 210 MHz, 405 MHz, 1.88 W, 65, 7813 MiB, 0x0000000000000001
2026/09/25 04:15:25.371, 0 %, 210 MHz, 405 MHz, 1.99 W, 65, 7813 MiB, 0x0000000000000001
2026/09/25 04:15:26.372, 0 %, 210 MHz, 405 MHz, 2.03 W, 65, 7813 MiB, 0x0000000000000001
2026/09/25 04:15:27.375, 0 %, 210 MHz, 405 MHz, 1.96 W, 65, 7813 MiB, 0x0000000000000001
2026/09/25 04:15:28.379, 0 %, 210 MHz, 405 MHz, 1.95 W, 64, 7813 MiB, 0x0000000000000001
2026/09/25 04:15:29.381, 0 %, 210 MHz, 405 MHz, 1.98 W, 64, 7813 MiB, 0x0000000000000001
2026/09/25 04:15:30.385, 0 %, 210 MHz, 405 MHz, 2.04 W, 64, 7813 MiB, 0x0000000000000001
2026/09/25 04:15:31.391, 0 %, 210 MHz, 405 MHz, 2.02 W, 64, 7813 MiB, 0x0000000000000001
2026/09/25 04:15:32.394, 0 %, 210 MHz, 405 MHz, 1.92 W, 64, 7813 MiB, 0x0000000000000001
2026/09/25 04:15:33.394, 0 %, 210 MHz, 405 MHz, 1.88 W, 64, 7813 MiB, 0x0000000000000001
2026/09/25 04:15:34.410, 0 %, 210 MHz, 405 MHz, 1.91 W, 64, 7813 MiB, 0x0000000000000001
2026/09/25 04:15:35.412, 0 %, 210 MHz, 405 MHz, 1.89 W, 64, 7813 MiB, 0x0000000000000001
2026/09/25 04:15:36.413, 0 %, 210 MHz, 405 MHz, 1.89 W, 64, 7813 MiB, 0x0000000000000001
2026/09/25 04:15:37.418, 0 %, 210 MHz, 405 MHz, 1.95 W, 64, 7813 MiB, 0x0000000000000001
2026/09/25 04:15:38.422, 0 %, 210 MHz, 405 MHz, 1.97 W, 64, 7813 MiB, 0x0000000000000001
2026/09/25 04:15:39.423, 0 %, 210 MHz, 405 MHz, 1.94 W, 64, 7813 MiB, 0x0000000000000001
2026/09/25 04:15:40.427, 0 %, 210 MHz, 405 MHz, 1.95 W, 64, 7813 MiB, 0x0000000000000001
2026/09/25 04:15:41.428, 0 %, 210 MHz, 405 MHz, 2.01 W, 63, 7813 MiB, 0x0000000000000001
2026/09/25 04:15:42.433, 0 %, 210 MHz, 405 MHz, 2.00 W, 63, 7813 MiB, 0x0000000000000001
2026/09/25 04:15:43.435, 0 %, 210 MHz, 405 MHz, 1.97 W, 63, 7813 MiB, 0x0000000000000001
2026/09/25 04:15:44.437, 0 %, 210 MHz, 405 MHz, 1.96 W, 63, 7813 MiB, 0x0000000000000001
2026/09/25 04:15:45.442, 0 %, 210 MHz, 405 MHz, 1.92 W, 63, 7813 MiB, 0x0000000000000001
2026/09/25 04:15:46.443, 0 %, 210 MHz, 405 MHz, 1.90 W, 63, 7813 MiB, 0x0000000000000001
2026/09/25 04:15:47.448, 0 %, 210 MHz, 405 MHz, 1.92 W, 63, 7813 MiB, 0x0000000000000001
2026/09/25 04:15:48.452, 0 %, 210 MHz, 405 MHz, 1.93 W, 63, 7813 MiB, 0x0000000000000001
2026/09/25 04:15:49.466, 0 %, 210 MHz, 405 MHz, 1.92 W, 63, 7813 MiB, 0x0000000000000001
2026/09/25 04:15:50.481, 0 %, 210 MHz, 405 MHz, 1.93 W, 63, 7813 MiB, 0x0000000000000001
2026/09/25 04:15:51.496, 0 %, 210 MHz, 405 MHz, 1.93 W, 63, 7813 MiB, 0x0000000000000001
2026/09/25 04:15:52.498, 0 %, 210 MHz, 405 MHz, 1.93 W, 63, 7813 MiB, 0x0000000000000001
2026/09/25 04:15:53.504, 0 %, 210 MHz, 405 MHz, 1.97 W, 63, 7813 MiB, 0x0000000000000001
2026/09/25 04:15:54.505, 0 %, 210 MHz, 405 MHz, 1.99 W, 63, 7813 MiB, 0x0000000000000001
2026/09/25 04:15:55.509, 0 %, 210 MHz, 405 MHz, 1.96 W, 63, 7813 MiB, 0x0000000000000001
2026/09/25 04:15:56.511, 0 %, 210 MHz, 405 MHz, 1.95 W, 62, 7813 MiB, 0x0000000000000001
2026/09/25 04:15:57.515, 0 %, 210 MHz, 405 MHz, 2.20 W, 62, 7813 MiB, 0x0000000000000001
2026/09/25 04:15:58.528, 0 %, 210 MHz, 405 MHz, 1.93 W, 62, 7813 MiB, 0x0000000000000001
2026/09/25 04:15:59.531, 0 %, 210 MHz, 405 MHz, 5.20 W, 62, 7813 MiB, 0x0000000000000001
2026/09/25 04:16:00.533, 0 %, 210 MHz, 405 MHz, 2.04 W, 62, 7813 MiB, 0x0000000000000001
2026/09/25 04:16:01.539, 0 %, 210 MHz, 405 MHz, 1.97 W, 62, 7813 MiB, 0x0000000000000001
2026/09/25 04:16:02.540, 0 %, 210 MHz, 405 MHz, 1.99 W, 62, 7813 MiB, 0x0000000000000001
2026/09/25 04:16:03.551, 0 %, 210 MHz, 405 MHz, 2.28 W, 62, 7813 MiB, 0x0000000000000001
2026/09/25 04:16:04.556, 0 %, 210 MHz, 405 MHz, 5.11 W, 62, 7813 MiB, 0x0000000000000001
2026/09/25 04:16:05.557, 0 %, 210 MHz, 405 MHz, 2.10 W, 62, 7813 MiB, 0x0000000000000001
2026/09/25 04:16:06.561, 0 %, 210 MHz, 405 MHz, 2.03 W, 62, 7813 MiB, 0x0000000000000001
2026/09/25 04:16:07.568, 0 %, 210 MHz, 405 MHz, 2.02 W, 62, 7813 MiB, 0x0000000000000001
2026/09/25 04:16:08.582, 0 %, 210 MHz, 405 MHz, 2.04 W, 62, 7813 MiB, 0x0000000000000001
2026/09/25 04:16:09.583, 0 %, 210 MHz, 405 MHz, 2.03 W, 62, 7813 MiB, 0x0000000000000001
2026/09/25 04:16:10.597, 0 %, 210 MHz, 405 MHz, 2.00 W, 62, 7813 MiB, 0x0000000000000001
2026/09/25 04:16:11.603, 0 %, 210 MHz, 405 MHz, 1.99 W, 62, 7813 MiB, 0x0000000000000001
2026/09/25 04:16:12.607, 0 %, 210 MHz, 405 MHz, 2.02 W, 62, 7813 MiB, 0x0000000000000001
2026/09/25 04:16:13.614, 0 %, 210 MHz, 405 MHz, 2.07 W, 62, 7813 MiB, 0x0000000000000001
2026/09/25 04:16:14.623, 0 %, 210 MHz, 405 MHz, 2.08 W, 62, 7813 MiB, 0x0000000000000001
2026/09/25 04:16:15.627, 0 %, 210 MHz, 405 MHz, 2.10 W, 62, 7813 MiB, 0x0000000000000001
2026/09/25 04:16:16.641, 0 %, 210 MHz, 405 MHz, 2.16 W, 61, 7813 MiB, 0x0000000000000001
2026/09/25 04:16:17.646, 0 %, 210 MHz, 405 MHz, 2.14 W, 61, 7813 MiB, 0x0000000000000001
2026/09/25 04:16:18.649, 0 %, 210 MHz, 405 MHz, 2.10 W, 61, 7813 MiB, 0x0000000000000001
2026/09/25 04:16:19.653, 0 %, 210 MHz, 405 MHz, 2.07 W, 61, 7813 MiB, 0x0000000000000001
2026/09/25 04:16:20.658, 0 %, 210 MHz, 405 MHz, 2.02 W, 61, 7813 MiB, 0x0000000000000001
2026/09/25 04:16:21.666, 0 %, 210 MHz, 405 MHz, 2.01 W, 61, 7813 MiB, 0x0000000000000001
2026/09/25 04:16:22.672, 0 %, 210 MHz, 405 MHz, 2.05 W, 61, 7813 MiB, 0x0000000000000001
2026/09/25 04:16:23.681, 0 %, 210 MHz, 405 MHz, 2.05 W, 61, 7813 MiB, 0x0000000000000001
2026/09/25 04:16:24.691, 0 %, 210 MHz, 405 MHz, 2.01 W, 61, 7813 MiB, 0x0000000000000001
2026/09/25 04:16:25.693, 0 %, 210 MHz, 405 MHz, 2.04 W, 61, 7813 MiB, 0x0000000000000001
2026/09/25 04:16:26.702, 0 %, 210 MHz, 405 MHz, 2.11 W, 61, 7813 MiB, 0x0000000000000001
2026/09/25 04:16:27.705, 0 %, 210 MHz, 405 MHz, 2.13 W, 61, 7813 MiB, 0x0000000000000001
2026/09/25 04:16:28.706, 0 %, 210 MHz, 405 MHz, 2.12 W, 61, 7813 MiB, 0x0000000000000001
2026/09/25 04:16:29.720, 0 %, 210 MHz, 405 MHz, 2.12 W, 61, 7813 MiB, 0x0000000000000001
2026/09/25 04:16:30.722, 0 %, 210 MHz, 405 MHz, 2.13 W, 61, 7813 MiB, 0x0000000000000001
2026/09/25 04:16:31.726, 0 %, 210 MHz, 405 MHz, 2.09 W, 61, 7813 MiB, 0x0000000000000001
2026/09/25 04:16:32.742, 0 %, 210 MHz, 405 MHz, 2.08 W, 61, 7813 MiB, 0x0000000000000001
2026/09/25 04:16:33.742, 0 %, 210 MHz, 405 MHz, 2.10 W, 61, 7813 MiB, 0x0000000000000001
2026/09/25 04:16:34.748, 0 %, 210 MHz, 405 MHz, 2.07 W, 61, 7813 MiB, 0x0000000000000001
2026/09/25 04:16:35.751, 0 %, 210 MHz, 405 MHz, 2.07 W, 61, 7813 MiB, 0x0000000000000001
2026/09/25 04:16:36.753, 0 %, 210 MHz, 405 MHz, 2.08 W, 61, 7813 MiB, 0x0000000000000001
2026/09/25 04:16:37.753, 0 %, 210 MHz, 405 MHz, 2.12 W, 61, 7813 MiB, 0x0000000000000001
2026/09/25 04:16:38.756, 0 %, 210 MHz, 405 MHz, 2.15 W, 61, 7813 MiB, 0x0000000000000001
2026/09/25 04:16:39.760, 0 %, 210 MHz, 405 MHz, 2.12 W, 61, 7813 MiB, 0x0000000000000001
2026/09/25 04:16:40.776, 0 %, 210 MHz, 405 MHz, 2.07 W, 60, 7813 MiB, 0x0000000000000001
2026/09/25 04:16:41.777, 0 %, 210 MHz, 405 MHz, 2.10 W, 60, 7813 MiB, 0x0000000000000001
2026/09/25 04:16:42.781, 0 %, 210 MHz, 405 MHz, 2.11 W, 60, 7813 MiB, 0x0000000000000001
2026/09/25 04:16:43.782, 0 %, 210 MHz, 405 MHz, 2.14 W, 60, 7813 MiB, 0x0000000000000001
2026/09/25 04:16:44.794, 0 %, 210 MHz, 405 MHz, 2.15 W, 60, 7813 MiB, 0x0000000000000001
2026/09/25 04:16:45.799, 100 %, 1605 MHz, 8001 MHz, 6.01 W, 61, 7813 MiB, 0x0000000000000001
2026/09/25 04:16:46.804, 100 %, 2370 MHz, 8001 MHz, 105.07 W, 74, 7813 MiB, 0x0000000000000004
2026/09/25 04:16:47.805, 100 %, 2295 MHz, 8001 MHz, 105.38 W, 75, 7813 MiB, 0x0000000000000004
2026/09/25 04:16:48.806, 100 %, 2325 MHz, 8001 MHz, 103.27 W, 75, 7813 MiB, 0x0000000000000004
2026/09/25 04:16:49.818, 100 %, 2400 MHz, 8001 MHz, 104.08 W, 75, 7813 MiB, 0x0000000000000004
2026/09/25 04:16:50.821, 100 %, 2490 MHz, 8001 MHz, 103.63 W, 75, 7813 MiB, 0x0000000000000004
2026/09/25 04:16:51.827, 100 %, 2550 MHz, 8001 MHz, 101.88 W, 75, 7813 MiB, 0x0000000000000004
2026/09/25 04:16:52.832, 100 %, 2535 MHz, 8001 MHz, 102.27 W, 75, 7813 MiB, 0x0000000000000000
2026/09/25 04:16:53.835, 100 %, 2550 MHz, 8001 MHz, 102.23 W, 76, 7813 MiB, 0x0000000000000000
2026/09/25 04:16:54.839, 100 %, 2550 MHz, 8001 MHz, 102.83 W, 76, 7813 MiB, 0x0000000000000000
2026/09/25 04:16:55.843, 100 %, 2550 MHz, 8001 MHz, 101.00 W, 77, 7813 MiB, 0x0000000000000000
2026/09/25 04:16:56.848, 100 %, 2550 MHz, 8001 MHz, 99.94 W, 77, 7813 MiB, 0x0000000000000000
2026/09/25 04:16:57.851, 100 %, 2550 MHz, 8001 MHz, 100.27 W, 77, 7813 MiB, 0x0000000000000000
2026/09/25 04:16:58.852, 100 %, 2550 MHz, 8001 MHz, 99.98 W, 77, 7813 MiB, 0x0000000000000000
2026/09/25 04:16:59.865, 100 %, 2550 MHz, 8001 MHz, 99.98 W, 78, 7813 MiB, 0x0000000000000000
2026/09/25 04:17:00.869, 100 %, 2550 MHz, 8001 MHz, 99.75 W, 78, 7813 MiB, 0x0000000000000000
2026/09/25 04:17:01.870, 100 %, 2550 MHz, 8001 MHz, 99.83 W, 79, 7813 MiB, 0x0000000000000000
2026/09/25 04:17:02.875, 100 %, 2550 MHz, 8001 MHz, 100.04 W, 79, 7813 MiB, 0x0000000000000000
2026/09/25 04:17:03.876, 100 %, 2550 MHz, 8001 MHz, 99.81 W, 80, 7813 MiB, 0x0000000000000000
2026/09/25 04:17:04.878, 100 %, 2550 MHz, 8001 MHz, 100.13 W, 80, 7813 MiB, 0x0000000000000000
2026/09/25 04:17:05.882, 100 %, 2550 MHz, 8001 MHz, 100.11 W, 81, 7813 MiB, 0x0000000000000000
2026/09/25 04:17:06.884, 100 %, 2550 MHz, 8001 MHz, 100.31 W, 81, 7813 MiB, 0x0000000000000000
2026/09/25 04:17:07.887, 100 %, 2550 MHz, 8001 MHz, 99.76 W, 81, 7813 MiB, 0x0000000000000000
2026/09/25 04:17:08.890, 100 %, 2550 MHz, 8001 MHz, 100.18 W, 81, 7813 MiB, 0x0000000000000000
2026/09/25 04:17:09.894, 100 %, 2100 MHz, 8001 MHz, 102.36 W, 84, 7813 MiB, 0x0000000000000020
2026/09/25 04:17:10.898, 97 %, 2550 MHz, 8001 MHz, 101.09 W, 81, 7813 MiB, 0x0000000000000000
2026/09/25 04:17:11.906, 0 %, 2550 MHz, 8001 MHz, 37.83 W, 73, 7813 MiB, 0x0000000000000000
2026/09/25 04:17:12.908, [Unknown Error], 1605 MHz, 8000 MHz, 1.20 W, 57, 0 MiB, 0x0000000000000001
2026/09/25 04:17:14.472, [Unknown Error], 1605 MHz, 8000 MHz, 14.85 W, 57, 0 MiB, 0x0000000000000001
2026/09/25 04:17:16.033, [Unknown Error], 1605 MHz, 8000 MHz, 1.20 W, 57, 0 MiB, 0x0000000000000001
2026/09/25 04:17:17.585, [Unknown Error], 1605 MHz, 8000 MHz, 1.20 W, 57, 0 MiB, 0x0000000000000001
2026/09/25 04:17:19.137, 0 %, 1605 MHz, 8001 MHz, 13.34 W, 71, 0 MiB, 0x0000000000000001
2026/09/25 04:17:20.139, 0 %, 1605 MHz, 8001 MHz, 13.23 W, 71, 113 MiB, 0x0000000000000001
2026/09/25 04:17:21.140, 14 %, 1605 MHz, 8001 MHz, 14.40 W, 71, 2489 MiB, 0x0000000000000001
2026/09/25 04:17:22.142, 14 %, 1605 MHz, 8001 MHz, 13.69 W, 71, 2809 MiB, 0x0000000000000001
2026/09/25 04:17:23.157, 68 %, 2550 MHz, 8001 MHz, 49.42 W, 73, 7913 MiB, 0x0000000000000000
2026/09/25 04:17:24.160, 0 %, 2550 MHz, 8001 MHz, 25.47 W, 72, 7919 MiB, 0x0000000000000000
2026/09/25 04:17:25.163, 0 %, 2550 MHz, 8001 MHz, 25.23 W, 72, 7919 MiB, 0x0000000000000000
2026/09/25 04:17:26.165, 0 %, 1605 MHz, 8001 MHz, 13.18 W, 71, 7919 MiB, 0x0000000000000001
2026/09/25 04:17:27.166, 0 %, 1605 MHz, 8001 MHz, 12.98 W, 70, 7919 MiB, 0x0000000000000001
2026/09/25 04:17:28.167, 0 %, 1605 MHz, 8001 MHz, 12.98 W, 70, 7919 MiB, 0x0000000000000001
2026/09/25 04:17:29.182, 0 %, 1605 MHz, 8001 MHz, 12.99 W, 70, 7919 MiB, 0x0000000000000001
2026/09/25 04:17:30.184, 0 %, 240 MHz, 810 MHz, 7.00 W, 69, 7919 MiB, 0x0000000000000001
2026/09/25 04:17:31.188, 0 %, 210 MHz, 405 MHz, 1.92 W, 69, 7919 MiB, 0x0000000000000001
2026/09/25 04:17:32.189, 0 %, 210 MHz, 405 MHz, 1.75 W, 69, 7919 MiB, 0x0000000000000001
2026/09/25 04:17:33.193, 0 %, 210 MHz, 405 MHz, 1.80 W, 69, 7919 MiB, 0x0000000000000001
2026/09/25 04:17:34.197, 0 %, 210 MHz, 405 MHz, 1.75 W, 69, 7919 MiB, 0x0000000000000001
2026/09/25 04:17:35.211, 0 %, 210 MHz, 405 MHz, 1.81 W, 69, 7919 MiB, 0x0000000000000001
2026/09/25 04:17:36.225, 0 %, 210 MHz, 405 MHz, 1.89 W, 68, 7919 MiB, 0x0000000000000001
2026/09/25 04:17:37.228, 0 %, 210 MHz, 405 MHz, 1.91 W, 68, 7919 MiB, 0x0000000000000001
2026/09/25 04:17:38.234, 0 %, 210 MHz, 405 MHz, 1.87 W, 68, 7919 MiB, 0x0000000000000001
2026/09/25 04:17:39.238, 0 %, 210 MHz, 405 MHz, 1.87 W, 68, 7919 MiB, 0x0000000000000001
2026/09/25 04:17:40.242, 0 %, 210 MHz, 405 MHz, 1.87 W, 68, 7919 MiB, 0x0000000000000001
2026/09/25 04:17:41.257, 0 %, 210 MHz, 405 MHz, 1.88 W, 68, 7919 MiB, 0x0000000000000001
2026/09/25 04:17:42.263, 0 %, 210 MHz, 405 MHz, 1.89 W, 67, 7919 MiB, 0x0000000000000001
2026/09/25 04:17:43.271, 0 %, 210 MHz, 405 MHz, 1.89 W, 67, 7919 MiB, 0x0000000000000001
2026/09/25 04:17:44.275, 0 %, 210 MHz, 405 MHz, 1.89 W, 67, 7919 MiB, 0x0000000000000001
2026/09/25 04:17:45.282, 0 %, 210 MHz, 405 MHz, 1.89 W, 67, 7919 MiB, 0x0000000000000001
2026/09/25 04:17:46.292, 0 %, 210 MHz, 405 MHz, 1.94 W, 67, 7919 MiB, 0x0000000000000001
2026/09/25 04:17:47.295, 0 %, 210 MHz, 405 MHz, 1.94 W, 67, 7919 MiB, 0x0000000000000001
2026/09/25 04:17:48.309, 0 %, 210 MHz, 405 MHz, 1.92 W, 67, 7919 MiB, 0x0000000000000001
2026/09/25 04:17:49.323, 0 %, 210 MHz, 405 MHz, 1.97 W, 67, 7919 MiB, 0x0000000000000001
2026/09/25 04:17:50.329, 0 %, 210 MHz, 405 MHz, 1.97 W, 66, 7919 MiB, 0x0000000000000001
2026/09/25 04:17:51.330, 0 %, 210 MHz, 405 MHz, 1.93 W, 66, 7919 MiB, 0x0000000000000001
2026/09/25 04:17:52.338, 0 %, 210 MHz, 405 MHz, 2.00 W, 66, 7919 MiB, 0x0000000000000001
2026/09/25 04:17:53.343, 0 %, 210 MHz, 405 MHz, 2.02 W, 66, 7919 MiB, 0x0000000000000001
2026/09/25 04:17:54.353, 0 %, 210 MHz, 405 MHz, 2.00 W, 66, 7919 MiB, 0x0000000000000001
2026/09/25 04:17:55.358, 0 %, 210 MHz, 405 MHz, 1.99 W, 66, 7919 MiB, 0x0000000000000001
2026/09/25 04:17:56.362, 0 %, 210 MHz, 405 MHz, 1.95 W, 66, 7919 MiB, 0x0000000000000001
2026/09/25 04:17:57.370, 0 %, 210 MHz, 405 MHz, 1.97 W, 66, 7919 MiB, 0x0000000000000001
2026/09/25 04:17:58.376, 0 %, 210 MHz, 405 MHz, 1.98 W, 66, 7919 MiB, 0x0000000000000001
2026/09/25 04:17:59.390, 0 %, 210 MHz, 405 MHz, 1.96 W, 65, 7919 MiB, 0x0000000000000001
2026/09/25 04:18:00.395, 0 %, 210 MHz, 405 MHz, 1.96 W, 65, 7919 MiB, 0x0000000000000001
2026/09/25 04:18:01.411, 0 %, 210 MHz, 405 MHz, 1.99 W, 65, 7919 MiB, 0x0000000000000001
2026/09/25 04:18:02.417, 0 %, 210 MHz, 405 MHz, 2.01 W, 65, 7919 MiB, 0x0000000000000001
2026/09/25 04:18:03.420, 0 %, 210 MHz, 405 MHz, 2.04 W, 65, 7919 MiB, 0x0000000000000001
2026/09/25 04:18:04.423, 0 %, 210 MHz, 405 MHz, 2.04 W, 65, 7919 MiB, 0x0000000000000001
2026/09/25 04:18:05.431, 0 %, 210 MHz, 405 MHz, 2.05 W, 65, 7919 MiB, 0x0000000000000001
2026/09/25 04:18:06.435, 0 %, 210 MHz, 405 MHz, 2.05 W, 65, 7919 MiB, 0x0000000000000001
2026/09/25 04:18:07.437, 0 %, 210 MHz, 405 MHz, 2.07 W, 65, 7919 MiB, 0x0000000000000001
2026/09/25 04:18:08.444, 0 %, 210 MHz, 405 MHz, 2.10 W, 65, 7919 MiB, 0x0000000000000001
2026/09/25 04:18:09.447, 0 %, 210 MHz, 405 MHz, 2.07 W, 64, 7919 MiB, 0x0000000000000001
2026/09/25 04:18:10.457, 0 %, 210 MHz, 405 MHz, 2.00 W, 64, 7919 MiB, 0x0000000000000001
2026/09/25 04:18:11.459, 0 %, 210 MHz, 405 MHz, 1.91 W, 64, 7919 MiB, 0x0000000000000001
2026/09/25 04:18:12.463, 0 %, 210 MHz, 405 MHz, 2.04 W, 64, 7919 MiB, 0x0000000000000001
2026/09/25 04:18:13.466, 0 %, 210 MHz, 405 MHz, 1.98 W, 64, 7919 MiB, 0x0000000000000001
2026/09/25 04:18:14.467, 0 %, 210 MHz, 405 MHz, 1.93 W, 64, 7919 MiB, 0x0000000000000001
2026/09/25 04:18:15.467, 0 %, 210 MHz, 405 MHz, 4.69 W, 64, 7919 MiB, 0x0000000000000001
2026/09/25 04:18:16.473, 0 %, 210 MHz, 405 MHz, 1.98 W, 64, 7919 MiB, 0x0000000000000001
2026/09/25 04:18:17.479, 0 %, 210 MHz, 405 MHz, 1.92 W, 64, 7919 MiB, 0x0000000000000001
2026/09/25 04:18:18.482, 0 %, 210 MHz, 405 MHz, 1.90 W, 64, 7919 MiB, 0x0000000000000001
2026/09/25 04:18:19.485, 0 %, 210 MHz, 405 MHz, 1.93 W, 64, 7919 MiB, 0x0000000000000001
2026/09/25 04:18:20.489, 0 %, 210 MHz, 405 MHz, 1.96 W, 64, 7919 MiB, 0x0000000000000001
2026/09/25 04:18:21.504, 0 %, 210 MHz, 405 MHz, 1.95 W, 64, 7919 MiB, 0x0000000000000001
2026/09/25 04:18:22.520, 0 %, 210 MHz, 405 MHz, 1.96 W, 64, 7919 MiB, 0x0000000000000001
2026/09/25 04:18:23.527, 0 %, 210 MHz, 405 MHz, 1.99 W, 64, 7919 MiB, 0x0000000000000001
2026/09/25 04:18:24.539, 0 %, 210 MHz, 405 MHz, 1.99 W, 64, 7919 MiB, 0x0000000000000001
2026/09/25 04:18:25.542, 0 %, 210 MHz, 405 MHz, 1.98 W, 64, 7919 MiB, 0x0000000000000001
2026/09/25 04:18:26.546, 0 %, 210 MHz, 405 MHz, 1.95 W, 63, 7919 MiB, 0x0000000000000001
2026/09/25 04:18:27.551, 0 %, 210 MHz, 405 MHz, 1.92 W, 63, 7919 MiB, 0x0000000000000001
2026/09/25 04:18:28.553, 0 %, 210 MHz, 405 MHz, 1.93 W, 63, 7919 MiB, 0x0000000000000001
2026/09/25 04:18:29.554, 0 %, 210 MHz, 405 MHz, 1.94 W, 63, 7919 MiB, 0x0000000000000001
2026/09/25 04:18:30.557, 0 %, 210 MHz, 405 MHz, 1.95 W, 63, 7919 MiB, 0x0000000000000001
2026/09/25 04:18:31.560, 0 %, 210 MHz, 405 MHz, 1.94 W, 63, 7919 MiB, 0x0000000000000001
2026/09/25 04:18:32.561, 0 %, 210 MHz, 405 MHz, 1.95 W, 63, 7919 MiB, 0x0000000000000001
2026/09/25 04:18:33.567, 0 %, 210 MHz, 405 MHz, 1.95 W, 63, 7919 MiB, 0x0000000000000001
2026/09/25 04:18:34.573, 0 %, 210 MHz, 405 MHz, 1.97 W, 63, 7919 MiB, 0x0000000000000001
2026/09/25 04:18:35.574, 0 %, 210 MHz, 405 MHz, 2.02 W, 63, 7919 MiB, 0x0000000000000001
2026/09/25 04:18:36.576, 0 %, 210 MHz, 405 MHz, 2.05 W, 63, 7919 MiB, 0x0000000000000001
2026/09/25 04:18:37.584, 0 %, 210 MHz, 405 MHz, 2.08 W, 63, 7919 MiB, 0x0000000000000001
2026/09/25 04:18:38.599, 0 %, 210 MHz, 405 MHz, 2.10 W, 63, 7919 MiB, 0x0000000000000001
2026/09/25 04:18:39.602, 0 %, 210 MHz, 405 MHz, 2.10 W, 63, 7919 MiB, 0x0000000000000001
2026/09/25 04:18:40.603, 0 %, 210 MHz, 405 MHz, 2.12 W, 63, 7919 MiB, 0x0000000000000001
2026/09/25 04:18:41.606, 0 %, 210 MHz, 405 MHz, 2.14 W, 63, 7919 MiB, 0x0000000000000001
2026/09/25 04:18:42.607, 0 %, 210 MHz, 405 MHz, 2.16 W, 62, 7919 MiB, 0x0000000000000001
2026/09/25 04:18:43.609, 0 %, 210 MHz, 405 MHz, 2.12 W, 62, 7919 MiB, 0x0000000000000001
2026/09/25 04:18:44.623, 0 %, 210 MHz, 405 MHz, 2.07 W, 62, 7919 MiB, 0x0000000000000001
2026/09/25 04:18:45.623, 0 %, 210 MHz, 405 MHz, 2.08 W, 62, 7919 MiB, 0x0000000000000001
2026/09/25 04:18:46.626, 0 %, 210 MHz, 405 MHz, 2.10 W, 62, 7919 MiB, 0x0000000000000001
2026/09/25 04:18:47.630, 0 %, 210 MHz, 405 MHz, 2.13 W, 62, 7919 MiB, 0x0000000000000001
2026/09/25 04:18:48.644, 0 %, 210 MHz, 405 MHz, 2.09 W, 62, 7919 MiB, 0x0000000000000001
2026/09/25 04:18:49.649, 0 %, 210 MHz, 405 MHz, 2.04 W, 62, 7919 MiB, 0x0000000000000001
2026/09/25 04:18:50.665, 0 %, 210 MHz, 405 MHz, 2.03 W, 62, 7919 MiB, 0x0000000000000001
2026/09/25 04:18:51.666, 0 %, 210 MHz, 405 MHz, 2.03 W, 62, 7919 MiB, 0x0000000000000001
2026/09/25 04:18:52.670, 0 %, 210 MHz, 405 MHz, 2.06 W, 62, 7919 MiB, 0x0000000000000001
2026/09/25 04:18:53.680, 0 %, 210 MHz, 405 MHz, 2.07 W, 62, 7919 MiB, 0x0000000000000001
2026/09/25 04:18:54.687, 0 %, 210 MHz, 405 MHz, 2.07 W, 62, 7919 MiB, 0x0000000000000001
2026/09/25 04:18:55.694, 0 %, 210 MHz, 405 MHz, 2.05 W, 62, 7919 MiB, 0x0000000000000001
2026/09/25 04:18:56.701, 0 %, 210 MHz, 405 MHz, 2.07 W, 62, 7919 MiB, 0x0000000000000001
2026/09/25 04:18:57.706, 0 %, 210 MHz, 405 MHz, 2.09 W, 62, 7919 MiB, 0x0000000000000001
2026/09/25 04:18:58.713, 0 %, 210 MHz, 405 MHz, 2.05 W, 62, 7919 MiB, 0x0000000000000001
2026/09/25 04:18:59.717, 0 %, 210 MHz, 405 MHz, 2.00 W, 62, 7919 MiB, 0x0000000000000001
2026/09/25 04:19:00.717, 0 %, 210 MHz, 405 MHz, 2.05 W, 62, 7919 MiB, 0x0000000000000001
2026/09/25 04:19:01.718, 0 %, 210 MHz, 405 MHz, 2.01 W, 62, 7919 MiB, 0x0000000000000001
2026/09/25 04:19:02.723, 0 %, 210 MHz, 405 MHz, 2.04 W, 62, 7919 MiB, 0x0000000000000001
2026/09/25 04:19:03.725, 0 %, 210 MHz, 405 MHz, 2.09 W, 62, 7919 MiB, 0x0000000000000001
2026/09/25 04:19:04.738, 0 %, 210 MHz, 405 MHz, 2.11 W, 61, 7919 MiB, 0x0000000000000001
2026/09/25 04:19:05.740, 0 %, 210 MHz, 405 MHz, 2.10 W, 61, 7919 MiB, 0x0000000000000001
2026/09/25 04:19:06.751, 0 %, 210 MHz, 405 MHz, 2.08 W, 61, 7919 MiB, 0x0000000000000001
2026/09/25 04:19:07.752, 0 %, 210 MHz, 405 MHz, 2.04 W, 61, 7919 MiB, 0x0000000000000001
2026/09/25 04:19:08.769, 0 %, 210 MHz, 405 MHz, 2.05 W, 61, 7919 MiB, 0x0000000000000001
2026/09/25 04:19:09.772, 0 %, 210 MHz, 405 MHz, 2.15 W, 61, 7919 MiB, 0x0000000000000001
2026/09/25 04:19:10.774, 0 %, 210 MHz, 405 MHz, 2.28 W, 61, 7919 MiB, 0x0000000000000001
2026/09/25 04:19:11.777, 0 %, 210 MHz, 405 MHz, 2.26 W, 61, 7919 MiB, 0x0000000000000001
2026/09/25 04:19:12.785, 0 %, 210 MHz, 405 MHz, 2.19 W, 61, 7919 MiB, 0x0000000000000001
2026/09/25 04:19:13.789, 0 %, 210 MHz, 405 MHz, 2.20 W, 61, 7919 MiB, 0x0000000000000001
2026/09/25 04:19:14.790, 0 %, 210 MHz, 405 MHz, 2.22 W, 61, 7919 MiB, 0x0000000000000001
2026/09/25 04:19:15.794, 0 %, 210 MHz, 405 MHz, 2.26 W, 61, 7919 MiB, 0x0000000000000001
2026/09/25 04:19:16.796, 0 %, 210 MHz, 405 MHz, 2.28 W, 61, 7919 MiB, 0x0000000000000001
2026/09/25 04:19:17.797, 0 %, 210 MHz, 405 MHz, 2.24 W, 61, 7919 MiB, 0x0000000000000001
2026/09/25 04:19:18.802, 0 %, 210 MHz, 405 MHz, 2.20 W, 61, 7919 MiB, 0x0000000000000001
2026/09/25 04:19:19.817, 0 %, 210 MHz, 405 MHz, 2.19 W, 61, 7919 MiB, 0x0000000000000001
2026/09/25 04:19:20.821, 0 %, 210 MHz, 405 MHz, 2.15 W, 61, 7919 MiB, 0x0000000000000001
2026/09/25 04:19:21.822, 0 %, 210 MHz, 405 MHz, 2.13 W, 61, 7919 MiB, 0x0000000000000001
2026/09/25 04:19:22.826, 0 %, 210 MHz, 405 MHz, 2.19 W, 61, 7919 MiB, 0x0000000000000001
2026/09/25 04:19:23.827, 0 %, 210 MHz, 405 MHz, 2.20 W, 61, 7919 MiB, 0x0000000000000001
2026/09/25 04:19:24.831, 0 %, 210 MHz, 405 MHz, 2.18 W, 61, 7919 MiB, 0x0000000000000001
2026/09/25 04:19:25.837, 0 %, 210 MHz, 405 MHz, 2.20 W, 61, 7919 MiB, 0x0000000000000001
2026/09/25 04:19:26.838, 0 %, 210 MHz, 405 MHz, 2.19 W, 61, 7919 MiB, 0x0000000000000001
2026/09/25 04:19:27.839, 0 %, 210 MHz, 405 MHz, 2.19 W, 61, 7919 MiB, 0x0000000000000001
2026/09/25 04:19:28.846, 0 %, 210 MHz, 405 MHz, 2.24 W, 61, 7919 MiB, 0x0000000000000001
2026/09/25 04:19:29.860, 100 %, 315 MHz, 405 MHz, 2.64 W, 61, 7925 MiB, 0x0000000000000001
2026/09/25 04:19:30.862, 100 %, 2565 MHz, 8001 MHz, 39.78 W, 65, 7925 MiB, 0x0000000000000000
2026/09/25 04:19:31.867, 100 %, 2565 MHz, 8001 MHz, 40.98 W, 65, 7925 MiB, 0x0000000000000000
2026/09/25 04:19:32.882, 100 %, 2565 MHz, 8001 MHz, 40.15 W, 65, 7925 MiB, 0x0000000000000000
2026/09/25 04:19:33.895, 100 %, 2565 MHz, 8001 MHz, 39.90 W, 65, 7925 MiB, 0x0000000000000000
2026/09/25 04:19:34.909, 100 %, 2565 MHz, 8001 MHz, 39.66 W, 66, 7925 MiB, 0x0000000000000000
2026/09/25 04:19:35.915, 100 %, 2565 MHz, 8001 MHz, 41.92 W, 66, 7925 MiB, 0x0000000000000000
2026/09/25 04:19:36.917, 100 %, 2565 MHz, 8001 MHz, 41.81 W, 66, 7925 MiB, 0x0000000000000000
2026/09/25 04:19:37.922, 100 %, 2565 MHz, 8001 MHz, 37.40 W, 66, 7925 MiB, 0x0000000000000000
2026/09/25 04:19:38.927, 100 %, 2565 MHz, 8001 MHz, 34.02 W, 66, 7925 MiB, 0x0000000000000000
2026/09/25 04:19:39.931, 100 %, 2565 MHz, 8001 MHz, 39.38 W, 66, 7925 MiB, 0x0000000000000000
2026/09/25 04:19:40.946, 100 %, 2565 MHz, 8001 MHz, 42.35 W, 67, 7925 MiB, 0x0000000000000000
2026/09/25 04:19:41.953, 100 %, 2565 MHz, 8001 MHz, 37.55 W, 67, 7925 MiB, 0x0000000000000000
2026/09/25 04:19:42.955, 100 %, 2565 MHz, 8001 MHz, 38.28 W, 68, 7925 MiB, 0x0000000000000000
2026/09/25 04:19:43.968, 100 %, 2565 MHz, 8001 MHz, 34.90 W, 67, 7925 MiB, 0x0000000000000000
2026/09/25 04:19:44.969, 100 %, 2565 MHz, 8001 MHz, 39.16 W, 68, 7925 MiB, 0x0000000000000000
2026/09/25 04:19:45.974, 100 %, 2565 MHz, 8001 MHz, 37.02 W, 68, 7925 MiB, 0x0000000000000000
2026/09/25 04:19:46.977, 100 %, 2565 MHz, 8001 MHz, 32.82 W, 67, 7925 MiB, 0x0000000000000000
2026/09/25 04:19:47.990, 100 %, 2565 MHz, 8001 MHz, 43.22 W, 69, 7925 MiB, 0x0000000000000000
2026/09/25 04:19:48.991, 100 %, 2565 MHz, 8001 MHz, 43.89 W, 68, 7925 MiB, 0x0000000000000000
2026/09/25 04:19:49.991, 100 %, 2565 MHz, 8001 MHz, 40.11 W, 67, 7925 MiB, 0x0000000000000000
2026/09/25 04:19:51.006, 100 %, 2565 MHz, 8001 MHz, 45.02 W, 69, 7925 MiB, 0x0000000000000000
2026/09/25 04:19:52.010, 100 %, 2565 MHz, 8001 MHz, 32.59 W, 67, 7925 MiB, 0x0000000000000000
2026/09/25 04:19:53.016, 100 %, 2565 MHz, 8001 MHz, 36.80 W, 68, 7925 MiB, 0x0000000000000000
2026/09/25 04:19:54.019, 100 %, 2565 MHz, 8001 MHz, 41.87 W, 70, 7925 MiB, 0x0000000000000000
2026/09/25 04:19:55.021, 100 %, 2565 MHz, 8001 MHz, 41.86 W, 68, 7925 MiB, 0x0000000000000000
2026/09/25 04:19:56.023, 100 %, 2565 MHz, 8001 MHz, 38.94 W, 70, 7925 MiB, 0x0000000000000000
2026/09/25 04:19:57.037, 100 %, 2565 MHz, 8001 MHz, 34.62 W, 68, 7925 MiB, 0x0000000000000000
2026/09/25 04:19:58.038, 100 %, 2565 MHz, 8001 MHz, 47.41 W, 70, 7925 MiB, 0x0000000000000000
2026/09/25 04:19:59.045, 100 %, 2565 MHz, 8001 MHz, 31.01 W, 69, 7925 MiB, 0x0000000000000000
2026/09/25 04:20:00.049, 100 %, 2565 MHz, 8001 MHz, 45.34 W, 70, 7925 MiB, 0x0000000000000000
2026/09/25 04:20:01.052, 100 %, 2565 MHz, 8001 MHz, 32.40 W, 69, 7925 MiB, 0x0000000000000000
2026/09/25 04:20:02.057, 100 %, 2565 MHz, 8001 MHz, 48.11 W, 70, 7925 MiB, 0x0000000000000000
2026/09/25 04:20:03.072, 100 %, 2565 MHz, 8001 MHz, 31.03 W, 70, 7925 MiB, 0x0000000000000000
2026/09/25 04:20:04.072, 100 %, 2565 MHz, 8001 MHz, 48.58 W, 70, 7925 MiB, 0x0000000000000000
2026/09/25 04:20:05.088, 100 %, 2565 MHz, 8001 MHz, 32.54 W, 69, 7925 MiB, 0x0000000000000000
2026/09/25 04:20:06.089, 100 %, 2550 MHz, 8001 MHz, 49.68 W, 71, 7925 MiB, 0x0000000000000000
2026/09/25 04:20:07.092, 100 %, 2550 MHz, 8001 MHz, 34.23 W, 69, 7925 MiB, 0x0000000000000000
2026/09/25 04:20:08.096, 100 %, 2550 MHz, 8001 MHz, 46.26 W, 71, 7925 MiB, 0x0000000000000000
2026/09/25 04:20:09.101, 100 %, 2550 MHz, 8001 MHz, 35.27 W, 70, 7925 MiB, 0x0000000000000000
2026/09/25 04:20:10.116, 100 %, 2550 MHz, 8001 MHz, 44.40 W, 72, 7925 MiB, 0x0000000000000000
2026/09/25 04:20:11.117, 100 %, 2550 MHz, 8001 MHz, 32.26 W, 70, 7925 MiB, 0x0000000000000000
2026/09/25 04:20:12.126, 100 %, 2550 MHz, 8001 MHz, 50.61 W, 72, 7925 MiB, 0x0000000000000000
2026/09/25 04:20:13.130, 100 %, 2550 MHz, 8001 MHz, 32.58 W, 70, 7925 MiB, 0x0000000000000000
2026/09/25 04:20:14.132, 100 %, 2550 MHz, 8001 MHz, 51.50 W, 73, 7925 MiB, 0x0000000000000000
2026/09/25 04:20:15.133, 100 %, 2550 MHz, 8001 MHz, 43.88 W, 70, 7925 MiB, 0x0000000000000000
2026/09/25 04:20:16.134, 100 %, 2550 MHz, 8001 MHz, 34.66 W, 72, 7925 MiB, 0x0000000000000000
2026/09/25 04:20:17.138, 100 %, 2550 MHz, 8001 MHz, 48.88 W, 72, 7925 MiB, 0x0000000000000000
2026/09/25 04:20:18.152, 100 %, 2550 MHz, 8001 MHz, 32.57 W, 71, 7925 MiB, 0x0000000000000000
2026/09/25 04:20:19.155, 100 %, 2550 MHz, 8001 MHz, 51.40 W, 73, 7925 MiB, 0x0000000000000000
2026/09/25 04:20:20.158, 100 %, 2550 MHz, 8001 MHz, 35.74 W, 71, 7925 MiB, 0x0000000000000000
2026/09/25 04:20:21.160, 100 %, 2550 MHz, 8001 MHz, 50.38 W, 73, 7925 MiB, 0x0000000000000000
2026/09/25 04:20:22.162, 100 %, 2550 MHz, 8001 MHz, 44.39 W, 71, 7925 MiB, 0x0000000000000000
2026/09/25 04:20:23.165, 100 %, 2550 MHz, 8001 MHz, 34.72 W, 73, 7925 MiB, 0x0000000000000000
2026/09/25 04:20:24.170, 100 %, 2550 MHz, 8001 MHz, 53.51 W, 74, 7925 MiB, 0x0000000000000000
2026/09/25 04:20:25.186, 100 %, 2550 MHz, 8001 MHz, 35.46 W, 72, 7925 MiB, 0x0000000000000000
2026/09/25 04:20:26.201, 100 %, 2550 MHz, 8001 MHz, 42.66 W, 74, 7925 MiB, 0x0000000000000000
2026/09/25 04:20:27.204, 100 %, 2550 MHz, 8001 MHz, 31.35 W, 72, 7925 MiB, 0x0000000000000000
2026/09/25 04:20:28.219, 100 %, 2550 MHz, 8001 MHz, 48.31 W, 74, 7925 MiB, 0x0000000000000000
2026/09/25 04:20:29.228, 100 %, 2550 MHz, 8001 MHz, 41.09 W, 72, 7925 MiB, 0x0000000000000000
2026/09/25 04:20:30.230, 100 %, 2550 MHz, 8001 MHz, 31.62 W, 73, 7925 MiB, 0x0000000000000000
2026/09/25 04:20:31.233, 100 %, 2550 MHz, 8001 MHz, 51.89 W, 75, 7925 MiB, 0x0000000000000000
2026/09/25 04:20:32.237, 100 %, 2550 MHz, 8001 MHz, 36.38 W, 72, 7925 MiB, 0x0000000000000000
2026/09/25 04:20:33.241, 100 %, 2550 MHz, 8001 MHz, 45.00 W, 75, 7925 MiB, 0x0000000000000000
2026/09/25 04:20:34.245, 100 %, 2550 MHz, 8001 MHz, 49.01 W, 73, 7925 MiB, 0x0000000000000000
2026/09/25 04:20:35.254, 100 %, 2550 MHz, 8001 MHz, 31.47 W, 73, 7925 MiB, 0x0000000000000000
2026/09/25 04:20:36.260, 100 %, 2550 MHz, 8001 MHz, 45.56 W, 75, 7925 MiB, 0x0000000000000000
2026/09/25 04:20:37.268, 100 %, 2550 MHz, 8001 MHz, 33.41 W, 73, 7925 MiB, 0x0000000000000000
2026/09/25 04:20:38.273, 100 %, 2550 MHz, 8001 MHz, 32.55 W, 73, 7925 MiB, 0x0000000000000000
2026/09/25 04:20:39.278, 100 %, 2550 MHz, 8001 MHz, 50.60 W, 75, 7925 MiB, 0x0000000000000000
2026/09/25 04:20:40.281, 100 %, 2550 MHz, 8001 MHz, 31.82 W, 73, 7925 MiB, 0x0000000000000000
2026/09/25 04:20:41.284, 100 %, 2550 MHz, 8001 MHz, 51.83 W, 75, 7925 MiB, 0x0000000000000000
2026/09/25 04:20:42.287, 100 %, 2550 MHz, 8001 MHz, 54.03 W, 76, 7925 MiB, 0x0000000000000000
2026/09/25 04:20:43.290, 100 %, 2550 MHz, 8001 MHz, 32.88 W, 73, 7925 MiB, 0x0000000000000000
2026/09/25 04:20:44.294, 100 %, 2550 MHz, 8001 MHz, 52.78 W, 76, 7925 MiB, 0x0000000000000000
2026/09/25 04:20:45.296, 100 %, 2550 MHz, 8001 MHz, 52.50 W, 74, 7925 MiB, 0x0000000000000000
2026/09/25 04:20:46.310, 100 %, 2550 MHz, 8001 MHz, 32.66 W, 74, 7925 MiB, 0x0000000000000000
2026/09/25 04:20:47.312, 100 %, 2550 MHz, 8001 MHz, 53.26 W, 76, 7925 MiB, 0x0000000000000000
2026/09/25 04:20:48.317, 100 %, 2550 MHz, 8001 MHz, 47.47 W, 74, 7925 MiB, 0x0000000000000000
2026/09/25 04:20:49.322, 100 %, 2550 MHz, 8001 MHz, 32.92 W, 74, 7925 MiB, 0x0000000000000000
2026/09/25 04:20:50.336, 100 %, 2550 MHz, 8001 MHz, 51.05 W, 76, 7925 MiB, 0x0000000000000000
2026/09/25 04:20:51.338, 100 %, 2550 MHz, 8001 MHz, 50.03 W, 74, 7925 MiB, 0x0000000000000000
2026/09/25 04:20:52.342, 100 %, 2550 MHz, 8001 MHz, 32.99 W, 74, 7925 MiB, 0x0000000000000000
2026/09/25 04:20:53.342, 100 %, 2550 MHz, 8001 MHz, 65.98 W, 76, 7925 MiB, 0x0000000000000000
2026/09/25 04:20:54.356, 100 %, 2550 MHz, 8001 MHz, 50.70 W, 74, 7925 MiB, 0x0000000000000000
2026/09/25 04:20:55.361, 100 %, 2550 MHz, 8001 MHz, 32.83 W, 75, 7925 MiB, 0x0000000000000000
2026/09/25 04:20:56.366, 100 %, 2550 MHz, 8001 MHz, 53.11 W, 77, 7925 MiB, 0x0000000000000000
2026/09/25 04:20:57.373, 100 %, 2550 MHz, 8001 MHz, 52.65 W, 75, 7925 MiB, 0x0000000000000000
2026/09/25 04:20:58.384, 100 %, 2550 MHz, 8001 MHz, 32.95 W, 74, 7925 MiB, 0x0000000000000000
2026/09/25 04:20:59.385, 100 %, 2550 MHz, 8001 MHz, 49.21 W, 77, 7925 MiB, 0x0000000000000000
2026/09/25 04:21:00.444, 100 %, 2550 MHz, 8001 MHz, 54.60 W, 76, 7925 MiB, 0x0000000000000000
2026/09/25 04:21:01.448, 100 %, 2550 MHz, 8001 MHz, 35.96 W, 75, 7925 MiB, 0x0000000000000000
2026/09/25 04:21:02.454, 100 %, 2550 MHz, 8001 MHz, 53.99 W, 77, 7925 MiB, 0x0000000000000000
2026/09/25 04:21:03.460, 100 %, 2550 MHz, 8001 MHz, 55.77 W, 77, 7925 MiB, 0x0000000000000000
2026/09/25 04:21:04.461, 100 %, 2550 MHz, 8001 MHz, 32.41 W, 75, 7925 MiB, 0x0000000000000000
2026/09/25 04:21:05.465, 100 %, 2550 MHz, 8001 MHz, 33.12 W, 77, 7925 MiB, 0x0000000000000000
2026/09/25 04:21:06.469, 100 %, 2550 MHz, 8001 MHz, 57.17 W, 78, 7925 MiB, 0x0000000000000000
2026/09/25 04:21:07.473, 100 %, 2550 MHz, 8001 MHz, 41.41 W, 75, 7925 MiB, 0x0000000000000000
2026/09/25 04:21:08.475, 100 %, 2550 MHz, 8001 MHz, 34.66 W, 75, 7925 MiB, 0x0000000000000000
2026/09/25 04:21:09.490, 100 %, 2550 MHz, 8001 MHz, 56.56 W, 78, 7925 MiB, 0x0000000000000000
2026/09/25 04:21:10.505, 100 %, 2550 MHz, 8001 MHz, 48.05 W, 76, 7925 MiB, 0x0000000000000000
2026/09/25 04:21:11.509, 100 %, 2550 MHz, 8001 MHz, 39.07 W, 76, 7925 MiB, 0x0000000000000000
2026/09/25 04:21:12.512, 100 %, 2550 MHz, 8001 MHz, 55.94 W, 78, 7925 MiB, 0x0000000000000000
2026/09/25 04:21:13.513, 100 %, 2550 MHz, 8001 MHz, 54.88 W, 77, 7925 MiB, 0x0000000000000000
2026/09/25 04:21:14.516, 100 %, 2550 MHz, 8001 MHz, 33.71 W, 76, 7925 MiB, 0x0000000000000000
2026/09/25 04:21:15.523, 99 %, 2550 MHz, 8001 MHz, 34.60 W, 78, 7925 MiB, 0x0000000000000000
2026/09/25 04:21:16.529, 100 %, 2550 MHz, 8001 MHz, 55.98 W, 79, 7925 MiB, 0x0000000000000000
2026/09/25 04:21:17.534, 100 %, 2550 MHz, 8001 MHz, 33.74 W, 76, 7925 MiB, 0x0000000000000000
2026/09/25 04:21:18.548, 100 %, 2550 MHz, 8001 MHz, 33.72 W, 76, 7925 MiB, 0x0000000000000000
2026/09/25 04:21:19.550, 100 %, 2550 MHz, 8001 MHz, 56.89 W, 79, 7925 MiB, 0x0000000000000000
2026/09/25 04:21:20.556, 100 %, 2550 MHz, 8001 MHz, 52.94 W, 77, 7925 MiB, 0x0000000000000000
2026/09/25 04:21:21.557, 100 %, 2550 MHz, 8001 MHz, 35.20 W, 76, 7925 MiB, 0x0000000000000000
2026/09/25 04:21:22.559, 100 %, 2550 MHz, 8001 MHz, 37.17 W, 79, 7925 MiB, 0x0000000000000000
2026/09/25 04:21:23.564, 100 %, 2550 MHz, 8001 MHz, 57.71 W, 79, 7925 MiB, 0x0000000000000000
2026/09/25 04:21:24.578, 100 %, 2550 MHz, 8001 MHz, 33.14 W, 77, 7925 MiB, 0x0000000000000000
2026/09/25 04:21:25.585, 100 %, 2550 MHz, 8001 MHz, 33.74 W, 77, 7925 MiB, 0x0000000000000000
2026/09/25 04:21:26.592, 100 %, 2550 MHz, 8001 MHz, 57.70 W, 79, 7925 MiB, 0x0000000000000000
2026/09/25 04:21:27.599, 100 %, 2550 MHz, 8001 MHz, 46.71 W, 78, 7925 MiB, 0x0000000000000000
2026/09/25 04:21:28.600, 100 %, 2550 MHz, 8001 MHz, 34.42 W, 77, 7925 MiB, 0x0000000000000000
2026/09/25 04:21:29.602, 100 %, 2550 MHz, 8001 MHz, 45.01 W, 79, 7925 MiB, 0x0000000000000000
2026/09/25 04:21:30.604, 100 %, 2550 MHz, 8001 MHz, 56.77 W, 80, 7925 MiB, 0x0000000000000000
2026/09/25 04:21:31.608, 100 %, 2550 MHz, 8001 MHz, 45.47 W, 77, 7925 MiB, 0x0000000000000000
2026/09/25 04:21:32.610, 100 %, 2550 MHz, 8001 MHz, 35.59 W, 77, 7925 MiB, 0x0000000000000000
2026/09/25 04:21:33.616, 100 %, 2550 MHz, 8001 MHz, 58.15 W, 80, 7925 MiB, 0x0000000000000000
2026/09/25 04:21:34.619, 100 %, 2550 MHz, 8001 MHz, 58.18 W, 80, 7925 MiB, 0x0000000000000000
2026/09/25 04:21:35.622, 100 %, 2550 MHz, 8001 MHz, 34.50 W, 77, 7925 MiB, 0x0000000000000000
2026/09/25 04:21:36.637, 100 %, 2550 MHz, 8001 MHz, 34.08 W, 77, 7925 MiB, 0x0000000000000000
2026/09/25 04:21:37.640, 100 %, 2550 MHz, 8001 MHz, 51.48 W, 80, 7925 MiB, 0x0000000000000000
2026/09/25 04:21:38.641, 100 %, 2550 MHz, 8001 MHz, 36.89 W, 78, 7925 MiB, 0x0000000000000000
2026/09/25 04:21:39.648, 100 %, 2550 MHz, 8001 MHz, 34.33 W, 78, 7925 MiB, 0x0000000000000000
2026/09/25 04:21:40.651, 100 %, 2550 MHz, 8001 MHz, 33.58 W, 79, 7925 MiB, 0x0000000000000000
2026/09/25 04:21:41.655, 100 %, 2550 MHz, 8001 MHz, 58.29 W, 80, 7925 MiB, 0x0000000000000000
2026/09/25 04:21:42.657, 100 %, 2550 MHz, 8001 MHz, 46.78 W, 78, 7925 MiB, 0x0000000000000000
2026/09/25 04:21:43.663, 100 %, 2550 MHz, 8001 MHz, 34.37 W, 78, 7925 MiB, 0x0000000000000000
2026/09/25 04:21:44.664, 100 %, 2550 MHz, 8001 MHz, 57.91 W, 80, 7925 MiB, 0x0000000000000000
2026/09/25 04:21:45.668, 100 %, 2550 MHz, 8001 MHz, 57.54 W, 81, 7925 MiB, 0x0000000000000000
2026/09/25 04:21:46.672, 100 %, 2550 MHz, 8001 MHz, 42.62 W, 78, 7925 MiB, 0x0000000000000000
2026/09/25 04:21:47.674, 100 %, 2550 MHz, 8001 MHz, 34.62 W, 78, 7925 MiB, 0x0000000000000000
2026/09/25 04:21:48.678, 100 %, 2550 MHz, 8001 MHz, 55.47 W, 80, 7925 MiB, 0x0000000000000000
2026/09/25 04:21:49.683, 100 %, 2550 MHz, 8001 MHz, 59.49 W, 81, 7925 MiB, 0x0000000000000000
2026/09/25 04:21:50.686, 100 %, 2550 MHz, 8001 MHz, 41.12 W, 78, 7925 MiB, 0x0000000000000000
2026/09/25 04:21:51.687, 100 %, 2550 MHz, 8001 MHz, 34.69 W, 78, 7925 MiB, 0x0000000000000000
2026/09/25 04:21:52.695, 100 %, 2550 MHz, 8001 MHz, 44.22 W, 81, 7925 MiB, 0x0000000000000000
2026/09/25 04:21:53.700, 100 %, 2550 MHz, 8001 MHz, 59.14 W, 81, 7925 MiB, 0x0000000000000000
2026/09/25 04:21:54.704, 100 %, 2550 MHz, 8001 MHz, 39.38 W, 79, 7925 MiB, 0x0000000000000000
2026/09/25 04:21:55.708, 100 %, 2550 MHz, 8001 MHz, 34.95 W, 79, 7925 MiB, 0x0000000000000000
2026/09/25 04:21:56.715, 100 %, 2550 MHz, 8001 MHz, 46.85 W, 81, 7925 MiB, 0x0000000000000000
2026/09/25 04:21:57.731, 100 %, 2550 MHz, 8001 MHz, 47.78 W, 79, 7925 MiB, 0x0000000000000000
2026/09/25 04:21:58.733, 100 %, 2550 MHz, 8001 MHz, 35.17 W, 79, 7925 MiB, 0x0000000000000000
2026/09/25 04:21:59.738, 100 %, 2550 MHz, 8001 MHz, 34.72 W, 80, 7925 MiB, 0x0000000000000000
2026/09/25 04:22:00.742, 100 %, 2550 MHz, 8001 MHz, 58.41 W, 82, 7925 MiB, 0x0000000000000000
2026/09/25 04:22:01.747, 100 %, 2550 MHz, 8001 MHz, 43.24 W, 79, 7925 MiB, 0x0000000000000000
2026/09/25 04:22:02.749, 100 %, 2550 MHz, 8001 MHz, 35.35 W, 79, 7925 MiB, 0x0000000000000000
2026/09/25 04:22:03.764, 100 %, 2550 MHz, 8001 MHz, 34.92 W, 79, 7925 MiB, 0x0000000000000000
2026/09/25 04:22:04.766, 100 %, 2550 MHz, 8001 MHz, 55.55 W, 82, 7925 MiB, 0x0000000000000000
2026/09/25 04:22:05.773, 100 %, 2550 MHz, 8001 MHz, 36.68 W, 80, 7925 MiB, 0x0000000000000000
2026/09/25 04:22:06.778, 100 %, 2550 MHz, 8001 MHz, 34.85 W, 79, 7925 MiB, 0x0000000000000000
2026/09/25 04:22:07.781, 100 %, 2550 MHz, 8001 MHz, 35.08 W, 79, 7925 MiB, 0x0000000000000000
2026/09/25 04:22:08.784, 100 %, 2550 MHz, 8001 MHz, 55.49 W, 82, 7925 MiB, 0x0000000000000000
2026/09/25 04:22:09.786, 100 %, 2550 MHz, 8001 MHz, 50.66 W, 80, 7925 MiB, 0x0000000000000000
2026/09/25 04:22:10.786, 100 %, 2550 MHz, 8001 MHz, 34.88 W, 80, 7925 MiB, 0x0000000000000000
2026/09/25 04:22:11.800, 100 %, 2550 MHz, 8001 MHz, 38.67 W, 80, 7925 MiB, 0x0000000000000000
2026/09/25 04:22:12.803, 100 %, 2550 MHz, 8001 MHz, 59.86 W, 82, 7925 MiB, 0x0000000000000000
2026/09/25 04:22:13.805, 100 %, 2550 MHz, 8001 MHz, 56.87 W, 81, 7925 MiB, 0x0000000000000000
2026/09/25 04:22:14.809, 100 %, 2550 MHz, 8001 MHz, 35.16 W, 81, 7925 MiB, 0x0000000000000000
2026/09/25 04:22:15.813, 100 %, 2550 MHz, 8001 MHz, 35.18 W, 80, 7925 MiB, 0x0000000000000000
2026/09/25 04:22:16.817, 100 %, 2550 MHz, 8001 MHz, 60.23 W, 83, 7925 MiB, 0x0000000000000000
2026/09/25 04:22:17.860, 100 %, 2550 MHz, 8001 MHz, 60.31 W, 83, 7925 MiB, 0x0000000000000000
2026/09/25 04:22:18.870, 100 %, 2550 MHz, 8001 MHz, 40.10 W, 80, 7925 MiB, 0x0000000000000000
2026/09/25 04:22:19.882, 100 %, 2550 MHz, 8001 MHz, 35.36 W, 80, 7925 MiB, 0x0000000000000000
2026/09/25 04:22:20.884, 100 %, 2550 MHz, 8001 MHz, 41.90 W, 83, 7925 MiB, 0x0000000000000000
2026/09/25 04:22:21.900, 100 %, 2550 MHz, 8001 MHz, 60.74 W, 83, 7925 MiB, 0x0000000000000000
2026/09/25 04:22:22.916, 100 %, 2550 MHz, 8001 MHz, 41.43 W, 80, 7925 MiB, 0x0000000000000000
2026/09/25 04:22:23.923, 100 %, 2550 MHz, 8001 MHz, 35.54 W, 80, 7925 MiB, 0x0000000000000000
2026/09/25 04:22:24.937, 100 %, 2550 MHz, 8001 MHz, 35.05 W, 80, 7925 MiB, 0x0000000000000000
2026/09/25 04:22:25.939, 100 %, 2550 MHz, 8001 MHz, 60.45 W, 83, 7925 MiB, 0x0000000000000000
2026/09/25 04:22:26.942, 100 %, 2550 MHz, 8001 MHz, 53.83 W, 81, 7925 MiB, 0x0000000000000000
2026/09/25 04:22:27.957, 100 %, 2550 MHz, 8001 MHz, 34.99 W, 80, 7925 MiB, 0x0000000000000000
2026/09/25 04:22:28.971, 100 %, 2550 MHz, 8001 MHz, 35.39 W, 80, 7925 MiB, 0x0000000000000000
2026/09/25 04:22:29.987, 100 %, 2550 MHz, 8001 MHz, 60.88 W, 83, 7925 MiB, 0x0000000000000000
2026/09/25 04:22:30.991, 100 %, 2550 MHz, 8001 MHz, 60.60 W, 83, 7925 MiB, 0x0000000000000000
2026/09/25 04:22:32.006, 100 %, 2550 MHz, 8001 MHz, 37.50 W, 81, 7925 MiB, 0x0000000000000000
2026/09/25 04:22:33.008, 100 %, 2550 MHz, 8001 MHz, 35.75 W, 81, 7925 MiB, 0x0000000000000000
2026/09/25 04:22:34.011, 100 %, 2550 MHz, 8001 MHz, 48.34 W, 83, 7925 MiB, 0x0000000000000000
2026/09/25 04:22:35.027, 100 %, 2550 MHz, 8001 MHz, 61.28 W, 84, 7925 MiB, 0x0000000000000000
2026/09/25 04:22:36.034, 100 %, 2550 MHz, 8001 MHz, 36.37 W, 81, 7925 MiB, 0x0000000000000000
2026/09/25 04:22:37.038, 100 %, 2550 MHz, 8001 MHz, 35.23 W, 81, 7925 MiB, 0x0000000000000000
2026/09/25 04:22:38.042, 100 %, 2550 MHz, 8001 MHz, 35.67 W, 81, 7925 MiB, 0x0000000000000000
2026/09/25 04:22:39.046, 100 %, 2550 MHz, 8001 MHz, 54.11 W, 84, 7925 MiB, 0x0000000000000000
2026/09/25 04:22:40.062, 100 %, 2550 MHz, 8001 MHz, 59.72 W, 84, 7925 MiB, 0x0000000000000000
2026/09/25 04:22:41.065, 100 %, 2550 MHz, 8001 MHz, 37.51 W, 81, 7925 MiB, 0x0000000000000000
2026/09/25 04:22:42.066, 100 %, 2550 MHz, 8001 MHz, 36.09 W, 81, 7925 MiB, 0x0000000000000000
2026/09/25 04:22:43.066, 100 %, 2550 MHz, 8001 MHz, 62.16 W, 84, 7925 MiB, 0x0000000000000000
2026/09/25 04:22:44.069, 100 %, 2415 MHz, 8001 MHz, 58.48 W, 84, 7925 MiB, 0x0000000000000020
2026/09/25 04:22:45.083, 100 %, 2550 MHz, 8001 MHz, 36.46 W, 81, 7925 MiB, 0x0000000000000000
2026/09/25 04:22:46.087, 100 %, 2550 MHz, 8001 MHz, 35.80 W, 81, 7925 MiB, 0x0000000000000000
2026/09/25 04:22:47.091, 100 %, 2550 MHz, 8001 MHz, 35.98 W, 81, 7925 MiB, 0x0000000000000000
2026/09/25 04:22:48.102, 100 %, 2445 MHz, 8001 MHz, 50.17 W, 84, 7925 MiB, 0x0000000000000020
2026/09/25 04:22:49.118, 100 %, 2490 MHz, 8001 MHz, 58.80 W, 84, 7925 MiB, 0x0000000000000020
2026/09/25 04:22:50.134, 100 %, 2550 MHz, 8001 MHz, 37.73 W, 82, 7925 MiB, 0x0000000000000000
2026/09/25 04:22:51.138, 100 %, 2550 MHz, 8001 MHz, 35.98 W, 81, 7925 MiB, 0x0000000000000000
2026/09/25 04:22:52.143, 100 %, 2550 MHz, 8001 MHz, 37.35 W, 81, 7925 MiB, 0x0000000000000000
2026/09/25 04:22:53.147, 100 %, 2295 MHz, 8001 MHz, 49.62 W, 83, 7925 MiB, 0x0000000000000020
2026/09/25 04:22:54.149, 100 %, 2550 MHz, 8001 MHz, 36.74 W, 82, 7925 MiB, 0x0000000000000000
2026/09/25 04:22:55.163, 100 %, 2550 MHz, 8001 MHz, 36.34 W, 83, 7925 MiB, 0x0000000000000000
2026/09/25 04:22:56.167, 100 %, 2550 MHz, 8001 MHz, 36.18 W, 82, 7925 MiB, 0x0000000000000000
2026/09/25 04:22:57.173, 100 %, 2340 MHz, 8001 MHz, 43.80 W, 84, 7925 MiB, 0x0000000000000020
2026/09/25 04:22:58.177, 100 %, 2415 MHz, 8001 MHz, 55.26 W, 84, 7925 MiB, 0x0000000000000020
2026/09/25 04:22:59.192, 100 %, 2550 MHz, 8001 MHz, 36.48 W, 82, 7925 MiB, 0x0000000000000000
2026/09/25 04:23:00.207, 100 %, 2550 MHz, 8001 MHz, 36.07 W, 82, 7925 MiB, 0x0000000000000000
2026/09/25 04:23:01.210, 100 %, 2550 MHz, 8001 MHz, 37.92 W, 82, 7925 MiB, 0x0000000000000000
2026/09/25 04:23:02.225, 100 %, 2415 MHz, 8001 MHz, 55.94 W, 84, 7925 MiB, 0x0000000000000020
2026/09/25 04:23:03.227, 100 %, 2250 MHz, 8001 MHz, 53.33 W, 83, 7925 MiB, 0x0000000000000020
2026/09/25 04:23:04.232, 100 %, 2550 MHz, 8001 MHz, 38.09 W, 83, 7925 MiB, 0x0000000000000000
2026/09/25 04:23:05.233, 100 %, 2550 MHz, 8001 MHz, 35.77 W, 82, 7925 MiB, 0x0000000000000000
2026/09/25 04:23:06.236, 100 %, 2550 MHz, 8001 MHz, 36.18 W, 82, 7925 MiB, 0x0000000000000000
2026/09/25 04:23:07.249, 100 %, 2325 MHz, 8001 MHz, 50.33 W, 83, 7925 MiB, 0x0000000000000020
2026/09/25 04:23:08.250, 100 %, 2550 MHz, 8001 MHz, 35.75 W, 82, 7925 MiB, 0x0000000000000000
2026/09/25 04:23:09.254, 100 %, 2550 MHz, 8001 MHz, 35.64 W, 82, 7925 MiB, 0x0000000000000000
2026/09/25 04:23:10.257, 100 %, 2550 MHz, 8001 MHz, 36.24 W, 82, 7925 MiB, 0x0000000000000000
2026/09/25 04:23:11.264, 100 %, 2445 MHz, 8001 MHz, 57.82 W, 85, 7925 MiB, 0x0000000000000020
2026/09/25 04:23:12.266, 100 %, 2085 MHz, 8001 MHz, 48.20 W, 84, 7925 MiB, 0x0000000000000020
2026/09/25 04:23:13.280, 100 %, 2550 MHz, 8001 MHz, 36.24 W, 82, 7925 MiB, 0x0000000000000000
2026/09/25 04:23:14.281, 100 %, 2550 MHz, 8001 MHz, 36.50 W, 82, 7925 MiB, 0x0000000000000000
2026/09/25 04:23:15.297, 100 %, 2550 MHz, 8001 MHz, 36.53 W, 82, 7925 MiB, 0x0000000000000000
2026/09/25 04:23:16.314, 100 %, 2175 MHz, 8001 MHz, 49.76 W, 83, 7925 MiB, 0x0000000000000020
2026/09/25 04:23:17.327, 100 %, 2145 MHz, 8001 MHz, 50.17 W, 83, 7925 MiB, 0x0000000000000020
2026/09/25 04:23:18.339, 100 %, 2550 MHz, 8001 MHz, 36.71 W, 82, 7925 MiB, 0x0000000000000000
2026/09/25 04:23:19.345, 100 %, 2550 MHz, 8001 MHz, 37.96 W, 82, 7925 MiB, 0x0000000000000000
2026/09/25 04:23:20.346, 100 %, 2550 MHz, 8001 MHz, 36.45 W, 82, 7925 MiB, 0x0000000000000000
2026/09/25 04:23:21.360, 100 %, 1890 MHz, 8001 MHz, 53.03 W, 83, 7925 MiB, 0x0000000000000020
2026/09/25 04:23:22.362, 100 %, 2085 MHz, 8001 MHz, 48.21 W, 83, 7925 MiB, 0x0000000000000020
2026/09/25 04:23:23.377, 100 %, 2550 MHz, 8001 MHz, 36.42 W, 83, 7925 MiB, 0x0000000000000000
2026/09/25 04:23:24.391, 100 %, 2550 MHz, 8001 MHz, 36.44 W, 82, 7925 MiB, 0x0000000000000000
2026/09/25 04:23:25.398, 100 %, 2550 MHz, 8001 MHz, 36.38 W, 82, 7925 MiB, 0x0000000000000000
2026/09/25 04:23:26.414, 100 %, 2205 MHz, 8001 MHz, 39.47 W, 83, 7925 MiB, 0x0000000000000020
2026/09/25 04:23:27.417, 100 %, 2550 MHz, 8001 MHz, 36.85 W, 83, 7925 MiB, 0x0000000000000000
2026/09/25 04:23:28.423, 100 %, 2550 MHz, 8001 MHz, 36.34 W, 82, 7925 MiB, 0x0000000000000000
2026/09/25 04:23:29.434, 100 %, 2550 MHz, 8001 MHz, 36.37 W, 82, 7925 MiB, 0x0000000000000000
2026/09/25 04:23:30.444, 100 %, 2550 MHz, 8001 MHz, 41.68 W, 83, 7925 MiB, 0x0000000000000000
2026/09/25 04:23:31.445, 99 %, 2550 MHz, 8001 MHz, 41.86 W, 86, 7925 MiB, 0x0000000000000000
2026/09/25 04:23:32.459, 0 %, 2550 MHz, 8001 MHz, 28.20 W, 81, 7925 MiB, 0x0000000000000000
2026/09/25 04:23:33.462, 0 %, 2550 MHz, 8001 MHz, 28.17 W, 82, 7925 MiB, 0x0000000000000000
2026/09/25 04:23:34.464, 0 %, 675 MHz, 6001 MHz, 10.14 W, 80, 7925 MiB, 0x0000000000000001
2026/09/25 04:23:35.466, 0 %, 420 MHz, 6001 MHz, 9.73 W, 79, 7925 MiB, 0x0000000000000001
2026/09/25 04:23:36.468, 0 %, 270 MHz, 810 MHz, 5.29 W, 79, 7925 MiB, 0x0000000000000001
2026/09/25 04:23:37.470, 0 %, 210 MHz, 405 MHz, 2.33 W, 79, 7925 MiB, 0x0000000000000001
2026/09/25 04:23:38.477, 0 %, 210 MHz, 405 MHz, 2.24 W, 78, 7925 MiB, 0x0000000000000001
2026/09/25 04:23:39.479, 0 %, 210 MHz, 405 MHz, 2.28 W, 78, 7925 MiB, 0x0000000000000001
2026/09/25 04:23:40.493, 0 %, 210 MHz, 405 MHz, 2.19 W, 78, 7925 MiB, 0x0000000000000001
2026/09/25 04:23:41.509, 0 %, 210 MHz, 405 MHz, 2.18 W, 78, 7925 MiB, 0x0000000000000001
2026/09/25 04:23:42.511, 0 %, 210 MHz, 405 MHz, 2.63 W, 77, 7925 MiB, 0x0000000000000001
2026/09/25 04:23:43.524, 0 %, 210 MHz, 405 MHz, 2.13 W, 77, 7925 MiB, 0x0000000000000001
2026/09/25 04:23:44.525, 0 %, 210 MHz, 405 MHz, 2.13 W, 77, 7925 MiB, 0x0000000000000001
2026/09/25 04:23:45.527, 0 %, 210 MHz, 405 MHz, 2.12 W, 77, 7925 MiB, 0x0000000000000001
2026/09/25 04:23:46.534, 0 %, 210 MHz, 405 MHz, 2.12 W, 77, 7925 MiB, 0x0000000000000001
2026/09/25 04:23:47.538, 0 %, 210 MHz, 405 MHz, 2.10 W, 76, 7925 MiB, 0x0000000000000001
2026/09/25 04:23:48.542, 0 %, 210 MHz, 405 MHz, 2.16 W, 76, 7925 MiB, 0x0000000000000001
2026/09/25 04:23:49.545, 0 %, 210 MHz, 405 MHz, 2.16 W, 76, 7925 MiB, 0x0000000000000001
2026/09/25 04:23:50.553, 0 %, 210 MHz, 405 MHz, 2.09 W, 76, 7925 MiB, 0x0000000000000001
2026/09/25 04:23:51.567, 0 %, 210 MHz, 405 MHz, 2.07 W, 76, 7925 MiB, 0x0000000000000001
2026/09/25 04:23:52.572, 0 %, 210 MHz, 405 MHz, 2.06 W, 75, 7925 MiB, 0x0000000000000001
2026/09/25 04:23:53.576, 0 %, 210 MHz, 405 MHz, 2.11 W, 75, 7925 MiB, 0x0000000000000001
2026/09/25 04:23:54.592, 0 %, 210 MHz, 405 MHz, 2.10 W, 75, 7925 MiB, 0x0000000000000001
2026/09/25 04:23:55.599, 0 %, 210 MHz, 405 MHz, 2.02 W, 75, 7925 MiB, 0x0000000000000001
2026/09/25 04:23:56.601, 0 %, 210 MHz, 405 MHz, 2.02 W, 75, 7925 MiB, 0x0000000000000001
2026/09/25 04:23:57.603, 0 %, 210 MHz, 405 MHz, 2.03 W, 75, 7925 MiB, 0x0000000000000001
2026/09/25 04:23:58.605, 0 %, 210 MHz, 405 MHz, 2.04 W, 74, 7925 MiB, 0x0000000000000001
2026/09/25 04:23:59.612, 0 %, 210 MHz, 405 MHz, 2.03 W, 74, 7925 MiB, 0x0000000000000001
2026/09/25 04:24:00.622, 0 %, 210 MHz, 405 MHz, 2.05 W, 74, 7925 MiB, 0x0000000000000001
2026/09/25 04:24:01.630, 0 %, 210 MHz, 405 MHz, 2.06 W, 74, 7925 MiB, 0x0000000000000001
2026/09/25 04:24:02.634, 0 %, 210 MHz, 405 MHz, 2.05 W, 74, 7925 MiB, 0x0000000000000001
2026/09/25 04:24:03.637, 0 %, 210 MHz, 405 MHz, 2.02 W, 74, 7925 MiB, 0x0000000000000001
2026/09/25 04:24:04.639, 0 %, 210 MHz, 405 MHz, 2.02 W, 74, 7925 MiB, 0x0000000000000001
2026/09/25 04:24:05.653, 0 %, 210 MHz, 405 MHz, 2.03 W, 73, 7925 MiB, 0x0000000000000001
2026/09/25 04:24:06.662, 0 %, 210 MHz, 405 MHz, 2.02 W, 73, 7925 MiB, 0x0000000000000001
2026/09/25 04:24:07.672, 0 %, 210 MHz, 405 MHz, 2.02 W, 73, 7925 MiB, 0x0000000000000001
2026/09/25 04:24:08.678, 0 %, 210 MHz, 405 MHz, 2.02 W, 73, 7925 MiB, 0x0000000000000001
2026/09/25 04:24:09.687, 0 %, 210 MHz, 405 MHz, 2.04 W, 73, 7925 MiB, 0x0000000000000001
2026/09/25 04:24:10.694, 0 %, 210 MHz, 405 MHz, 2.04 W, 73, 7925 MiB, 0x0000000000000001
2026/09/25 04:24:11.707, 0 %, 210 MHz, 405 MHz, 2.01 W, 73, 7925 MiB, 0x0000000000000001
2026/09/25 04:24:12.712, 0 %, 210 MHz, 405 MHz, 2.00 W, 72, 7925 MiB, 0x0000000000000001
2026/09/25 04:24:13.714, 0 %, 210 MHz, 405 MHz, 1.96 W, 72, 7925 MiB, 0x0000000000000001
2026/09/25 04:24:14.717, 0 %, 210 MHz, 405 MHz, 1.89 W, 72, 7925 MiB, 0x0000000000000001
2026/09/25 04:24:15.719, 0 %, 210 MHz, 405 MHz, 1.92 W, 72, 7925 MiB, 0x0000000000000001
2026/09/25 04:24:16.734, 0 %, 210 MHz, 405 MHz, 1.94 W, 72, 7925 MiB, 0x0000000000000001
2026/09/25 04:24:17.737, 0 %, 210 MHz, 405 MHz, 2.00 W, 72, 7925 MiB, 0x0000000000000001
2026/09/25 04:24:18.739, 0 %, 210 MHz, 405 MHz, 1.98 W, 72, 7925 MiB, 0x0000000000000001
2026/09/25 04:24:19.742, 0 %, 210 MHz, 405 MHz, 2.00 W, 72, 7925 MiB, 0x0000000000000001
2026/09/25 04:24:20.746, 0 %, 210 MHz, 405 MHz, 2.05 W, 72, 7925 MiB, 0x0000000000000001
2026/09/25 04:24:21.749, 0 %, 210 MHz, 405 MHz, 2.02 W, 72, 7925 MiB, 0x0000000000000001
2026/09/25 04:24:22.756, 0 %, 210 MHz, 405 MHz, 2.02 W, 71, 7925 MiB, 0x0000000000000001
2026/09/25 04:24:23.761, 0 %, 210 MHz, 405 MHz, 2.07 W, 71, 7925 MiB, 0x0000000000000001
2026/09/25 04:24:24.775, 0 %, 210 MHz, 405 MHz, 2.02 W, 71, 7925 MiB, 0x0000000000000001
2026/09/25 04:24:25.778, 0 %, 210 MHz, 405 MHz, 2.03 W, 71, 7925 MiB, 0x0000000000000001
2026/09/25 04:24:26.793, 0 %, 210 MHz, 405 MHz, 2.05 W, 71, 7925 MiB, 0x0000000000000001
2026/09/25 04:24:27.795, 0 %, 210 MHz, 405 MHz, 2.05 W, 71, 7925 MiB, 0x0000000000000001
2026/09/25 04:24:28.801, 0 %, 210 MHz, 405 MHz, 2.11 W, 71, 7925 MiB, 0x0000000000000001
2026/09/25 04:24:29.807, 0 %, 210 MHz, 405 MHz, 2.11 W, 71, 7925 MiB, 0x0000000000000001
2026/09/25 04:24:30.809, 0 %, 210 MHz, 405 MHz, 2.02 W, 71, 7925 MiB, 0x0000000000000001
2026/09/25 04:24:31.814, 0 %, 210 MHz, 405 MHz, 1.98 W, 70, 7925 MiB, 0x0000000000000001
2026/09/25 04:24:32.820, 0 %, 210 MHz, 405 MHz, 1.97 W, 70, 7925 MiB, 0x0000000000000001
2026/09/25 04:24:33.835, 0 %, 210 MHz, 405 MHz, 2.02 W, 70, 7925 MiB, 0x0000000000000001
2026/09/25 04:24:34.839, 0 %, 210 MHz, 405 MHz, 2.05 W, 70, 7925 MiB, 0x0000000000000001
2026/09/25 04:24:35.842, 0 %, 210 MHz, 405 MHz, 2.03 W, 70, 7925 MiB, 0x0000000000000001
2026/09/25 04:24:36.846, 0 %, 210 MHz, 405 MHz, 2.01 W, 70, 7925 MiB, 0x0000000000000001
2026/09/25 04:24:37.861, 0 %, 210 MHz, 405 MHz, 2.05 W, 70, 7925 MiB, 0x0000000000000001
2026/09/25 04:24:38.863, 0 %, 210 MHz, 405 MHz, 2.05 W, 70, 7925 MiB, 0x0000000000000001
2026/09/25 04:24:39.863, 0 %, 210 MHz, 405 MHz, 2.02 W, 70, 7925 MiB, 0x0000000000000001
2026/09/25 04:24:40.868, 0 %, 210 MHz, 405 MHz, 2.07 W, 70, 7925 MiB, 0x0000000000000001
2026/09/25 04:24:41.883, 0 %, 210 MHz, 405 MHz, 2.08 W, 70, 7925 MiB, 0x0000000000000001
2026/09/25 04:24:42.888, 0 %, 210 MHz, 405 MHz, 2.03 W, 69, 7925 MiB, 0x0000000000000001
2026/09/25 04:24:43.891, 0 %, 210 MHz, 405 MHz, 2.06 W, 69, 7925 MiB, 0x0000000000000001
2026/09/25 04:24:44.893, 0 %, 210 MHz, 405 MHz, 2.11 W, 69, 7925 MiB, 0x0000000000000001
2026/09/25 04:24:45.898, 0 %, 210 MHz, 405 MHz, 2.11 W, 69, 7925 MiB, 0x0000000000000001
2026/09/25 04:24:46.899, 0 %, 210 MHz, 405 MHz, 2.10 W, 69, 7925 MiB, 0x0000000000000001
2026/09/25 04:24:47.901, 0 %, 210 MHz, 405 MHz, 2.10 W, 69, 7925 MiB, 0x0000000000000001
2026/09/25 04:24:48.902, 0 %, 210 MHz, 405 MHz, 2.09 W, 69, 7925 MiB, 0x0000000000000001
2026/09/25 04:24:49.919, 0 %, 210 MHz, 405 MHz, 2.10 W, 69, 7925 MiB, 0x0000000000000001
2026/09/25 04:24:50.922, 0 %, 210 MHz, 405 MHz, 2.10 W, 69, 7925 MiB, 0x0000000000000001
2026/09/25 04:24:51.925, 0 %, 210 MHz, 405 MHz, 2.11 W, 69, 7925 MiB, 0x0000000000000001
2026/09/25 04:24:52.929, 0 %, 210 MHz, 405 MHz, 2.10 W, 69, 7925 MiB, 0x0000000000000001
2026/09/25 04:24:53.943, 0 %, 210 MHz, 405 MHz, 2.12 W, 69, 7925 MiB, 0x0000000000000001
2026/09/25 04:24:54.958, 0 %, 210 MHz, 405 MHz, 2.16 W, 69, 7925 MiB, 0x0000000000000001
2026/09/25 04:24:55.963, 0 %, 210 MHz, 405 MHz, 2.16 W, 68, 7925 MiB, 0x0000000000000001
2026/09/25 04:24:56.969, 0 %, 210 MHz, 405 MHz, 2.15 W, 68, 7925 MiB, 0x0000000000000001
2026/09/25 04:24:57.976, 0 %, 210 MHz, 405 MHz, 2.15 W, 68, 7925 MiB, 0x0000000000000001
2026/09/25 04:24:58.982, 0 %, 210 MHz, 405 MHz, 2.14 W, 68, 7925 MiB, 0x0000000000000001
2026/09/25 04:24:59.983, 0 %, 210 MHz, 405 MHz, 2.15 W, 68, 7925 MiB, 0x0000000000000001
2026/09/25 04:25:00.984, 0 %, 210 MHz, 405 MHz, 2.13 W, 68, 7925 MiB, 0x0000000000000001
2026/09/25 04:25:01.996, 0 %, 210 MHz, 405 MHz, 2.11 W, 68, 7925 MiB, 0x0000000000000001
2026/09/25 04:25:03.011, 0 %, 210 MHz, 405 MHz, 2.08 W, 68, 7925 MiB, 0x0000000000000001
2026/09/25 04:25:04.025, 0 %, 210 MHz, 405 MHz, 2.15 W, 68, 7925 MiB, 0x0000000000000001
2026/09/25 04:25:05.026, 0 %, 210 MHz, 405 MHz, 2.08 W, 68, 7925 MiB, 0x0000000000000001
2026/09/25 04:25:06.030, 0 %, 210 MHz, 405 MHz, 2.16 W, 68, 7925 MiB, 0x0000000000000001
2026/09/25 04:25:07.031, 0 %, 210 MHz, 405 MHz, 2.18 W, 68, 7925 MiB, 0x0000000000000001
2026/09/25 04:25:08.045, 0 %, 210 MHz, 405 MHz, 2.22 W, 68, 7925 MiB, 0x0000000000000001
2026/09/25 04:25:09.050, 0 %, 210 MHz, 405 MHz, 2.19 W, 68, 7925 MiB, 0x0000000000000001
2026/09/25 04:25:10.065, 0 %, 210 MHz, 405 MHz, 2.17 W, 68, 7925 MiB, 0x0000000000000001
2026/09/25 04:25:11.071, 0 %, 210 MHz, 405 MHz, 2.21 W, 68, 7925 MiB, 0x0000000000000001
2026/09/25 04:25:12.074, 0 %, 210 MHz, 405 MHz, 2.27 W, 67, 7925 MiB, 0x0000000000000001
2026/09/25 04:25:13.089, 0 %, 210 MHz, 405 MHz, 2.29 W, 67, 7925 MiB, 0x0000000000000001
2026/09/25 04:25:14.091, 0 %, 210 MHz, 405 MHz, 2.31 W, 67, 7925 MiB, 0x0000000000000001
2026/09/25 04:25:15.092, 0 %, 210 MHz, 405 MHz, 2.32 W, 67, 7925 MiB, 0x0000000000000001
2026/09/25 04:25:16.106, 0 %, 210 MHz, 405 MHz, 2.27 W, 67, 7925 MiB, 0x0000000000000001
2026/09/25 04:25:17.109, 0 %, 210 MHz, 405 MHz, 2.24 W, 67, 7925 MiB, 0x0000000000000001
2026/09/25 04:25:18.113, 0 %, 210 MHz, 405 MHz, 2.24 W, 67, 7925 MiB, 0x0000000000000001
2026/09/25 04:25:19.116, 0 %, 210 MHz, 405 MHz, 2.25 W, 67, 7925 MiB, 0x0000000000000001
2026/09/25 04:25:20.122, 0 %, 210 MHz, 405 MHz, 2.30 W, 67, 7925 MiB, 0x0000000000000001
2026/09/25 04:25:21.128, 0 %, 210 MHz, 405 MHz, 2.37 W, 67, 7925 MiB, 0x0000000000000001
2026/09/25 04:25:22.134, 0 %, 210 MHz, 405 MHz, 2.31 W, 67, 7925 MiB, 0x0000000000000001
2026/09/25 04:25:23.135, 0 %, 210 MHz, 405 MHz, 2.26 W, 67, 7925 MiB, 0x0000000000000001
2026/09/25 04:25:24.137, 0 %, 210 MHz, 405 MHz, 2.31 W, 67, 7925 MiB, 0x0000000000000001
2026/09/25 04:25:25.137, 0 %, 210 MHz, 405 MHz, 2.35 W, 67, 7925 MiB, 0x0000000000000001
2026/09/25 04:25:26.149, 0 %, 210 MHz, 405 MHz, 2.34 W, 67, 7925 MiB, 0x0000000000000001
2026/09/25 04:25:27.164, 0 %, 210 MHz, 405 MHz, 2.30 W, 66, 7925 MiB, 0x0000000000000001
2026/09/25 04:25:28.166, 0 %, 210 MHz, 405 MHz, 2.34 W, 66, 7925 MiB, 0x0000000000000001
2026/09/25 04:25:29.169, 0 %, 210 MHz, 405 MHz, 2.35 W, 66, 7925 MiB, 0x0000000000000001
2026/09/25 04:25:30.173, 0 %, 210 MHz, 405 MHz, 2.29 W, 66, 7925 MiB, 0x0000000000000001
2026/09/25 04:25:31.177, 0 %, 210 MHz, 405 MHz, 2.33 W, 66, 7925 MiB, 0x0000000000000001
2026/09/25 04:25:32.191, 0 %, 210 MHz, 405 MHz, 2.40 W, 66, 7925 MiB, 0x0000000000000001
2026/09/25 04:25:33.205, 0 %, 210 MHz, 405 MHz, 2.41 W, 66, 7925 MiB, 0x0000000000000001
2026/09/25 04:25:34.215, 0 %, 210 MHz, 405 MHz, 2.36 W, 66, 7925 MiB, 0x0000000000000001
2026/09/25 04:25:35.223, 0 %, 210 MHz, 405 MHz, 2.35 W, 66, 7925 MiB, 0x0000000000000001
2026/09/25 04:25:36.225, 0 %, 210 MHz, 405 MHz, 2.30 W, 66, 7925 MiB, 0x0000000000000001
2026/09/25 04:25:37.228, 0 %, 210 MHz, 405 MHz, 2.27 W, 66, 7925 MiB, 0x0000000000000001
2026/09/25 04:25:38.232, 0 %, 210 MHz, 405 MHz, 2.26 W, 66, 7925 MiB, 0x0000000000000001
2026/09/25 04:25:39.237, 0 %, 210 MHz, 405 MHz, 2.24 W, 66, 7925 MiB, 0x0000000000000001
2026/09/25 04:25:40.244, 0 %, 210 MHz, 405 MHz, 2.25 W, 66, 7925 MiB, 0x0000000000000001
2026/09/25 04:25:41.258, 0 %, 210 MHz, 405 MHz, 2.29 W, 66, 7925 MiB, 0x0000000000000001
2026/09/25 04:25:42.266, 0 %, 210 MHz, 405 MHz, 2.30 W, 66, 7925 MiB, 0x0000000000000001
2026/09/25 04:25:43.277, 0 %, 210 MHz, 405 MHz, 2.31 W, 66, 7925 MiB, 0x0000000000000001
2026/09/25 04:25:44.278, 0 %, 210 MHz, 405 MHz, 2.33 W, 65, 7925 MiB, 0x0000000000000001
2026/09/25 04:25:45.282, 0 %, 210 MHz, 405 MHz, 2.30 W, 65, 7925 MiB, 0x0000000000000001
2026/09/25 04:25:46.290, 0 %, 210 MHz, 405 MHz, 2.26 W, 65, 7925 MiB, 0x0000000000000001
2026/09/25 04:25:47.294, 0 %, 210 MHz, 405 MHz, 2.27 W, 65, 7925 MiB, 0x0000000000000001
2026/09/25 04:25:48.302, 0 %, 210 MHz, 405 MHz, 2.31 W, 65, 7925 MiB, 0x0000000000000001
2026/09/25 04:25:49.308, 0 %, 210 MHz, 405 MHz, 2.34 W, 65, 7925 MiB, 0x0000000000000001
2026/09/25 04:25:50.313, 0 %, 210 MHz, 405 MHz, 2.35 W, 65, 7925 MiB, 0x0000000000000001
2026/09/25 04:25:51.320, 0 %, 210 MHz, 405 MHz, 2.34 W, 65, 7925 MiB, 0x0000000000000001
2026/09/25 04:25:52.325, 0 %, 210 MHz, 405 MHz, 2.38 W, 65, 7925 MiB, 0x0000000000000001
2026/09/25 04:25:53.331, 0 %, 210 MHz, 405 MHz, 2.45 W, 65, 7925 MiB, 0x0000000000000001
2026/09/25 04:25:54.340, 0 %, 210 MHz, 405 MHz, 2.43 W, 65, 7925 MiB, 0x0000000000000001
2026/09/25 04:25:55.349, 0 %, 210 MHz, 405 MHz, 2.40 W, 65, 7925 MiB, 0x0000000000000001
2026/09/25 04:25:56.357, 0 %, 210 MHz, 405 MHz, 2.37 W, 65, 7925 MiB, 0x0000000000000001
2026/09/25 04:25:57.361, 0 %, 210 MHz, 405 MHz, 2.37 W, 65, 7925 MiB, 0x0000000000000001
2026/09/25 04:25:58.378, 0 %, 210 MHz, 405 MHz, 2.34 W, 65, 7925 MiB, 0x0000000000000001
2026/09/25 04:25:59.383, 0 %, 210 MHz, 405 MHz, 2.38 W, 65, 7925 MiB, 0x0000000000000001
2026/09/25 04:26:00.387, 0 %, 210 MHz, 405 MHz, 2.46 W, 65, 7925 MiB, 0x0000000000000001
2026/09/25 04:26:01.389, 0 %, 210 MHz, 405 MHz, 2.46 W, 65, 7925 MiB, 0x0000000000000001
2026/09/25 04:26:02.394, 0 %, 210 MHz, 405 MHz, 2.45 W, 65, 7925 MiB, 0x0000000000000001
2026/09/25 04:26:03.397, 0 %, 210 MHz, 405 MHz, 2.48 W, 65, 7925 MiB, 0x0000000000000001
2026/09/25 04:26:04.401, 0 %, 210 MHz, 405 MHz, 2.47 W, 65, 7925 MiB, 0x0000000000000001
2026/09/25 04:26:05.403, 0 %, 210 MHz, 405 MHz, 2.43 W, 65, 7925 MiB, 0x0000000000000001
2026/09/25 04:26:06.407, 0 %, 210 MHz, 405 MHz, 2.47 W, 64, 7925 MiB, 0x0000000000000001
2026/09/25 04:26:07.413, 0 %, 210 MHz, 405 MHz, 2.53 W, 64, 7925 MiB, 0x0000000000000001
2026/09/25 04:26:08.415, 0 %, 210 MHz, 405 MHz, 2.52 W, 64, 7925 MiB, 0x0000000000000001
2026/09/25 04:26:09.420, 0 %, 210 MHz, 405 MHz, 2.46 W, 64, 7925 MiB, 0x0000000000000001
2026/09/25 04:26:10.426, 0 %, 210 MHz, 405 MHz, 2.42 W, 64, 7925 MiB, 0x0000000000000001
2026/09/25 04:26:11.433, 0 %, 210 MHz, 405 MHz, 2.48 W, 64, 7925 MiB, 0x0000000000000001
2026/09/25 04:26:12.434, 0 %, 210 MHz, 405 MHz, 2.53 W, 64, 7925 MiB, 0x0000000000000001
2026/09/25 04:26:13.436, 0 %, 210 MHz, 405 MHz, 2.51 W, 64, 7925 MiB, 0x0000000000000001
2026/09/25 04:26:14.439, 0 %, 210 MHz, 405 MHz, 2.53 W, 64, 7925 MiB, 0x0000000000000001
2026/09/25 04:26:15.444, 0 %, 210 MHz, 405 MHz, 2.57 W, 64, 7925 MiB, 0x0000000000000001
2026/09/25 04:26:16.455, 0 %, 210 MHz, 405 MHz, 2.57 W, 64, 7925 MiB, 0x0000000000000001
2026/09/25 04:26:17.460, 0 %, 210 MHz, 405 MHz, 2.58 W, 64, 7925 MiB, 0x0000000000000001
2026/09/25 04:26:18.465, 0 %, 210 MHz, 405 MHz, 2.61 W, 64, 7925 MiB, 0x0000000000000001
2026/09/25 04:26:19.467, 0 %, 210 MHz, 405 MHz, 2.58 W, 64, 7925 MiB, 0x0000000000000001
2026/09/25 04:26:20.481, 0 %, 210 MHz, 405 MHz, 2.53 W, 64, 7925 MiB, 0x0000000000000001
2026/09/25 04:26:21.484, 0 %, 210 MHz, 405 MHz, 2.53 W, 64, 7925 MiB, 0x0000000000000001
2026/09/25 04:26:22.490, 0 %, 210 MHz, 405 MHz, 2.47 W, 64, 7925 MiB, 0x0000000000000001
2026/09/25 04:26:23.496, 0 %, 210 MHz, 405 MHz, 2.50 W, 64, 7925 MiB, 0x0000000000000001
2026/09/25 04:26:24.498, 0 %, 210 MHz, 405 MHz, 2.54 W, 64, 7925 MiB, 0x0000000000000001
2026/09/25 04:26:25.504, 0 %, 210 MHz, 405 MHz, 2.49 W, 64, 7925 MiB, 0x0000000000000001
2026/09/25 04:26:26.506, 0 %, 210 MHz, 405 MHz, 2.45 W, 64, 7925 MiB, 0x0000000000000001
2026/09/25 04:26:27.520, 0 %, 210 MHz, 405 MHz, 2.42 W, 64, 7925 MiB, 0x0000000000000001
2026/09/25 04:26:28.521, 0 %, 210 MHz, 405 MHz, 2.46 W, 64, 7925 MiB, 0x0000000000000001
2026/09/25 04:26:29.526, 0 %, 210 MHz, 405 MHz, 2.52 W, 64, 7925 MiB, 0x0000000000000001
2026/09/25 04:26:30.531, 0 %, 210 MHz, 405 MHz, 2.53 W, 63, 7925 MiB, 0x0000000000000001
2026/09/25 04:26:31.534, 0 %, 210 MHz, 405 MHz, 2.50 W, 63, 7925 MiB, 0x0000000000000001
2026/09/25 04:26:32.536, 0 %, 210 MHz, 405 MHz, 2.49 W, 63, 7925 MiB, 0x0000000000000001
2026/09/25 04:26:33.537, 0 %, 210 MHz, 405 MHz, 2.48 W, 63, 7925 MiB, 0x0000000000000001
2026/09/25 04:26:34.552, 0 %, 210 MHz, 405 MHz, 2.47 W, 63, 7925 MiB, 0x0000000000000001
2026/09/25 04:26:35.558, 0 %, 210 MHz, 405 MHz, 2.45 W, 63, 7925 MiB, 0x0000000000000001
2026/09/25 04:26:36.562, 0 %, 210 MHz, 405 MHz, 2.41 W, 63, 7925 MiB, 0x0000000000000001
2026/09/25 04:26:37.566, 0 %, 210 MHz, 405 MHz, 2.42 W, 63, 7925 MiB, 0x0000000000000001
2026/09/25 04:26:38.568, 0 %, 210 MHz, 405 MHz, 2.46 W, 63, 7925 MiB, 0x0000000000000001
2026/09/25 04:26:39.572, 0 %, 210 MHz, 405 MHz, 2.48 W, 63, 7925 MiB, 0x0000000000000001
2026/09/25 04:26:40.588, 0 %, 210 MHz, 405 MHz, 2.51 W, 63, 7925 MiB, 0x0000000000000001
2026/09/25 04:26:41.589, 0 %, 210 MHz, 405 MHz, 2.53 W, 63, 7925 MiB, 0x0000000000000001
2026/09/25 04:26:42.593, 0 %, 210 MHz, 405 MHz, 2.56 W, 63, 7925 MiB, 0x0000000000000001
2026/09/25 04:26:43.598, 0 %, 210 MHz, 405 MHz, 2.56 W, 63, 7925 MiB, 0x0000000000000001
2026/09/25 04:26:44.603, 0 %, 210 MHz, 405 MHz, 2.54 W, 63, 7925 MiB, 0x0000000000000001
2026/09/25 04:26:45.609, 0 %, 210 MHz, 405 MHz, 2.54 W, 63, 7925 MiB, 0x0000000000000001
2026/09/25 04:26:46.617, 0 %, 210 MHz, 405 MHz, 2.53 W, 63, 7925 MiB, 0x0000000000000001
2026/09/25 04:26:47.622, 0 %, 210 MHz, 405 MHz, 2.51 W, 63, 7925 MiB, 0x0000000000000001
2026/09/25 04:26:48.626, 0 %, 210 MHz, 405 MHz, 2.46 W, 63, 7925 MiB, 0x0000000000000001
2026/09/25 04:26:49.627, 0 %, 210 MHz, 405 MHz, 2.45 W, 63, 7925 MiB, 0x0000000000000001
2026/09/25 04:26:50.630, 0 %, 210 MHz, 405 MHz, 2.50 W, 63, 7925 MiB, 0x0000000000000001
2026/09/25 04:26:51.632, 0 %, 210 MHz, 405 MHz, 2.55 W, 63, 7925 MiB, 0x0000000000000001
2026/09/25 04:26:52.637, 0 %, 210 MHz, 405 MHz, 2.58 W, 63, 7925 MiB, 0x0000000000000001
2026/09/25 04:26:53.652, 0 %, 210 MHz, 405 MHz, 2.61 W, 63, 7925 MiB, 0x0000000000000001
2026/09/25 04:26:54.658, 0 %, 210 MHz, 405 MHz, 2.64 W, 63, 7925 MiB, 0x0000000000000001
2026/09/25 04:26:55.673, 0 %, 210 MHz, 405 MHz, 2.66 W, 63, 7925 MiB, 0x0000000000000001
2026/09/25 04:26:56.680, 0 %, 210 MHz, 405 MHz, 2.64 W, 63, 7925 MiB, 0x0000000000000001
2026/09/25 04:26:57.688, 0 %, 210 MHz, 405 MHz, 2.62 W, 63, 7925 MiB, 0x0000000000000001
2026/09/25 04:26:58.701, 0 %, 210 MHz, 405 MHz, 2.59 W, 62, 7925 MiB, 0x0000000000000001
2026/09/25 04:26:59.703, 0 %, 210 MHz, 405 MHz, 2.59 W, 62, 7925 MiB, 0x0000000000000001
2026/09/25 04:27:00.709, 0 %, 210 MHz, 405 MHz, 2.62 W, 62, 7925 MiB, 0x0000000000000001
2026/09/25 04:27:01.724, 0 %, 210 MHz, 405 MHz, 2.62 W, 62, 7925 MiB, 0x0000000000000001
2026/09/25 04:27:02.728, 0 %, 210 MHz, 405 MHz, 2.63 W, 62, 7925 MiB, 0x0000000000000001
2026/09/25 04:27:03.733, 0 %, 210 MHz, 405 MHz, 2.64 W, 62, 7925 MiB, 0x0000000000000001
2026/09/25 04:27:04.738, 0 %, 210 MHz, 405 MHz, 2.63 W, 62, 7925 MiB, 0x0000000000000001
2026/09/25 04:27:05.742, 0 %, 210 MHz, 405 MHz, 2.60 W, 62, 7925 MiB, 0x0000000000000001
2026/09/25 04:27:06.744, 0 %, 210 MHz, 405 MHz, 2.61 W, 62, 7925 MiB, 0x0000000000000001
2026/09/25 04:27:07.747, 0 %, 210 MHz, 405 MHz, 2.63 W, 62, 7925 MiB, 0x0000000000000001
2026/09/25 04:27:08.749, 0 %, 210 MHz, 405 MHz, 2.61 W, 62, 7925 MiB, 0x0000000000000001
2026/09/25 04:27:09.751, 0 %, 210 MHz, 405 MHz, 2.61 W, 62, 7925 MiB, 0x0000000000000001
2026/09/25 04:27:10.754, 0 %, 210 MHz, 405 MHz, 2.62 W, 62, 7925 MiB, 0x0000000000000001
2026/09/25 04:27:11.762, 0 %, 210 MHz, 405 MHz, 2.61 W, 62, 7925 MiB, 0x0000000000000001
2026/09/25 04:27:12.763, 0 %, 210 MHz, 405 MHz, 2.60 W, 62, 7925 MiB, 0x0000000000000001
2026/09/25 04:27:13.771, 0 %, 210 MHz, 405 MHz, 2.63 W, 62, 7925 MiB, 0x0000000000000001
2026/09/25 04:27:14.787, 0 %, 210 MHz, 405 MHz, 2.67 W, 62, 7925 MiB, 0x0000000000000001
2026/09/25 04:27:15.802, 0 %, 210 MHz, 405 MHz, 3.34 W, 62, 7925 MiB, 0x0000000000000001
2026/09/25 04:27:16.803, 0 %, 210 MHz, 405 MHz, 2.57 W, 62, 7925 MiB, 0x0000000000000001
2026/09/25 04:27:17.819, 0 %, 210 MHz, 405 MHz, 2.52 W, 62, 7925 MiB, 0x0000000000000001
2026/09/25 04:27:18.825, 0 %, 210 MHz, 405 MHz, 2.63 W, 62, 7925 MiB, 0x0000000000000001
2026/09/25 04:27:19.826, 0 %, 210 MHz, 405 MHz, 2.62 W, 62, 7925 MiB, 0x0000000000000001
2026/09/25 04:27:20.829, 0 %, 210 MHz, 405 MHz, 2.54 W, 62, 7925 MiB, 0x0000000000000001
2026/09/25 04:27:21.832, 0 %, 210 MHz, 405 MHz, 2.63 W, 62, 7925 MiB, 0x0000000000000001
2026/09/25 04:27:22.837, 0 %, 210 MHz, 405 MHz, 2.62 W, 62, 7925 MiB, 0x0000000000000001
2026/09/25 04:27:23.851, 0 %, 210 MHz, 405 MHz, 2.62 W, 62, 7925 MiB, 0x0000000000000001
2026/09/25 04:27:24.866, 0 %, 210 MHz, 405 MHz, 2.58 W, 62, 7925 MiB, 0x0000000000000001
2026/09/25 04:27:25.871, 0 %, 210 MHz, 405 MHz, 2.51 W, 62, 7925 MiB, 0x0000000000000001
2026/09/25 04:27:26.874, 0 %, 210 MHz, 405 MHz, 2.56 W, 62, 7925 MiB, 0x0000000000000001
2026/09/25 04:27:27.879, 0 %, 210 MHz, 405 MHz, 2.65 W, 62, 7925 MiB, 0x0000000000000001
2026/09/25 04:27:28.891, 0 %, 210 MHz, 405 MHz, 2.67 W, 62, 7925 MiB, 0x0000000000000001
2026/09/25 04:27:29.892, 0 %, 210 MHz, 405 MHz, 2.69 W, 62, 7925 MiB, 0x0000000000000001
2026/09/25 04:27:30.894, 0 %, 210 MHz, 405 MHz, 2.69 W, 62, 7925 MiB, 0x0000000000000001
2026/09/25 04:27:31.895, 0 %, 210 MHz, 405 MHz, 2.66 W, 62, 7925 MiB, 0x0000000000000001
2026/09/25 04:27:32.900, 0 %, 210 MHz, 405 MHz, 2.71 W, 62, 7925 MiB, 0x0000000000000001
2026/09/25 04:27:33.906, 0 %, 210 MHz, 405 MHz, 2.67 W, 62, 7925 MiB, 0x0000000000000001
2026/09/25 04:27:34.907, 0 %, 210 MHz, 405 MHz, 2.60 W, 61, 7925 MiB, 0x0000000000000001
2026/09/25 04:27:35.909, 0 %, 210 MHz, 405 MHz, 2.64 W, 61, 7925 MiB, 0x0000000000000001
2026/09/25 04:27:36.911, 0 %, 210 MHz, 405 MHz, 2.68 W, 61, 7925 MiB, 0x0000000000000001
2026/09/25 04:27:37.925, 0 %, 210 MHz, 405 MHz, 2.66 W, 61, 7925 MiB, 0x0000000000000001
2026/09/25 04:27:38.931, 0 %, 210 MHz, 405 MHz, 2.68 W, 61, 7925 MiB, 0x0000000000000001
2026/09/25 04:27:39.945, 0 %, 210 MHz, 405 MHz, 2.69 W, 61, 7925 MiB, 0x0000000000000001
2026/09/25 04:27:40.947, 0 %, 210 MHz, 405 MHz, 2.74 W, 61, 7925 MiB, 0x0000000000000001
2026/09/25 04:27:41.950, 0 %, 210 MHz, 405 MHz, 2.78 W, 61, 7925 MiB, 0x0000000000000001
2026/09/25 04:27:42.956, 0 %, 210 MHz, 405 MHz, 2.75 W, 61, 7925 MiB, 0x0000000000000001
2026/09/25 04:27:43.958, 0 %, 210 MHz, 405 MHz, 2.75 W, 61, 7925 MiB, 0x0000000000000001
2026/09/25 04:27:44.970, 0 %, 210 MHz, 405 MHz, 2.77 W, 61, 7925 MiB, 0x0000000000000001
2026/09/25 04:27:45.971, 0 %, 210 MHz, 405 MHz, 2.76 W, 61, 7925 MiB, 0x0000000000000001
2026/09/25 04:27:46.972, 0 %, 210 MHz, 405 MHz, 2.73 W, 61, 7925 MiB, 0x0000000000000001
2026/09/25 04:27:47.978, 0 %, 210 MHz, 405 MHz, 2.72 W, 61, 7925 MiB, 0x0000000000000001
2026/09/25 04:27:48.983, 0 %, 210 MHz, 405 MHz, 2.73 W, 61, 7925 MiB, 0x0000000000000001
2026/09/25 04:27:49.986, 0 %, 210 MHz, 405 MHz, 2.75 W, 61, 7925 MiB, 0x0000000000000001
2026/09/25 04:27:50.991, 0 %, 210 MHz, 405 MHz, 2.72 W, 61, 7925 MiB, 0x0000000000000001
2026/09/25 04:27:52.005, 0 %, 210 MHz, 405 MHz, 2.68 W, 61, 7925 MiB, 0x0000000000000001
2026/09/25 04:27:53.019, 0 %, 210 MHz, 405 MHz, 2.65 W, 61, 7925 MiB, 0x0000000000000001
2026/09/25 04:27:54.023, 0 %, 210 MHz, 405 MHz, 2.65 W, 61, 7925 MiB, 0x0000000000000001
2026/09/25 04:27:55.036, 0 %, 210 MHz, 405 MHz, 2.71 W, 61, 7925 MiB, 0x0000000000000001
2026/09/25 04:27:56.052, 0 %, 210 MHz, 405 MHz, 2.76 W, 61, 7925 MiB, 0x0000000000000001
2026/09/25 04:27:57.054, 0 %, 210 MHz, 405 MHz, 2.75 W, 61, 7925 MiB, 0x0000000000000001
2026/09/25 04:27:58.057, 0 %, 210 MHz, 405 MHz, 2.71 W, 61, 7925 MiB, 0x0000000000000001
2026/09/25 04:27:59.060, 0 %, 210 MHz, 405 MHz, 2.71 W, 61, 7925 MiB, 0x0000000000000001
2026/09/25 04:28:00.064, 0 %, 210 MHz, 405 MHz, 2.73 W, 61, 7925 MiB, 0x0000000000000001
2026/09/25 04:28:01.066, 0 %, 210 MHz, 405 MHz, 2.67 W, 61, 7925 MiB, 0x0000000000000001
2026/09/25 04:28:02.069, 0 %, 210 MHz, 405 MHz, 2.62 W, 61, 7925 MiB, 0x0000000000000001
2026/09/25 04:28:03.070, 0 %, 210 MHz, 405 MHz, 2.60 W, 61, 7925 MiB, 0x0000000000000001
2026/09/25 04:28:04.073, 0 %, 210 MHz, 405 MHz, 2.62 W, 61, 7925 MiB, 0x0000000000000001
2026/09/25 04:28:05.087, 0 %, 210 MHz, 405 MHz, 2.66 W, 61, 7925 MiB, 0x0000000000000001
2026/09/25 04:28:06.102, 0 %, 210 MHz, 405 MHz, 2.68 W, 61, 7925 MiB, 0x0000000000000001
2026/09/25 04:28:07.117, 0 %, 210 MHz, 405 MHz, 2.69 W, 61, 7925 MiB, 0x0000000000000001
2026/09/25 04:28:08.132, 0 %, 210 MHz, 405 MHz, 2.68 W, 61, 7925 MiB, 0x0000000000000001
2026/09/25 04:28:09.135, 0 %, 210 MHz, 405 MHz, 2.67 W, 61, 7925 MiB, 0x0000000000000001
2026/09/25 04:28:10.139, 0 %, 210 MHz, 405 MHz, 2.69 W, 61, 7925 MiB, 0x0000000000000001
2026/09/25 04:28:11.146, 0 %, 210 MHz, 405 MHz, 2.68 W, 61, 7925 MiB, 0x0000000000000001
2026/09/25 04:28:12.149, 0 %, 210 MHz, 405 MHz, 2.66 W, 61, 7925 MiB, 0x0000000000000001
2026/09/25 04:28:13.164, 0 %, 210 MHz, 405 MHz, 2.63 W, 61, 7925 MiB, 0x0000000000000001
2026/09/25 04:28:14.169, 0 %, 210 MHz, 405 MHz, 2.61 W, 61, 7925 MiB, 0x0000000000000001
2026/09/25 04:28:15.170, 0 %, 210 MHz, 405 MHz, 2.66 W, 61, 7925 MiB, 0x0000000000000001
2026/09/25 04:28:16.175, 0 %, 210 MHz, 405 MHz, 2.71 W, 61, 7925 MiB, 0x0000000000000001
2026/09/25 04:28:17.179, 0 %, 210 MHz, 405 MHz, 2.72 W, 61, 7925 MiB, 0x0000000000000001
2026/09/25 04:28:18.194, 0 %, 210 MHz, 405 MHz, 2.74 W, 61, 7925 MiB, 0x0000000000000001
2026/09/25 04:28:19.206, 0 %, 210 MHz, 405 MHz, 2.72 W, 61, 7925 MiB, 0x0000000000000001
2026/09/25 04:28:20.220, 0 %, 210 MHz, 405 MHz, 2.71 W, 61, 7925 MiB, 0x0000000000000001
2026/09/25 04:28:21.222, 0 %, 210 MHz, 405 MHz, 2.72 W, 61, 7925 MiB, 0x0000000000000001
2026/09/25 04:28:22.226, 0 %, 210 MHz, 405 MHz, 2.75 W, 61, 7925 MiB, 0x0000000000000001
2026/09/25 04:28:23.229, 0 %, 210 MHz, 405 MHz, 2.78 W, 60, 7925 MiB, 0x0000000000000001
2026/09/25 04:28:24.232, 0 %, 210 MHz, 405 MHz, 2.76 W, 60, 7925 MiB, 0x0000000000000001
2026/09/25 04:28:25.236, 0 %, 210 MHz, 405 MHz, 2.78 W, 60, 7925 MiB, 0x0000000000000001
2026/09/25 04:28:26.249, 100 %, 2565 MHz, 7001 MHz, 39.31 W, 64, 7925 MiB, 0x0000000000000000
2026/09/25 04:28:27.251, 100 %, 2565 MHz, 8001 MHz, 41.15 W, 65, 7925 MiB, 0x0000000000000000
2026/09/25 04:28:28.253, 100 %, 2565 MHz, 8001 MHz, 40.69 W, 65, 7925 MiB, 0x0000000000000000
2026/09/25 04:28:29.256, 100 %, 2565 MHz, 8001 MHz, 40.12 W, 65, 7925 MiB, 0x0000000000000000
2026/09/25 04:28:30.271, 100 %, 2565 MHz, 8001 MHz, 41.16 W, 65, 7925 MiB, 0x0000000000000000
2026/09/25 04:28:31.273, 100 %, 2565 MHz, 8001 MHz, 40.76 W, 65, 7925 MiB, 0x0000000000000000
2026/09/25 04:28:32.275, 100 %, 2565 MHz, 8001 MHz, 40.98 W, 66, 7925 MiB, 0x0000000000000000
2026/09/25 04:28:33.276, 100 %, 2565 MHz, 8001 MHz, 42.15 W, 67, 7925 MiB, 0x0000000000000000
2026/09/25 04:28:34.291, 100 %, 2565 MHz, 8001 MHz, 42.42 W, 67, 7925 MiB, 0x0000000000000000
2026/09/25 04:28:35.292, 100 %, 2565 MHz, 8001 MHz, 42.35 W, 67, 7925 MiB, 0x0000000000000000
2026/09/25 04:28:36.296, 100 %, 2565 MHz, 8001 MHz, 36.53 W, 67, 7925 MiB, 0x0000000000000000
2026/09/25 04:28:37.297, 100 %, 2565 MHz, 8001 MHz, 33.42 W, 66, 7925 MiB, 0x0000000000000000
2026/09/25 04:28:38.299, 100 %, 2565 MHz, 8001 MHz, 39.16 W, 67, 7925 MiB, 0x0000000000000000
2026/09/25 04:28:39.302, 100 %, 2565 MHz, 8001 MHz, 42.88 W, 68, 7925 MiB, 0x0000000000000000
2026/09/25 04:28:40.305, 99 %, 2565 MHz, 8001 MHz, 43.19 W, 67, 7925 MiB, 0x0000000000000000
2026/09/25 04:28:41.306, 100 %, 2565 MHz, 8001 MHz, 36.90 W, 67, 7925 MiB, 0x0000000000000000
2026/09/25 04:28:42.309, 100 %, 2565 MHz, 8001 MHz, 38.99 W, 68, 7925 MiB, 0x0000000000000000
2026/09/25 04:28:43.315, 100 %, 2565 MHz, 8001 MHz, 35.82 W, 68, 7925 MiB, 0x0000000000000000
2026/09/25 04:28:44.319, 100 %, 2565 MHz, 8001 MHz, 37.92 W, 67, 7925 MiB, 0x0000000000000000
2026/09/25 04:28:45.322, 100 %, 2565 MHz, 8001 MHz, 42.42 W, 69, 7925 MiB, 0x0000000000000000
2026/09/25 04:28:46.325, 100 %, 2565 MHz, 8001 MHz, 32.97 W, 68, 7925 MiB, 0x0000000000000000
2026/09/25 04:28:47.329, 100 %, 2565 MHz, 8001 MHz, 42.75 W, 68, 7925 MiB, 0x0000000000000000
2026/09/25 04:28:48.330, 100 %, 2565 MHz, 8001 MHz, 45.35 W, 70, 7925 MiB, 0x0000000000000000
2026/09/25 04:28:49.336, 100 %, 2565 MHz, 8001 MHz, 40.42 W, 68, 7925 MiB, 0x0000000000000000
2026/09/25 04:28:50.339, 100 %, 2565 MHz, 8001 MHz, 46.44 W, 70, 7925 MiB, 0x0000000000000000
2026/09/25 04:28:51.344, 100 %, 2565 MHz, 8001 MHz, 39.82 W, 70, 7925 MiB, 0x0000000000000000
2026/09/25 04:28:52.348, 100 %, 2565 MHz, 8001 MHz, 40.71 W, 69, 7925 MiB, 0x0000000000000000
2026/09/25 04:28:53.355, 100 %, 2565 MHz, 8001 MHz, 40.63 W, 71, 7925 MiB, 0x0000000000000000
2026/09/25 04:28:54.362, 100 %, 2565 MHz, 8001 MHz, 33.32 W, 69, 7925 MiB, 0x0000000000000000
2026/09/25 04:28:55.363, 100 %, 2565 MHz, 8001 MHz, 47.91 W, 71, 7925 MiB, 0x0000000000000000
2026/09/25 04:28:56.377, 100 %, 2565 MHz, 8001 MHz, 36.63 W, 69, 7925 MiB, 0x0000000000000000
2026/09/25 04:28:57.378, 100 %, 2565 MHz, 8001 MHz, 44.37 W, 71, 7925 MiB, 0x0000000000000000
2026/09/25 04:28:58.380, 100 %, 2565 MHz, 8001 MHz, 35.50 W, 69, 7925 MiB, 0x0000000000000000
2026/09/25 04:28:59.383, 100 %, 2550 MHz, 8001 MHz, 49.35 W, 71, 7925 MiB, 0x0000000000000000
2026/09/25 04:29:00.398, 100 %, 2550 MHz, 8001 MHz, 33.19 W, 70, 7925 MiB, 0x0000000000000000
2026/09/25 04:29:01.403, 100 %, 2550 MHz, 8001 MHz, 49.89 W, 72, 7925 MiB, 0x0000000000000000
2026/09/25 04:29:02.416, 100 %, 2550 MHz, 8001 MHz, 37.05 W, 70, 7925 MiB, 0x0000000000000000
2026/09/25 04:29:03.416, 100 %, 2550 MHz, 8001 MHz, 49.41 W, 72, 7925 MiB, 0x0000000000000000
2026/09/25 04:29:04.419, 100 %, 2550 MHz, 8001 MHz, 32.42 W, 70, 7925 MiB, 0x0000000000000000
2026/09/25 04:29:05.422, 100 %, 2550 MHz, 8001 MHz, 49.69 W, 72, 7925 MiB, 0x0000000000000000
2026/09/25 04:29:06.427, 100 %, 2550 MHz, 8001 MHz, 39.05 W, 70, 7925 MiB, 0x0000000000000000
2026/09/25 04:29:07.432, 100 %, 2550 MHz, 8001 MHz, 50.82 W, 73, 7925 MiB, 0x0000000000000000
2026/09/25 04:29:08.438, 100 %, 2550 MHz, 8001 MHz, 43.40 W, 71, 7925 MiB, 0x0000000000000000
2026/09/25 04:29:09.440, 100 %, 2550 MHz, 8001 MHz, 37.52 W, 73, 7925 MiB, 0x0000000000000000
2026/09/25 04:29:10.444, 100 %, 2550 MHz, 8001 MHz, 37.60 W, 71, 7925 MiB, 0x0000000000000000
2026/09/25 04:29:11.450, 99 %, 2550 MHz, 8001 MHz, 34.61 W, 71, 7925 MiB, 0x0000000000000000
2026/09/25 04:29:12.458, 100 %, 2550 MHz, 8001 MHz, 50.85 W, 73, 7925 MiB, 0x0000000000000000
2026/09/25 04:29:13.463, 100 %, 2550 MHz, 8001 MHz, 35.61 W, 72, 7925 MiB, 0x0000000000000000
2026/09/25 04:29:14.464, 100 %, 2550 MHz, 8001 MHz, 47.56 W, 73, 7925 MiB, 0x0000000000000000
2026/09/25 04:29:15.480, 100 %, 2550 MHz, 8001 MHz, 33.41 W, 72, 7925 MiB, 0x0000000000000000
2026/09/25 04:29:16.495, 100 %, 2550 MHz, 8001 MHz, 51.53 W, 73, 7925 MiB, 0x0000000000000000
2026/09/25 04:29:17.497, 100 %, 2550 MHz, 8001 MHz, 45.51 W, 72, 7925 MiB, 0x0000000000000000
2026/09/25 04:29:18.512, 100 %, 2550 MHz, 8001 MHz, 31.89 W, 72, 7925 MiB, 0x0000000000000000
2026/09/25 04:29:19.514, 100 %, 2550 MHz, 8001 MHz, 53.28 W, 74, 7925 MiB, 0x0000000000000000
2026/09/25 04:29:20.517, 100 %, 2550 MHz, 8001 MHz, 32.31 W, 73, 7925 MiB, 0x0000000000000000
2026/09/25 04:29:21.519, 100 %, 2550 MHz, 8001 MHz, 52.30 W, 74, 7925 MiB, 0x0000000000000000
2026/09/25 04:29:22.523, 100 %, 2550 MHz, 8001 MHz, 43.76 W, 73, 7925 MiB, 0x0000000000000000
2026/09/25 04:29:23.538, 100 %, 2550 MHz, 8001 MHz, 33.03 W, 72, 7925 MiB, 0x0000000000000000
2026/09/25 04:29:24.541, 100 %, 2550 MHz, 8001 MHz, 52.69 W, 75, 7925 MiB, 0x0000000000000000
2026/09/25 04:29:25.547, 100 %, 2550 MHz, 8001 MHz, 42.47 W, 73, 7925 MiB, 0x0000000000000000
2026/09/25 04:29:26.550, 100 %, 2550 MHz, 8001 MHz, 50.65 W, 75, 7925 MiB, 0x0000000000000000
2026/09/25 04:29:27.553, 100 %, 2550 MHz, 8001 MHz, 49.83 W, 73, 7925 MiB, 0x0000000000000000
2026/09/25 04:29:28.555, 100 %, 2550 MHz, 8001 MHz, 32.26 W, 73, 7925 MiB, 0x0000000000000000
2026/09/25 04:29:29.559, 100 %, 2550 MHz, 8001 MHz, 46.53 W, 75, 7925 MiB, 0x0000000000000000
2026/09/25 04:29:30.561, 100 %, 2550 MHz, 8001 MHz, 43.49 W, 74, 7925 MiB, 0x0000000000000000
2026/09/25 04:29:31.563, 99 %, 2550 MHz, 8001 MHz, 43.03 W, 75, 7925 MiB, 0x0000000000000000
2026/09/25 04:29:32.569, 100 %, 2550 MHz, 8001 MHz, 53.78 W, 76, 7925 MiB, 0x0000000000000000
2026/09/25 04:29:33.574, 100 %, 2550 MHz, 8001 MHz, 33.36 W, 74, 7925 MiB, 0x0000000000000000
2026/09/25 04:29:34.578, 100 %, 2550 MHz, 8001 MHz, 40.39 W, 76, 7925 MiB, 0x0000000000000000
2026/09/25 04:29:35.585, 100 %, 2550 MHz, 8001 MHz, 42.43 W, 74, 7925 MiB, 0x0000000000000000
2026/09/25 04:29:36.586, 100 %, 2550 MHz, 8001 MHz, 33.60 W, 74, 7925 MiB, 0x0000000000000000
2026/09/25 04:29:37.591, 100 %, 2550 MHz, 8001 MHz, 54.27 W, 76, 7925 MiB, 0x0000000000000000
2026/09/25 04:29:38.596, 100 %, 2550 MHz, 8001 MHz, 43.10 W, 74, 7925 MiB, 0x0000000000000000
2026/09/25 04:29:39.598, 100 %, 2550 MHz, 8001 MHz, 32.67 W, 74, 7925 MiB, 0x0000000000000000
2026/09/25 04:29:40.602, 100 %, 2550 MHz, 8001 MHz, 54.38 W, 77, 7925 MiB, 0x0000000000000000
2026/09/25 04:29:41.606, 100 %, 2550 MHz, 8001 MHz, 38.01 W, 74, 7925 MiB, 0x0000000000000000
2026/09/25 04:29:42.610, 100 %, 2550 MHz, 8001 MHz, 33.43 W, 74, 7925 MiB, 0x0000000000000000
2026/09/25 04:29:43.611, 100 %, 2550 MHz, 8001 MHz, 49.69 W, 77, 7925 MiB, 0x0000000000000000
2026/09/25 04:29:44.613, 100 %, 2550 MHz, 8001 MHz, 42.37 W, 75, 7925 MiB, 0x0000000000000000
2026/09/25 04:29:45.628, 100 %, 2550 MHz, 8001 MHz, 33.42 W, 75, 7925 MiB, 0x0000000000000000
2026/09/25 04:29:46.633, 100 %, 2550 MHz, 8001 MHz, 50.93 W, 77, 7925 MiB, 0x0000000000000000
2026/09/25 04:29:47.639, 100 %, 2550 MHz, 8001 MHz, 32.94 W, 75, 7925 MiB, 0x0000000000000000
2026/09/25 04:29:48.643, 100 %, 2550 MHz, 8001 MHz, 33.59 W, 75, 7925 MiB, 0x0000000000000000
2026/09/25 04:29:49.646, 100 %, 2550 MHz, 8001 MHz, 51.53 W, 78, 7925 MiB, 0x0000000000000000
2026/09/25 04:29:50.649, 100 %, 2550 MHz, 8001 MHz, 33.68 W, 75, 7925 MiB, 0x0000000000000000
2026/09/25 04:29:51.653, 100 %, 2550 MHz, 8001 MHz, 33.84 W, 75, 7925 MiB, 0x0000000000000000
2026/09/25 04:29:52.653, 100 %, 2550 MHz, 8001 MHz, 53.93 W, 78, 7925 MiB, 0x0000000000000000
2026/09/25 04:29:53.669, 100 %, 2550 MHz, 8001 MHz, 33.75 W, 75, 7925 MiB, 0x0000000000000000
2026/09/25 04:29:54.673, 100 %, 2550 MHz, 8001 MHz, 33.79 W, 76, 7925 MiB, 0x0000000000000000
2026/09/25 04:29:55.675, 100 %, 2550 MHz, 8001 MHz, 56.35 W, 78, 7925 MiB, 0x0000000000000000
2026/09/25 04:29:56.679, 100 %, 2550 MHz, 8001 MHz, 39.76 W, 76, 7925 MiB, 0x0000000000000000
2026/09/25 04:29:57.681, 100 %, 2550 MHz, 8001 MHz, 33.85 W, 76, 7925 MiB, 0x0000000000000000
2026/09/25 04:29:58.685, 100 %, 2550 MHz, 8001 MHz, 45.78 W, 78, 7925 MiB, 0x0000000000000000
2026/09/25 04:29:59.701, 100 %, 2550 MHz, 8001 MHz, 50.06 W, 76, 7925 MiB, 0x0000000000000000
2026/09/25 04:30:00.714, 100 %, 2550 MHz, 8001 MHz, 33.33 W, 76, 7925 MiB, 0x0000000000000000
2026/09/25 04:30:01.721, 100 %, 2550 MHz, 8001 MHz, 54.42 W, 78, 7925 MiB, 0x0000000000000000
2026/09/25 04:30:02.721, 100 %, 2550 MHz, 8001 MHz, 56.13 W, 77, 7925 MiB, 0x0000000000000000
2026/09/25 04:30:03.725, 100 %, 2550 MHz, 8001 MHz, 34.03 W, 76, 7925 MiB, 0x0000000000000000
2026/09/25 04:30:04.733, 100 %, 2550 MHz, 8001 MHz, 36.69 W, 78, 7925 MiB, 0x0000000000000000
2026/09/25 04:30:05.734, 100 %, 2550 MHz, 8001 MHz, 55.89 W, 79, 7925 MiB, 0x0000000000000000
2026/09/25 04:30:06.737, 100 %, 2550 MHz, 8001 MHz, 33.72 W, 76, 7925 MiB, 0x0000000000000000
2026/09/25 04:30:07.740, 100 %, 2550 MHz, 8001 MHz, 34.14 W, 77, 7925 MiB, 0x0000000000000000
2026/09/25 04:30:08.743, 100 %, 2550 MHz, 8001 MHz, 50.09 W, 79, 7925 MiB, 0x0000000000000000
2026/09/25 04:30:09.746, 100 %, 2550 MHz, 8001 MHz, 44.18 W, 77, 7925 MiB, 0x0000000000000000
2026/09/25 04:30:10.749, 100 %, 2550 MHz, 8001 MHz, 34.05 W, 77, 7925 MiB, 0x0000000000000000
2026/09/25 04:30:11.751, 100 %, 2550 MHz, 8001 MHz, 42.32 W, 79, 7925 MiB, 0x0000000000000000
2026/09/25 04:30:12.751, 100 %, 2550 MHz, 8001 MHz, 56.35 W, 78, 7925 MiB, 0x0000000000000000
2026/09/25 04:30:13.767, 100 %, 2550 MHz, 8001 MHz, 34.12 W, 77, 7925 MiB, 0x0000000000000000
2026/09/25 04:30:14.772, 100 %, 2550 MHz, 8001 MHz, 34.18 W, 77, 7925 MiB, 0x0000000000000000
2026/09/25 04:30:15.775, 100 %, 2550 MHz, 8001 MHz, 57.39 W, 80, 7925 MiB, 0x0000000000000000
2026/09/25 04:30:16.790, 100 %, 2550 MHz, 8001 MHz, 34.44 W, 77, 7925 MiB, 0x0000000000000000
2026/09/25 04:30:17.804, 100 %, 2550 MHz, 8001 MHz, 34.58 W, 77, 7925 MiB, 0x0000000000000000
2026/09/25 04:30:18.811, 100 %, 2550 MHz, 8001 MHz, 50.59 W, 80, 7925 MiB, 0x0000000000000000
2026/09/25 04:30:19.814, 100 %, 2550 MHz, 8001 MHz, 52.82 W, 78, 7925 MiB, 0x0000000000000000
2026/09/25 04:30:20.819, 100 %, 2550 MHz, 8001 MHz, 34.58 W, 78, 7925 MiB, 0x0000000000000000
2026/09/25 04:30:21.819, 100 %, 2550 MHz, 8001 MHz, 33.70 W, 78, 7925 MiB, 0x0000000000000000
2026/09/25 04:30:22.821, 100 %, 2550 MHz, 8001 MHz, 58.07 W, 81, 7925 MiB, 0x0000000000000000
2026/09/25 04:30:23.826, 100 %, 2550 MHz, 8001 MHz, 37.28 W, 78, 7925 MiB, 0x0000000000000000
2026/09/25 04:30:24.828, 100 %, 2550 MHz, 8001 MHz, 38.23 W, 78, 7925 MiB, 0x0000000000000000
2026/09/25 04:30:25.832, 100 %, 2550 MHz, 8001 MHz, 57.82 W, 81, 7925 MiB, 0x0000000000000000
2026/09/25 04:30:26.835, 100 %, 2550 MHz, 8001 MHz, 57.94 W, 81, 7925 MiB, 0x0000000000000000
2026/09/25 04:30:27.849, 100 %, 2550 MHz, 8001 MHz, 38.38 W, 78, 7925 MiB, 0x0000000000000000
2026/09/25 04:30:28.849, 100 %, 2550 MHz, 8001 MHz, 35.10 W, 78, 7925 MiB, 0x0000000000000000
2026/09/25 04:30:29.855, 100 %, 2550 MHz, 8001 MHz, 56.96 W, 81, 7925 MiB, 0x0000000000000000
2026/09/25 04:30:30.860, 100 %, 2550 MHz, 8001 MHz, 36.60 W, 79, 7925 MiB, 0x0000000000000000
2026/09/25 04:30:31.861, 100 %, 2550 MHz, 8001 MHz, 34.93 W, 79, 7925 MiB, 0x0000000000000000
2026/09/25 04:30:32.864, 100 %, 2550 MHz, 8001 MHz, 58.32 W, 81, 7925 MiB, 0x0000000000000000
2026/09/25 04:30:33.867, 100 %, 2550 MHz, 8001 MHz, 56.47 W, 79, 7925 MiB, 0x0000000000000000
2026/09/25 04:30:34.870, 100 %, 2550 MHz, 8001 MHz, 35.33 W, 79, 7925 MiB, 0x0000000000000000
2026/09/25 04:30:35.884, 100 %, 2550 MHz, 8001 MHz, 34.82 W, 79, 7925 MiB, 0x0000000000000000
2026/09/25 04:30:36.885, 100 %, 2550 MHz, 8001 MHz, 58.65 W, 82, 7925 MiB, 0x0000000000000000
2026/09/25 04:30:37.887, 100 %, 2550 MHz, 8001 MHz, 36.26 W, 79, 7925 MiB, 0x0000000000000000
2026/09/25 04:30:38.889, 100 %, 2550 MHz, 8001 MHz, 34.91 W, 79, 7925 MiB, 0x0000000000000000
2026/09/25 04:30:39.896, 100 %, 2550 MHz, 8001 MHz, 36.63 W, 80, 7925 MiB, 0x0000000000000000
2026/09/25 04:30:40.901, 100 %, 2550 MHz, 8001 MHz, 59.35 W, 82, 7925 MiB, 0x0000000000000000
2026/09/25 04:30:41.902, 100 %, 2550 MHz, 8001 MHz, 46.67 W, 79, 7925 MiB, 0x0000000000000000
2026/09/25 04:30:42.908, 100 %, 2550 MHz, 8001 MHz, 35.00 W, 79, 7925 MiB, 0x0000000000000000
2026/09/25 04:30:43.910, 100 %, 2550 MHz, 8001 MHz, 58.28 W, 82, 7925 MiB, 0x0000000000000000
2026/09/25 04:30:44.914, 100 %, 2550 MHz, 8001 MHz, 59.12 W, 82, 7925 MiB, 0x0000000000000000
2026/09/25 04:30:45.916, 100 %, 2550 MHz, 8001 MHz, 37.47 W, 80, 7925 MiB, 0x0000000000000000
2026/09/25 04:30:46.922, 100 %, 2550 MHz, 8001 MHz, 34.49 W, 80, 7925 MiB, 0x0000000000000000
2026/09/25 04:30:47.924, 100 %, 2550 MHz, 8001 MHz, 40.90 W, 82, 7925 MiB, 0x0000000000000000
2026/09/25 04:30:48.939, 100 %, 2550 MHz, 8001 MHz, 59.23 W, 83, 7925 MiB, 0x0000000000000000
2026/09/25 04:30:49.943, 100 %, 2550 MHz, 8001 MHz, 43.48 W, 80, 7925 MiB, 0x0000000000000000
2026/09/25 04:30:50.945, 100 %, 2550 MHz, 8001 MHz, 35.34 W, 80, 7925 MiB, 0x0000000000000000
2026/09/25 04:30:51.949, 100 %, 2550 MHz, 8001 MHz, 42.26 W, 83, 7925 MiB, 0x0000000000000000
2026/09/25 04:30:52.961, 100 %, 2550 MHz, 8001 MHz, 59.72 W, 83, 7925 MiB, 0x0000000000000000
2026/09/25 04:30:53.962, 100 %, 2550 MHz, 8001 MHz, 36.63 W, 80, 7925 MiB, 0x0000000000000000
2026/09/25 04:30:54.964, 100 %, 2550 MHz, 8001 MHz, 35.34 W, 80, 7925 MiB, 0x0000000000000000
2026/09/25 04:30:55.977, 100 %, 2550 MHz, 8001 MHz, 54.48 W, 83, 7925 MiB, 0x0000000000000000
2026/09/25 04:30:56.982, 100 %, 2550 MHz, 8001 MHz, 59.58 W, 82, 7925 MiB, 0x0000000000000000
2026/09/25 04:30:57.987, 100 %, 2550 MHz, 8001 MHz, 35.80 W, 80, 7925 MiB, 0x0000000000000000
2026/09/25 04:30:58.991, 100 %, 2550 MHz, 8001 MHz, 35.30 W, 80, 7925 MiB, 0x0000000000000000
2026/09/25 04:30:59.997, 100 %, 2550 MHz, 8001 MHz, 60.88 W, 83, 7925 MiB, 0x0000000000000000
2026/09/25 04:31:01.000, 100 %, 2550 MHz, 8001 MHz, 59.86 W, 83, 7925 MiB, 0x0000000000000000
2026/09/25 04:31:02.006, 100 %, 2550 MHz, 8001 MHz, 43.75 W, 81, 7925 MiB, 0x0000000000000000
2026/09/25 04:31:03.008, 100 %, 2550 MHz, 8001 MHz, 35.08 W, 80, 7925 MiB, 0x0000000000000000
2026/09/25 04:31:04.011, 100 %, 2550 MHz, 8001 MHz, 39.48 W, 83, 7925 MiB, 0x0000000000000000
2026/09/25 04:31:05.012, 100 %, 2550 MHz, 8001 MHz, 57.41 W, 84, 7925 MiB, 0x0000000000000000
2026/09/25 04:31:06.016, 100 %, 2550 MHz, 8001 MHz, 35.97 W, 81, 7925 MiB, 0x0000000000000000
2026/09/25 04:31:07.023, 100 %, 2550 MHz, 8001 MHz, 35.53 W, 81, 7925 MiB, 0x0000000000000000
2026/09/25 04:31:08.025, 100 %, 2550 MHz, 8001 MHz, 35.17 W, 82, 7925 MiB, 0x0000000000000000
2026/09/25 04:31:09.040, 100 %, 2550 MHz, 8001 MHz, 59.69 W, 84, 7925 MiB, 0x0000000000000000
2026/09/25 04:31:10.046, 100 %, 2550 MHz, 8001 MHz, 51.01 W, 81, 7925 MiB, 0x0000000000000000
2026/09/25 04:31:11.050, 100 %, 2550 MHz, 8001 MHz, 35.58 W, 81, 7925 MiB, 0x0000000000000000
2026/09/25 04:31:12.057, 100 %, 2550 MHz, 8001 MHz, 35.88 W, 81, 7925 MiB, 0x0000000000000000
2026/09/25 04:31:13.059, 100 %, 2550 MHz, 8001 MHz, 60.42 W, 84, 7925 MiB, 0x0000000000000000
2026/09/25 04:31:14.063, 100 %, 2550 MHz, 8001 MHz, 56.50 W, 82, 7925 MiB, 0x0000000000000000
2026/09/25 04:31:15.064, 100 %, 2550 MHz, 8001 MHz, 37.19 W, 81, 7925 MiB, 0x0000000000000000
2026/09/25 04:31:16.068, 100 %, 2550 MHz, 8001 MHz, 35.84 W, 81, 7925 MiB, 0x0000000000000000
2026/09/25 04:31:17.071, 100 %, 2550 MHz, 8001 MHz, 59.73 W, 84, 7925 MiB, 0x0000000000000000
2026/09/25 04:31:18.073, 100 %, 2505 MHz, 8001 MHz, 58.43 W, 84, 7925 MiB, 0x0000000000000020
2026/09/25 04:31:19.078, 100 %, 2550 MHz, 8001 MHz, 36.12 W, 81, 7925 MiB, 0x0000000000000000
2026/09/25 04:31:20.082, 100 %, 2550 MHz, 8001 MHz, 36.09 W, 82, 7925 MiB, 0x0000000000000000
2026/09/25 04:31:21.085, 100 %, 2550 MHz, 8001 MHz, 41.65 W, 84, 7925 MiB, 0x0000000000000000
2026/09/25 04:31:22.089, 100 %, 2415 MHz, 8001 MHz, 55.69 W, 83, 7925 MiB, 0x0000000000000020
2026/09/25 04:31:23.090, 100 %, 2550 MHz, 8001 MHz, 36.47 W, 82, 7925 MiB, 0x0000000000000000
2026/09/25 04:31:24.104, 100 %, 2550 MHz, 8001 MHz, 38.19 W, 82, 7925 MiB, 0x0000000000000000
2026/09/25 04:31:25.108, 100 %, 2550 MHz, 8001 MHz, 35.94 W, 82, 7925 MiB, 0x0000000000000000
2026/09/25 04:31:26.111, 100 %, 2325 MHz, 8001 MHz, 52.21 W, 83, 7925 MiB, 0x0000000000000020
2026/09/25 04:31:27.128, 100 %, 2550 MHz, 8001 MHz, 49.55 W, 82, 7925 MiB, 0x0000000000000000
2026/09/25 04:31:28.130, 100 %, 2550 MHz, 8001 MHz, 36.08 W, 82, 7925 MiB, 0x0000000000000000
2026/09/25 04:31:29.135, 100 %, 2550 MHz, 8001 MHz, 35.98 W, 82, 7925 MiB, 0x0000000000000000
2026/09/25 04:31:30.137, 100 %, 2430 MHz, 8001 MHz, 60.03 W, 84, 7925 MiB, 0x0000000000000020
2026/09/25 04:31:31.145, 100 %, 2310 MHz, 8001 MHz, 53.26 W, 84, 7925 MiB, 0x0000000000000020
2026/09/25 04:31:32.150, 100 %, 2550 MHz, 8001 MHz, 36.57 W, 82, 7925 MiB, 0x0000000000000000
2026/09/25 04:31:33.155, 100 %, 2550 MHz, 8001 MHz, 36.12 W, 82, 7925 MiB, 0x0000000000000000
2026/09/25 04:31:34.160, 100 %, 2550 MHz, 8001 MHz, 35.92 W, 83, 7925 MiB, 0x0000000000000000
2026/09/25 04:31:35.164, 100 %, 2175 MHz, 8001 MHz, 54.04 W, 83, 7925 MiB, 0x0000000000000020
2026/09/25 04:31:36.178, 100 %, 2550 MHz, 8001 MHz, 45.69 W, 82, 7925 MiB, 0x0000000000000000
2026/09/25 04:31:37.181, 100 %, 2550 MHz, 8001 MHz, 36.15 W, 82, 7925 MiB, 0x0000000000000000
2026/09/25 04:31:38.193, 100 %, 2550 MHz, 8001 MHz, 36.34 W, 82, 7925 MiB, 0x0000000000000000
2026/09/25 04:31:39.196, 100 %, 2325 MHz, 8001 MHz, 50.40 W, 84, 7925 MiB, 0x0000000000000020
2026/09/25 04:31:40.197, 100 %, 2280 MHz, 8001 MHz, 51.52 W, 83, 7925 MiB, 0x0000000000000020
2026/09/25 04:31:41.212, 100 %, 2550 MHz, 8001 MHz, 36.41 W, 82, 7925 MiB, 0x0000000000000000
2026/09/25 04:31:42.214, 100 %, 2550 MHz, 8001 MHz, 36.23 W, 82, 7925 MiB, 0x0000000000000000
2026/09/25 04:31:43.227, 100 %, 2550 MHz, 8001 MHz, 36.17 W, 82, 7925 MiB, 0x0000000000000000
2026/09/25 04:31:44.240, 100 %, 2325 MHz, 8001 MHz, 48.52 W, 84, 7925 MiB, 0x0000000000000020
2026/09/25 04:31:45.244, 100 %, 2550 MHz, 8001 MHz, 36.54 W, 82, 7925 MiB, 0x0000000000000000
2026/09/25 04:31:46.260, 100 %, 2550 MHz, 8001 MHz, 36.26 W, 83, 7925 MiB, 0x0000000000000000
2026/09/25 04:31:47.274, 100 %, 2550 MHz, 8001 MHz, 36.09 W, 82, 7925 MiB, 0x0000000000000000
2026/09/25 04:31:48.289, 100 %, 2250 MHz, 8001 MHz, 44.80 W, 84, 7925 MiB, 0x0000000000000020
2026/09/25 04:31:49.293, 100 %, 2280 MHz, 8001 MHz, 50.59 W, 84, 7925 MiB, 0x0000000000000020
2026/09/25 04:31:50.297, 100 %, 2550 MHz, 8001 MHz, 36.48 W, 82, 7925 MiB, 0x0000000000000000
2026/09/25 04:31:51.303, 100 %, 2550 MHz, 8001 MHz, 36.19 W, 82, 7925 MiB, 0x0000000000000000
2026/09/25 04:31:52.307, 100 %, 2550 MHz, 8001 MHz, 40.48 W, 83, 7925 MiB, 0x0000000000000000
2026/09/25 04:31:53.311, 100 %, 2145 MHz, 8001 MHz, 48.44 W, 84, 7925 MiB, 0x0000000000000020
2026/09/25 04:31:54.328, 100 %, 2130 MHz, 8001 MHz, 48.54 W, 83, 7925 MiB, 0x0000000000000020
2026/09/25 04:31:55.333, 100 %, 2550 MHz, 8001 MHz, 38.90 W, 83, 7925 MiB, 0x0000000000000000
2026/09/25 04:31:56.339, 100 %, 2550 MHz, 8001 MHz, 36.29 W, 82, 7925 MiB, 0x0000000000000000
2026/09/25 04:31:57.344, 100 %, 2550 MHz, 8001 MHz, 36.39 W, 82, 7925 MiB, 0x0000000000000000
2026/09/25 04:31:58.349, 100 %, 2145 MHz, 8001 MHz, 49.19 W, 84, 7925 MiB, 0x0000000000000020
2026/09/25 04:31:59.365, 100 %, 2550 MHz, 8001 MHz, 47.88 W, 83, 7925 MiB, 0x0000000000000000
2026/09/25 04:32:00.370, 100 %, 2550 MHz, 8001 MHz, 36.26 W, 83, 7925 MiB, 0x0000000000000000
2026/09/25 04:32:01.373, 100 %, 2550 MHz, 8001 MHz, 37.71 W, 83, 7925 MiB, 0x0000000000000000
2026/09/25 04:32:02.379, 100 %, 2145 MHz, 8001 MHz, 40.81 W, 85, 7925 MiB, 0x0000000000000020
2026/09/25 04:32:03.384, 100 %, 2235 MHz, 8001 MHz, 48.72 W, 84, 7925 MiB, 0x0000000000000020
2026/09/25 04:32:04.387, 100 %, 2550 MHz, 8001 MHz, 38.20 W, 83, 7925 MiB, 0x0000000000000000
2026/09/25 04:32:05.388, 100 %, 2550 MHz, 8001 MHz, 36.33 W, 83, 7925 MiB, 0x0000000000000000
2026/09/25 04:32:06.389, 100 %, 2550 MHz, 8001 MHz, 36.34 W, 83, 7925 MiB, 0x0000000000000000
2026/09/25 04:32:07.391, 100 %, 2100 MHz, 8001 MHz, 43.60 W, 83, 7925 MiB, 0x0000000000000020
2026/09/25 04:32:08.396, 100 %, 2475 MHz, 8001 MHz, 31.91 W, 83, 7925 MiB, 0x0000000000000020
2026/09/25 04:32:09.400, 100 %, 2550 MHz, 8001 MHz, 36.23 W, 83, 7925 MiB, 0x0000000000000000
2026/09/25 04:32:10.406, 100 %, 2550 MHz, 8001 MHz, 36.06 W, 83, 7925 MiB, 0x0000000000000000
2026/09/25 04:32:11.413, 100 %, 2550 MHz, 8001 MHz, 36.36 W, 83, 7925 MiB, 0x0000000000000000
2026/09/25 04:32:12.419, 100 %, 1905 MHz, 8001 MHz, 48.99 W, 83, 7925 MiB, 0x0000000000000020
2026/09/25 04:32:13.421, 100 %, 2550 MHz, 8001 MHz, 33.47 W, 83, 7925 MiB, 0x0000000000000000
2026/09/25 04:32:14.425, 100 %, 2550 MHz, 8001 MHz, 36.67 W, 83, 7925 MiB, 0x0000000000000000
2026/09/25 04:32:15.430, 100 %, 2550 MHz, 8001 MHz, 36.40 W, 83, 7925 MiB, 0x0000000000000000
2026/09/25 04:32:16.434, 99 %, 2115 MHz, 8001 MHz, 37.86 W, 84, 7925 MiB, 0x0000000000000020
2026/09/25 04:32:17.437, 100 %, 1980 MHz, 8001 MHz, 45.82 W, 83, 7925 MiB, 0x0000000000000020
2026/09/25 04:32:18.440, 100 %, 2550 MHz, 8001 MHz, 42.79 W, 83, 7925 MiB, 0x0000000000000000
2026/09/25 04:32:19.445, 100 %, 2550 MHz, 8001 MHz, 35.92 W, 83, 7925 MiB, 0x0000000000000000
2026/09/25 04:32:20.454, 100 %, 2550 MHz, 8001 MHz, 35.94 W, 83, 7925 MiB, 0x0000000000000000
2026/09/25 04:32:21.468, 100 %, 2550 MHz, 8001 MHz, 37.89 W, 85, 7925 MiB, 0x0000000000000000
2026/09/25 04:32:22.472, 100 %, 2115 MHz, 8001 MHz, 41.66 W, 84, 7925 MiB, 0x0000000000000020
2026/09/25 04:32:23.487, 100 %, 2550 MHz, 8001 MHz, 35.71 W, 83, 7925 MiB, 0x0000000000000000
2026/09/25 04:32:24.491, 100 %, 2550 MHz, 8001 MHz, 36.55 W, 83, 7925 MiB, 0x0000000000000000
2026/09/25 04:32:25.493, 100 %, 2550 MHz, 8001 MHz, 36.38 W, 83, 7925 MiB, 0x0000000000000000
2026/09/25 04:32:26.494, 100 %, 2100 MHz, 8001 MHz, 38.85 W, 86, 7925 MiB, 0x0000000000000020
2026/09/25 04:32:27.497, 100 %, 2550 MHz, 8001 MHz, 39.02 W, 83, 7925 MiB, 0x0000000000000000
2026/09/25 04:32:28.500, 0 %, 2550 MHz, 8001 MHz, 34.15 W, 82, 7925 MiB, 0x0000000000000000
2026/09/25 04:32:29.504, 0 %, 2550 MHz, 8001 MHz, 28.38 W, 82, 7925 MiB, 0x0000000000000000
2026/09/25 04:32:30.507, 0 %, 600 MHz, 6001 MHz, 25.27 W, 80, 7925 MiB, 0x0000000000000001
2026/09/25 04:32:31.511, 0 %, 375 MHz, 6001 MHz, 9.77 W, 80, 7925 MiB, 0x0000000000000001
2026/09/25 04:32:32.514, 0 %, 240 MHz, 810 MHz, 5.31 W, 79, 7925 MiB, 0x0000000000000001
2026/09/25 04:32:33.519, 0 %, 210 MHz, 405 MHz, 2.49 W, 79, 7925 MiB, 0x0000000000000001
2026/09/25 04:32:34.519, 0 %, 210 MHz, 405 MHz, 2.34 W, 79, 7925 MiB, 0x0000000000000001
2026/09/25 04:32:35.521, 0 %, 210 MHz, 405 MHz, 2.32 W, 79, 7925 MiB, 0x0000000000000001
2026/09/25 04:32:36.533, 0 %, 210 MHz, 405 MHz, 2.27 W, 78, 7925 MiB, 0x0000000000000001
2026/09/25 04:32:37.536, 0 %, 210 MHz, 405 MHz, 2.29 W, 78, 7925 MiB, 0x0000000000000001
2026/09/25 04:32:38.543, 0 %, 210 MHz, 405 MHz, 2.23 W, 78, 7925 MiB, 0x0000000000000001
2026/09/25 04:32:39.547, 0 %, 210 MHz, 405 MHz, 2.21 W, 78, 7925 MiB, 0x0000000000000001
2026/09/25 04:32:40.553, 0 %, 210 MHz, 405 MHz, 2.17 W, 78, 7925 MiB, 0x0000000000000001
2026/09/25 04:32:41.558, 0 %, 210 MHz, 405 MHz, 2.18 W, 77, 7925 MiB, 0x0000000000000001
2026/09/25 04:32:42.561, 0 %, 210 MHz, 405 MHz, 2.18 W, 77, 7925 MiB, 0x0000000000000001
2026/09/25 04:32:43.570, 0 %, 210 MHz, 405 MHz, 2.18 W, 77, 7925 MiB, 0x0000000000000001
2026/09/25 04:32:44.577, 0 %, 210 MHz, 405 MHz, 2.19 W, 77, 7925 MiB, 0x0000000000000001
2026/09/25 04:32:45.589, 0 %, 210 MHz, 405 MHz, 2.17 W, 77, 7925 MiB, 0x0000000000000001
2026/09/25 04:32:46.595, 0 %, 210 MHz, 405 MHz, 2.20 W, 76, 7925 MiB, 0x0000000000000001
2026/09/25 04:32:47.597, 0 %, 210 MHz, 405 MHz, 2.21 W, 76, 7925 MiB, 0x0000000000000001
2026/09/25 04:32:48.601, 0 %, 210 MHz, 405 MHz, 2.13 W, 76, 7925 MiB, 0x0000000000000001
2026/09/25 04:32:49.616, 0 %, 210 MHz, 405 MHz, 2.13 W, 76, 7925 MiB, 0x0000000000000001
2026/09/25 04:32:50.621, 0 %, 210 MHz, 405 MHz, 2.16 W, 76, 7925 MiB, 0x0000000000000001
2026/09/25 04:32:51.632, 0 %, 210 MHz, 405 MHz, 2.22 W, 76, 7925 MiB, 0x0000000000000001
2026/09/25 04:32:52.640, 0 %, 210 MHz, 405 MHz, 2.19 W, 75, 7925 MiB, 0x0000000000000001
2026/09/25 04:32:53.646, 0 %, 210 MHz, 405 MHz, 2.12 W, 75, 7925 MiB, 0x0000000000000001
2026/09/25 04:32:54.657, 0 %, 210 MHz, 405 MHz, 2.13 W, 75, 7925 MiB, 0x0000000000000001
2026/09/25 04:32:55.664, 0 %, 210 MHz, 405 MHz, 2.12 W, 75, 7925 MiB, 0x0000000000000001
2026/09/25 04:32:56.666, 0 %, 210 MHz, 405 MHz, 2.10 W, 75, 7925 MiB, 0x0000000000000001
2026/09/25 04:32:57.677, 0 %, 210 MHz, 405 MHz, 2.11 W, 75, 7925 MiB, 0x0000000000000001
2026/09/25 04:32:58.683, 0 %, 210 MHz, 405 MHz, 2.12 W, 74, 7925 MiB, 0x0000000000000001
2026/09/25 04:32:59.691, 0 %, 210 MHz, 405 MHz, 2.11 W, 74, 7925 MiB, 0x0000000000000001
2026/09/25 04:33:00.694, 0 %, 210 MHz, 405 MHz, 2.11 W, 74, 7925 MiB, 0x0000000000000001
2026/09/25 04:33:01.705, 0 %, 210 MHz, 405 MHz, 2.12 W, 74, 7925 MiB, 0x0000000000000001
2026/09/25 04:33:02.712, 0 %, 210 MHz, 405 MHz, 2.13 W, 74, 7925 MiB, 0x0000000000000001
2026/09/25 04:33:03.719, 0 %, 210 MHz, 405 MHz, 2.12 W, 74, 7925 MiB, 0x0000000000000001
2026/09/25 04:33:04.725, 0 %, 210 MHz, 405 MHz, 2.14 W, 74, 7925 MiB, 0x0000000000000001
2026/09/25 04:33:05.734, 0 %, 210 MHz, 405 MHz, 2.14 W, 73, 7925 MiB, 0x0000000000000001
2026/09/25 04:33:06.734, 0 %, 210 MHz, 405 MHz, 2.11 W, 73, 7925 MiB, 0x0000000000000001
2026/09/25 04:33:07.747, 0 %, 210 MHz, 405 MHz, 2.12 W, 73, 7925 MiB, 0x0000000000000001
2026/09/25 04:33:08.753, 0 %, 210 MHz, 405 MHz, 2.14 W, 73, 7925 MiB, 0x0000000000000001
2026/09/25 04:33:09.758, 0 %, 210 MHz, 405 MHz, 2.18 W, 73, 7925 MiB, 0x0000000000000001
2026/09/25 04:33:10.765, 0 %, 210 MHz, 405 MHz, 2.20 W, 73, 7925 MiB, 0x0000000000000001
2026/09/25 04:33:11.771, 0 %, 210 MHz, 405 MHz, 2.20 W, 73, 7925 MiB, 0x0000000000000001
2026/09/25 04:33:12.773, 0 %, 210 MHz, 405 MHz, 2.21 W, 73, 7925 MiB, 0x0000000000000001
2026/09/25 04:33:13.778, 0 %, 210 MHz, 405 MHz, 2.22 W, 73, 7925 MiB, 0x0000000000000001
2026/09/25 04:33:14.782, 0 %, 210 MHz, 405 MHz, 2.18 W, 72, 7925 MiB, 0x0000000000000001
2026/09/25 04:33:15.784, 0 %, 210 MHz, 405 MHz, 2.12 W, 72, 7925 MiB, 0x0000000000000001
2026/09/25 04:33:16.799, 0 %, 210 MHz, 405 MHz, 2.08 W, 72, 7925 MiB, 0x0000000000000001
2026/09/25 04:33:17.804, 0 %, 210 MHz, 405 MHz, 2.42 W, 72, 7925 MiB, 0x0000000000000001
2026/09/25 04:33:18.820, 0 %, 210 MHz, 405 MHz, 2.84 W, 72, 7925 MiB, 0x0000000000000001
2026/09/25 04:33:19.834, 0 %, 210 MHz, 405 MHz, 2.17 W, 72, 7925 MiB, 0x0000000000000001
2026/09/25 04:33:20.837, 0 %, 210 MHz, 405 MHz, 2.12 W, 72, 7925 MiB, 0x0000000000000001
2026/09/25 04:33:21.841, 0 %, 210 MHz, 405 MHz, 2.11 W, 72, 7925 MiB, 0x0000000000000001
2026/09/25 04:33:22.847, 0 %, 210 MHz, 405 MHz, 2.34 W, 72, 7925 MiB, 0x0000000000000001
2026/09/25 04:33:23.852, 0 %, 210 MHz, 405 MHz, 2.26 W, 72, 7925 MiB, 0x0000000000000001
2026/09/25 04:33:24.868, 0 %, 210 MHz, 405 MHz, 2.16 W, 71, 7925 MiB, 0x0000000000000001
2026/09/25 04:33:25.871, 0 %, 210 MHz, 405 MHz, 2.28 W, 71, 7925 MiB, 0x0000000000000001
2026/09/25 04:33:26.885, 0 %, 210 MHz, 405 MHz, 2.10 W, 71, 7925 MiB, 0x0000000000000001
2026/09/25 04:33:27.886, 0 %, 210 MHz, 405 MHz, 2.13 W, 71, 7925 MiB, 0x0000000000000001
2026/09/25 04:33:28.890, 0 %, 210 MHz, 405 MHz, 2.21 W, 71, 7925 MiB, 0x0000000000000001
2026/09/25 04:33:29.892, 0 %, 210 MHz, 405 MHz, 2.24 W, 71, 7925 MiB, 0x0000000000000001
2026/09/25 04:33:30.894, 0 %, 210 MHz, 405 MHz, 2.30 W, 71, 7925 MiB, 0x0000000000000001
2026/09/25 04:33:31.895, 0 %, 210 MHz, 405 MHz, 2.30 W, 71, 7925 MiB, 0x0000000000000001
2026/09/25 04:33:32.903, 0 %, 210 MHz, 405 MHz, 2.23 W, 71, 7925 MiB, 0x0000000000000001
2026/09/25 04:33:33.909, 0 %, 210 MHz, 405 MHz, 2.25 W, 71, 7925 MiB, 0x0000000000000001
2026/09/25 04:33:34.916, 0 %, 210 MHz, 405 MHz, 2.27 W, 71, 7925 MiB, 0x0000000000000001
2026/09/25 04:33:35.932, 0 %, 210 MHz, 405 MHz, 2.31 W, 70, 7925 MiB, 0x0000000000000001
2026/09/25 04:33:36.934, 0 %, 210 MHz, 405 MHz, 2.27 W, 70, 7925 MiB, 0x0000000000000001
2026/09/25 04:33:37.937, 0 %, 210 MHz, 405 MHz, 2.25 W, 70, 7925 MiB, 0x0000000000000001
2026/09/25 04:33:38.938, 0 %, 210 MHz, 405 MHz, 2.27 W, 70, 7925 MiB, 0x0000000000000001
2026/09/25 04:33:39.954, 0 %, 210 MHz, 405 MHz, 2.24 W, 70, 7925 MiB, 0x0000000000000001
2026/09/25 04:33:40.969, 0 %, 210 MHz, 405 MHz, 2.17 W, 70, 7925 MiB, 0x0000000000000001
2026/09/25 04:33:41.978, 0 %, 210 MHz, 405 MHz, 2.19 W, 70, 7925 MiB, 0x0000000000000001
2026/09/25 04:33:42.982, 0 %, 210 MHz, 405 MHz, 2.24 W, 70, 7925 MiB, 0x0000000000000001
2026/09/25 04:33:43.982, 0 %, 210 MHz, 405 MHz, 2.25 W, 70, 7925 MiB, 0x0000000000000001
2026/09/25 04:33:44.984, 0 %, 210 MHz, 405 MHz, 2.30 W, 70, 7925 MiB, 0x0000000000000001
2026/09/25 04:33:45.991, 0 %, 210 MHz, 405 MHz, 2.35 W, 70, 7925 MiB, 0x0000000000000001
2026/09/25 04:33:46.995, 0 %, 210 MHz, 405 MHz, 2.35 W, 70, 7925 MiB, 0x0000000000000001
2026/09/25 04:33:47.999, 0 %, 210 MHz, 405 MHz, 2.31 W, 69, 7925 MiB, 0x0000000000000001
2026/09/25 04:33:49.002, 0 %, 210 MHz, 405 MHz, 2.30 W, 69, 7925 MiB, 0x0000000000000001
2026/09/25 04:33:50.006, 0 %, 210 MHz, 405 MHz, 2.33 W, 69, 7925 MiB, 0x0000000000000001
2026/09/25 04:33:51.011, 0 %, 210 MHz, 405 MHz, 2.34 W, 69, 7925 MiB, 0x0000000000000001
2026/09/25 04:33:52.018, 0 %, 210 MHz, 405 MHz, 2.33 W, 69, 7925 MiB, 0x0000000000000001
2026/09/25 04:33:53.033, 0 %, 210 MHz, 405 MHz, 2.33 W, 69, 7925 MiB, 0x0000000000000001
2026/09/25 04:33:54.036, 0 %, 210 MHz, 405 MHz, 2.34 W, 69, 7925 MiB, 0x0000000000000001
2026/09/25 04:33:55.052, 0 %, 210 MHz, 405 MHz, 2.30 W, 69, 7925 MiB, 0x0000000000000001
2026/09/25 04:33:56.067, 0 %, 210 MHz, 405 MHz, 2.28 W, 69, 7925 MiB, 0x0000000000000001
2026/09/25 04:33:57.068, 0 %, 210 MHz, 405 MHz, 2.33 W, 69, 7925 MiB, 0x0000000000000001
2026/09/25 04:33:58.069, 0 %, 210 MHz, 405 MHz, 2.37 W, 69, 7925 MiB, 0x0000000000000001
2026/09/25 04:33:59.072, 0 %, 210 MHz, 405 MHz, 2.37 W, 69, 7925 MiB, 0x0000000000000001
2026/09/25 04:34:00.075, 0 %, 210 MHz, 405 MHz, 2.35 W, 69, 7925 MiB, 0x0000000000000001
2026/09/25 04:34:01.077, 0 %, 210 MHz, 405 MHz, 2.28 W, 69, 7925 MiB, 0x0000000000000001
2026/09/25 04:34:02.082, 0 %, 210 MHz, 405 MHz, 2.22 W, 68, 7925 MiB, 0x0000000000000001
2026/09/25 04:34:03.084, 0 %, 210 MHz, 405 MHz, 2.24 W, 68, 7925 MiB, 0x0000000000000001
2026/09/25 04:34:04.089, 0 %, 210 MHz, 405 MHz, 2.30 W, 68, 7925 MiB, 0x0000000000000001
2026/09/25 04:34:05.098, 0 %, 210 MHz, 405 MHz, 2.31 W, 68, 7925 MiB, 0x0000000000000001
2026/09/25 04:34:06.102, 0 %, 210 MHz, 405 MHz, 2.19 W, 68, 7925 MiB, 0x0000000000000001
2026/09/25 04:34:07.105, 0 %, 210 MHz, 405 MHz, 2.39 W, 68, 7925 MiB, 0x0000000000000001
2026/09/25 04:34:08.119, 0 %, 210 MHz, 405 MHz, 2.29 W, 68, 7925 MiB, 0x0000000000000001
2026/09/25 04:34:09.133, 0 %, 210 MHz, 405 MHz, 2.41 W, 68, 7925 MiB, 0x0000000000000001
2026/09/25 04:34:10.136, 0 %, 210 MHz, 405 MHz, 2.37 W, 68, 7925 MiB, 0x0000000000000001
2026/09/25 04:34:11.139, 0 %, 210 MHz, 405 MHz, 2.35 W, 68, 7925 MiB, 0x0000000000000001
2026/09/25 04:34:12.144, 0 %, 210 MHz, 405 MHz, 2.34 W, 68, 7925 MiB, 0x0000000000000001
2026/09/25 04:34:13.149, 0 %, 210 MHz, 405 MHz, 2.33 W, 68, 7925 MiB, 0x0000000000000001
2026/09/25 04:34:14.152, 0 %, 210 MHz, 405 MHz, 2.33 W, 68, 7925 MiB, 0x0000000000000001
2026/09/25 04:34:15.159, 0 %, 210 MHz, 405 MHz, 2.38 W, 68, 7925 MiB, 0x0000000000000001
2026/09/25 04:34:16.171, 0 %, 210 MHz, 405 MHz, 2.44 W, 68, 7925 MiB, 0x0000000000000001
2026/09/25 04:34:17.186, 0 %, 210 MHz, 405 MHz, 2.43 W, 68, 7925 MiB, 0x0000000000000001
2026/09/25 04:34:18.191, 0 %, 210 MHz, 405 MHz, 2.40 W, 68, 7925 MiB, 0x0000000000000001
2026/09/25 04:34:19.195, 0 %, 210 MHz, 405 MHz, 2.39 W, 68, 7925 MiB, 0x0000000000000001
2026/09/25 04:34:20.197, 0 %, 210 MHz, 405 MHz, 2.42 W, 67, 7925 MiB, 0x0000000000000001
2026/09/25 04:34:21.202, 0 %, 210 MHz, 405 MHz, 2.45 W, 67, 7925 MiB, 0x0000000000000001
2026/09/25 04:34:22.216, 0 %, 210 MHz, 405 MHz, 2.48 W, 67, 7925 MiB, 0x0000000000000001
2026/09/25 04:34:23.223, 0 %, 210 MHz, 405 MHz, 2.49 W, 67, 7925 MiB, 0x0000000000000001
2026/09/25 04:34:24.228, 0 %, 210 MHz, 405 MHz, 2.48 W, 67, 7925 MiB, 0x0000000000000001
2026/09/25 04:34:25.231, 0 %, 210 MHz, 405 MHz, 2.50 W, 67, 7925 MiB, 0x0000000000000001
2026/09/25 04:34:26.233, 0 %, 210 MHz, 405 MHz, 2.52 W, 67, 7925 MiB, 0x0000000000000001
2026/09/25 04:34:27.241, 0 %, 210 MHz, 405 MHz, 2.52 W, 67, 7925 MiB, 0x0000000000000001
2026/09/25 04:34:28.245, 0 %, 210 MHz, 405 MHz, 2.51 W, 67, 7925 MiB, 0x0000000000000001
2026/09/25 04:34:29.252, 0 %, 210 MHz, 405 MHz, 2.53 W, 67, 7925 MiB, 0x0000000000000001
2026/09/25 04:34:30.256, 0 %, 210 MHz, 405 MHz, 2.58 W, 67, 7925 MiB, 0x0000000000000001
2026/09/25 04:34:31.261, 0 %, 210 MHz, 405 MHz, 2.57 W, 67, 7925 MiB, 0x0000000000000001
2026/09/25 04:34:32.267, 0 %, 210 MHz, 405 MHz, 2.51 W, 67, 7925 MiB, 0x0000000000000001
2026/09/25 04:34:33.270, 0 %, 210 MHz, 405 MHz, 2.49 W, 67, 7925 MiB, 0x0000000000000001
2026/09/25 04:34:34.275, 0 %, 210 MHz, 405 MHz, 2.50 W, 67, 7925 MiB, 0x0000000000000001
2026/09/25 04:34:35.278, 0 %, 210 MHz, 405 MHz, 2.57 W, 67, 7925 MiB, 0x0000000000000001
2026/09/25 04:34:36.284, 0 %, 210 MHz, 405 MHz, 2.59 W, 66, 7925 MiB, 0x0000000000000001
2026/09/25 04:34:37.288, 0 %, 210 MHz, 405 MHz, 2.52 W, 66, 7925 MiB, 0x0000000000000001
2026/09/25 04:34:38.293, 0 %, 210 MHz, 405 MHz, 2.53 W, 66, 7925 MiB, 0x0000000000000001
2026/09/25 04:34:39.295, 0 %, 210 MHz, 405 MHz, 2.62 W, 66, 7925 MiB, 0x0000000000000001
2026/09/25 04:34:40.310, 0 %, 210 MHz, 405 MHz, 2.67 W, 66, 7925 MiB, 0x0000000000000001
2026/09/25 04:34:41.312, 0 %, 210 MHz, 405 MHz, 2.62 W, 66, 7925 MiB, 0x0000000000000001
2026/09/25 04:34:42.327, 0 %, 210 MHz, 405 MHz, 2.56 W, 66, 7925 MiB, 0x0000000000000001
2026/09/25 04:34:43.332, 0 %, 210 MHz, 405 MHz, 2.56 W, 66, 7925 MiB, 0x0000000000000001
2026/09/25 04:34:44.334, 0 %, 210 MHz, 405 MHz, 2.53 W, 66, 7925 MiB, 0x0000000000000001
2026/09/25 04:34:45.340, 0 %, 210 MHz, 405 MHz, 2.51 W, 66, 7925 MiB, 0x0000000000000001
2026/09/25 04:34:46.351, 0 %, 210 MHz, 405 MHz, 2.53 W, 66, 7925 MiB, 0x0000000000000001
2026/09/25 04:34:47.355, 0 %, 210 MHz, 405 MHz, 2.53 W, 66, 7925 MiB, 0x0000000000000001
2026/09/25 04:34:48.358, 0 %, 210 MHz, 405 MHz, 2.55 W, 66, 7925 MiB, 0x0000000000000001
2026/09/25 04:34:49.359, 0 %, 210 MHz, 405 MHz, 2.56 W, 66, 7925 MiB, 0x0000000000000001
2026/09/25 04:34:50.361, 0 %, 210 MHz, 405 MHz, 2.59 W, 66, 7925 MiB, 0x0000000000000001
2026/09/25 04:34:51.367, 0 %, 210 MHz, 405 MHz, 2.57 W, 66, 7925 MiB, 0x0000000000000001
2026/09/25 04:34:52.377, 0 %, 210 MHz, 405 MHz, 2.56 W, 66, 7925 MiB, 0x0000000000000001
2026/09/25 04:34:53.383, 0 %, 210 MHz, 405 MHz, 2.56 W, 66, 7925 MiB, 0x0000000000000001
2026/09/25 04:34:54.388, 0 %, 210 MHz, 405 MHz, 2.53 W, 66, 7925 MiB, 0x0000000000000001
2026/09/25 04:34:55.398, 0 %, 210 MHz, 405 MHz, 2.52 W, 65, 7925 MiB, 0x0000000000000001
2026/09/25 04:34:56.402, 0 %, 210 MHz, 405 MHz, 2.50 W, 65, 7925 MiB, 0x0000000000000001
2026/09/25 04:34:57.407, 0 %, 210 MHz, 405 MHz, 2.49 W, 65, 7925 MiB, 0x0000000000000001
2026/09/25 04:34:58.412, 0 %, 210 MHz, 405 MHz, 2.52 W, 65, 7925 MiB, 0x0000000000000001
2026/09/25 04:34:59.419, 0 %, 210 MHz, 405 MHz, 2.57 W, 65, 7925 MiB, 0x0000000000000001
2026/09/25 04:35:00.423, 0 %, 210 MHz, 405 MHz, 2.56 W, 65, 7925 MiB, 0x0000000000000001
2026/09/25 04:35:01.432, 0 %, 210 MHz, 405 MHz, 2.57 W, 65, 7925 MiB, 0x0000000000000001
2026/09/25 04:35:02.439, 0 %, 210 MHz, 405 MHz, 2.58 W, 65, 7925 MiB, 0x0000000000000001
2026/09/25 04:35:03.446, 0 %, 210 MHz, 405 MHz, 2.57 W, 65, 7925 MiB, 0x0000000000000001
2026/09/25 04:35:04.451, 0 %, 210 MHz, 405 MHz, 2.63 W, 65, 7925 MiB, 0x0000000000000001
2026/09/25 04:35:05.454, 0 %, 210 MHz, 405 MHz, 2.63 W, 65, 7925 MiB, 0x0000000000000001
2026/09/25 04:35:06.461, 0 %, 210 MHz, 405 MHz, 2.60 W, 65, 7925 MiB, 0x0000000000000001
2026/09/25 04:35:07.476, 0 %, 210 MHz, 405 MHz, 2.66 W, 65, 7925 MiB, 0x0000000000000001
2026/09/25 04:35:08.490, 0 %, 210 MHz, 405 MHz, 2.69 W, 65, 7925 MiB, 0x0000000000000001
2026/09/25 04:35:09.495, 0 %, 210 MHz, 405 MHz, 2.66 W, 65, 7925 MiB, 0x0000000000000001
2026/09/25 04:35:10.500, 0 %, 210 MHz, 405 MHz, 2.64 W, 65, 7925 MiB, 0x0000000000000001
2026/09/25 04:35:11.505, 0 %, 210 MHz, 405 MHz, 2.65 W, 65, 7925 MiB, 0x0000000000000001
2026/09/25 04:35:12.509, 0 %, 210 MHz, 405 MHz, 2.65 W, 65, 7925 MiB, 0x0000000000000001
2026/09/25 04:35:13.515, 0 %, 210 MHz, 405 MHz, 2.67 W, 65, 7925 MiB, 0x0000000000000001
2026/09/25 04:35:14.520, 0 %, 210 MHz, 405 MHz, 2.66 W, 65, 7925 MiB, 0x0000000000000001
2026/09/25 04:35:15.524, 0 %, 210 MHz, 405 MHz, 2.70 W, 65, 7925 MiB, 0x0000000000000001
2026/09/25 04:35:16.525, 0 %, 210 MHz, 405 MHz, 2.73 W, 65, 7925 MiB, 0x0000000000000001
2026/09/25 04:35:17.528, 0 %, 210 MHz, 405 MHz, 2.70 W, 65, 7925 MiB, 0x0000000000000001
2026/09/25 04:35:18.534, 0 %, 210 MHz, 405 MHz, 2.69 W, 64, 7925 MiB, 0x0000000000000001
2026/09/25 04:35:19.537, 0 %, 210 MHz, 405 MHz, 2.68 W, 64, 7925 MiB, 0x0000000000000001
2026/09/25 04:35:20.542, 0 %, 210 MHz, 405 MHz, 2.70 W, 64, 7925 MiB, 0x0000000000000001
2026/09/25 04:35:21.550, 0 %, 210 MHz, 405 MHz, 2.73 W, 64, 7925 MiB, 0x0000000000000001
2026/09/25 04:35:22.553, 0 %, 210 MHz, 405 MHz, 2.68 W, 64, 7925 MiB, 0x0000000000000001
2026/09/25 04:35:23.560, 0 %, 210 MHz, 405 MHz, 2.64 W, 64, 7925 MiB, 0x0000000000000001
2026/09/25 04:35:24.562, 0 %, 210 MHz, 405 MHz, 2.65 W, 64, 7925 MiB, 0x0000000000000001
2026/09/25 04:35:25.563, 0 %, 210 MHz, 405 MHz, 2.68 W, 64, 7925 MiB, 0x0000000000000001
2026/09/25 04:35:26.565, 0 %, 210 MHz, 405 MHz, 2.70 W, 64, 7925 MiB, 0x0000000000000001
2026/09/25 04:35:27.580, 0 %, 210 MHz, 405 MHz, 2.69 W, 64, 7925 MiB, 0x0000000000000001
2026/09/25 04:35:28.586, 0 %, 210 MHz, 405 MHz, 2.69 W, 64, 7925 MiB, 0x0000000000000001
2026/09/25 04:35:29.601, 0 %, 210 MHz, 405 MHz, 2.73 W, 64, 7925 MiB, 0x0000000000000001
2026/09/25 04:35:30.606, 0 %, 210 MHz, 405 MHz, 2.79 W, 64, 7925 MiB, 0x0000000000000001
2026/09/25 04:35:31.610, 0 %, 210 MHz, 405 MHz, 2.82 W, 64, 7925 MiB, 0x0000000000000001
2026/09/25 04:35:32.614, 0 %, 210 MHz, 405 MHz, 2.79 W, 64, 7925 MiB, 0x0000000000000001
2026/09/25 04:35:33.627, 0 %, 210 MHz, 405 MHz, 2.69 W, 64, 7925 MiB, 0x0000000000000001
2026/09/25 04:35:34.632, 0 %, 210 MHz, 405 MHz, 2.65 W, 64, 7925 MiB, 0x0000000000000001
2026/09/25 04:35:35.634, 0 %, 210 MHz, 405 MHz, 2.70 W, 64, 7925 MiB, 0x0000000000000001
2026/09/25 04:35:36.635, 0 %, 210 MHz, 405 MHz, 2.67 W, 64, 7925 MiB, 0x0000000000000001
2026/09/25 04:35:37.641, 0 %, 210 MHz, 405 MHz, 2.61 W, 64, 7925 MiB, 0x0000000000000001
2026/09/25 04:35:38.645, 0 %, 210 MHz, 405 MHz, 2.64 W, 64, 7925 MiB, 0x0000000000000001
2026/09/25 04:35:39.647, 0 %, 210 MHz, 405 MHz, 2.69 W, 64, 7925 MiB, 0x0000000000000001
2026/09/25 04:35:40.650, 0 %, 210 MHz, 405 MHz, 2.71 W, 64, 7925 MiB, 0x0000000000000001
2026/09/25 04:35:41.657, 0 %, 210 MHz, 405 MHz, 2.75 W, 64, 7925 MiB, 0x0000000000000001
2026/09/25 04:35:42.662, 0 %, 210 MHz, 405 MHz, 2.71 W, 64, 7925 MiB, 0x0000000000000001
2026/09/25 04:35:43.670, 0 %, 210 MHz, 405 MHz, 2.68 W, 64, 7925 MiB, 0x0000000000000001
2026/09/25 04:35:44.676, 0 %, 210 MHz, 405 MHz, 2.69 W, 64, 7925 MiB, 0x0000000000000001
2026/09/25 04:35:45.681, 0 %, 210 MHz, 405 MHz, 2.71 W, 63, 7925 MiB, 0x0000000000000001
2026/09/25 04:35:46.687, 0 %, 210 MHz, 405 MHz, 2.75 W, 63, 7925 MiB, 0x0000000000000001
2026/09/25 04:35:47.690, 0 %, 210 MHz, 405 MHz, 2.73 W, 63, 7925 MiB, 0x0000000000000001
2026/09/25 04:35:48.696, 0 %, 210 MHz, 405 MHz, 2.72 W, 63, 7925 MiB, 0x0000000000000001
2026/09/25 04:35:49.702, 0 %, 210 MHz, 405 MHz, 2.69 W, 63, 7925 MiB, 0x0000000000000001
2026/09/25 04:35:50.707, 0 %, 210 MHz, 405 MHz, 2.64 W, 63, 7925 MiB, 0x0000000000000001
2026/09/25 04:35:51.711, 0 %, 210 MHz, 405 MHz, 2.64 W, 63, 7925 MiB, 0x0000000000000001
2026/09/25 04:35:52.715, 0 %, 210 MHz, 405 MHz, 2.67 W, 63, 7925 MiB, 0x0000000000000001
2026/09/25 04:35:53.718, 0 %, 210 MHz, 405 MHz, 2.71 W, 63, 7925 MiB, 0x0000000000000001
2026/09/25 04:35:54.727, 0 %, 210 MHz, 405 MHz, 2.68 W, 63, 7925 MiB, 0x0000000000000001
2026/09/25 04:35:55.735, 0 %, 210 MHz, 405 MHz, 2.64 W, 63, 7925 MiB, 0x0000000000000001
2026/09/25 04:35:56.737, 0 %, 210 MHz, 405 MHz, 2.66 W, 63, 7925 MiB, 0x0000000000000001
2026/09/25 04:35:57.738, 0 %, 210 MHz, 405 MHz, 4.53 W, 63, 7925 MiB, 0x0000000000000001
2026/09/25 04:35:58.740, 0 %, 210 MHz, 405 MHz, 2.64 W, 63, 7925 MiB, 0x0000000000000001
2026/09/25 04:35:59.742, 0 %, 210 MHz, 405 MHz, 2.60 W, 63, 7925 MiB, 0x0000000000000001
2026/09/25 04:36:00.747, 0 %, 210 MHz, 405 MHz, 2.68 W, 63, 7925 MiB, 0x0000000000000001
2026/09/25 04:36:01.750, 0 %, 210 MHz, 405 MHz, 2.68 W, 63, 7925 MiB, 0x0000000000000001
2026/09/25 04:36:02.752, 0 %, 210 MHz, 405 MHz, 2.65 W, 63, 7925 MiB, 0x0000000000000001
2026/09/25 04:36:03.757, 0 %, 210 MHz, 405 MHz, 2.61 W, 63, 7925 MiB, 0x0000000000000001
2026/09/25 04:36:04.768, 0 %, 210 MHz, 405 MHz, 2.61 W, 63, 7925 MiB, 0x0000000000000001
2026/09/25 04:36:05.783, 0 %, 210 MHz, 405 MHz, 2.66 W, 63, 7925 MiB, 0x0000000000000001
2026/09/25 04:36:06.795, 0 %, 210 MHz, 405 MHz, 2.73 W, 63, 7925 MiB, 0x0000000000000001
2026/09/25 04:36:07.795, 0 %, 210 MHz, 405 MHz, 2.73 W, 63, 7925 MiB, 0x0000000000000001
2026/09/25 04:36:08.801, 0 %, 210 MHz, 405 MHz, 2.70 W, 63, 7925 MiB, 0x0000000000000001
2026/09/25 04:36:09.809, 0 %, 210 MHz, 405 MHz, 2.65 W, 63, 7925 MiB, 0x0000000000000001
2026/09/25 04:36:10.813, 0 %, 210 MHz, 405 MHz, 2.60 W, 63, 7925 MiB, 0x0000000000000001
2026/09/25 04:36:11.814, 0 %, 210 MHz, 405 MHz, 2.60 W, 63, 7925 MiB, 0x0000000000000001
2026/09/25 04:36:12.815, 0 %, 210 MHz, 405 MHz, 2.59 W, 63, 7925 MiB, 0x0000000000000001
2026/09/25 04:36:13.825, 0 %, 210 MHz, 405 MHz, 2.57 W, 63, 7925 MiB, 0x0000000000000001
2026/09/25 04:36:14.826, 0 %, 210 MHz, 405 MHz, 2.58 W, 63, 7925 MiB, 0x0000000000000001
2026/09/25 04:36:15.840, 0 %, 210 MHz, 405 MHz, 2.59 W, 63, 7925 MiB, 0x0000000000000001
2026/09/25 04:36:16.855, 0 %, 210 MHz, 405 MHz, 2.61 W, 62, 7925 MiB, 0x0000000000000001
2026/09/25 04:36:17.858, 0 %, 210 MHz, 405 MHz, 2.58 W, 62, 7925 MiB, 0x0000000000000001
2026/09/25 04:36:18.862, 0 %, 210 MHz, 405 MHz, 2.60 W, 62, 7925 MiB, 0x0000000000000001
2026/09/25 04:36:19.865, 0 %, 210 MHz, 405 MHz, 2.50 W, 62, 7925 MiB, 0x0000000000000001
2026/09/25 04:36:20.869, 0 %, 210 MHz, 405 MHz, 2.42 W, 62, 7925 MiB, 0x0000000000000001
2026/09/25 04:36:21.884, 0 %, 210 MHz, 405 MHz, 2.53 W, 62, 7925 MiB, 0x0000000000000001
2026/09/25 04:36:22.885, 0 %, 210 MHz, 405 MHz, 2.56 W, 62, 7925 MiB, 0x0000000000000001
2026/09/25 04:36:23.896, 0 %, 210 MHz, 405 MHz, 2.63 W, 62, 7925 MiB, 0x0000000000000001
2026/09/25 04:36:24.910, 0 %, 210 MHz, 405 MHz, 2.59 W, 62, 7925 MiB, 0x0000000000000001
2026/09/25 04:36:25.913, 0 %, 210 MHz, 405 MHz, 2.59 W, 62, 7925 MiB, 0x0000000000000001
2026/09/25 04:36:26.920, 0 %, 210 MHz, 405 MHz, 2.73 W, 62, 7925 MiB, 0x0000000000000001
2026/09/25 04:36:27.935, 0 %, 210 MHz, 405 MHz, 2.56 W, 62, 7925 MiB, 0x0000000000000001
2026/09/25 04:36:28.949, 0 %, 210 MHz, 405 MHz, 2.59 W, 62, 7925 MiB, 0x0000000000000001
2026/09/25 04:36:29.953, 0 %, 210 MHz, 405 MHz, 2.65 W, 62, 7925 MiB, 0x0000000000000001
2026/09/25 04:36:30.967, 0 %, 210 MHz, 405 MHz, 2.72 W, 62, 7925 MiB, 0x0000000000000001
2026/09/25 04:36:31.997, 0 %, 210 MHz, 405 MHz, 2.78 W, 62, 7925 MiB, 0x0000000000000001
2026/09/25 04:36:32.999, 0 %, 210 MHz, 405 MHz, 2.74 W, 62, 7925 MiB, 0x0000000000000001
2026/09/25 04:36:34.003, 0 %, 210 MHz, 405 MHz, 2.68 W, 62, 7925 MiB, 0x0000000000000001
2026/09/25 04:36:35.005, 0 %, 210 MHz, 405 MHz, 2.66 W, 62, 7925 MiB, 0x0000000000000001
2026/09/25 04:36:36.020, 0 %, 210 MHz, 405 MHz, 2.65 W, 62, 7925 MiB, 0x0000000000000001
2026/09/25 04:36:37.026, 0 %, 210 MHz, 405 MHz, 2.74 W, 62, 7925 MiB, 0x0000000000000001
2026/09/25 04:36:38.027, 0 %, 210 MHz, 405 MHz, 2.71 W, 62, 7925 MiB, 0x0000000000000001
2026/09/25 04:36:39.028, 0 %, 210 MHz, 405 MHz, 2.72 W, 62, 7925 MiB, 0x0000000000000001
2026/09/25 04:36:40.029, 0 %, 210 MHz, 405 MHz, 2.72 W, 62, 7925 MiB, 0x0000000000000001
2026/09/25 04:36:41.043, 0 %, 210 MHz, 405 MHz, 2.68 W, 62, 7925 MiB, 0x0000000000000001
2026/09/25 04:36:42.045, 0 %, 210 MHz, 405 MHz, 2.66 W, 62, 7925 MiB, 0x0000000000000001
2026/09/25 04:36:43.048, 0 %, 210 MHz, 405 MHz, 2.68 W, 62, 7925 MiB, 0x0000000000000001
2026/09/25 04:36:44.062, 0 %, 210 MHz, 405 MHz, 2.66 W, 62, 7925 MiB, 0x0000000000000001
2026/09/25 04:36:45.067, 0 %, 210 MHz, 405 MHz, 2.66 W, 62, 7925 MiB, 0x0000000000000001
2026/09/25 04:36:46.068, 0 %, 210 MHz, 405 MHz, 2.67 W, 62, 7925 MiB, 0x0000000000000001
2026/09/25 04:36:47.069, 0 %, 210 MHz, 405 MHz, 2.70 W, 62, 7925 MiB, 0x0000000000000001
2026/09/25 04:36:48.081, 0 %, 210 MHz, 405 MHz, 2.72 W, 62, 7925 MiB, 0x0000000000000001
2026/09/25 04:36:49.096, 0 %, 210 MHz, 405 MHz, 2.70 W, 62, 7925 MiB, 0x0000000000000001
2026/09/25 04:36:50.102, 0 %, 210 MHz, 405 MHz, 2.68 W, 62, 7925 MiB, 0x0000000000000001
2026/09/25 04:36:51.117, 0 %, 210 MHz, 405 MHz, 2.72 W, 62, 7925 MiB, 0x0000000000000001
2026/09/25 04:36:52.118, 0 %, 210 MHz, 405 MHz, 2.76 W, 62, 7925 MiB, 0x0000000000000001
2026/09/25 04:36:53.123, 0 %, 210 MHz, 405 MHz, 2.75 W, 62, 7925 MiB, 0x0000000000000001
2026/09/25 04:36:54.125, 0 %, 210 MHz, 405 MHz, 2.75 W, 62, 7925 MiB, 0x0000000000000001
2026/09/25 04:36:55.126, 0 %, 210 MHz, 405 MHz, 2.73 W, 62, 7925 MiB, 0x0000000000000001
2026/09/25 04:36:56.129, 0 %, 210 MHz, 405 MHz, 2.69 W, 62, 7925 MiB, 0x0000000000000001
2026/09/25 04:36:57.144, 0 %, 210 MHz, 405 MHz, 2.70 W, 62, 7925 MiB, 0x0000000000000001
2026/09/25 04:36:58.160, 0 %, 210 MHz, 405 MHz, 2.78 W, 62, 7925 MiB, 0x0000000000000001
2026/09/25 04:36:59.164, 0 %, 210 MHz, 405 MHz, 2.76 W, 62, 7925 MiB, 0x0000000000000001
2026/09/25 04:37:00.171, 0 %, 210 MHz, 405 MHz, 2.79 W, 62, 7925 MiB, 0x0000000000000001
2026/09/25 04:37:01.175, 0 %, 210 MHz, 405 MHz, 2.76 W, 62, 7925 MiB, 0x0000000000000001
2026/09/25 04:37:02.178, 0 %, 210 MHz, 405 MHz, 2.65 W, 62, 7925 MiB, 0x0000000000000001
2026/09/25 04:37:03.183, 0 %, 210 MHz, 405 MHz, 2.64 W, 61, 7925 MiB, 0x0000000000000001
2026/09/25 04:37:04.190, 0 %, 210 MHz, 405 MHz, 2.72 W, 61, 7925 MiB, 0x0000000000000001
2026/09/25 04:37:05.195, 0 %, 210 MHz, 405 MHz, 2.74 W, 61, 7925 MiB, 0x0000000000000001
2026/09/25 04:37:06.198, 0 %, 210 MHz, 405 MHz, 2.70 W, 61, 7925 MiB, 0x0000000000000001
2026/09/25 04:37:07.208, 0 %, 210 MHz, 405 MHz, 2.70 W, 61, 7925 MiB, 0x0000000000000001
2026/09/25 04:37:08.210, 0 %, 210 MHz, 405 MHz, 2.71 W, 61, 7925 MiB, 0x0000000000000001
2026/09/25 04:37:09.215, 0 %, 210 MHz, 405 MHz, 2.74 W, 61, 7925 MiB, 0x0000000000000001
2026/09/25 04:37:10.228, 0 %, 210 MHz, 405 MHz, 2.74 W, 61, 7925 MiB, 0x0000000000000001
2026/09/25 04:37:11.230, 0 %, 210 MHz, 405 MHz, 2.72 W, 61, 7925 MiB, 0x0000000000000001
2026/09/25 04:37:12.239, 0 %, 210 MHz, 405 MHz, 2.71 W, 61, 7925 MiB, 0x0000000000000001
2026/09/25 04:37:13.241, 0 %, 210 MHz, 405 MHz, 2.69 W, 61, 7925 MiB, 0x0000000000000001
2026/09/25 04:37:14.244, 0 %, 210 MHz, 405 MHz, 2.67 W, 61, 7925 MiB, 0x0000000000000001
2026/09/25 04:37:15.246, 0 %, 210 MHz, 405 MHz, 2.66 W, 61, 7925 MiB, 0x0000000000000001
2026/09/25 04:37:16.253, 0 %, 210 MHz, 405 MHz, 2.64 W, 61, 7925 MiB, 0x0000000000000001
2026/09/25 04:37:17.255, 0 %, 210 MHz, 405 MHz, 2.67 W, 61, 7925 MiB, 0x0000000000000001
2026/09/25 04:37:18.270, 0 %, 210 MHz, 405 MHz, 2.77 W, 61, 7925 MiB, 0x0000000000000001
2026/09/25 04:37:19.273, 0 %, 210 MHz, 405 MHz, 2.81 W, 61, 7925 MiB, 0x0000000000000001
2026/09/25 04:37:20.280, 0 %, 210 MHz, 405 MHz, 2.79 W, 61, 7925 MiB, 0x0000000000000001
2026/09/25 04:37:21.285, 0 %, 210 MHz, 405 MHz, 2.80 W, 61, 7925 MiB, 0x0000000000000001
2026/09/25 04:37:22.288, 0 %, 210 MHz, 405 MHz, 2.77 W, 61, 7925 MiB, 0x0000000000000001
2026/09/25 04:37:23.302, 0 %, 210 MHz, 405 MHz, 2.73 W, 61, 7925 MiB, 0x0000000000000001
2026/09/25 04:37:24.303, 0 %, 210 MHz, 405 MHz, 2.77 W, 61, 7925 MiB, 0x0000000000000001
2026/09/25 04:37:25.308, 0 %, 210 MHz, 405 MHz, 2.83 W, 61, 7925 MiB, 0x0000000000000001
2026/09/25 04:37:26.312, 0 %, 210 MHz, 405 MHz, 2.83 W, 61, 7925 MiB, 0x0000000000000001
2026/09/25 04:37:27.318, 0 %, 210 MHz, 405 MHz, 2.81 W, 61, 7925 MiB, 0x0000000000000001
2026/09/25 04:37:28.325, 0 %, 210 MHz, 405 MHz, 2.83 W, 61, 7925 MiB, 0x0000000000000001
2026/09/25 04:37:29.328, 0 %, 210 MHz, 405 MHz, 2.86 W, 61, 7925 MiB, 0x0000000000000001
2026/09/25 04:37:30.333, 0 %, 210 MHz, 405 MHz, 2.85 W, 61, 7925 MiB, 0x0000000000000001
2026/09/25 04:37:31.335, 0 %, 210 MHz, 405 MHz, 2.83 W, 61, 7925 MiB, 0x0000000000000001
2026/09/25 04:37:32.349, 0 %, 210 MHz, 405 MHz, 2.78 W, 61, 7925 MiB, 0x0000000000000001
2026/09/25 04:37:33.352, 0 %, 210 MHz, 405 MHz, 2.78 W, 61, 7925 MiB, 0x0000000000000001
2026/09/25 04:37:34.368, 0 %, 210 MHz, 405 MHz, 2.84 W, 61, 7925 MiB, 0x0000000000000001
2026/09/25 04:37:35.384, 0 %, 210 MHz, 405 MHz, 2.84 W, 61, 7925 MiB, 0x0000000000000001
2026/09/25 04:37:36.391, 0 %, 210 MHz, 405 MHz, 2.76 W, 61, 7925 MiB, 0x0000000000000001
2026/09/25 04:37:37.395, 93 %, 2565 MHz, 8001 MHz, 28.19 W, 63, 7925 MiB, 0x0000000000000000
2026/09/25 04:37:38.399, 100 %, 2565 MHz, 8001 MHz, 39.29 W, 65, 7925 MiB, 0x0000000000000000
2026/09/25 04:37:39.399, 100 %, 2565 MHz, 8001 MHz, 40.24 W, 66, 7925 MiB, 0x0000000000000000
2026/09/25 04:37:40.415, 100 %, 2565 MHz, 8001 MHz, 40.09 W, 66, 7925 MiB, 0x0000000000000000
2026/09/25 04:37:41.418, 100 %, 2565 MHz, 8001 MHz, 39.46 W, 66, 7925 MiB, 0x0000000000000000
2026/09/25 04:37:42.423, 100 %, 2565 MHz, 8001 MHz, 40.58 W, 66, 7925 MiB, 0x0000000000000000
2026/09/25 04:37:43.432, 100 %, 2565 MHz, 8001 MHz, 40.26 W, 66, 7925 MiB, 0x0000000000000000
2026/09/25 04:37:44.439, 100 %, 2565 MHz, 8001 MHz, 42.17 W, 67, 7925 MiB, 0x0000000000000000
2026/09/25 04:37:45.448, 100 %, 2565 MHz, 8001 MHz, 39.57 W, 67, 7925 MiB, 0x0000000000000000
2026/09/25 04:37:46.452, 100 %, 2565 MHz, 8001 MHz, 39.38 W, 66, 7925 MiB, 0x0000000000000000
2026/09/25 04:37:47.456, 100 %, 2565 MHz, 8001 MHz, 40.17 W, 66, 7925 MiB, 0x0000000000000000
2026/09/25 04:37:48.462, 100 %, 2565 MHz, 8001 MHz, 42.46 W, 68, 7925 MiB, 0x0000000000000000
2026/09/25 04:37:49.466, 100 %, 2565 MHz, 8001 MHz, 43.22 W, 68, 7925 MiB, 0x0000000000000000
2026/09/25 04:37:50.475, 100 %, 2565 MHz, 8001 MHz, 37.74 W, 67, 7925 MiB, 0x0000000000000000
2026/09/25 04:37:51.477, 100 %, 2565 MHz, 8001 MHz, 33.54 W, 67, 7925 MiB, 0x0000000000000000
2026/09/25 04:37:52.481, 100 %, 2565 MHz, 8001 MHz, 42.96 W, 68, 7925 MiB, 0x0000000000000000
2026/09/25 04:37:53.486, 100 %, 2565 MHz, 8001 MHz, 47.00 W, 69, 7925 MiB, 0x0000000000000000
2026/09/25 04:37:54.502, 100 %, 2565 MHz, 8001 MHz, 39.12 W, 69, 7925 MiB, 0x0000000000000000
2026/09/25 04:37:55.506, 100 %, 2565 MHz, 8001 MHz, 40.01 W, 68, 7925 MiB, 0x0000000000000000
2026/09/25 04:37:56.508, 100 %, 2565 MHz, 8001 MHz, 40.00 W, 69, 7925 MiB, 0x0000000000000000
2026/09/25 04:37:57.512, 100 %, 2565 MHz, 8001 MHz, 36.61 W, 69, 7925 MiB, 0x0000000000000000
2026/09/25 04:37:58.515, 100 %, 2565 MHz, 8001 MHz, 42.07 W, 68, 7925 MiB, 0x0000000000000000
2026/09/25 04:37:59.518, 100 %, 2565 MHz, 8001 MHz, 42.46 W, 70, 7925 MiB, 0x0000000000000000
2026/09/25 04:38:00.534, 100 %, 2565 MHz, 8001 MHz, 32.52 W, 69, 7925 MiB, 0x0000000000000000
2026/09/25 04:38:01.538, 100 %, 2565 MHz, 8001 MHz, 47.00 W, 70, 7925 MiB, 0x0000000000000000
2026/09/25 04:38:02.544, 100 %, 2565 MHz, 8001 MHz, 36.46 W, 69, 7925 MiB, 0x0000000000000000
2026/09/25 04:38:03.548, 100 %, 2565 MHz, 8001 MHz, 45.15 W, 69, 7925 MiB, 0x0000000000000000
2026/09/25 04:38:04.554, 100 %, 2565 MHz, 8001 MHz, 41.45 W, 71, 7925 MiB, 0x0000000000000000
2026/09/25 04:38:05.568, 100 %, 2565 MHz, 8001 MHz, 32.79 W, 69, 7925 MiB, 0x0000000000000000
2026/09/25 04:38:06.571, 100 %, 2565 MHz, 8001 MHz, 42.69 W, 71, 7925 MiB, 0x0000000000000000
2026/09/25 04:38:07.574, 100 %, 2565 MHz, 8001 MHz, 41.21 W, 69, 7925 MiB, 0x0000000000000000
2026/09/25 04:38:08.580, 100 %, 2565 MHz, 8001 MHz, 48.47 W, 71, 7925 MiB, 0x0000000000000000
2026/09/25 04:38:09.586, 100 %, 2550 MHz, 8001 MHz, 40.79 W, 70, 7925 MiB, 0x0000000000000000
2026/09/25 04:38:10.590, 100 %, 2550 MHz, 8001 MHz, 47.90 W, 72, 7925 MiB, 0x0000000000000000
2026/09/25 04:38:11.596, 100 %, 2550 MHz, 8001 MHz, 39.01 W, 70, 7925 MiB, 0x0000000000000000
2026/09/25 04:38:12.601, 100 %, 2550 MHz, 8001 MHz, 39.75 W, 72, 7925 MiB, 0x0000000000000000
2026/09/25 04:38:13.611, 100 %, 2550 MHz, 8001 MHz, 41.44 W, 70, 7925 MiB, 0x0000000000000000
2026/09/25 04:38:14.614, 100 %, 2550 MHz, 8001 MHz, 45.97 W, 72, 7925 MiB, 0x0000000000000000
2026/09/25 04:38:15.617, 100 %, 2550 MHz, 8001 MHz, 41.94 W, 70, 7925 MiB, 0x0000000000000000
2026/09/25 04:38:16.619, 100 %, 2550 MHz, 8001 MHz, 38.49 W, 73, 7925 MiB, 0x0000000000000000
2026/09/25 04:38:17.622, 100 %, 2550 MHz, 8001 MHz, 43.95 W, 71, 7925 MiB, 0x0000000000000000
2026/09/25 04:38:18.635, 100 %, 2550 MHz, 8001 MHz, 40.07 W, 73, 7925 MiB, 0x0000000000000000
2026/09/25 04:38:19.636, 100 %, 2550 MHz, 8001 MHz, 44.86 W, 72, 7925 MiB, 0x0000000000000000
2026/09/25 04:38:20.650, 100 %, 2550 MHz, 8001 MHz, 33.06 W, 71, 7925 MiB, 0x0000000000000000
2026/09/25 04:38:21.665, 100 %, 2550 MHz, 8001 MHz, 49.06 W, 73, 7925 MiB, 0x0000000000000000
2026/09/25 04:38:22.666, 100 %, 2550 MHz, 8001 MHz, 34.33 W, 71, 7925 MiB, 0x0000000000000000
2026/09/25 04:38:23.682, 100 %, 2550 MHz, 8001 MHz, 50.61 W, 73, 7925 MiB, 0x0000000000000000
2026/09/25 04:38:24.697, 100 %, 2550 MHz, 8001 MHz, 33.28 W, 71, 7925 MiB, 0x0000000000000000
2026/09/25 04:38:25.700, 100 %, 2550 MHz, 8001 MHz, 41.36 W, 74, 7925 MiB, 0x0000000000000000
2026/09/25 04:38:26.714, 100 %, 2550 MHz, 8001 MHz, 44.39 W, 72, 7925 MiB, 0x0000000000000000
2026/09/25 04:38:27.716, 100 %, 2550 MHz, 8001 MHz, 33.69 W, 72, 7925 MiB, 0x0000000000000000
2026/09/25 04:38:28.732, 100 %, 2550 MHz, 8001 MHz, 52.33 W, 74, 7925 MiB, 0x0000000000000000
2026/09/25 04:38:29.747, 100 %, 2550 MHz, 8001 MHz, 33.55 W, 72, 7925 MiB, 0x0000000000000000
2026/09/25 04:38:30.753, 100 %, 2550 MHz, 8001 MHz, 52.19 W, 74, 7925 MiB, 0x0000000000000000
2026/09/25 04:38:31.760, 100 %, 2550 MHz, 8001 MHz, 43.66 W, 72, 7925 MiB, 0x0000000000000000
2026/09/25 04:38:32.762, 100 %, 2550 MHz, 8001 MHz, 35.63 W, 74, 7925 MiB, 0x0000000000000000
2026/09/25 04:38:33.764, 100 %, 2550 MHz, 8001 MHz, 51.36 W, 75, 7925 MiB, 0x0000000000000000
2026/09/25 04:38:34.780, 100 %, 2550 MHz, 8001 MHz, 34.75 W, 73, 7925 MiB, 0x0000000000000000
2026/09/25 04:38:35.788, 100 %, 2550 MHz, 8001 MHz, 46.77 W, 75, 7925 MiB, 0x0000000000000000
2026/09/25 04:38:36.790, 100 %, 2550 MHz, 8001 MHz, 44.33 W, 73, 7925 MiB, 0x0000000000000000
2026/09/25 04:38:37.793, 99 %, 2550 MHz, 8001 MHz, 34.54 W, 73, 7925 MiB, 0x0000000000000000
2026/09/25 04:38:38.797, 100 %, 2550 MHz, 8001 MHz, 52.43 W, 75, 7925 MiB, 0x0000000000000000
2026/09/25 04:38:39.801, 100 %, 2550 MHz, 8001 MHz, 33.28 W, 73, 7925 MiB, 0x0000000000000000
2026/09/25 04:38:40.802, 100 %, 2550 MHz, 8001 MHz, 53.54 W, 75, 7925 MiB, 0x0000000000000000
2026/09/25 04:38:41.805, 100 %, 2550 MHz, 8001 MHz, 46.63 W, 74, 7925 MiB, 0x0000000000000000
2026/09/25 04:38:42.808, 100 %, 2550 MHz, 8001 MHz, 33.01 W, 73, 7925 MiB, 0x0000000000000000
2026/09/25 04:38:43.809, 100 %, 2550 MHz, 8001 MHz, 53.56 W, 76, 7925 MiB, 0x0000000000000000
2026/09/25 04:38:44.815, 100 %, 2550 MHz, 8001 MHz, 42.35 W, 74, 7925 MiB, 0x0000000000000000
2026/09/25 04:38:45.817, 100 %, 2550 MHz, 8001 MHz, 34.75 W, 74, 7925 MiB, 0x0000000000000000
2026/09/25 04:38:46.821, 100 %, 2550 MHz, 8001 MHz, 53.14 W, 76, 7925 MiB, 0x0000000000000000
2026/09/25 04:38:47.827, 100 %, 2550 MHz, 8001 MHz, 38.48 W, 74, 7925 MiB, 0x0000000000000000
2026/09/25 04:38:48.830, 100 %, 2550 MHz, 8001 MHz, 38.14 W, 76, 7925 MiB, 0x0000000000000000
2026/09/25 04:38:49.832, 100 %, 2550 MHz, 8001 MHz, 46.23 W, 77, 7925 MiB, 0x0000000000000000
2026/09/25 04:38:50.846, 100 %, 2550 MHz, 8001 MHz, 33.50 W, 74, 7925 MiB, 0x0000000000000000
2026/09/25 04:38:51.850, 100 %, 2550 MHz, 8001 MHz, 51.57 W, 77, 7925 MiB, 0x0000000000000000
2026/09/25 04:38:52.854, 100 %, 2550 MHz, 8001 MHz, 50.92 W, 75, 7925 MiB, 0x0000000000000000
2026/09/25 04:38:53.859, 100 %, 2550 MHz, 8001 MHz, 33.65 W, 74, 7925 MiB, 0x0000000000000000
2026/09/25 04:38:54.863, 100 %, 2550 MHz, 8001 MHz, 54.95 W, 77, 7925 MiB, 0x0000000000000000
2026/09/25 04:38:55.879, 100 %, 2550 MHz, 8001 MHz, 32.82 W, 75, 7925 MiB, 0x0000000000000000
2026/09/25 04:38:56.893, 100 %, 2550 MHz, 8001 MHz, 33.52 W, 75, 7925 MiB, 0x0000000000000000
2026/09/25 04:38:57.895, 100 %, 2550 MHz, 8001 MHz, 54.74 W, 77, 7925 MiB, 0x0000000000000000
2026/09/25 04:38:58.901, 100 %, 2550 MHz, 8001 MHz, 47.91 W, 75, 7925 MiB, 0x0000000000000000
2026/09/25 04:38:59.909, 100 %, 2550 MHz, 8001 MHz, 33.83 W, 75, 7925 MiB, 0x0000000000000000
2026/09/25 04:39:00.911, 100 %, 2550 MHz, 8001 MHz, 54.66 W, 78, 7925 MiB, 0x0000000000000000
2026/09/25 04:39:01.917, 100 %, 2550 MHz, 8001 MHz, 43.86 W, 75, 7925 MiB, 0x0000000000000000
2026/09/25 04:39:02.918, 100 %, 2550 MHz, 8001 MHz, 33.10 W, 76, 7925 MiB, 0x0000000000000000
2026/09/25 04:39:03.924, 100 %, 2550 MHz, 8001 MHz, 46.27 W, 78, 7925 MiB, 0x0000000000000000
2026/09/25 04:39:04.927, 100 %, 2550 MHz, 8001 MHz, 48.76 W, 76, 7925 MiB, 0x0000000000000000
2026/09/25 04:39:05.942, 100 %, 2550 MHz, 8001 MHz, 37.33 W, 76, 7925 MiB, 0x0000000000000000
2026/09/25 04:39:06.948, 100 %, 2550 MHz, 8001 MHz, 43.94 W, 78, 7925 MiB, 0x0000000000000000
2026/09/25 04:39:07.963, 100 %, 2550 MHz, 8001 MHz, 50.69 W, 77, 7925 MiB, 0x0000000000000000
2026/09/25 04:39:08.965, 100 %, 2550 MHz, 8001 MHz, 33.86 W, 76, 7925 MiB, 0x0000000000000000
2026/09/25 04:39:09.981, 100 %, 2550 MHz, 8001 MHz, 40.04 W, 78, 7925 MiB, 0x0000000000000000
2026/09/25 04:39:10.996, 100 %, 2550 MHz, 8001 MHz, 55.75 W, 79, 7925 MiB, 0x0000000000000000
2026/09/25 04:39:12.011, 100 %, 2550 MHz, 8001 MHz, 34.09 W, 76, 7925 MiB, 0x0000000000000000
2026/09/25 04:39:13.012, 100 %, 2550 MHz, 8001 MHz, 55.77 W, 79, 7925 MiB, 0x0000000000000000
2026/09/25 04:39:14.016, 100 %, 2550 MHz, 8001 MHz, 35.58 W, 77, 7925 MiB, 0x0000000000000000
2026/09/25 04:39:15.022, 100 %, 2550 MHz, 8001 MHz, 34.17 W, 76, 7925 MiB, 0x0000000000000000
2026/09/25 04:39:16.030, 100 %, 2550 MHz, 8001 MHz, 54.32 W, 79, 7925 MiB, 0x0000000000000000
2026/09/25 04:39:17.043, 100 %, 2550 MHz, 8001 MHz, 56.27 W, 79, 7925 MiB, 0x0000000000000000
2026/09/25 04:39:18.045, 100 %, 2550 MHz, 8001 MHz, 33.58 W, 77, 7925 MiB, 0x0000000000000000
2026/09/25 04:39:19.056, 100 %, 2550 MHz, 8001 MHz, 35.82 W, 79, 7925 MiB, 0x0000000000000000
2026/09/25 04:39:20.059, 100 %, 2550 MHz, 8001 MHz, 56.95 W, 80, 7925 MiB, 0x0000000000000000
2026/09/25 04:39:21.072, 100 %, 2550 MHz, 8001 MHz, 43.47 W, 77, 7925 MiB, 0x0000000000000000
2026/09/25 04:39:22.076, 100 %, 2550 MHz, 8001 MHz, 34.14 W, 77, 7925 MiB, 0x0000000000000000
2026/09/25 04:39:23.079, 100 %, 2550 MHz, 8001 MHz, 45.84 W, 80, 7925 MiB, 0x0000000000000000
2026/09/25 04:39:24.080, 100 %, 2550 MHz, 8001 MHz, 51.10 W, 78, 7925 MiB, 0x0000000000000000
2026/09/25 04:39:25.081, 100 %, 2550 MHz, 8001 MHz, 34.62 W, 77, 7925 MiB, 0x0000000000000000
2026/09/25 04:39:26.095, 100 %, 2550 MHz, 8001 MHz, 43.66 W, 80, 7925 MiB, 0x0000000000000000
2026/09/25 04:39:27.101, 100 %, 2550 MHz, 8001 MHz, 57.39 W, 80, 7925 MiB, 0x0000000000000000
2026/09/25 04:39:28.106, 100 %, 2550 MHz, 8001 MHz, 40.03 W, 78, 7925 MiB, 0x0000000000000000
2026/09/25 04:39:29.110, 100 %, 2550 MHz, 8001 MHz, 34.55 W, 78, 7925 MiB, 0x0000000000000000
2026/09/25 04:39:30.113, 100 %, 2550 MHz, 8001 MHz, 57.27 W, 81, 7925 MiB, 0x0000000000000000
2026/09/25 04:39:31.115, 100 %, 2550 MHz, 8001 MHz, 42.06 W, 78, 7925 MiB, 0x0000000000000000
2026/09/25 04:39:32.122, 100 %, 2550 MHz, 8001 MHz, 34.48 W, 78, 7925 MiB, 0x0000000000000000
2026/09/25 04:39:33.124, 100 %, 2550 MHz, 8001 MHz, 40.82 W, 81, 7925 MiB, 0x0000000000000000
2026/09/25 04:39:34.136, 100 %, 2550 MHz, 8001 MHz, 57.92 W, 81, 7925 MiB, 0x0000000000000000
2026/09/25 04:39:35.138, 100 %, 2550 MHz, 8001 MHz, 34.58 W, 78, 7925 MiB, 0x0000000000000000
2026/09/25 04:39:36.142, 100 %, 2550 MHz, 8001 MHz, 34.42 W, 79, 7925 MiB, 0x0000000000000000
2026/09/25 04:39:37.144, 100 %, 2550 MHz, 8001 MHz, 58.08 W, 81, 7925 MiB, 0x0000000000000000
2026/09/25 04:39:38.148, 100 %, 2550 MHz, 8001 MHz, 53.68 W, 79, 7925 MiB, 0x0000000000000000
2026/09/25 04:39:39.151, 100 %, 2550 MHz, 8001 MHz, 35.06 W, 79, 7925 MiB, 0x0000000000000000
2026/09/25 04:39:40.154, 99 %, 2550 MHz, 8001 MHz, 44.94 W, 80, 7925 MiB, 0x0000000000000000
2026/09/25 04:39:41.168, 100 %, 2550 MHz, 8001 MHz, 58.34 W, 81, 7925 MiB, 0x0000000000000000
2026/09/25 04:39:42.184, 100 %, 2550 MHz, 8001 MHz, 45.20 W, 79, 7925 MiB, 0x0000000000000000
2026/09/25 04:39:43.187, 100 %, 2550 MHz, 8001 MHz, 34.90 W, 79, 7925 MiB, 0x0000000000000000
2026/09/25 04:39:44.188, 100 %, 2550 MHz, 8001 MHz, 58.42 W, 81, 7925 MiB, 0x0000000000000000
2026/09/25 04:39:45.194, 100 %, 2550 MHz, 8001 MHz, 58.40 W, 81, 7925 MiB, 0x0000000000000000
2026/09/25 04:39:46.200, 100 %, 2550 MHz, 8001 MHz, 35.01 W, 79, 7925 MiB, 0x0000000000000000
2026/09/25 04:39:47.216, 100 %, 2550 MHz, 8001 MHz, 34.85 W, 79, 7925 MiB, 0x0000000000000000
2026/09/25 04:39:48.218, 100 %, 2550 MHz, 8001 MHz, 47.90 W, 82, 7925 MiB, 0x0000000000000000
2026/09/25 04:39:49.221, 100 %, 2550 MHz, 8001 MHz, 55.81 W, 80, 7925 MiB, 0x0000000000000000
2026/09/25 04:39:50.222, 100 %, 2550 MHz, 8001 MHz, 35.22 W, 79, 7925 MiB, 0x0000000000000000
2026/09/25 04:39:51.227, 100 %, 2550 MHz, 8001 MHz, 35.03 W, 79, 7925 MiB, 0x0000000000000000
2026/09/25 04:39:52.236, 100 %, 2550 MHz, 8001 MHz, 52.35 W, 82, 7925 MiB, 0x0000000000000000
2026/09/25 04:39:53.240, 100 %, 2550 MHz, 8001 MHz, 52.02 W, 80, 7925 MiB, 0x0000000000000000
2026/09/25 04:39:54.245, 100 %, 2550 MHz, 8001 MHz, 35.15 W, 80, 7925 MiB, 0x0000000000000000
2026/09/25 04:39:55.249, 100 %, 2550 MHz, 8001 MHz, 35.00 W, 79, 7925 MiB, 0x0000000000000000
2026/09/25 04:39:56.251, 100 %, 2550 MHz, 8001 MHz, 58.73 W, 83, 7925 MiB, 0x0000000000000000
2026/09/25 04:39:57.253, 100 %, 2550 MHz, 8001 MHz, 38.75 W, 80, 7925 MiB, 0x0000000000000000
2026/09/25 04:39:58.256, 100 %, 2550 MHz, 8001 MHz, 35.17 W, 80, 7925 MiB, 0x0000000000000000
2026/09/25 04:39:59.262, 99 %, 2550 MHz, 8001 MHz, 36.08 W, 82, 7925 MiB, 0x0000000000000000
2026/09/25 04:40:00.278, 100 %, 2550 MHz, 8001 MHz, 58.07 W, 83, 7925 MiB, 0x0000000000000000
2026/09/25 04:40:01.281, 100 %, 2550 MHz, 8001 MHz, 35.62 W, 80, 7925 MiB, 0x0000000000000000
2026/09/25 04:40:02.282, 100 %, 2550 MHz, 8001 MHz, 35.28 W, 80, 7925 MiB, 0x0000000000000000
2026/09/25 04:40:03.285, 100 %, 2550 MHz, 8001 MHz, 37.42 W, 82, 7925 MiB, 0x0000000000000000
2026/09/25 04:40:04.288, 100 %, 2550 MHz, 8001 MHz, 59.87 W, 83, 7925 MiB, 0x0000000000000000
2026/09/25 04:40:05.293, 100 %, 2550 MHz, 8001 MHz, 35.67 W, 80, 7925 MiB, 0x0000000000000000
2026/09/25 04:40:06.309, 100 %, 2550 MHz, 8001 MHz, 34.91 W, 80, 7925 MiB, 0x0000000000000000
2026/09/25 04:40:07.314, 100 %, 2550 MHz, 8001 MHz, 37.75 W, 82, 7925 MiB, 0x0000000000000000
2026/09/25 04:40:08.324, 100 %, 2550 MHz, 8001 MHz, 59.37 W, 83, 7925 MiB, 0x0000000000000000
2026/09/25 04:40:09.329, 100 %, 2550 MHz, 8001 MHz, 34.93 W, 80, 7925 MiB, 0x0000000000000000
2026/09/25 04:40:10.342, 100 %, 2550 MHz, 8001 MHz, 35.49 W, 80, 7925 MiB, 0x0000000000000000
2026/09/25 04:40:11.358, 100 %, 2550 MHz, 8001 MHz, 38.81 W, 82, 7925 MiB, 0x0000000000000000
2026/09/25 04:40:12.359, 100 %, 2550 MHz, 8001 MHz, 59.76 W, 84, 7925 MiB, 0x0000000000000000
2026/09/25 04:40:13.360, 100 %, 2550 MHz, 8001 MHz, 50.01 W, 81, 7925 MiB, 0x0000000000000000
2026/09/25 04:40:14.364, 100 %, 2550 MHz, 8001 MHz, 35.65 W, 81, 7925 MiB, 0x0000000000000000
2026/09/25 04:40:15.367, 100 %, 2550 MHz, 8001 MHz, 35.61 W, 81, 7925 MiB, 0x0000000000000000
2026/09/25 04:40:16.369, 100 %, 2550 MHz, 8001 MHz, 60.20 W, 84, 7925 MiB, 0x0000000000000000
2026/09/25 04:40:17.371, 100 %, 2550 MHz, 8001 MHz, 51.18 W, 81, 7925 MiB, 0x0000000000000000
2026/09/25 04:40:18.375, 100 %, 2550 MHz, 8001 MHz, 35.20 W, 81, 7925 MiB, 0x0000000000000000
2026/09/25 04:40:19.379, 100 %, 2550 MHz, 8001 MHz, 35.36 W, 81, 7925 MiB, 0x0000000000000000
2026/09/25 04:40:20.380, 100 %, 2490 MHz, 8001 MHz, 54.66 W, 84, 7925 MiB, 0x0000000000000020
2026/09/25 04:40:21.396, 100 %, 2550 MHz, 8001 MHz, 53.59 W, 82, 7925 MiB, 0x0000000000000000
2026/09/25 04:40:22.399, 100 %, 2550 MHz, 8001 MHz, 35.41 W, 81, 7925 MiB, 0x0000000000000000
2026/09/25 04:40:23.402, 100 %, 2550 MHz, 8001 MHz, 35.21 W, 81, 7925 MiB, 0x0000000000000000
2026/09/25 04:40:24.405, 100 %, 2550 MHz, 8001 MHz, 59.83 W, 84, 7925 MiB, 0x0000000000000000
2026/09/25 04:40:25.410, 100 %, 2460 MHz, 8001 MHz, 57.12 W, 84, 7925 MiB, 0x0000000000000020
2026/09/25 04:40:26.426, 100 %, 2550 MHz, 8001 MHz, 35.33 W, 81, 7925 MiB, 0x0000000000000000
2026/09/25 04:40:27.429, 100 %, 2550 MHz, 8001 MHz, 35.91 W, 81, 7925 MiB, 0x0000000000000000
2026/09/25 04:40:28.443, 100 %, 2550 MHz, 8001 MHz, 42.94 W, 84, 7925 MiB, 0x0000000000000000
2026/09/25 04:40:29.445, 100 %, 2355 MHz, 8001 MHz, 54.41 W, 84, 7925 MiB, 0x0000000000000020
2026/09/25 04:40:30.446, 100 %, 2550 MHz, 8001 MHz, 43.43 W, 82, 7925 MiB, 0x0000000000000000
2026/09/25 04:40:31.450, 100 %, 2550 MHz, 8001 MHz, 36.03 W, 82, 7925 MiB, 0x0000000000000000
2026/09/25 04:40:32.454, 99 %, 2550 MHz, 8001 MHz, 35.83 W, 83, 7925 MiB, 0x0000000000000000
2026/09/25 04:40:33.460, 100 %, 2430 MHz, 8001 MHz, 55.82 W, 83, 7925 MiB, 0x0000000000000020
2026/09/25 04:40:34.462, 100 %, 2550 MHz, 8001 MHz, 38.93 W, 82, 7925 MiB, 0x0000000000000000
2026/09/25 04:40:35.468, 100 %, 2550 MHz, 8001 MHz, 35.94 W, 82, 7925 MiB, 0x0000000000000000
2026/09/25 04:40:36.472, 100 %, 2550 MHz, 8001 MHz, 36.57 W, 82, 7925 MiB, 0x0000000000000000
2026/09/25 04:40:37.488, 100 %, 2280 MHz, 8001 MHz, 49.46 W, 84, 7925 MiB, 0x0000000000000020
2026/09/25 04:40:38.492, 100 %, 2445 MHz, 8001 MHz, 52.26 W, 83, 7925 MiB, 0x0000000000000020
2026/09/25 04:40:39.497, 100 %, 2550 MHz, 8001 MHz, 35.62 W, 82, 7925 MiB, 0x0000000000000000
2026/09/25 04:40:40.499, 100 %, 2550 MHz, 8001 MHz, 36.20 W, 82, 7925 MiB, 0x0000000000000000
2026/09/25 04:40:41.503, 100 %, 2385 MHz, 8001 MHz, 41.32 W, 85, 7925 MiB, 0x0000000000000000
2026/09/25 04:40:42.504, 100 %, 2235 MHz, 8001 MHz, 48.24 W, 84, 7925 MiB, 0x0000000000000020
2026/09/25 04:40:43.519, 100 %, 2550 MHz, 8001 MHz, 35.60 W, 82, 7925 MiB, 0x0000000000000000
2026/09/25 04:40:44.533, 100 %, 2550 MHz, 8001 MHz, 36.33 W, 82, 7925 MiB, 0x0000000000000000
2026/09/25 04:40:45.535, 100 %, 2355 MHz, 8001 MHz, 48.75 W, 84, 7925 MiB, 0x0000000000000020
2026/09/25 04:40:46.540, 100 %, 2400 MHz, 8001 MHz, 52.67 W, 84, 7925 MiB, 0x0000000000000020
2026/09/25 04:40:47.543, 100 %, 2550 MHz, 8001 MHz, 35.66 W, 82, 7925 MiB, 0x0000000000000000
2026/09/25 04:40:48.544, 100 %, 2550 MHz, 8001 MHz, 35.69 W, 82, 7925 MiB, 0x0000000000000000
2026/09/25 04:40:49.549, 100 %, 2550 MHz, 8001 MHz, 36.51 W, 82, 7925 MiB, 0x0000000000000000
2026/09/25 04:40:50.551, 100 %, 2370 MHz, 8001 MHz, 47.67 W, 84, 7925 MiB, 0x0000000000000020
2026/09/25 04:40:51.555, 100 %, 2505 MHz, 8001 MHz, 50.07 W, 82, 7925 MiB, 0x0000000000000020
2026/09/25 04:40:52.557, 100 %, 2550 MHz, 8001 MHz, 36.11 W, 82, 7925 MiB, 0x0000000000000000
2026/09/25 04:40:53.573, 100 %, 2550 MHz, 8001 MHz, 44.63 W, 83, 7925 MiB, 0x0000000000000000
2026/09/25 04:40:54.576, 100 %, 2550 MHz, 8001 MHz, 65.00 W, 85, 7925 MiB, 0x0000000000000000
2026/09/25 04:40:55.581, 100 %, 2280 MHz, 8001 MHz, 51.77 W, 83, 7925 MiB, 0x0000000000000020
2026/09/25 04:40:56.596, 100 %, 2550 MHz, 8001 MHz, 36.08 W, 82, 7925 MiB, 0x0000000000000000
2026/09/25 04:40:57.598, 100 %, 2550 MHz, 8001 MHz, 36.20 W, 82, 7925 MiB, 0x0000000000000000
2026/09/25 04:40:58.598, 100 %, 2550 MHz, 8001 MHz, 36.11 W, 82, 7925 MiB, 0x0000000000000000
2026/09/25 04:40:59.599, 100 %, 2145 MHz, 8001 MHz, 51.72 W, 84, 7925 MiB, 0x0000000000000020
2026/09/25 04:41:00.614, 100 %, 2145 MHz, 8001 MHz, 49.06 W, 83, 7925 MiB, 0x0000000000000020
2026/09/25 04:41:01.618, 100 %, 2550 MHz, 8001 MHz, 36.55 W, 83, 7925 MiB, 0x0000000000000000
2026/09/25 04:41:02.622, 100 %, 2550 MHz, 8001 MHz, 36.40 W, 83, 7925 MiB, 0x0000000000000000
2026/09/25 04:41:03.625, 100 %, 2550 MHz, 8001 MHz, 36.29 W, 83, 7925 MiB, 0x0000000000000000
2026/09/25 04:41:04.628, 100 %, 2100 MHz, 8001 MHz, 43.81 W, 83, 7925 MiB, 0x0000000000000020
2026/09/25 04:41:05.629, 100 %, 2550 MHz, 8001 MHz, 43.44 W, 83, 7925 MiB, 0x0000000000000020
2026/09/25 04:41:06.632, 100 %, 2550 MHz, 8001 MHz, 35.97 W, 83, 7925 MiB, 0x0000000000000000
2026/09/25 04:41:07.638, 100 %, 2550 MHz, 8001 MHz, 36.18 W, 83, 7925 MiB, 0x0000000000000000
2026/09/25 04:41:08.640, 100 %, 2310 MHz, 8001 MHz, 39.82 W, 84, 7925 MiB, 0x0000000000000000
2026/09/25 04:41:09.648, 100 %, 2115 MHz, 8001 MHz, 48.59 W, 84, 7925 MiB, 0x0000000000000020
2026/09/25 04:41:10.652, 100 %, 2550 MHz, 8001 MHz, 38.85 W, 83, 7925 MiB, 0x0000000000000000
2026/09/25 04:41:11.665, 100 %, 2550 MHz, 8001 MHz, 36.32 W, 83, 7925 MiB, 0x0000000000000000
2026/09/25 04:41:12.681, 100 %, 2550 MHz, 8001 MHz, 36.23 W, 83, 7925 MiB, 0x0000000000000000
2026/09/25 04:41:13.685, 100 %, 1830 MHz, 8001 MHz, 48.10 W, 83, 7925 MiB, 0x0000000000000020
2026/09/25 04:41:14.688, 100 %, 2130 MHz, 8001 MHz, 46.33 W, 84, 7925 MiB, 0x0000000000000020
2026/09/25 04:41:15.692, 100 %, 2550 MHz, 8001 MHz, 35.91 W, 83, 7925 MiB, 0x0000000000000000
2026/09/25 04:41:16.696, 100 %, 2550 MHz, 8001 MHz, 36.08 W, 83, 7925 MiB, 0x0000000000000000
2026/09/25 04:41:17.699, 100 %, 2550 MHz, 8001 MHz, 36.45 W, 83, 7925 MiB, 0x0000000000000000
2026/09/25 04:41:18.700, 100 %, 2100 MHz, 8001 MHz, 48.53 W, 84, 7925 MiB, 0x0000000000000020
2026/09/25 04:41:19.701, 100 %, 2085 MHz, 8001 MHz, 46.57 W, 84, 7925 MiB, 0x0000000000000020
2026/09/25 04:41:20.707, 100 %, 2550 MHz, 8001 MHz, 39.05 W, 83, 7925 MiB, 0x0000000000000000
2026/09/25 04:41:21.710, 100 %, 2550 MHz, 8001 MHz, 36.41 W, 83, 7925 MiB, 0x0000000000000000
2026/09/25 04:41:22.715, 100 %, 2550 MHz, 8001 MHz, 36.55 W, 83, 7925 MiB, 0x0000000000000000
2026/09/25 04:41:23.717, 100 %, 1785 MHz, 8001 MHz, 43.78 W, 83, 7925 MiB, 0x0000000000000020
2026/09/25 04:41:24.719, 100 %, 1980 MHz, 8001 MHz, 45.65 W, 83, 7925 MiB, 0x0000000000000020
2026/09/25 04:41:25.723, 100 %, 2550 MHz, 8001 MHz, 37.90 W, 83, 7925 MiB, 0x0000000000000000
2026/09/25 04:41:26.726, 100 %, 2550 MHz, 8001 MHz, 36.23 W, 83, 7925 MiB, 0x0000000000000000
2026/09/25 04:41:27.731, 100 %, 2550 MHz, 8001 MHz, 36.50 W, 83, 7925 MiB, 0x0000000000000000
2026/09/25 04:41:28.737, 100 %, 1935 MHz, 8001 MHz, 44.39 W, 84, 7925 MiB, 0x0000000000000020
2026/09/25 04:41:29.739, 100 %, 1935 MHz, 8001 MHz, 44.13 W, 83, 7925 MiB, 0x0000000000000020
2026/09/25 04:41:30.743, 100 %, 2535 MHz, 8001 MHz, 34.34 W, 83, 7925 MiB, 0x0000000000000020
2026/09/25 04:41:31.746, 100 %, 2550 MHz, 8001 MHz, 35.35 W, 83, 7925 MiB, 0x0000000000000000
2026/09/25 04:41:32.747, 100 %, 2550 MHz, 8001 MHz, 36.06 W, 83, 7925 MiB, 0x0000000000000000
2026/09/25 04:41:33.750, 100 %, 1995 MHz, 8001 MHz, 36.02 W, 84, 7925 MiB, 0x0000000000000020
2026/09/25 04:41:34.753, 100 %, 2550 MHz, 8001 MHz, 33.83 W, 83, 7925 MiB, 0x0000000000000000
2026/09/25 04:41:35.760, 100 %, 2550 MHz, 8001 MHz, 34.77 W, 83, 7925 MiB, 0x0000000000000000
2026/09/25 04:41:36.762, 100 %, 2550 MHz, 8001 MHz, 35.96 W, 83, 7925 MiB, 0x0000000000000000
2026/09/25 04:41:37.768, 100 %, 2490 MHz, 8001 MHz, 36.69 W, 83, 7925 MiB, 0x0000000000000020
2026/09/25 04:41:38.772, 0 %, 2550 MHz, 8001 MHz, 34.21 W, 82, 7925 MiB, 0x0000000000000000
2026/09/25 04:41:39.776, 0 %, 2550 MHz, 8001 MHz, 28.29 W, 82, 7925 MiB, 0x0000000000000000
2026/09/25 04:41:40.791, 0 %, 540 MHz, 6001 MHz, 25.12 W, 81, 7925 MiB, 0x0000000000000001
2026/09/25 04:41:41.792, 0 %, 345 MHz, 6001 MHz, 17.35 W, 80, 7925 MiB, 0x0000000000000001
2026/09/25 04:41:42.795, 0 %, 210 MHz, 810 MHz, 5.22 W, 80, 7925 MiB, 0x0000000000000001
2026/09/25 04:41:43.797, 0 %, 210 MHz, 405 MHz, 3.14 W, 79, 7925 MiB, 0x0000000000000001
2026/09/25 04:41:44.812, 0 %, 210 MHz, 405 MHz, 2.29 W, 79, 7925 MiB, 0x0000000000000001
2026/09/25 04:41:45.817, 0 %, 210 MHz, 405 MHz, 2.26 W, 79, 7925 MiB, 0x0000000000000001
2026/09/25 04:41:46.823, 0 %, 210 MHz, 405 MHz, 2.28 W, 79, 7925 MiB, 0x0000000000000001
2026/09/25 04:41:47.823, 0 %, 210 MHz, 405 MHz, 2.21 W, 78, 7925 MiB, 0x0000000000000001
2026/09/25 04:41:48.827, 0 %, 210 MHz, 405 MHz, 2.16 W, 78, 7925 MiB, 0x0000000000000001
2026/09/25 04:41:49.832, 0 %, 210 MHz, 405 MHz, 2.18 W, 78, 7925 MiB, 0x0000000000000001
2026/09/25 04:41:50.838, 0 %, 210 MHz, 405 MHz, 2.18 W, 78, 7925 MiB, 0x0000000000000001
2026/09/25 04:41:51.844, 0 %, 210 MHz, 405 MHz, 2.20 W, 78, 7925 MiB, 0x0000000000000001
2026/09/25 04:41:52.850, 0 %, 210 MHz, 405 MHz, 2.22 W, 77, 7925 MiB, 0x0000000000000001
2026/09/25 04:41:53.852, 0 %, 210 MHz, 405 MHz, 2.22 W, 77, 7925 MiB, 0x0000000000000001
2026/09/25 04:41:54.858, 0 %, 210 MHz, 405 MHz, 2.23 W, 77, 7925 MiB, 0x0000000000000001
2026/09/25 04:41:55.863, 0 %, 210 MHz, 405 MHz, 2.20 W, 77, 7925 MiB, 0x0000000000000001
2026/09/25 04:41:56.867, 0 %, 210 MHz, 405 MHz, 2.21 W, 77, 7925 MiB, 0x0000000000000001
2026/09/25 04:41:57.871, 0 %, 210 MHz, 405 MHz, 2.24 W, 77, 7925 MiB, 0x0000000000000001
2026/09/25 04:41:58.879, 0 %, 210 MHz, 405 MHz, 2.23 W, 76, 7925 MiB, 0x0000000000000001
2026/09/25 04:41:59.882, 0 %, 210 MHz, 405 MHz, 2.26 W, 76, 7925 MiB, 0x0000000000000001
2026/09/25 04:42:00.883, 0 %, 210 MHz, 405 MHz, 2.26 W, 76, 7925 MiB, 0x0000000000000001
2026/09/25 04:42:01.887, 0 %, 210 MHz, 405 MHz, 2.19 W, 76, 7925 MiB, 0x0000000000000001
2026/09/25 04:42:02.891, 0 %, 210 MHz, 405 MHz, 2.19 W, 76, 7925 MiB, 0x0000000000000001
2026/09/25 04:42:03.896, 0 %, 210 MHz, 405 MHz, 2.20 W, 76, 7925 MiB, 0x0000000000000001
2026/09/25 04:42:04.900, 0 %, 210 MHz, 405 MHz, 2.15 W, 75, 7925 MiB, 0x0000000000000001
2026/09/25 04:42:05.906, 0 %, 210 MHz, 405 MHz, 2.12 W, 75, 7925 MiB, 0x0000000000000001
2026/09/25 04:42:06.915, 0 %, 210 MHz, 405 MHz, 2.12 W, 75, 7925 MiB, 0x0000000000000001
2026/09/25 04:42:07.919, 0 %, 210 MHz, 405 MHz, 2.15 W, 75, 7925 MiB, 0x0000000000000001
2026/09/25 04:42:08.927, 0 %, 210 MHz, 405 MHz, 2.18 W, 75, 7925 MiB, 0x0000000000000001
2026/09/25 04:42:09.930, 0 %, 210 MHz, 405 MHz, 2.13 W, 75, 7925 MiB, 0x0000000000000001
2026/09/25 04:42:10.934, 0 %, 210 MHz, 405 MHz, 2.10 W, 74, 7925 MiB, 0x0000000000000001
2026/09/25 04:42:11.936, 0 %, 210 MHz, 405 MHz, 2.10 W, 74, 7925 MiB, 0x0000000000000001
2026/09/25 04:42:12.942, 0 %, 210 MHz, 405 MHz, 2.14 W, 74, 7925 MiB, 0x0000000000000001
2026/09/25 04:42:13.946, 0 %, 210 MHz, 405 MHz, 2.15 W, 74, 7925 MiB, 0x0000000000000001
2026/09/25 04:42:14.949, 0 %, 210 MHz, 405 MHz, 2.15 W, 74, 7925 MiB, 0x0000000000000001
2026/09/25 04:42:15.961, 0 %, 210 MHz, 405 MHz, 2.14 W, 74, 7925 MiB, 0x0000000000000001
2026/09/25 04:42:16.964, 0 %, 210 MHz, 405 MHz, 2.14 W, 74, 7925 MiB, 0x0000000000000001
2026/09/25 04:42:17.967, 0 %, 210 MHz, 405 MHz, 2.17 W, 74, 7925 MiB, 0x0000000000000001
2026/09/25 04:42:18.970, 0 %, 210 MHz, 405 MHz, 2.14 W, 73, 7925 MiB, 0x0000000000000001
2026/09/25 04:42:19.974, 0 %, 210 MHz, 405 MHz, 2.06 W, 73, 7925 MiB, 0x0000000000000001
2026/09/25 04:42:20.979, 0 %, 210 MHz, 405 MHz, 1.98 W, 73, 7925 MiB, 0x0000000000000001
2026/09/25 04:42:21.993, 0 %, 210 MHz, 405 MHz, 2.18 W, 73, 7925 MiB, 0x0000000000000001
2026/09/25 04:42:22.998, 0 %, 210 MHz, 405 MHz, 3.08 W, 73, 7925 MiB, 0x0000000000000001
2026/09/25 04:42:23.999, 0 %, 210 MHz, 405 MHz, 2.01 W, 73, 7925 MiB, 0x0000000000000001
2026/09/25 04:42:25.003, 0 %, 210 MHz, 405 MHz, 2.05 W, 73, 7925 MiB, 0x0000000000000001
2026/09/25 04:42:26.006, 0 %, 210 MHz, 405 MHz, 2.13 W, 73, 7925 MiB, 0x0000000000000001
2026/09/25 04:42:27.010, 0 %, 210 MHz, 405 MHz, 2.06 W, 73, 7925 MiB, 0x0000000000000001
2026/09/25 04:42:28.012, 0 %, 210 MHz, 405 MHz, 2.11 W, 73, 7925 MiB, 0x0000000000000001
2026/09/25 04:42:29.026, 0 %, 210 MHz, 405 MHz, 2.04 W, 72, 7925 MiB, 0x0000000000000001
2026/09/25 04:42:30.028, 0 %, 210 MHz, 405 MHz, 2.04 W, 72, 7925 MiB, 0x0000000000000001
2026/09/25 04:42:31.032, 0 %, 210 MHz, 405 MHz, 2.07 W, 72, 7925 MiB, 0x0000000000000001
2026/09/25 04:42:32.033, 0 %, 210 MHz, 405 MHz, 2.10 W, 72, 7925 MiB, 0x0000000000000001
2026/09/25 04:42:33.047, 0 %, 210 MHz, 405 MHz, 2.10 W, 72, 7925 MiB, 0x0000000000000001
2026/09/25 04:42:34.052, 0 %, 210 MHz, 405 MHz, 2.08 W, 72, 7925 MiB, 0x0000000000000001
2026/09/25 04:42:35.054, 0 %, 210 MHz, 405 MHz, 2.07 W, 72, 7925 MiB, 0x0000000000000001
2026/09/25 04:42:36.069, 0 %, 210 MHz, 405 MHz, 2.23 W, 72, 7925 MiB, 0x0000000000000001
2026/09/25 04:42:37.075, 0 %, 210 MHz, 405 MHz, 2.21 W, 71, 7925 MiB, 0x0000000000000001
2026/09/25 04:42:38.079, 0 %, 210 MHz, 405 MHz, 2.12 W, 71, 7925 MiB, 0x0000000000000001
2026/09/25 04:42:39.081, 0 %, 210 MHz, 405 MHz, 2.18 W, 71, 7925 MiB, 0x0000000000000001
2026/09/25 04:42:40.088, 0 %, 210 MHz, 405 MHz, 2.21 W, 71, 7925 MiB, 0x0000000000000001
2026/09/25 04:42:41.090, 0 %, 210 MHz, 405 MHz, 2.19 W, 71, 7925 MiB, 0x0000000000000001
2026/09/25 04:42:42.093, 0 %, 210 MHz, 405 MHz, 2.15 W, 71, 7925 MiB, 0x0000000000000001
2026/09/25 04:42:43.095, 0 %, 210 MHz, 405 MHz, 2.11 W, 71, 7925 MiB, 0x0000000000000001
2026/09/25 04:42:44.097, 0 %, 210 MHz, 405 MHz, 2.08 W, 71, 7925 MiB, 0x0000000000000001
2026/09/25 04:42:45.100, 0 %, 210 MHz, 405 MHz, 2.11 W, 71, 7925 MiB, 0x0000000000000001
2026/09/25 04:42:46.101, 0 %, 210 MHz, 405 MHz, 2.16 W, 71, 7925 MiB, 0x0000000000000001
2026/09/25 04:42:47.104, 0 %, 210 MHz, 405 MHz, 2.18 W, 71, 7925 MiB, 0x0000000000000001
2026/09/25 04:42:48.112, 0 %, 210 MHz, 405 MHz, 2.21 W, 71, 7925 MiB, 0x0000000000000001
2026/09/25 04:42:49.117, 0 %, 210 MHz, 405 MHz, 2.20 W, 70, 7925 MiB, 0x0000000000000001
2026/09/25 04:42:50.123, 0 %, 210 MHz, 405 MHz, 2.15 W, 70, 7925 MiB, 0x0000000000000001
2026/09/25 04:42:51.125, 0 %, 210 MHz, 405 MHz, 2.17 W, 70, 7925 MiB, 0x0000000000000001
2026/09/25 04:42:52.129, 0 %, 210 MHz, 405 MHz, 2.23 W, 70, 7925 MiB, 0x0000000000000001
2026/09/25 04:42:53.134, 0 %, 210 MHz, 405 MHz, 2.24 W, 70, 7925 MiB, 0x0000000000000001
2026/09/25 04:42:54.135, 0 %, 210 MHz, 405 MHz, 2.25 W, 70, 7925 MiB, 0x0000000000000001
2026/09/25 04:42:55.142, 0 %, 210 MHz, 405 MHz, 2.30 W, 70, 7925 MiB, 0x0000000000000001
2026/09/25 04:42:56.155, 0 %, 210 MHz, 405 MHz, 2.33 W, 70, 7925 MiB, 0x0000000000000001
2026/09/25 04:42:57.160, 0 %, 210 MHz, 405 MHz, 2.33 W, 70, 7925 MiB, 0x0000000000000001
2026/09/25 04:42:58.174, 0 %, 210 MHz, 405 MHz, 2.33 W, 70, 7925 MiB, 0x0000000000000001
2026/09/25 04:42:59.175, 0 %, 210 MHz, 405 MHz, 2.32 W, 70, 7925 MiB, 0x0000000000000001
2026/09/25 04:43:00.183, 0 %, 210 MHz, 405 MHz, 2.28 W, 70, 7925 MiB, 0x0000000000000001
2026/09/25 04:43:01.188, 0 %, 210 MHz, 405 MHz, 2.30 W, 69, 7925 MiB, 0x0000000000000001
2026/09/25 04:43:02.198, 0 %, 210 MHz, 405 MHz, 2.28 W, 69, 7925 MiB, 0x0000000000000001
2026/09/25 04:43:03.203, 0 %, 210 MHz, 405 MHz, 2.28 W, 69, 7925 MiB, 0x0000000000000001
2026/09/25 04:43:04.209, 0 %, 210 MHz, 405 MHz, 2.27 W, 69, 7925 MiB, 0x0000000000000001
2026/09/25 04:43:05.211, 0 %, 210 MHz, 405 MHz, 2.26 W, 69, 7925 MiB, 0x0000000000000001
2026/09/25 04:43:06.212, 0 %, 210 MHz, 405 MHz, 2.34 W, 69, 7925 MiB, 0x0000000000000001
2026/09/25 04:43:07.216, 0 %, 210 MHz, 405 MHz, 2.24 W, 69, 7925 MiB, 0x0000000000000001
2026/09/25 04:43:08.231, 0 %, 210 MHz, 405 MHz, 2.22 W, 69, 7925 MiB, 0x0000000000000001
2026/09/25 04:43:09.235, 0 %, 210 MHz, 405 MHz, 2.31 W, 69, 7925 MiB, 0x0000000000000001
2026/09/25 04:43:10.239, 0 %, 210 MHz, 405 MHz, 2.28 W, 69, 7925 MiB, 0x0000000000000001
2026/09/25 04:43:11.253, 0 %, 210 MHz, 405 MHz, 2.25 W, 69, 7925 MiB, 0x0000000000000001
2026/09/25 04:43:12.267, 0 %, 210 MHz, 405 MHz, 2.38 W, 69, 7925 MiB, 0x0000000000000001
2026/09/25 04:43:13.284, 0 %, 210 MHz, 405 MHz, 2.35 W, 69, 7925 MiB, 0x0000000000000001
2026/09/25 04:43:14.298, 0 %, 210 MHz, 405 MHz, 2.32 W, 69, 7925 MiB, 0x0000000000000001
2026/09/25 04:43:15.305, 0 %, 210 MHz, 405 MHz, 2.36 W, 69, 7925 MiB, 0x0000000000000001
2026/09/25 04:43:16.308, 0 %, 210 MHz, 405 MHz, 2.37 W, 69, 7925 MiB, 0x0000000000000001
2026/09/25 04:43:17.311, 0 %, 210 MHz, 405 MHz, 2.35 W, 68, 7925 MiB, 0x0000000000000001
2026/09/25 04:43:18.316, 0 %, 210 MHz, 405 MHz, 2.34 W, 68, 7925 MiB, 0x0000000000000001
2026/09/25 04:43:19.318, 0 %, 210 MHz, 405 MHz, 2.33 W, 68, 7925 MiB, 0x0000000000000001
2026/09/25 04:43:20.319, 0 %, 210 MHz, 405 MHz, 2.36 W, 68, 7925 MiB, 0x0000000000000001
2026/09/25 04:43:21.334, 0 %, 210 MHz, 405 MHz, 2.42 W, 68, 7925 MiB, 0x0000000000000001
2026/09/25 04:43:22.336, 0 %, 210 MHz, 405 MHz, 2.46 W, 68, 7925 MiB, 0x0000000000000001
2026/09/25 04:43:23.340, 0 %, 210 MHz, 405 MHz, 2.46 W, 68, 7925 MiB, 0x0000000000000001
2026/09/25 04:43:24.346, 0 %, 210 MHz, 405 MHz, 2.48 W, 68, 7925 MiB, 0x0000000000000001
2026/09/25 04:43:25.349, 0 %, 210 MHz, 405 MHz, 2.48 W, 68, 7925 MiB, 0x0000000000000001
2026/09/25 04:43:26.350, 0 %, 210 MHz, 405 MHz, 2.47 W, 68, 7925 MiB, 0x0000000000000001
2026/09/25 04:43:27.356, 0 %, 210 MHz, 405 MHz, 2.52 W, 68, 7925 MiB, 0x0000000000000001
2026/09/25 04:43:28.360, 0 %, 210 MHz, 405 MHz, 2.54 W, 68, 7925 MiB, 0x0000000000000001
2026/09/25 04:43:29.365, 0 %, 210 MHz, 405 MHz, 2.50 W, 68, 7925 MiB, 0x0000000000000001
2026/09/25 04:43:30.372, 0 %, 210 MHz, 405 MHz, 2.46 W, 68, 7925 MiB, 0x0000000000000001
2026/09/25 04:43:31.377, 0 %, 210 MHz, 405 MHz, 2.45 W, 68, 7925 MiB, 0x0000000000000001
2026/09/25 04:43:32.379, 0 %, 210 MHz, 405 MHz, 2.47 W, 68, 7925 MiB, 0x0000000000000001
2026/09/25 04:43:33.384, 0 %, 210 MHz, 405 MHz, 2.52 W, 67, 7925 MiB, 0x0000000000000001
2026/09/25 04:43:34.388, 0 %, 210 MHz, 405 MHz, 2.54 W, 67, 7925 MiB, 0x0000000000000001
2026/09/25 04:43:35.405, 0 %, 210 MHz, 405 MHz, 2.57 W, 67, 7925 MiB, 0x0000000000000001
2026/09/25 04:43:36.408, 0 %, 210 MHz, 405 MHz, 2.57 W, 67, 7925 MiB, 0x0000000000000001
2026/09/25 04:43:37.414, 0 %, 210 MHz, 405 MHz, 2.54 W, 67, 7925 MiB, 0x0000000000000001
2026/09/25 04:43:38.418, 0 %, 210 MHz, 405 MHz, 2.57 W, 67, 7925 MiB, 0x0000000000000001
2026/09/25 04:43:39.433, 0 %, 210 MHz, 405 MHz, 2.58 W, 67, 7925 MiB, 0x0000000000000001
2026/09/25 04:43:40.440, 0 %, 210 MHz, 405 MHz, 2.56 W, 67, 7925 MiB, 0x0000000000000001
2026/09/25 04:43:41.444, 0 %, 210 MHz, 405 MHz, 2.52 W, 67, 7925 MiB, 0x0000000000000001
2026/09/25 04:43:42.452, 0 %, 210 MHz, 405 MHz, 2.52 W, 67, 7925 MiB, 0x0000000000000001
2026/09/25 04:43:43.454, 0 %, 210 MHz, 405 MHz, 2.58 W, 67, 7925 MiB, 0x0000000000000001
2026/09/25 04:43:44.457, 0 %, 210 MHz, 405 MHz, 2.64 W, 67, 7925 MiB, 0x0000000000000001
2026/09/25 04:43:45.461, 0 %, 210 MHz, 405 MHz, 2.65 W, 67, 7925 MiB, 0x0000000000000001
2026/09/25 04:43:46.477, 0 %, 210 MHz, 405 MHz, 2.62 W, 67, 7925 MiB, 0x0000000000000001
2026/09/25 04:43:47.478, 0 %, 210 MHz, 405 MHz, 2.59 W, 67, 7925 MiB, 0x0000000000000001
2026/09/25 04:43:48.484, 0 %, 210 MHz, 405 MHz, 2.56 W, 67, 7925 MiB, 0x0000000000000001
2026/09/25 04:43:49.487, 0 %, 210 MHz, 405 MHz, 2.59 W, 67, 7925 MiB, 0x0000000000000001
2026/09/25 04:43:50.492, 0 %, 210 MHz, 405 MHz, 2.55 W, 67, 7925 MiB, 0x0000000000000001
2026/09/25 04:43:51.493, 0 %, 210 MHz, 405 MHz, 2.52 W, 67, 7925 MiB, 0x0000000000000001
2026/09/25 04:43:52.510, 0 %, 210 MHz, 405 MHz, 2.55 W, 66, 7925 MiB, 0x0000000000000001
2026/09/25 04:43:53.512, 0 %, 210 MHz, 405 MHz, 2.61 W, 66, 7925 MiB, 0x0000000000000001
2026/09/25 04:43:54.515, 0 %, 210 MHz, 405 MHz, 2.65 W, 66, 7925 MiB, 0x0000000000000001
2026/09/25 04:43:55.518, 0 %, 210 MHz, 405 MHz, 2.64 W, 66, 7925 MiB, 0x0000000000000001
2026/09/25 04:43:56.523, 0 %, 210 MHz, 405 MHz, 2.64 W, 66, 7925 MiB, 0x0000000000000001
2026/09/25 04:43:57.525, 0 %, 210 MHz, 405 MHz, 2.65 W, 66, 7925 MiB, 0x0000000000000001
2026/09/25 04:43:58.530, 0 %, 210 MHz, 405 MHz, 2.67 W, 66, 7925 MiB, 0x0000000000000001
2026/09/25 04:43:59.535, 0 %, 210 MHz, 405 MHz, 2.66 W, 66, 7925 MiB, 0x0000000000000001
2026/09/25 04:44:00.540, 0 %, 210 MHz, 405 MHz, 2.65 W, 66, 7925 MiB, 0x0000000000000001
2026/09/25 04:44:01.545, 0 %, 210 MHz, 405 MHz, 2.62 W, 66, 7925 MiB, 0x0000000000000001
2026/09/25 04:44:02.547, 0 %, 210 MHz, 405 MHz, 2.66 W, 66, 7925 MiB, 0x0000000000000001
2026/09/25 04:44:03.548, 0 %, 210 MHz, 405 MHz, 2.64 W, 66, 7925 MiB, 0x0000000000000001
2026/09/25 04:44:04.559, 0 %, 210 MHz, 405 MHz, 2.58 W, 66, 7925 MiB, 0x0000000000000001
2026/09/25 04:44:05.564, 0 %, 210 MHz, 405 MHz, 2.57 W, 66, 7925 MiB, 0x0000000000000001
2026/09/25 04:44:06.570, 0 %, 210 MHz, 405 MHz, 2.59 W, 66, 7925 MiB, 0x0000000000000001
2026/09/25 04:44:07.577, 0 %, 210 MHz, 405 MHz, 2.56 W, 66, 7925 MiB, 0x0000000000000001
2026/09/25 04:44:08.583, 0 %, 210 MHz, 405 MHz, 2.53 W, 66, 7925 MiB, 0x0000000000000001
2026/09/25 04:44:09.586, 0 %, 210 MHz, 405 MHz, 2.52 W, 66, 7925 MiB, 0x0000000000000001
2026/09/25 04:44:10.593, 0 %, 210 MHz, 405 MHz, 2.54 W, 66, 7925 MiB, 0x0000000000000001
2026/09/25 04:44:11.608, 0 %, 210 MHz, 405 MHz, 2.60 W, 66, 7925 MiB, 0x0000000000000001
2026/09/25 04:44:12.616, 0 %, 210 MHz, 405 MHz, 2.65 W, 66, 7925 MiB, 0x0000000000000001
2026/09/25 04:44:13.620, 0 %, 210 MHz, 405 MHz, 2.65 W, 65, 7925 MiB, 0x0000000000000001
2026/09/25 04:44:14.623, 0 %, 210 MHz, 405 MHz, 2.60 W, 65, 7925 MiB, 0x0000000000000001
2026/09/25 04:44:15.625, 0 %, 210 MHz, 405 MHz, 2.62 W, 65, 7925 MiB, 0x0000000000000001
2026/09/25 04:44:16.628, 0 %, 210 MHz, 405 MHz, 2.64 W, 65, 7925 MiB, 0x0000000000000001
2026/09/25 04:44:17.633, 0 %, 210 MHz, 405 MHz, 2.65 W, 65, 7925 MiB, 0x0000000000000001
2026/09/25 04:44:18.638, 0 %, 210 MHz, 405 MHz, 2.69 W, 65, 7925 MiB, 0x0000000000000001
2026/09/25 04:44:19.641, 0 %, 210 MHz, 405 MHz, 2.70 W, 65, 7925 MiB, 0x0000000000000001
2026/09/25 04:44:20.650, 0 %, 210 MHz, 405 MHz, 2.70 W, 65, 7925 MiB, 0x0000000000000001
2026/09/25 04:44:21.656, 0 %, 210 MHz, 405 MHz, 2.79 W, 65, 7925 MiB, 0x0000000000000001
2026/09/25 04:44:22.660, 0 %, 210 MHz, 405 MHz, 2.74 W, 65, 7925 MiB, 0x0000000000000001
2026/09/25 04:44:23.677, 0 %, 210 MHz, 405 MHz, 2.67 W, 65, 7925 MiB, 0x0000000000000001
2026/09/25 04:44:24.681, 0 %, 210 MHz, 405 MHz, 2.65 W, 65, 7925 MiB, 0x0000000000000001
2026/09/25 04:44:25.686, 0 %, 210 MHz, 405 MHz, 2.62 W, 65, 7925 MiB, 0x0000000000000001
2026/09/25 04:44:26.700, 0 %, 210 MHz, 405 MHz, 2.62 W, 65, 7925 MiB, 0x0000000000000001
2026/09/25 04:44:27.706, 0 %, 210 MHz, 405 MHz, 2.62 W, 65, 7925 MiB, 0x0000000000000001
2026/09/25 04:44:28.721, 0 %, 210 MHz, 405 MHz, 2.60 W, 65, 7925 MiB, 0x0000000000000001
2026/09/25 04:44:29.725, 0 %, 210 MHz, 405 MHz, 2.66 W, 65, 7925 MiB, 0x0000000000000001
2026/09/25 04:44:30.733, 0 %, 210 MHz, 405 MHz, 2.75 W, 65, 7925 MiB, 0x0000000000000001
2026/09/25 04:44:31.738, 0 %, 210 MHz, 405 MHz, 2.78 W, 65, 7925 MiB, 0x0000000000000001
2026/09/25 04:44:32.745, 0 %, 210 MHz, 405 MHz, 2.75 W, 65, 7925 MiB, 0x0000000000000001
2026/09/25 04:44:33.747, 0 %, 210 MHz, 405 MHz, 2.72 W, 65, 7925 MiB, 0x0000000000000001
2026/09/25 04:44:34.762, 0 %, 210 MHz, 405 MHz, 2.74 W, 65, 7925 MiB, 0x0000000000000001
2026/09/25 04:44:35.768, 0 %, 210 MHz, 405 MHz, 2.73 W, 65, 7925 MiB, 0x0000000000000001
2026/09/25 04:44:36.774, 0 %, 210 MHz, 405 MHz, 2.72 W, 65, 7925 MiB, 0x0000000000000001
2026/09/25 04:44:37.777, 0 %, 210 MHz, 405 MHz, 2.78 W, 64, 7925 MiB, 0x0000000000000001
2026/09/25 04:44:38.785, 0 %, 210 MHz, 405 MHz, 2.82 W, 64, 7925 MiB, 0x0000000000000001
2026/09/25 04:44:39.790, 0 %, 210 MHz, 405 MHz, 2.83 W, 64, 7925 MiB, 0x0000000000000001
2026/09/25 04:44:40.804, 0 %, 210 MHz, 405 MHz, 2.86 W, 64, 7925 MiB, 0x0000000000000001
2026/09/25 04:44:41.816, 0 %, 210 MHz, 405 MHz, 2.90 W, 64, 7925 MiB, 0x0000000000000001
2026/09/25 04:44:42.820, 0 %, 210 MHz, 405 MHz, 2.90 W, 64, 7925 MiB, 0x0000000000000001
2026/09/25 04:44:43.825, 0 %, 210 MHz, 405 MHz, 2.83 W, 64, 7925 MiB, 0x0000000000000001
2026/09/25 04:44:44.830, 0 %, 210 MHz, 405 MHz, 2.74 W, 64, 7925 MiB, 0x0000000000000001
2026/09/25 04:44:45.831, 0 %, 210 MHz, 405 MHz, 2.73 W, 64, 7925 MiB, 0x0000000000000001
2026/09/25 04:44:46.833, 0 %, 210 MHz, 405 MHz, 2.71 W, 64, 7925 MiB, 0x0000000000000001
2026/09/25 04:44:47.836, 0 %, 210 MHz, 405 MHz, 2.69 W, 64, 7925 MiB, 0x0000000000000001
2026/09/25 04:44:48.837, 0 %, 210 MHz, 405 MHz, 2.70 W, 64, 7925 MiB, 0x0000000000000001
2026/09/25 04:44:49.841, 0 %, 210 MHz, 405 MHz, 2.71 W, 64, 7925 MiB, 0x0000000000000001
2026/09/25 04:44:50.845, 0 %, 210 MHz, 405 MHz, 2.75 W, 64, 7925 MiB, 0x0000000000000001
2026/09/25 04:44:51.852, 0 %, 210 MHz, 405 MHz, 2.74 W, 64, 7925 MiB, 0x0000000000000001
2026/09/25 04:44:52.856, 0 %, 210 MHz, 405 MHz, 2.73 W, 64, 7925 MiB, 0x0000000000000001
2026/09/25 04:44:53.863, 0 %, 210 MHz, 405 MHz, 2.74 W, 64, 7925 MiB, 0x0000000000000001
2026/09/25 04:44:54.872, 0 %, 210 MHz, 405 MHz, 2.75 W, 64, 7925 MiB, 0x0000000000000001
2026/09/25 04:44:55.879, 0 %, 210 MHz, 405 MHz, 2.76 W, 64, 7925 MiB, 0x0000000000000001
2026/09/25 04:44:56.884, 0 %, 210 MHz, 405 MHz, 2.72 W, 64, 7925 MiB, 0x0000000000000001
2026/09/25 04:44:57.888, 0 %, 210 MHz, 405 MHz, 2.68 W, 64, 7925 MiB, 0x0000000000000001
2026/09/25 04:44:58.892, 0 %, 210 MHz, 405 MHz, 2.68 W, 64, 7925 MiB, 0x0000000000000001
2026/09/25 04:44:59.895, 0 %, 210 MHz, 405 MHz, 2.72 W, 64, 7925 MiB, 0x0000000000000001
2026/09/25 04:45:00.900, 0 %, 210 MHz, 405 MHz, 2.70 W, 64, 7925 MiB, 0x0000000000000001
2026/09/25 04:45:01.903, 0 %, 210 MHz, 405 MHz, 2.63 W, 64, 7925 MiB, 0x0000000000000001
2026/09/25 04:45:02.904, 0 %, 210 MHz, 405 MHz, 2.66 W, 64, 7925 MiB, 0x0000000000000001
2026/09/25 04:45:03.909, 0 %, 210 MHz, 405 MHz, 2.67 W, 64, 7925 MiB, 0x0000000000000001
2026/09/25 04:45:04.925, 0 %, 210 MHz, 405 MHz, 2.61 W, 64, 7925 MiB, 0x0000000000000001
2026/09/25 04:45:05.929, 0 %, 210 MHz, 405 MHz, 2.59 W, 64, 7925 MiB, 0x0000000000000001
2026/09/25 04:45:06.936, 0 %, 210 MHz, 405 MHz, 2.66 W, 64, 7925 MiB, 0x0000000000000001
2026/09/25 04:45:07.942, 0 %, 210 MHz, 405 MHz, 2.66 W, 63, 7925 MiB, 0x0000000000000001
2026/09/25 04:45:08.949, 0 %, 210 MHz, 405 MHz, 2.65 W, 63, 7925 MiB, 0x0000000000000001
2026/09/25 04:45:09.950, 0 %, 210 MHz, 405 MHz, 2.64 W, 63, 7925 MiB, 0x0000000000000001
2026/09/25 04:45:10.957, 0 %, 210 MHz, 405 MHz, 2.62 W, 63, 7925 MiB, 0x0000000000000001
2026/09/25 04:45:11.970, 0 %, 210 MHz, 405 MHz, 2.61 W, 63, 7925 MiB, 0x0000000000000001
2026/09/25 04:45:12.978, 0 %, 210 MHz, 405 MHz, 2.60 W, 63, 7925 MiB, 0x0000000000000001
2026/09/25 04:45:13.985, 0 %, 210 MHz, 405 MHz, 2.55 W, 63, 7925 MiB, 0x0000000000000001
2026/09/25 04:45:14.993, 0 %, 210 MHz, 405 MHz, 2.54 W, 63, 7925 MiB, 0x0000000000000001
2026/09/25 04:45:16.005, 0 %, 210 MHz, 405 MHz, 2.61 W, 63, 7925 MiB, 0x0000000000000001
2026/09/25 04:45:17.008, 0 %, 210 MHz, 405 MHz, 2.65 W, 63, 7925 MiB, 0x0000000000000001
2026/09/25 04:45:18.019, 0 %, 210 MHz, 405 MHz, 2.66 W, 63, 7925 MiB, 0x0000000000000001
2026/09/25 04:45:19.023, 0 %, 210 MHz, 405 MHz, 2.67 W, 63, 7925 MiB, 0x0000000000000001
2026/09/25 04:45:20.026, 0 %, 210 MHz, 405 MHz, 2.60 W, 63, 7925 MiB, 0x0000000000000001
2026/09/25 04:45:21.040, 0 %, 210 MHz, 405 MHz, 2.52 W, 63, 7925 MiB, 0x0000000000000001
2026/09/25 04:45:22.045, 0 %, 210 MHz, 405 MHz, 2.51 W, 63, 7925 MiB, 0x0000000000000001
2026/09/25 04:45:23.055, 0 %, 210 MHz, 405 MHz, 2.54 W, 63, 7925 MiB, 0x0000000000000001
2026/09/25 04:45:24.069, 0 %, 210 MHz, 405 MHz, 2.52 W, 63, 7925 MiB, 0x0000000000000001
2026/09/25 04:45:25.073, 0 %, 210 MHz, 405 MHz, 2.55 W, 63, 7925 MiB, 0x0000000000000001
2026/09/25 04:45:26.088, 0 %, 210 MHz, 405 MHz, 2.54 W, 63, 7925 MiB, 0x0000000000000001
2026/09/25 04:45:27.089, 0 %, 210 MHz, 405 MHz, 2.48 W, 63, 7925 MiB, 0x0000000000000001
2026/09/25 04:45:28.092, 0 %, 210 MHz, 405 MHz, 2.51 W, 63, 7925 MiB, 0x0000000000000001
2026/09/25 04:45:29.093, 0 %, 210 MHz, 405 MHz, 2.52 W, 63, 7925 MiB, 0x0000000000000001
2026/09/25 04:45:30.108, 0 %, 210 MHz, 405 MHz, 2.52 W, 63, 7925 MiB, 0x0000000000000001
2026/09/25 04:45:31.111, 0 %, 210 MHz, 405 MHz, 2.57 W, 63, 7925 MiB, 0x0000000000000001
2026/09/25 04:45:32.123, 0 %, 210 MHz, 405 MHz, 2.64 W, 63, 7925 MiB, 0x0000000000000001
2026/09/25 04:45:33.131, 0 %, 210 MHz, 405 MHz, 2.66 W, 63, 7925 MiB, 0x0000000000000001
2026/09/25 04:45:34.138, 0 %, 210 MHz, 405 MHz, 2.68 W, 63, 7925 MiB, 0x0000000000000001
2026/09/25 04:45:35.142, 0 %, 210 MHz, 405 MHz, 2.66 W, 63, 7925 MiB, 0x0000000000000001
2026/09/25 04:45:36.151, 0 %, 210 MHz, 405 MHz, 2.67 W, 63, 7925 MiB, 0x0000000000000001
2026/09/25 04:45:37.160, 0 %, 210 MHz, 405 MHz, 2.71 W, 63, 7925 MiB, 0x0000000000000001
2026/09/25 04:45:38.170, 0 %, 210 MHz, 405 MHz, 2.70 W, 63, 7925 MiB, 0x0000000000000001
2026/09/25 04:45:39.171, 0 %, 210 MHz, 405 MHz, 2.68 W, 63, 7925 MiB, 0x0000000000000001
2026/09/25 04:45:40.175, 0 %, 210 MHz, 405 MHz, 2.63 W, 62, 7925 MiB, 0x0000000000000001
2026/09/25 04:45:41.179, 0 %, 210 MHz, 405 MHz, 2.65 W, 62, 7925 MiB, 0x0000000000000001
2026/09/25 04:45:42.181, 0 %, 210 MHz, 405 MHz, 2.65 W, 62, 7925 MiB, 0x0000000000000001
2026/09/25 04:45:43.199, 0 %, 210 MHz, 405 MHz, 2.69 W, 62, 7925 MiB, 0x0000000000000001
2026/09/25 04:45:44.203, 0 %, 210 MHz, 405 MHz, 2.77 W, 62, 7925 MiB, 0x0000000000000001
2026/09/25 04:45:45.207, 0 %, 210 MHz, 405 MHz, 2.80 W, 62, 7925 MiB, 0x0000000000000001
2026/09/25 04:45:46.220, 0 %, 210 MHz, 405 MHz, 2.80 W, 62, 7925 MiB, 0x0000000000000001
2026/09/25 04:45:47.225, 0 %, 210 MHz, 405 MHz, 2.81 W, 62, 7925 MiB, 0x0000000000000001
2026/09/25 04:45:48.230, 0 %, 210 MHz, 405 MHz, 2.80 W, 62, 7925 MiB, 0x0000000000000001
2026/09/25 04:45:49.234, 0 %, 210 MHz, 405 MHz, 2.76 W, 62, 7925 MiB, 0x0000000000000001
2026/09/25 04:45:50.242, 0 %, 210 MHz, 405 MHz, 2.76 W, 62, 7925 MiB, 0x0000000000000001
2026/09/25 04:45:51.245, 0 %, 210 MHz, 405 MHz, 2.76 W, 62, 7925 MiB, 0x0000000000000001
2026/09/25 04:45:52.250, 0 %, 210 MHz, 405 MHz, 2.75 W, 62, 7925 MiB, 0x0000000000000001
2026/09/25 04:45:53.252, 0 %, 210 MHz, 405 MHz, 2.70 W, 62, 7925 MiB, 0x0000000000000001
2026/09/25 04:45:54.254, 0 %, 210 MHz, 405 MHz, 2.67 W, 62, 7925 MiB, 0x0000000000000001
2026/09/25 04:45:55.264, 0 %, 210 MHz, 405 MHz, 2.74 W, 62, 7925 MiB, 0x0000000000000001
2026/09/25 04:45:56.279, 0 %, 210 MHz, 405 MHz, 2.77 W, 62, 7925 MiB, 0x0000000000000001
2026/09/25 04:45:57.280, 0 %, 210 MHz, 405 MHz, 2.70 W, 62, 7925 MiB, 0x0000000000000001
2026/09/25 04:45:58.285, 0 %, 210 MHz, 405 MHz, 2.72 W, 62, 7925 MiB, 0x0000000000000001
2026/09/25 04:45:59.291, 0 %, 210 MHz, 405 MHz, 2.73 W, 62, 7925 MiB, 0x0000000000000001
2026/09/25 04:46:00.298, 0 %, 210 MHz, 405 MHz, 2.74 W, 62, 7925 MiB, 0x0000000000000001
2026/09/25 04:46:01.303, 0 %, 210 MHz, 405 MHz, 2.77 W, 62, 7925 MiB, 0x0000000000000001
2026/09/25 04:46:02.305, 0 %, 210 MHz, 405 MHz, 2.77 W, 62, 7925 MiB, 0x0000000000000001
2026/09/25 04:46:03.319, 0 %, 210 MHz, 405 MHz, 2.71 W, 62, 7925 MiB, 0x0000000000000001
2026/09/25 04:46:04.333, 0 %, 210 MHz, 405 MHz, 2.73 W, 62, 7925 MiB, 0x0000000000000001
2026/09/25 04:46:05.344, 0 %, 210 MHz, 405 MHz, 2.76 W, 62, 7925 MiB, 0x0000000000000001
2026/09/25 04:46:06.357, 0 %, 210 MHz, 405 MHz, 2.86 W, 62, 7925 MiB, 0x0000000000000001
2026/09/25 04:46:07.362, 0 %, 210 MHz, 405 MHz, 2.83 W, 62, 7925 MiB, 0x0000000000000001
2026/09/25 04:46:08.365, 0 %, 210 MHz, 405 MHz, 2.77 W, 62, 7925 MiB, 0x0000000000000001
2026/09/25 04:46:09.370, 0 %, 210 MHz, 405 MHz, 2.75 W, 62, 7925 MiB, 0x0000000000000001
2026/09/25 04:46:10.374, 0 %, 210 MHz, 405 MHz, 2.75 W, 62, 7925 MiB, 0x0000000000000001
2026/09/25 04:46:11.382, 0 %, 210 MHz, 405 MHz, 2.86 W, 62, 7925 MiB, 0x0000000000000001
2026/09/25 04:46:12.391, 0 %, 210 MHz, 405 MHz, 2.91 W, 62, 7925 MiB, 0x0000000000000001
2026/09/25 04:46:13.399, 0 %, 210 MHz, 405 MHz, 2.89 W, 62, 7925 MiB, 0x0000000000000001
2026/09/25 04:46:14.401, 0 %, 210 MHz, 405 MHz, 2.79 W, 62, 7925 MiB, 0x0000000000000001
2026/09/25 04:46:15.403, 0 %, 210 MHz, 405 MHz, 2.78 W, 62, 7925 MiB, 0x0000000000000001
2026/09/25 04:46:16.408, 0 %, 210 MHz, 405 MHz, 2.83 W, 62, 7925 MiB, 0x0000000000000001
2026/09/25 04:46:17.415, 0 %, 210 MHz, 405 MHz, 2.88 W, 62, 7925 MiB, 0x0000000000000001
2026/09/25 04:46:18.423, 0 %, 210 MHz, 405 MHz, 2.88 W, 61, 7925 MiB, 0x0000000000000001
2026/09/25 04:46:19.426, 0 %, 210 MHz, 405 MHz, 2.87 W, 61, 7925 MiB, 0x0000000000000001
2026/09/25 04:46:20.429, 0 %, 210 MHz, 405 MHz, 2.86 W, 61, 7925 MiB, 0x0000000000000001
2026/09/25 04:46:21.445, 0 %, 210 MHz, 405 MHz, 2.87 W, 61, 7925 MiB, 0x0000000000000001
2026/09/25 04:46:22.447, 0 %, 210 MHz, 405 MHz, 2.79 W, 61, 7925 MiB, 0x0000000000000001
2026/09/25 04:46:23.454, 0 %, 210 MHz, 405 MHz, 2.83 W, 61, 7925 MiB, 0x0000000000000001
2026/09/25 04:46:24.461, 0 %, 210 MHz, 405 MHz, 2.81 W, 61, 7925 MiB, 0x0000000000000001
2026/09/25 04:46:25.471, 0 %, 210 MHz, 405 MHz, 2.77 W, 61, 7925 MiB, 0x0000000000000001
2026/09/25 04:46:26.477, 0 %, 210 MHz, 405 MHz, 2.80 W, 61, 7925 MiB, 0x0000000000000001
2026/09/25 04:46:27.492, 0 %, 210 MHz, 405 MHz, 2.82 W, 61, 7925 MiB, 0x0000000000000001
2026/09/25 04:46:28.506, 0 %, 210 MHz, 405 MHz, 2.79 W, 61, 7925 MiB, 0x0000000000000001
2026/09/25 04:46:29.512, 0 %, 210 MHz, 405 MHz, 2.78 W, 61, 7925 MiB, 0x0000000000000001
2026/09/25 04:46:30.519, 0 %, 210 MHz, 405 MHz, 2.82 W, 61, 7925 MiB, 0x0000000000000001
2026/09/25 04:46:31.525, 0 %, 210 MHz, 405 MHz, 2.87 W, 61, 7925 MiB, 0x0000000000000001
2026/09/25 04:46:32.532, 0 %, 210 MHz, 405 MHz, 2.89 W, 61, 7925 MiB, 0x0000000000000001
2026/09/25 04:46:33.536, 0 %, 210 MHz, 405 MHz, 2.86 W, 61, 7925 MiB, 0x0000000000000001
2026/09/25 04:46:34.542, 0 %, 210 MHz, 405 MHz, 2.86 W, 61, 7925 MiB, 0x0000000000000001
2026/09/25 04:46:35.546, 0 %, 210 MHz, 405 MHz, 2.91 W, 61, 7925 MiB, 0x0000000000000001
2026/09/25 04:46:36.560, 0 %, 210 MHz, 405 MHz, 2.94 W, 61, 7925 MiB, 0x0000000000000001
2026/09/25 04:46:37.564, 0 %, 210 MHz, 405 MHz, 2.92 W, 61, 7925 MiB, 0x0000000000000001
2026/09/25 04:46:38.567, 0 %, 210 MHz, 405 MHz, 2.91 W, 61, 7925 MiB, 0x0000000000000001
2026/09/25 04:46:39.571, 0 %, 210 MHz, 405 MHz, 2.92 W, 61, 7925 MiB, 0x0000000000000001
2026/09/25 04:46:40.577, 0 %, 210 MHz, 405 MHz, 2.92 W, 61, 7925 MiB, 0x0000000000000001
2026/09/25 04:46:41.589, 0 %, 210 MHz, 405 MHz, 2.89 W, 61, 7925 MiB, 0x0000000000000001
2026/09/25 04:46:42.594, 0 %, 210 MHz, 405 MHz, 2.92 W, 61, 7925 MiB, 0x0000000000000001
2026/09/25 04:46:43.600, 0 %, 210 MHz, 405 MHz, 2.92 W, 61, 7925 MiB, 0x0000000000000001
2026/09/25 04:46:44.603, 0 %, 210 MHz, 405 MHz, 2.87 W, 61, 7925 MiB, 0x0000000000000001
2026/09/25 04:46:45.608, 0 %, 210 MHz, 405 MHz, 2.85 W, 61, 7925 MiB, 0x0000000000000001
2026/09/25 04:46:46.612, 0 %, 210 MHz, 405 MHz, 2.76 W, 61, 7925 MiB, 0x0000000000000001
2026/09/25 04:46:47.617, 97 %, 2565 MHz, 8001 MHz, 31.83 W, 62, 7925 MiB, 0x0000000000000000
2026/09/25 04:46:48.621, 100 %, 2565 MHz, 8001 MHz, 39.95 W, 65, 7925 MiB, 0x0000000000000000
2026/09/25 04:46:49.626, 100 %, 2565 MHz, 8001 MHz, 41.67 W, 66, 7925 MiB, 0x0000000000000000
2026/09/25 04:46:50.632, 100 %, 2565 MHz, 8001 MHz, 39.38 W, 66, 7925 MiB, 0x0000000000000000
2026/09/25 04:46:51.637, 100 %, 2565 MHz, 8001 MHz, 40.37 W, 66, 7925 MiB, 0x0000000000000000
2026/09/25 04:46:52.648, 100 %, 2565 MHz, 8001 MHz, 36.82 W, 65, 7925 MiB, 0x0000000000000000
2026/09/25 04:46:53.655, 100 %, 2565 MHz, 8001 MHz, 38.72 W, 66, 7925 MiB, 0x0000000000000000
2026/09/25 04:46:54.662, 100 %, 2565 MHz, 8001 MHz, 39.68 W, 66, 7925 MiB, 0x0000000000000000
2026/09/25 04:46:55.670, 100 %, 2565 MHz, 8001 MHz, 42.52 W, 67, 7925 MiB, 0x0000000000000000
2026/09/25 04:46:56.673, 100 %, 2565 MHz, 8001 MHz, 38.72 W, 67, 7925 MiB, 0x0000000000000000
2026/09/25 04:46:57.678, 100 %, 2565 MHz, 8001 MHz, 42.42 W, 67, 7925 MiB, 0x0000000000000000
2026/09/25 04:46:58.683, 100 %, 2565 MHz, 8001 MHz, 33.99 W, 66, 7925 MiB, 0x0000000000000000
2026/09/25 04:46:59.686, 100 %, 2565 MHz, 8001 MHz, 42.17 W, 67, 7925 MiB, 0x0000000000000000
2026/09/25 04:47:00.690, 100 %, 2565 MHz, 8001 MHz, 38.78 W, 68, 7925 MiB, 0x0000000000000000
2026/09/25 04:47:01.698, 100 %, 2565 MHz, 8001 MHz, 36.83 W, 68, 7925 MiB, 0x0000000000000000
2026/09/25 04:47:02.704, 100 %, 2565 MHz, 8001 MHz, 36.56 W, 67, 7925 MiB, 0x0000000000000000
2026/09/25 04:47:03.707, 100 %, 2565 MHz, 8001 MHz, 40.66 W, 69, 7925 MiB, 0x0000000000000000
2026/09/25 04:47:04.722, 100 %, 2565 MHz, 8001 MHz, 35.85 W, 69, 7925 MiB, 0x0000000000000000
2026/09/25 04:47:05.725, 100 %, 2565 MHz, 8001 MHz, 39.27 W, 67, 7925 MiB, 0x0000000000000000
2026/09/25 04:47:06.727, 100 %, 2565 MHz, 8001 MHz, 39.45 W, 69, 7925 MiB, 0x0000000000000000
2026/09/25 04:47:07.732, 100 %, 2565 MHz, 8001 MHz, 37.01 W, 69, 7925 MiB, 0x0000000000000000
2026/09/25 04:47:08.738, 100 %, 2565 MHz, 8001 MHz, 42.57 W, 68, 7925 MiB, 0x0000000000000000
2026/09/25 04:47:09.744, 100 %, 2565 MHz, 8001 MHz, 42.44 W, 70, 7925 MiB, 0x0000000000000000
2026/09/25 04:47:10.752, 100 %, 2565 MHz, 8001 MHz, 35.88 W, 68, 7925 MiB, 0x0000000000000000
2026/09/25 04:47:11.760, 100 %, 2565 MHz, 8001 MHz, 41.31 W, 70, 7925 MiB, 0x0000000000000000
2026/09/25 04:47:12.769, 100 %, 2565 MHz, 8001 MHz, 37.65 W, 69, 7925 MiB, 0x0000000000000000
2026/09/25 04:47:13.779, 100 %, 2565 MHz, 8001 MHz, 47.05 W, 70, 7925 MiB, 0x0000000000000000
2026/09/25 04:47:14.786, 100 %, 2565 MHz, 8001 MHz, 35.31 W, 70, 7925 MiB, 0x0000000000000000
2026/09/25 04:47:15.794, 100 %, 2565 MHz, 8001 MHz, 32.00 W, 69, 7925 MiB, 0x0000000000000000
2026/09/25 04:47:16.798, 100 %, 2565 MHz, 8001 MHz, 36.88 W, 71, 7925 MiB, 0x0000000000000000
2026/09/25 04:47:17.802, 100 %, 2565 MHz, 8001 MHz, 34.14 W, 69, 7925 MiB, 0x0000000000000000
2026/09/25 04:47:18.818, 100 %, 2565 MHz, 8001 MHz, 47.22 W, 71, 7925 MiB, 0x0000000000000000
2026/09/25 04:47:19.833, 100 %, 2565 MHz, 8001 MHz, 33.25 W, 70, 7925 MiB, 0x0000000000000000
2026/09/25 04:47:20.836, 100 %, 2550 MHz, 8001 MHz, 41.66 W, 72, 7925 MiB, 0x0000000000000000
2026/09/25 04:47:21.838, 100 %, 2550 MHz, 8001 MHz, 43.52 W, 70, 7925 MiB, 0x0000000000000000
2026/09/25 04:47:22.844, 100 %, 2550 MHz, 8001 MHz, 38.63 W, 72, 7925 MiB, 0x0000000000000000
2026/09/25 04:47:23.861, 100 %, 2550 MHz, 8001 MHz, 31.96 W, 70, 7925 MiB, 0x0000000000000000
2026/09/25 04:47:24.864, 100 %, 2550 MHz, 8001 MHz, 37.72 W, 72, 7925 MiB, 0x0000000000000000
2026/09/25 04:47:25.869, 100 %, 2550 MHz, 8001 MHz, 34.14 W, 71, 7925 MiB, 0x0000000000000000
2026/09/25 04:47:26.886, 100 %, 2550 MHz, 8001 MHz, 48.78 W, 72, 7925 MiB, 0x0000000000000000
2026/09/25 04:47:27.888, 100 %, 2550 MHz, 8001 MHz, 42.97 W, 71, 7925 MiB, 0x0000000000000000
2026/09/25 04:47:28.894, 99 %, 2550 MHz, 8001 MHz, 34.79 W, 72, 7925 MiB, 0x0000000000000000
2026/09/25 04:47:29.902, 100 %, 2550 MHz, 8001 MHz, 50.83 W, 72, 7925 MiB, 0x0000000000000000
2026/09/25 04:47:30.911, 100 %, 2550 MHz, 8001 MHz, 33.14 W, 71, 7925 MiB, 0x0000000000000000
2026/09/25 04:47:31.922, 100 %, 2550 MHz, 8001 MHz, 50.92 W, 73, 7925 MiB, 0x0000000000000000
2026/09/25 04:47:32.937, 100 %, 2550 MHz, 8001 MHz, 37.60 W, 71, 7925 MiB, 0x0000000000000000
2026/09/25 04:47:33.946, 100 %, 2550 MHz, 8001 MHz, 41.83 W, 74, 7925 MiB, 0x0000000000000000
2026/09/25 04:47:34.953, 100 %, 2550 MHz, 8001 MHz, 43.23 W, 72, 7925 MiB, 0x0000000000000000
2026/09/25 04:47:35.962, 100 %, 2550 MHz, 8001 MHz, 36.98 W, 74, 7925 MiB, 0x0000000000000000
2026/09/25 04:47:36.970, 100 %, 2550 MHz, 8001 MHz, 48.31 W, 72, 7925 MiB, 0x0000000000000000
2026/09/25 04:47:37.975, 100 %, 2550 MHz, 8001 MHz, 33.51 W, 72, 7925 MiB, 0x0000000000000000
2026/09/25 04:47:38.988, 100 %, 2550 MHz, 8001 MHz, 51.71 W, 74, 7925 MiB, 0x0000000000000000
2026/09/25 04:47:40.000, 100 %, 2550 MHz, 8001 MHz, 34.06 W, 72, 7925 MiB, 0x0000000000000000
2026/09/25 04:47:41.006, 100 %, 2550 MHz, 8001 MHz, 41.06 W, 75, 7925 MiB, 0x0000000000000000
2026/09/25 04:47:42.013, 100 %, 2550 MHz, 8001 MHz, 34.30 W, 73, 7925 MiB, 0x0000000000000000
2026/09/25 04:47:43.018, 100 %, 2550 MHz, 8001 MHz, 34.47 W, 73, 7925 MiB, 0x0000000000000000
2026/09/25 04:47:44.025, 100 %, 2550 MHz, 8001 MHz, 52.02 W, 75, 7925 MiB, 0x0000000000000000
2026/09/25 04:47:45.026, 100 %, 2550 MHz, 8001 MHz, 32.20 W, 73, 7925 MiB, 0x0000000000000000
2026/09/25 04:47:46.033, 100 %, 2550 MHz, 8001 MHz, 43.04 W, 75, 7925 MiB, 0x0000000000000000
2026/09/25 04:47:47.036, 100 %, 2550 MHz, 8001 MHz, 33.76 W, 74, 7925 MiB, 0x0000000000000000
2026/09/25 04:47:48.041, 100 %, 2550 MHz, 8001 MHz, 33.20 W, 73, 7925 MiB, 0x0000000000000000
2026/09/25 04:47:49.047, 100 %, 2550 MHz, 8001 MHz, 51.03 W, 75, 7925 MiB, 0x0000000000000000
2026/09/25 04:47:50.054, 100 %, 2550 MHz, 8001 MHz, 33.81 W, 73, 7925 MiB, 0x0000000000000000
2026/09/25 04:47:51.056, 100 %, 2550 MHz, 8001 MHz, 39.93 W, 76, 7925 MiB, 0x0000000000000000
2026/09/25 04:47:52.062, 100 %, 2550 MHz, 8001 MHz, 50.36 W, 74, 7925 MiB, 0x0000000000000000
2026/09/25 04:47:53.068, 100 %, 2550 MHz, 8001 MHz, 33.58 W, 74, 7925 MiB, 0x0000000000000000
2026/09/25 04:47:54.075, 100 %, 2550 MHz, 8001 MHz, 44.49 W, 76, 7925 MiB, 0x0000000000000000
2026/09/25 04:47:55.085, 100 %, 2550 MHz, 8001 MHz, 37.09 W, 74, 7925 MiB, 0x0000000000000000
2026/09/25 04:47:56.089, 100 %, 2550 MHz, 8001 MHz, 33.32 W, 74, 7925 MiB, 0x0000000000000000
2026/09/25 04:47:57.095, 100 %, 2550 MHz, 8001 MHz, 50.84 W, 76, 7925 MiB, 0x0000000000000000
2026/09/25 04:47:58.104, 100 %, 2550 MHz, 8001 MHz, 36.73 W, 74, 7925 MiB, 0x0000000000000000
2026/09/25 04:47:59.107, 100 %, 2550 MHz, 8001 MHz, 38.50 W, 76, 7925 MiB, 0x0000000000000000
2026/09/25 04:48:00.113, 100 %, 2550 MHz, 8001 MHz, 54.32 W, 77, 7925 MiB, 0x0000000000000000
2026/09/25 04:48:01.120, 100 %, 2550 MHz, 8001 MHz, 34.31 W, 75, 7925 MiB, 0x0000000000000000
2026/09/25 04:48:02.128, 100 %, 2550 MHz, 8001 MHz, 40.50 W, 77, 7925 MiB, 0x0000000000000000
2026/09/25 04:48:03.130, 100 %, 2550 MHz, 8001 MHz, 42.69 W, 75, 7925 MiB, 0x0000000000000000
2026/09/25 04:48:04.136, 100 %, 2550 MHz, 8001 MHz, 33.92 W, 75, 7925 MiB, 0x0000000000000000
2026/09/25 04:48:05.143, 100 %, 2550 MHz, 8001 MHz, 42.61 W, 77, 7925 MiB, 0x0000000000000000
2026/09/25 04:48:06.153, 100 %, 2550 MHz, 8001 MHz, 50.31 W, 76, 7925 MiB, 0x0000000000000000
2026/09/25 04:48:07.157, 100 %, 2550 MHz, 8001 MHz, 33.65 W, 75, 7925 MiB, 0x0000000000000000
2026/09/25 04:48:08.159, 100 %, 2550 MHz, 8001 MHz, 54.89 W, 78, 7925 MiB, 0x0000000000000000
2026/09/25 04:48:09.163, 100 %, 2550 MHz, 8001 MHz, 34.74 W, 75, 7925 MiB, 0x0000000000000000
2026/09/25 04:48:10.165, 100 %, 2550 MHz, 8001 MHz, 36.31 W, 75, 7925 MiB, 0x0000000000000000
2026/09/25 04:48:11.168, 100 %, 2550 MHz, 8001 MHz, 55.49 W, 78, 7925 MiB, 0x0000000000000000
2026/09/25 04:48:12.173, 100 %, 2550 MHz, 8001 MHz, 34.26 W, 76, 7925 MiB, 0x0000000000000000
2026/09/25 04:48:13.175, 100 %, 2550 MHz, 8001 MHz, 33.81 W, 75, 7925 MiB, 0x0000000000000000
2026/09/25 04:48:14.177, 100 %, 2550 MHz, 8001 MHz, 56.94 W, 78, 7925 MiB, 0x0000000000000000
2026/09/25 04:48:15.189, 100 %, 2550 MHz, 8001 MHz, 41.96 W, 76, 7925 MiB, 0x0000000000000000
2026/09/25 04:48:16.194, 100 %, 2550 MHz, 8001 MHz, 33.92 W, 76, 7925 MiB, 0x0000000000000000
2026/09/25 04:48:17.209, 100 %, 2550 MHz, 8001 MHz, 50.64 W, 79, 7925 MiB, 0x0000000000000000
2026/09/25 04:48:18.214, 100 %, 2550 MHz, 8001 MHz, 43.10 W, 76, 7925 MiB, 0x0000000000000000
2026/09/25 04:48:19.218, 100 %, 2550 MHz, 8001 MHz, 34.12 W, 76, 7925 MiB, 0x0000000000000000
2026/09/25 04:48:20.225, 100 %, 2550 MHz, 8001 MHz, 56.64 W, 79, 7925 MiB, 0x0000000000000000
2026/09/25 04:48:21.231, 100 %, 2550 MHz, 8001 MHz, 33.31 W, 76, 7925 MiB, 0x0000000000000000
2026/09/25 04:48:22.239, 100 %, 2550 MHz, 8001 MHz, 33.95 W, 76, 7925 MiB, 0x0000000000000000
2026/09/25 04:48:23.243, 100 %, 2550 MHz, 8001 MHz, 44.93 W, 79, 7925 MiB, 0x0000000000000000
2026/09/25 04:48:24.245, 100 %, 2550 MHz, 8001 MHz, 52.08 W, 77, 7925 MiB, 0x0000000000000000
2026/09/25 04:48:25.250, 100 %, 2550 MHz, 8001 MHz, 33.42 W, 76, 7925 MiB, 0x0000000000000000
2026/09/25 04:48:26.258, 100 %, 2550 MHz, 8001 MHz, 40.52 W, 79, 7925 MiB, 0x0000000000000000
2026/09/25 04:48:27.266, 100 %, 2550 MHz, 8001 MHz, 56.55 W, 79, 7925 MiB, 0x0000000000000000
2026/09/25 04:48:28.273, 100 %, 2550 MHz, 8001 MHz, 34.35 W, 77, 7925 MiB, 0x0000000000000000
2026/09/25 04:48:29.276, 100 %, 2550 MHz, 8001 MHz, 33.49 W, 77, 7925 MiB, 0x0000000000000000
2026/09/25 04:48:30.281, 100 %, 2550 MHz, 8001 MHz, 56.43 W, 79, 7925 MiB, 0x0000000000000000
2026/09/25 04:48:31.285, 100 %, 2550 MHz, 8001 MHz, 34.73 W, 77, 7925 MiB, 0x0000000000000000
2026/09/25 04:48:32.287, 100 %, 2550 MHz, 8001 MHz, 34.24 W, 77, 7925 MiB, 0x0000000000000000
2026/09/25 04:48:33.291, 100 %, 2550 MHz, 8001 MHz, 51.50 W, 80, 7925 MiB, 0x0000000000000000
2026/09/25 04:48:34.297, 100 %, 2550 MHz, 8001 MHz, 45.39 W, 78, 7925 MiB, 0x0000000000000000
2026/09/25 04:48:35.307, 100 %, 2550 MHz, 8001 MHz, 34.62 W, 77, 7925 MiB, 0x0000000000000000
2026/09/25 04:48:36.309, 100 %, 2550 MHz, 8001 MHz, 38.22 W, 80, 7925 MiB, 0x0000000000000000
2026/09/25 04:48:37.314, 100 %, 2550 MHz, 8001 MHz, 57.58 W, 80, 7925 MiB, 0x0000000000000000
2026/09/25 04:48:38.321, 100 %, 2550 MHz, 8001 MHz, 34.28 W, 78, 7925 MiB, 0x0000000000000000
2026/09/25 04:48:39.328, 100 %, 2550 MHz, 8001 MHz, 34.81 W, 77, 7925 MiB, 0x0000000000000000
2026/09/25 04:48:40.330, 100 %, 2550 MHz, 8001 MHz, 57.00 W, 80, 7925 MiB, 0x0000000000000000
2026/09/25 04:48:41.334, 100 %, 2550 MHz, 8001 MHz, 34.09 W, 78, 7925 MiB, 0x0000000000000000
2026/09/25 04:48:42.337, 100 %, 2550 MHz, 8001 MHz, 34.01 W, 78, 7925 MiB, 0x0000000000000000
2026/09/25 04:48:43.340, 100 %, 2550 MHz, 8001 MHz, 57.82 W, 80, 7925 MiB, 0x0000000000000000
2026/09/25 04:48:44.341, 100 %, 2550 MHz, 8001 MHz, 57.50 W, 81, 7925 MiB, 0x0000000000000000
2026/09/25 04:48:45.345, 100 %, 2550 MHz, 8001 MHz, 35.03 W, 78, 7925 MiB, 0x0000000000000000
2026/09/25 04:48:46.349, 100 %, 2550 MHz, 8001 MHz, 34.53 W, 78, 7925 MiB, 0x0000000000000000
2026/09/25 04:48:47.354, 100 %, 2550 MHz, 8001 MHz, 57.65 W, 81, 7925 MiB, 0x0000000000000000
2026/09/25 04:48:48.357, 100 %, 2550 MHz, 8001 MHz, 53.25 W, 79, 7925 MiB, 0x0000000000000000
2026/09/25 04:48:49.362, 100 %, 2550 MHz, 8001 MHz, 34.11 W, 78, 7925 MiB, 0x0000000000000000
2026/09/25 04:48:50.369, 100 %, 2550 MHz, 8001 MHz, 34.05 W, 78, 7925 MiB, 0x0000000000000000
2026/09/25 04:48:51.371, 100 %, 2550 MHz, 8001 MHz, 55.16 W, 81, 7925 MiB, 0x0000000000000000
2026/09/25 04:48:52.376, 100 %, 2550 MHz, 8001 MHz, 41.54 W, 79, 7925 MiB, 0x0000000000000000
2026/09/25 04:48:53.380, 100 %, 2550 MHz, 8001 MHz, 34.73 W, 79, 7925 MiB, 0x0000000000000000
2026/09/25 04:48:54.381, 100 %, 2550 MHz, 8001 MHz, 43.96 W, 81, 7925 MiB, 0x0000000000000000
2026/09/25 04:48:55.387, 100 %, 2550 MHz, 8001 MHz, 58.45 W, 82, 7925 MiB, 0x0000000000000000
2026/09/25 04:48:56.393, 100 %, 2550 MHz, 8001 MHz, 35.39 W, 79, 7925 MiB, 0x0000000000000000
2026/09/25 04:48:57.395, 100 %, 2550 MHz, 8001 MHz, 34.89 W, 79, 7925 MiB, 0x0000000000000000
2026/09/25 04:48:58.400, 100 %, 2550 MHz, 8001 MHz, 57.20 W, 81, 7925 MiB, 0x0000000000000000
2026/09/25 04:48:59.402, 100 %, 2550 MHz, 8001 MHz, 57.52 W, 80, 7925 MiB, 0x0000000000000000
2026/09/25 04:49:00.404, 100 %, 2550 MHz, 8001 MHz, 34.98 W, 79, 7925 MiB, 0x0000000000000000
2026/09/25 04:49:01.408, 100 %, 2550 MHz, 8001 MHz, 35.10 W, 79, 7925 MiB, 0x0000000000000000
2026/09/25 04:49:02.412, 100 %, 2550 MHz, 8001 MHz, 50.91 W, 82, 7925 MiB, 0x0000000000000000
2026/09/25 04:49:03.416, 100 %, 2550 MHz, 8001 MHz, 51.45 W, 80, 7925 MiB, 0x0000000000000000
2026/09/25 04:49:04.418, 100 %, 2550 MHz, 8001 MHz, 35.23 W, 79, 7925 MiB, 0x0000000000000000
2026/09/25 04:49:05.422, 100 %, 2550 MHz, 8001 MHz, 34.96 W, 79, 7925 MiB, 0x0000000000000000
2026/09/25 04:49:06.425, 100 %, 2550 MHz, 8001 MHz, 59.15 W, 83, 7925 MiB, 0x0000000000000000
2026/09/25 04:49:07.429, 100 %, 2550 MHz, 8001 MHz, 50.70 W, 80, 7925 MiB, 0x0000000000000000
2026/09/25 04:49:08.434, 100 %, 2550 MHz, 8001 MHz, 35.42 W, 80, 7925 MiB, 0x0000000000000000
2026/09/25 04:49:09.438, 100 %, 2550 MHz, 8001 MHz, 35.18 W, 81, 7925 MiB, 0x0000000000000000
2026/09/25 04:49:10.440, 100 %, 2550 MHz, 8001 MHz, 59.96 W, 83, 7925 MiB, 0x0000000000000000
2026/09/25 04:49:11.447, 100 %, 2550 MHz, 8001 MHz, 35.79 W, 80, 7925 MiB, 0x0000000000000000
2026/09/25 04:49:12.455, 100 %, 2550 MHz, 8001 MHz, 35.30 W, 80, 7925 MiB, 0x0000000000000000
2026/09/25 04:49:13.459, 100 %, 2550 MHz, 8001 MHz, 40.47 W, 82, 7925 MiB, 0x0000000000000000
2026/09/25 04:49:14.462, 100 %, 2550 MHz, 8001 MHz, 59.53 W, 82, 7925 MiB, 0x0000000000000000
2026/09/25 04:49:15.466, 100 %, 2550 MHz, 8001 MHz, 34.91 W, 80, 7925 MiB, 0x0000000000000000
2026/09/25 04:49:16.472, 100 %, 2550 MHz, 8001 MHz, 35.53 W, 80, 7925 MiB, 0x0000000000000000
2026/09/25 04:49:17.478, 100 %, 2550 MHz, 8001 MHz, 36.25 W, 82, 7925 MiB, 0x0000000000000000
2026/09/25 04:49:18.480, 100 %, 2550 MHz, 8001 MHz, 58.31 W, 83, 7925 MiB, 0x0000000000000000
2026/09/25 04:49:19.482, 100 %, 2550 MHz, 8001 MHz, 36.82 W, 81, 7925 MiB, 0x0000000000000000
2026/09/25 04:49:20.487, 100 %, 2550 MHz, 8001 MHz, 35.51 W, 81, 7925 MiB, 0x0000000000000000
2026/09/25 04:49:21.492, 100 %, 2550 MHz, 8001 MHz, 34.99 W, 82, 7925 MiB, 0x0000000000000000
2026/09/25 04:49:22.499, 100 %, 2550 MHz, 8001 MHz, 51.45 W, 83, 7925 MiB, 0x0000000000000000
2026/09/25 04:49:23.504, 100 %, 2550 MHz, 8001 MHz, 50.30 W, 81, 7925 MiB, 0x0000000000000000
2026/09/25 04:49:24.509, 100 %, 2550 MHz, 8001 MHz, 35.40 W, 81, 7925 MiB, 0x0000000000000000
2026/09/25 04:49:25.510, 100 %, 2550 MHz, 8001 MHz, 35.65 W, 81, 7925 MiB, 0x0000000000000000
2026/09/25 04:49:26.513, 100 %, 2550 MHz, 8001 MHz, 59.46 W, 84, 7925 MiB, 0x0000000000000000
2026/09/25 04:49:27.518, 100 %, 2550 MHz, 8001 MHz, 54.09 W, 81, 7925 MiB, 0x0000000000000000
2026/09/25 04:49:28.520, 100 %, 2550 MHz, 8001 MHz, 35.17 W, 81, 7925 MiB, 0x0000000000000000
2026/09/25 04:49:29.523, 100 %, 2550 MHz, 8001 MHz, 36.38 W, 81, 7925 MiB, 0x0000000000000000
2026/09/25 04:49:30.525, 100 %, 2550 MHz, 8001 MHz, 60.33 W, 84, 7925 MiB, 0x0000000000000000
2026/09/25 04:49:31.526, 100 %, 2550 MHz, 8001 MHz, 44.20 W, 82, 7925 MiB, 0x0000000000000000
2026/09/25 04:49:32.528, 100 %, 2550 MHz, 8001 MHz, 37.39 W, 81, 7925 MiB, 0x0000000000000000
2026/09/25 04:49:33.531, 100 %, 2550 MHz, 8001 MHz, 35.25 W, 81, 7925 MiB, 0x0000000000000000
2026/09/25 04:49:34.535, 100 %, 2340 MHz, 8001 MHz, 45.61 W, 83, 7925 MiB, 0x0000000000000020
2026/09/25 04:49:35.537, 100 %, 2415 MHz, 8001 MHz, 54.48 W, 84, 7925 MiB, 0x0000000000000020
2026/09/25 04:49:36.542, 100 %, 2550 MHz, 8001 MHz, 35.98 W, 82, 7925 MiB, 0x0000000000000000
2026/09/25 04:49:37.548, 100 %, 2550 MHz, 8001 MHz, 36.12 W, 82, 7925 MiB, 0x0000000000000000
2026/09/25 04:49:38.563, 100 %, 2340 MHz, 8001 MHz, 55.60 W, 84, 7925 MiB, 0x0000000000000020
2026/09/25 04:49:39.566, 100 %, 2325 MHz, 8001 MHz, 53.94 W, 84, 7925 MiB, 0x0000000000000020
2026/09/25 04:49:40.567, 100 %, 2550 MHz, 8001 MHz, 38.25 W, 82, 7925 MiB, 0x0000000000000000
2026/09/25 04:49:41.570, 100 %, 2550 MHz, 8001 MHz, 36.22 W, 82, 7925 MiB, 0x0000000000000000
2026/09/25 04:49:42.574, 100 %, 2550 MHz, 8001 MHz, 35.57 W, 82, 7925 MiB, 0x0000000000000000
2026/09/25 04:49:43.580, 100 %, 2310 MHz, 8001 MHz, 51.29 W, 83, 7925 MiB, 0x0000000000000020
2026/09/25 04:49:44.585, 100 %, 2550 MHz, 8001 MHz, 46.08 W, 82, 7925 MiB, 0x0000000000000000
2026/09/25 04:49:45.590, 100 %, 2550 MHz, 8001 MHz, 35.53 W, 82, 7925 MiB, 0x0000000000000000
2026/09/25 04:49:46.592, 100 %, 2550 MHz, 8001 MHz, 35.92 W, 82, 7925 MiB, 0x0000000000000000
2026/09/25 04:49:47.598, 100 %, 2205 MHz, 8001 MHz, 50.45 W, 84, 7925 MiB, 0x0000000000000020
2026/09/25 04:49:48.604, 100 %, 2280 MHz, 8001 MHz, 50.47 W, 83, 7925 MiB, 0x0000000000000020
2026/09/25 04:49:49.611, 100 %, 2550 MHz, 8001 MHz, 36.16 W, 82, 7925 MiB, 0x0000000000000000
2026/09/25 04:49:50.618, 100 %, 2550 MHz, 8001 MHz, 35.96 W, 82, 7925 MiB, 0x0000000000000000
2026/09/25 04:49:51.625, 100 %, 2550 MHz, 8001 MHz, 61.43 W, 85, 7925 MiB, 0x0000000000000000
2026/09/25 04:49:52.626, 100 %, 2250 MHz, 8001 MHz, 52.31 W, 84, 7925 MiB, 0x0000000000000020
2026/09/25 04:49:53.633, 100 %, 2550 MHz, 8001 MHz, 35.97 W, 82, 7925 MiB, 0x0000000000000000
2026/09/25 04:49:54.634, 100 %, 2550 MHz, 8001 MHz, 36.18 W, 82, 7925 MiB, 0x0000000000000000
2026/09/25 04:49:55.638, 100 %, 2550 MHz, 8001 MHz, 36.39 W, 82, 7925 MiB, 0x0000000000000000
2026/09/25 04:49:56.643, 100 %, 2220 MHz, 8001 MHz, 49.50 W, 83, 7925 MiB, 0x0000000000000020
2026/09/25 04:49:57.649, 100 %, 2190 MHz, 8001 MHz, 49.24 W, 82, 7925 MiB, 0x0000000000000020
2026/09/25 04:49:58.654, 100 %, 2550 MHz, 8001 MHz, 36.33 W, 82, 7925 MiB, 0x0000000000000000
2026/09/25 04:49:59.671, 100 %, 2550 MHz, 8001 MHz, 35.97 W, 83, 7925 MiB, 0x0000000000000000
2026/09/25 04:50:00.675, 100 %, 2250 MHz, 8001 MHz, 41.70 W, 85, 7925 MiB, 0x0000000000000000
2026/09/25 04:50:01.679, 100 %, 2235 MHz, 8001 MHz, 49.73 W, 84, 7925 MiB, 0x0000000000000020
2026/09/25 04:50:02.687, 100 %, 2550 MHz, 8001 MHz, 36.51 W, 82, 7925 MiB, 0x0000000000000000
2026/09/25 04:50:03.693, 100 %, 2550 MHz, 8001 MHz, 36.12 W, 82, 7925 MiB, 0x0000000000000000
2026/09/25 04:50:04.703, 100 %, 2325 MHz, 8001 MHz, 38.80 W, 85, 7925 MiB, 0x0000000000000000
2026/09/25 04:50:05.708, 100 %, 2265 MHz, 8001 MHz, 51.55 W, 83, 7925 MiB, 0x0000000000000020
2026/09/25 04:50:06.716, 100 %, 2550 MHz, 8001 MHz, 39.23 W, 83, 7925 MiB, 0x0000000000000000
2026/09/25 04:50:07.720, 100 %, 2550 MHz, 8001 MHz, 36.23 W, 83, 7925 MiB, 0x0000000000000000
2026/09/25 04:50:08.725, 100 %, 2550 MHz, 8001 MHz, 35.86 W, 83, 7925 MiB, 0x0000000000000000
2026/09/25 04:50:09.732, 100 %, 2205 MHz, 8001 MHz, 54.43 W, 84, 7925 MiB, 0x0000000000000020
2026/09/25 04:50:10.736, 100 %, 2040 MHz, 8001 MHz, 52.64 W, 83, 7925 MiB, 0x0000000000000020
2026/09/25 04:50:11.744, 100 %, 2550 MHz, 8001 MHz, 35.82 W, 83, 7925 MiB, 0x0000000000000000
2026/09/25 04:50:12.751, 100 %, 2550 MHz, 8001 MHz, 36.19 W, 83, 7925 MiB, 0x0000000000000000
2026/09/25 04:50:13.754, 100 %, 2550 MHz, 8001 MHz, 36.13 W, 83, 7925 MiB, 0x0000000000000000
2026/09/25 04:50:14.767, 100 %, 2040 MHz, 8001 MHz, 44.31 W, 83, 7925 MiB, 0x0000000000000020
2026/09/25 04:50:15.772, 100 %, 2505 MHz, 8001 MHz, 43.26 W, 83, 7925 MiB, 0x0000000000000020
2026/09/25 04:50:16.774, 100 %, 2550 MHz, 8001 MHz, 35.96 W, 83, 7925 MiB, 0x0000000000000000
2026/09/25 04:50:17.779, 100 %, 2550 MHz, 8001 MHz, 36.29 W, 83, 7925 MiB, 0x0000000000000000
2026/09/25 04:50:18.793, 100 %, 2505 MHz, 8001 MHz, 39.40 W, 85, 7925 MiB, 0x0000000000000020
2026/09/25 04:50:19.796, 100 %, 1980 MHz, 8001 MHz, 44.50 W, 84, 7925 MiB, 0x0000000000000020
2026/09/25 04:50:20.799, 100 %, 2550 MHz, 8001 MHz, 40.88 W, 83, 7925 MiB, 0x0000000000000000
2026/09/25 04:50:21.800, 100 %, 2550 MHz, 8001 MHz, 36.56 W, 83, 7925 MiB, 0x0000000000000000
2026/09/25 04:50:22.814, 100 %, 2550 MHz, 8001 MHz, 36.42 W, 83, 7925 MiB, 0x0000000000000000
2026/09/25 04:50:23.820, 100 %, 2280 MHz, 8001 MHz, 56.28 W, 85, 7925 MiB, 0x0000000000000020
2026/09/25 04:50:24.833, 100 %, 2025 MHz, 8001 MHz, 44.55 W, 83, 7925 MiB, 0x0000000000000020
2026/09/25 04:50:25.837, 100 %, 2550 MHz, 8001 MHz, 39.52 W, 83, 7925 MiB, 0x0000000000000000
2026/09/25 04:50:26.851, 100 %, 2550 MHz, 8001 MHz, 36.36 W, 83, 7925 MiB, 0x0000000000000000
2026/09/25 04:50:27.859, 100 %, 2550 MHz, 8001 MHz, 36.20 W, 83, 7925 MiB, 0x0000000000000000
2026/09/25 04:50:28.863, 100 %, 1890 MHz, 8001 MHz, 43.03 W, 84, 7925 MiB, 0x0000000000000020
2026/09/25 04:50:29.867, 100 %, 1905 MHz, 8001 MHz, 43.10 W, 84, 7925 MiB, 0x0000000000000020
2026/09/25 04:50:30.874, 100 %, 2550 MHz, 8001 MHz, 37.78 W, 83, 7925 MiB, 0x0000000000000000
2026/09/25 04:50:31.875, 100 %, 2550 MHz, 8001 MHz, 36.28 W, 83, 7925 MiB, 0x0000000000000000
2026/09/25 04:50:32.879, 100 %, 2520 MHz, 8001 MHz, 36.34 W, 83, 7925 MiB, 0x0000000000000000
2026/09/25 04:50:33.881, 100 %, 2070 MHz, 8001 MHz, 47.18 W, 84, 7925 MiB, 0x0000000000000020
2026/09/25 04:50:34.894, 100 %, 1905 MHz, 8001 MHz, 41.95 W, 83, 7925 MiB, 0x0000000000000020
2026/09/25 04:50:35.897, 100 %, 2535 MHz, 8001 MHz, 35.78 W, 83, 7925 MiB, 0x0000000000000000
2026/09/25 04:50:36.902, 100 %, 2535 MHz, 8001 MHz, 38.49 W, 83, 7925 MiB, 0x0000000000000020
2026/09/25 04:50:37.904, 100 %, 2550 MHz, 8001 MHz, 35.56 W, 83, 7925 MiB, 0x0000000000000020
2026/09/25 04:50:38.919, 100 %, 1995 MHz, 8001 MHz, 40.29 W, 83, 7925 MiB, 0x0000000000000020
2026/09/25 04:50:39.923, 100 %, 1995 MHz, 8001 MHz, 43.45 W, 83, 7925 MiB, 0x0000000000000020
2026/09/25 04:50:40.926, 100 %, 2490 MHz, 8001 MHz, 37.05 W, 83, 7925 MiB, 0x0000000000000000
2026/09/25 04:50:41.926, 100 %, 2535 MHz, 8001 MHz, 34.97 W, 83, 7925 MiB, 0x0000000000000020
2026/09/25 04:50:42.940, 100 %, 2550 MHz, 8001 MHz, 35.88 W, 83, 7925 MiB, 0x0000000000000020
2026/09/25 04:50:43.942, 100 %, 1950 MHz, 8001 MHz, 34.61 W, 83, 7925 MiB, 0x0000000000000020
2026/09/25 04:50:44.956, 100 %, 2550 MHz, 8001 MHz, 31.34 W, 83, 7925 MiB, 0x0000000000000020
2026/09/25 04:50:45.958, 100 %, 2535 MHz, 8001 MHz, 40.27 W, 83, 7925 MiB, 0x0000000000000000
2026/09/25 04:50:46.961, 100 %, 2550 MHz, 8001 MHz, 35.45 W, 83, 7925 MiB, 0x0000000000000000
2026/09/25 04:50:47.967, 12 %, 2550 MHz, 8001 MHz, 36.00 W, 82, 7925 MiB, 0x0000000000000000
2026/09/25 04:50:48.972, 0 %, 2550 MHz, 8001 MHz, 28.33 W, 82, 7925 MiB, 0x0000000000000000
2026/09/25 04:50:49.973, 0 %, 540 MHz, 810 MHz, 11.11 W, 81, 7925 MiB, 0x0000000000000001
2026/09/25 04:50:50.974, 0 %, 345 MHz, 810 MHz, 5.34 W, 80, 7925 MiB, 0x0000000000000001
2026/09/25 04:50:51.976, 0 %, 225 MHz, 405 MHz, 2.46 W, 80, 7925 MiB, 0x0000000000000001
2026/09/25 04:50:52.980, 0 %, 210 MHz, 405 MHz, 2.32 W, 79, 7925 MiB, 0x0000000000000001
2026/09/25 04:50:53.992, 0 %, 210 MHz, 405 MHz, 2.28 W, 79, 7925 MiB, 0x0000000000000001
2026/09/25 04:50:54.995, 0 %, 210 MHz, 405 MHz, 2.28 W, 79, 7925 MiB, 0x0000000000000001
2026/09/25 04:50:56.018, 0 %, 210 MHz, 405 MHz, 2.27 W, 79, 7925 MiB, 0x0000000000000001
2026/09/25 04:50:57.034, 0 %, 210 MHz, 405 MHz, 2.22 W, 78, 7925 MiB, 0x0000000000000001
2026/09/25 04:50:58.049, 0 %, 210 MHz, 405 MHz, 2.22 W, 78, 7925 MiB, 0x0000000000000001
2026/09/25 04:50:59.063, 0 %, 210 MHz, 405 MHz, 2.21 W, 78, 7925 MiB, 0x0000000000000001
2026/09/25 04:51:00.066, 0 %, 210 MHz, 405 MHz, 2.21 W, 78, 7925 MiB, 0x0000000000000001
2026/09/25 04:51:01.070, 0 %, 210 MHz, 405 MHz, 2.22 W, 78, 7925 MiB, 0x0000000000000001
2026/09/25 04:51:02.074, 0 %, 210 MHz, 405 MHz, 2.22 W, 77, 7925 MiB, 0x0000000000000001
2026/09/25 04:51:03.076, 0 %, 210 MHz, 405 MHz, 2.20 W, 77, 7925 MiB, 0x0000000000000001
2026/09/25 04:51:04.089, 0 %, 210 MHz, 405 MHz, 2.17 W, 77, 7925 MiB, 0x0000000000000001
2026/09/25 04:51:05.090, 0 %, 210 MHz, 405 MHz, 2.23 W, 77, 7925 MiB, 0x0000000000000001
2026/09/25 04:51:06.104, 0 %, 210 MHz, 405 MHz, 2.28 W, 77, 7925 MiB, 0x0000000000000001
2026/09/25 04:51:07.107, 0 %, 210 MHz, 405 MHz, 2.20 W, 77, 7925 MiB, 0x0000000000000001
2026/09/25 04:51:08.107, 0 %, 210 MHz, 405 MHz, 2.08 W, 76, 7925 MiB, 0x0000000000000001
2026/09/25 04:51:09.108, 0 %, 210 MHz, 405 MHz, 2.13 W, 76, 7925 MiB, 0x0000000000000001
2026/09/25 04:51:10.112, 0 %, 210 MHz, 405 MHz, 2.14 W, 76, 7925 MiB, 0x0000000000000001
2026/09/25 04:51:11.114, 0 %, 210 MHz, 405 MHz, 2.11 W, 76, 7925 MiB, 0x0000000000000001
2026/09/25 04:51:12.120, 0 %, 210 MHz, 405 MHz, 2.09 W, 76, 7925 MiB, 0x0000000000000001
2026/09/25 04:51:13.127, 0 %, 210 MHz, 405 MHz, 2.11 W, 76, 7925 MiB, 0x0000000000000001
2026/09/25 04:51:14.129, 0 %, 210 MHz, 405 MHz, 2.13 W, 75, 7925 MiB, 0x0000000000000001
2026/09/25 04:51:15.136, 0 %, 210 MHz, 405 MHz, 2.13 W, 75, 7925 MiB, 0x0000000000000001
2026/09/25 04:51:16.142, 0 %, 210 MHz, 405 MHz, 2.12 W, 75, 7925 MiB, 0x0000000000000001
2026/09/25 04:51:17.151, 0 %, 210 MHz, 405 MHz, 2.10 W, 75, 7925 MiB, 0x0000000000000001
2026/09/25 04:51:18.155, 0 %, 210 MHz, 405 MHz, 2.07 W, 75, 7925 MiB, 0x0000000000000001
2026/09/25 04:51:19.158, 0 %, 210 MHz, 405 MHz, 2.11 W, 75, 7925 MiB, 0x0000000000000001
2026/09/25 04:51:20.162, 0 %, 210 MHz, 405 MHz, 2.17 W, 75, 7925 MiB, 0x0000000000000001
2026/09/25 04:51:21.169, 0 %, 210 MHz, 405 MHz, 2.15 W, 74, 7925 MiB, 0x0000000000000001
2026/09/25 04:51:22.177, 0 %, 210 MHz, 405 MHz, 2.16 W, 74, 7925 MiB, 0x0000000000000001
2026/09/25 04:51:23.182, 0 %, 210 MHz, 405 MHz, 2.18 W, 74, 7925 MiB, 0x0000000000000001
2026/09/25 04:51:24.189, 0 %, 210 MHz, 405 MHz, 2.12 W, 74, 7925 MiB, 0x0000000000000001
2026/09/25 04:51:25.200, 0 %, 210 MHz, 405 MHz, 2.09 W, 74, 7925 MiB, 0x0000000000000001
2026/09/25 04:51:26.201, 0 %, 210 MHz, 405 MHz, 2.10 W, 74, 7925 MiB, 0x0000000000000001
2026/09/25 04:51:27.208, 0 %, 210 MHz, 405 MHz, 2.09 W, 74, 7925 MiB, 0x0000000000000001
2026/09/25 04:51:28.213, 0 %, 210 MHz, 405 MHz, 2.07 W, 73, 7925 MiB, 0x0000000000000001
2026/09/25 04:51:29.220, 0 %, 210 MHz, 405 MHz, 2.08 W, 73, 7925 MiB, 0x0000000000000001
2026/09/25 04:51:30.229, 0 %, 210 MHz, 405 MHz, 2.11 W, 73, 7925 MiB, 0x0000000000000001
2026/09/25 04:51:31.233, 0 %, 210 MHz, 405 MHz, 2.14 W, 73, 7925 MiB, 0x0000000000000001
2026/09/25 04:51:32.240, 0 %, 210 MHz, 405 MHz, 2.16 W, 73, 7925 MiB, 0x0000000000000001
2026/09/25 04:51:33.254, 0 %, 210 MHz, 405 MHz, 2.15 W, 73, 7925 MiB, 0x0000000000000001
2026/09/25 04:51:34.262, 0 %, 210 MHz, 405 MHz, 2.11 W, 73, 7925 MiB, 0x0000000000000001
2026/09/25 04:51:35.268, 0 %, 210 MHz, 405 MHz, 2.11 W, 73, 7925 MiB, 0x0000000000000001
2026/09/25 04:51:36.274, 0 %, 210 MHz, 405 MHz, 2.14 W, 72, 7925 MiB, 0x0000000000000001
2026/09/25 04:51:37.284, 0 %, 210 MHz, 405 MHz, 2.12 W, 72, 7925 MiB, 0x0000000000000001
2026/09/25 04:51:38.290, 0 %, 210 MHz, 405 MHz, 2.08 W, 72, 7925 MiB, 0x0000000000000001
2026/09/25 04:51:39.291, 0 %, 210 MHz, 405 MHz, 2.07 W, 72, 7925 MiB, 0x0000000000000001
2026/09/25 04:51:40.297, 0 %, 210 MHz, 405 MHz, 2.07 W, 72, 7925 MiB, 0x0000000000000001
2026/09/25 04:51:41.298, 0 %, 210 MHz, 405 MHz, 2.20 W, 72, 7925 MiB, 0x0000000000000001
2026/09/25 04:51:42.302, 0 %, 210 MHz, 405 MHz, 2.17 W, 72, 7925 MiB, 0x0000000000000001
2026/09/25 04:51:43.306, 0 %, 210 MHz, 405 MHz, 2.03 W, 72, 7925 MiB, 0x0000000000000001
2026/09/25 04:51:44.320, 0 %, 210 MHz, 405 MHz, 2.04 W, 72, 7925 MiB, 0x0000000000000001
2026/09/25 04:51:45.322, 0 %, 210 MHz, 405 MHz, 2.12 W, 72, 7925 MiB, 0x0000000000000001
2026/09/25 04:51:46.325, 0 %, 210 MHz, 405 MHz, 2.13 W, 72, 7925 MiB, 0x0000000000000001
2026/09/25 04:51:47.325, 0 %, 210 MHz, 405 MHz, 2.48 W, 71, 7925 MiB, 0x0000000000000001
2026/09/25 04:51:48.326, 0 %, 210 MHz, 405 MHz, 2.18 W, 71, 7925 MiB, 0x0000000000000001
2026/09/25 04:51:49.327, 0 %, 210 MHz, 405 MHz, 2.10 W, 71, 7925 MiB, 0x0000000000000001
2026/09/25 04:51:50.331, 0 %, 210 MHz, 405 MHz, 2.07 W, 71, 7925 MiB, 0x0000000000000001
2026/09/25 04:51:51.334, 0 %, 210 MHz, 405 MHz, 2.07 W, 71, 7925 MiB, 0x0000000000000001
2026/09/25 04:51:52.341, 0 %, 210 MHz, 405 MHz, 2.19 W, 71, 7925 MiB, 0x0000000000000001
2026/09/25 04:51:53.344, 0 %, 210 MHz, 405 MHz, 2.22 W, 71, 7925 MiB, 0x0000000000000001
2026/09/25 04:51:54.350, 0 %, 210 MHz, 405 MHz, 2.14 W, 71, 7925 MiB, 0x0000000000000001
2026/09/25 04:51:55.364, 0 %, 210 MHz, 405 MHz, 2.22 W, 71, 7925 MiB, 0x0000000000000001
2026/09/25 04:51:56.366, 0 %, 210 MHz, 405 MHz, 2.25 W, 71, 7925 MiB, 0x0000000000000001
2026/09/25 04:51:57.380, 0 %, 210 MHz, 405 MHz, 2.30 W, 71, 7925 MiB, 0x0000000000000001
2026/09/25 04:51:58.396, 0 %, 210 MHz, 405 MHz, 2.28 W, 71, 7925 MiB, 0x0000000000000001
2026/09/25 04:51:59.410, 0 %, 210 MHz, 405 MHz, 2.26 W, 70, 7925 MiB, 0x0000000000000001
2026/09/25 04:52:00.411, 0 %, 210 MHz, 405 MHz, 2.29 W, 70, 7925 MiB, 0x0000000000000001
2026/09/25 04:52:01.427, 0 %, 210 MHz, 405 MHz, 2.30 W, 70, 7925 MiB, 0x0000000000000001
2026/09/25 04:52:02.429, 0 %, 210 MHz, 405 MHz, 2.25 W, 70, 7925 MiB, 0x0000000000000001
2026/09/25 04:52:03.434, 0 %, 210 MHz, 405 MHz, 2.23 W, 70, 7925 MiB, 0x0000000000000001
2026/09/25 04:52:04.436, 0 %, 210 MHz, 405 MHz, 2.22 W, 70, 7925 MiB, 0x0000000000000001
2026/09/25 04:52:05.451, 0 %, 210 MHz, 405 MHz, 2.23 W, 70, 7925 MiB, 0x0000000000000001
2026/09/25 04:52:06.464, 0 %, 210 MHz, 405 MHz, 2.25 W, 70, 7925 MiB, 0x0000000000000001
2026/09/25 04:52:07.475, 0 %, 210 MHz, 405 MHz, 2.28 W, 70, 7925 MiB, 0x0000000000000001
2026/09/25 04:52:08.477, 0 %, 210 MHz, 405 MHz, 2.29 W, 70, 7925 MiB, 0x0000000000000001
2026/09/25 04:52:09.479, 0 %, 210 MHz, 405 MHz, 2.26 W, 70, 7925 MiB, 0x0000000000000001
2026/09/25 04:52:10.495, 0 %, 210 MHz, 405 MHz, 2.28 W, 70, 7925 MiB, 0x0000000000000001
2026/09/25 04:52:11.498, 0 %, 210 MHz, 405 MHz, 2.31 W, 70, 7925 MiB, 0x0000000000000001
2026/09/25 04:52:12.504, 0 %, 210 MHz, 405 MHz, 2.31 W, 69, 7925 MiB, 0x0000000000000001
2026/09/25 04:52:13.506, 0 %, 210 MHz, 405 MHz, 2.33 W, 69, 7925 MiB, 0x0000000000000001
2026/09/25 04:52:14.508, 0 %, 210 MHz, 405 MHz, 2.31 W, 69, 7925 MiB, 0x0000000000000001
2026/09/25 04:52:15.508, 0 %, 210 MHz, 405 MHz, 2.24 W, 69, 7925 MiB, 0x0000000000000001
2026/09/25 04:52:16.514, 0 %, 210 MHz, 405 MHz, 2.23 W, 69, 7925 MiB, 0x0000000000000001
2026/09/25 04:52:17.518, 0 %, 210 MHz, 405 MHz, 2.25 W, 69, 7925 MiB, 0x0000000000000001
2026/09/25 04:52:18.524, 0 %, 210 MHz, 405 MHz, 2.31 W, 69, 7925 MiB, 0x0000000000000001
2026/09/25 04:52:19.528, 0 %, 210 MHz, 405 MHz, 2.28 W, 69, 7925 MiB, 0x0000000000000001
2026/09/25 04:52:20.542, 0 %, 210 MHz, 405 MHz, 2.25 W, 69, 7925 MiB, 0x0000000000000001
2026/09/25 04:52:21.557, 0 %, 210 MHz, 405 MHz, 2.25 W, 69, 7925 MiB, 0x0000000000000001
2026/09/25 04:52:22.560, 0 %, 210 MHz, 405 MHz, 2.24 W, 69, 7925 MiB, 0x0000000000000001
2026/09/25 04:52:23.576, 0 %, 210 MHz, 405 MHz, 2.25 W, 69, 7925 MiB, 0x0000000000000001
2026/09/25 04:52:24.578, 0 %, 210 MHz, 405 MHz, 2.26 W, 69, 7925 MiB, 0x0000000000000001
2026/09/25 04:52:25.582, 0 %, 210 MHz, 405 MHz, 2.28 W, 69, 7925 MiB, 0x0000000000000001
2026/09/25 04:52:26.587, 0 %, 210 MHz, 405 MHz, 2.31 W, 69, 7925 MiB, 0x0000000000000001
2026/09/25 04:52:27.592, 0 %, 210 MHz, 405 MHz, 2.36 W, 68, 7925 MiB, 0x0000000000000001
2026/09/25 04:52:28.608, 0 %, 210 MHz, 405 MHz, 2.37 W, 68, 7925 MiB, 0x0000000000000001
2026/09/25 04:52:29.623, 0 %, 210 MHz, 405 MHz, 2.35 W, 68, 7925 MiB, 0x0000000000000001
2026/09/25 04:52:30.636, 0 %, 210 MHz, 405 MHz, 2.36 W, 68, 7925 MiB, 0x0000000000000001
2026/09/25 04:52:31.649, 0 %, 210 MHz, 405 MHz, 2.38 W, 68, 7925 MiB, 0x0000000000000001
2026/09/25 04:52:32.661, 0 %, 210 MHz, 405 MHz, 2.38 W, 68, 7925 MiB, 0x0000000000000001
2026/09/25 04:52:33.676, 0 %, 210 MHz, 405 MHz, 2.33 W, 68, 7925 MiB, 0x0000000000000001
2026/09/25 04:52:34.682, 0 %, 210 MHz, 405 MHz, 2.28 W, 68, 7925 MiB, 0x0000000000000001
2026/09/25 04:52:35.696, 0 %, 210 MHz, 405 MHz, 2.27 W, 68, 7925 MiB, 0x0000000000000001
2026/09/25 04:52:36.699, 0 %, 210 MHz, 405 MHz, 2.32 W, 68, 7925 MiB, 0x0000000000000001
2026/09/25 04:52:37.702, 0 %, 210 MHz, 405 MHz, 2.37 W, 68, 7925 MiB, 0x0000000000000001
2026/09/25 04:52:38.711, 0 %, 210 MHz, 405 MHz, 2.39 W, 68, 7925 MiB, 0x0000000000000001
2026/09/25 04:52:39.725, 0 %, 210 MHz, 405 MHz, 2.40 W, 68, 7925 MiB, 0x0000000000000001
2026/09/25 04:52:40.732, 0 %, 210 MHz, 405 MHz, 2.41 W, 68, 7925 MiB, 0x0000000000000001
2026/09/25 04:52:41.738, 0 %, 210 MHz, 405 MHz, 2.46 W, 68, 7925 MiB, 0x0000000000000001
2026/09/25 04:52:42.743, 0 %, 210 MHz, 405 MHz, 2.51 W, 68, 7925 MiB, 0x0000000000000001
2026/09/25 04:52:43.750, 0 %, 210 MHz, 405 MHz, 2.55 W, 67, 7925 MiB, 0x0000000000000001
2026/09/25 04:52:44.754, 0 %, 210 MHz, 405 MHz, 2.62 W, 67, 7925 MiB, 0x0000000000000001
2026/09/25 04:52:45.755, 0 %, 210 MHz, 405 MHz, 2.56 W, 67, 7925 MiB, 0x0000000000000001
2026/09/25 04:52:46.759, 0 %, 210 MHz, 405 MHz, 2.45 W, 67, 7925 MiB, 0x0000000000000001
2026/09/25 04:52:47.766, 0 %, 210 MHz, 405 MHz, 2.42 W, 67, 7925 MiB, 0x0000000000000001
2026/09/25 04:52:48.770, 0 %, 210 MHz, 405 MHz, 2.44 W, 67, 7925 MiB, 0x0000000000000001
2026/09/25 04:52:49.775, 0 %, 210 MHz, 405 MHz, 2.48 W, 67, 7925 MiB, 0x0000000000000001
2026/09/25 04:52:50.778, 0 %, 210 MHz, 405 MHz, 2.49 W, 67, 7925 MiB, 0x0000000000000001
2026/09/25 04:52:51.781, 0 %, 210 MHz, 405 MHz, 2.50 W, 67, 7925 MiB, 0x0000000000000001
2026/09/25 04:52:52.788, 0 %, 210 MHz, 405 MHz, 2.49 W, 67, 7925 MiB, 0x0000000000000001
2026/09/25 04:52:53.790, 0 %, 210 MHz, 405 MHz, 2.52 W, 67, 7925 MiB, 0x0000000000000001
2026/09/25 04:52:54.796, 0 %, 210 MHz, 405 MHz, 2.51 W, 67, 7925 MiB, 0x0000000000000001
2026/09/25 04:52:55.809, 0 %, 210 MHz, 405 MHz, 2.45 W, 67, 7925 MiB, 0x0000000000000001
2026/09/25 04:52:56.813, 0 %, 210 MHz, 405 MHz, 2.43 W, 67, 7925 MiB, 0x0000000000000001
2026/09/25 04:52:57.818, 0 %, 210 MHz, 405 MHz, 2.42 W, 67, 7925 MiB, 0x0000000000000001
2026/09/25 04:52:58.823, 0 %, 210 MHz, 405 MHz, 2.45 W, 67, 7925 MiB, 0x0000000000000001
2026/09/25 04:52:59.828, 0 %, 210 MHz, 405 MHz, 2.50 W, 67, 7925 MiB, 0x0000000000000001
2026/09/25 04:53:00.833, 0 %, 210 MHz, 405 MHz, 2.51 W, 67, 7925 MiB, 0x0000000000000001
2026/09/25 04:53:01.834, 0 %, 210 MHz, 405 MHz, 2.50 W, 67, 7925 MiB, 0x0000000000000001
2026/09/25 04:53:02.840, 0 %, 210 MHz, 405 MHz, 2.49 W, 66, 7925 MiB, 0x0000000000000001
2026/09/25 04:53:03.842, 0 %, 210 MHz, 405 MHz, 2.46 W, 66, 7925 MiB, 0x0000000000000001
2026/09/25 04:53:04.846, 0 %, 210 MHz, 405 MHz, 2.43 W, 66, 7925 MiB, 0x0000000000000001
2026/09/25 04:53:05.861, 0 %, 210 MHz, 405 MHz, 2.41 W, 66, 7925 MiB, 0x0000000000000001
2026/09/25 04:53:06.868, 0 %, 210 MHz, 405 MHz, 2.40 W, 66, 7925 MiB, 0x0000000000000001
2026/09/25 04:53:07.878, 0 %, 210 MHz, 405 MHz, 2.41 W, 66, 7925 MiB, 0x0000000000000001
2026/09/25 04:53:08.885, 0 %, 210 MHz, 405 MHz, 2.42 W, 66, 7925 MiB, 0x0000000000000001
2026/09/25 04:53:09.891, 0 %, 210 MHz, 405 MHz, 2.46 W, 66, 7925 MiB, 0x0000000000000001
2026/09/25 04:53:10.894, 0 %, 210 MHz, 405 MHz, 2.51 W, 66, 7925 MiB, 0x0000000000000001
2026/09/25 04:53:11.897, 0 %, 210 MHz, 405 MHz, 2.50 W, 66, 7925 MiB, 0x0000000000000001
2026/09/25 04:53:12.909, 0 %, 210 MHz, 405 MHz, 2.52 W, 66, 7925 MiB, 0x0000000000000001
2026/09/25 04:53:13.922, 0 %, 210 MHz, 405 MHz, 2.53 W, 66, 7925 MiB, 0x0000000000000001
2026/09/25 04:53:14.932, 0 %, 210 MHz, 405 MHz, 2.52 W, 66, 7925 MiB, 0x0000000000000001
2026/09/25 04:53:15.942, 0 %, 210 MHz, 405 MHz, 2.53 W, 66, 7925 MiB, 0x0000000000000001
2026/09/25 04:53:16.958, 0 %, 210 MHz, 405 MHz, 2.53 W, 66, 7925 MiB, 0x0000000000000001
2026/09/25 04:53:17.965, 0 %, 210 MHz, 405 MHz, 2.55 W, 66, 7925 MiB, 0x0000000000000001
2026/09/25 04:53:18.970, 0 %, 210 MHz, 405 MHz, 2.54 W, 66, 7925 MiB, 0x0000000000000001
2026/09/25 04:53:19.979, 0 %, 210 MHz, 405 MHz, 2.56 W, 66, 7925 MiB, 0x0000000000000001
2026/09/25 04:53:20.982, 0 %, 210 MHz, 405 MHz, 2.58 W, 66, 7925 MiB, 0x0000000000000001
2026/09/25 04:53:21.991, 0 %, 210 MHz, 405 MHz, 2.60 W, 66, 7925 MiB, 0x0000000000000001
2026/09/25 04:53:22.997, 0 %, 210 MHz, 405 MHz, 2.63 W, 65, 7925 MiB, 0x0000000000000001
2026/09/25 04:53:24.005, 0 %, 210 MHz, 405 MHz, 2.66 W, 65, 7925 MiB, 0x0000000000000001
2026/09/25 04:53:25.020, 0 %, 210 MHz, 405 MHz, 2.62 W, 65, 7925 MiB, 0x0000000000000001
2026/09/25 04:53:26.030, 0 %, 210 MHz, 405 MHz, 2.55 W, 65, 7925 MiB, 0x0000000000000001
2026/09/25 04:53:27.042, 0 %, 210 MHz, 405 MHz, 2.56 W, 65, 7925 MiB, 0x0000000000000001
2026/09/25 04:53:28.056, 0 %, 210 MHz, 405 MHz, 2.52 W, 65, 7925 MiB, 0x0000000000000001
2026/09/25 04:53:29.063, 0 %, 210 MHz, 405 MHz, 2.55 W, 65, 7925 MiB, 0x0000000000000001
2026/09/25 04:53:30.073, 0 %, 210 MHz, 405 MHz, 2.62 W, 65, 7925 MiB, 0x0000000000000001
2026/09/25 04:53:31.085, 0 %, 210 MHz, 405 MHz, 2.63 W, 65, 7925 MiB, 0x0000000000000001
2026/09/25 04:53:32.090, 0 %, 210 MHz, 405 MHz, 2.66 W, 65, 7925 MiB, 0x0000000000000001
2026/09/25 04:53:33.098, 0 %, 210 MHz, 405 MHz, 2.65 W, 65, 7925 MiB, 0x0000000000000001
2026/09/25 04:53:34.107, 0 %, 210 MHz, 405 MHz, 2.62 W, 65, 7925 MiB, 0x0000000000000001
2026/09/25 04:53:35.117, 0 %, 210 MHz, 405 MHz, 2.58 W, 65, 7925 MiB, 0x0000000000000001
2026/09/25 04:53:36.123, 0 %, 210 MHz, 405 MHz, 2.59 W, 65, 7925 MiB, 0x0000000000000001
2026/09/25 04:53:37.127, 0 %, 210 MHz, 405 MHz, 2.61 W, 65, 7925 MiB, 0x0000000000000001
2026/09/25 04:53:38.131, 0 %, 210 MHz, 405 MHz, 2.59 W, 65, 7925 MiB, 0x0000000000000001
2026/09/25 04:53:39.132, 0 %, 210 MHz, 405 MHz, 2.57 W, 65, 7925 MiB, 0x0000000000000001
2026/09/25 04:53:40.136, 0 %, 210 MHz, 405 MHz, 2.60 W, 65, 7925 MiB, 0x0000000000000001
2026/09/25 04:53:41.142, 0 %, 210 MHz, 405 MHz, 2.61 W, 65, 7925 MiB, 0x0000000000000001
2026/09/25 04:53:42.147, 0 %, 210 MHz, 405 MHz, 2.56 W, 65, 7925 MiB, 0x0000000000000001
2026/09/25 04:53:43.155, 0 %, 210 MHz, 405 MHz, 2.57 W, 65, 7925 MiB, 0x0000000000000001
2026/09/25 04:53:44.168, 0 %, 210 MHz, 405 MHz, 2.60 W, 65, 7925 MiB, 0x0000000000000001
2026/09/25 04:53:45.172, 0 %, 210 MHz, 405 MHz, 2.63 W, 65, 7925 MiB, 0x0000000000000001
2026/09/25 04:53:46.175, 0 %, 210 MHz, 405 MHz, 2.63 W, 65, 7925 MiB, 0x0000000000000001
2026/09/25 04:53:47.182, 0 %, 210 MHz, 405 MHz, 2.62 W, 64, 7925 MiB, 0x0000000000000001
2026/09/25 04:53:48.192, 0 %, 210 MHz, 405 MHz, 2.61 W, 64, 7925 MiB, 0x0000000000000001
2026/09/25 04:53:49.193, 0 %, 210 MHz, 405 MHz, 2.61 W, 64, 7925 MiB, 0x0000000000000001
2026/09/25 04:53:50.201, 0 %, 210 MHz, 405 MHz, 2.64 W, 64, 7925 MiB, 0x0000000000000001
2026/09/25 04:53:51.205, 0 %, 210 MHz, 405 MHz, 2.65 W, 64, 7925 MiB, 0x0000000000000001
2026/09/25 04:53:52.209, 0 %, 210 MHz, 405 MHz, 2.67 W, 64, 7925 MiB, 0x0000000000000001
2026/09/25 04:53:53.214, 0 %, 210 MHz, 405 MHz, 2.72 W, 64, 7925 MiB, 0x0000000000000001
2026/09/25 04:53:54.218, 0 %, 210 MHz, 405 MHz, 2.71 W, 64, 7925 MiB, 0x0000000000000001
2026/09/25 04:53:55.223, 0 %, 210 MHz, 405 MHz, 2.64 W, 64, 7925 MiB, 0x0000000000000001
2026/09/25 04:53:56.232, 0 %, 210 MHz, 405 MHz, 2.65 W, 64, 7925 MiB, 0x0000000000000001
2026/09/25 04:53:57.247, 0 %, 210 MHz, 405 MHz, 2.68 W, 64, 7925 MiB, 0x0000000000000001
2026/09/25 04:53:58.260, 0 %, 210 MHz, 405 MHz, 2.69 W, 64, 7925 MiB, 0x0000000000000001
2026/09/25 04:53:59.263, 0 %, 210 MHz, 405 MHz, 2.71 W, 64, 7925 MiB, 0x0000000000000001
2026/09/25 04:54:00.269, 0 %, 210 MHz, 405 MHz, 2.70 W, 64, 7925 MiB, 0x0000000000000001
2026/09/25 04:54:01.275, 0 %, 210 MHz, 405 MHz, 2.68 W, 64, 7925 MiB, 0x0000000000000001
2026/09/25 04:54:02.281, 0 %, 210 MHz, 405 MHz, 2.69 W, 64, 7925 MiB, 0x0000000000000001
2026/09/25 04:54:03.293, 0 %, 210 MHz, 405 MHz, 2.73 W, 64, 7925 MiB, 0x0000000000000001
2026/09/25 04:54:04.296, 0 %, 210 MHz, 405 MHz, 2.74 W, 64, 7925 MiB, 0x0000000000000001
2026/09/25 04:54:05.302, 0 %, 210 MHz, 405 MHz, 2.67 W, 64, 7925 MiB, 0x0000000000000001
2026/09/25 04:54:06.307, 0 %, 210 MHz, 405 MHz, 2.61 W, 64, 7925 MiB, 0x0000000000000001
2026/09/25 04:54:07.314, 0 %, 210 MHz, 405 MHz, 2.57 W, 64, 7925 MiB, 0x0000000000000001
2026/09/25 04:54:08.317, 0 %, 210 MHz, 405 MHz, 2.57 W, 64, 7925 MiB, 0x0000000000000001
2026/09/25 04:54:09.333, 0 %, 210 MHz, 405 MHz, 2.59 W, 64, 7925 MiB, 0x0000000000000001
2026/09/25 04:54:10.341, 0 %, 210 MHz, 405 MHz, 2.59 W, 64, 7925 MiB, 0x0000000000000001
2026/09/25 04:54:11.346, 0 %, 210 MHz, 405 MHz, 2.60 W, 64, 7925 MiB, 0x0000000000000001
2026/09/25 04:54:12.357, 0 %, 210 MHz, 405 MHz, 2.63 W, 64, 7925 MiB, 0x0000000000000001
2026/09/25 04:54:13.360, 0 %, 210 MHz, 405 MHz, 2.65 W, 64, 7925 MiB, 0x0000000000000001
2026/09/25 04:54:14.364, 0 %, 210 MHz, 405 MHz, 2.61 W, 64, 7925 MiB, 0x0000000000000001
2026/09/25 04:54:15.368, 0 %, 210 MHz, 405 MHz, 2.59 W, 63, 7925 MiB, 0x0000000000000001
2026/09/25 04:54:16.381, 0 %, 210 MHz, 405 MHz, 2.64 W, 63, 7925 MiB, 0x0000000000000001
2026/09/25 04:54:17.389, 0 %, 210 MHz, 405 MHz, 2.70 W, 63, 7925 MiB, 0x0000000000000001
2026/09/25 04:54:18.398, 0 %, 210 MHz, 405 MHz, 2.74 W, 63, 7925 MiB, 0x0000000000000001
2026/09/25 04:54:19.406, 0 %, 210 MHz, 405 MHz, 2.76 W, 63, 7925 MiB, 0x0000000000000001
2026/09/25 04:54:20.408, 0 %, 210 MHz, 405 MHz, 2.74 W, 63, 7925 MiB, 0x0000000000000001
2026/09/25 04:54:21.411, 0 %, 210 MHz, 405 MHz, 2.72 W, 63, 7925 MiB, 0x0000000000000001
2026/09/25 04:54:22.415, 0 %, 210 MHz, 405 MHz, 2.70 W, 63, 7925 MiB, 0x0000000000000001
2026/09/25 04:54:23.422, 0 %, 210 MHz, 405 MHz, 2.68 W, 63, 7925 MiB, 0x0000000000000001
2026/09/25 04:54:24.425, 0 %, 210 MHz, 405 MHz, 2.71 W, 63, 7925 MiB, 0x0000000000000001
2026/09/25 04:54:25.427, 0 %, 210 MHz, 405 MHz, 2.68 W, 63, 7925 MiB, 0x0000000000000001
2026/09/25 04:54:26.442, 0 %, 210 MHz, 405 MHz, 2.61 W, 63, 7925 MiB, 0x0000000000000001
2026/09/25 04:54:27.444, 0 %, 210 MHz, 405 MHz, 2.61 W, 63, 7925 MiB, 0x0000000000000001
2026/09/25 04:54:28.445, 0 %, 210 MHz, 405 MHz, 2.66 W, 63, 7925 MiB, 0x0000000000000001
2026/09/25 04:54:29.455, 0 %, 210 MHz, 405 MHz, 2.65 W, 63, 7925 MiB, 0x0000000000000001
2026/09/25 04:54:30.458, 0 %, 210 MHz, 405 MHz, 2.63 W, 63, 7925 MiB, 0x0000000000000001
2026/09/25 04:54:31.466, 0 %, 210 MHz, 405 MHz, 2.61 W, 63, 7925 MiB, 0x0000000000000001
2026/09/25 04:54:32.473, 0 %, 210 MHz, 405 MHz, 2.59 W, 63, 7925 MiB, 0x0000000000000001
2026/09/25 04:54:33.483, 0 %, 210 MHz, 405 MHz, 2.57 W, 63, 7925 MiB, 0x0000000000000001
2026/09/25 04:54:34.490, 0 %, 210 MHz, 405 MHz, 2.58 W, 63, 7925 MiB, 0x0000000000000001
2026/09/25 04:54:35.507, 0 %, 210 MHz, 405 MHz, 2.61 W, 63, 7925 MiB, 0x0000000000000001
2026/09/25 04:54:36.510, 0 %, 210 MHz, 405 MHz, 2.62 W, 63, 7925 MiB, 0x0000000000000001
2026/09/25 04:54:37.518, 0 %, 210 MHz, 405 MHz, 2.64 W, 63, 7925 MiB, 0x0000000000000001
2026/09/25 04:54:38.521, 0 %, 210 MHz, 405 MHz, 2.68 W, 63, 7925 MiB, 0x0000000000000001
2026/09/25 04:54:39.524, 0 %, 210 MHz, 405 MHz, 2.70 W, 63, 7925 MiB, 0x0000000000000001
2026/09/25 04:54:40.532, 0 %, 210 MHz, 405 MHz, 2.73 W, 63, 7925 MiB, 0x0000000000000001
2026/09/25 04:54:41.533, 0 %, 210 MHz, 405 MHz, 2.73 W, 63, 7925 MiB, 0x0000000000000001
2026/09/25 04:54:42.536, 0 %, 210 MHz, 405 MHz, 2.66 W, 63, 7925 MiB, 0x0000000000000001
2026/09/25 04:54:43.537, 0 %, 210 MHz, 405 MHz, 2.64 W, 63, 7925 MiB, 0x0000000000000001
2026/09/25 04:54:44.552, 0 %, 210 MHz, 405 MHz, 2.65 W, 63, 7925 MiB, 0x0000000000000001
2026/09/25 04:54:45.555, 0 %, 210 MHz, 405 MHz, 2.63 W, 63, 7925 MiB, 0x0000000000000001
2026/09/25 04:54:46.558, 0 %, 210 MHz, 405 MHz, 2.62 W, 63, 7925 MiB, 0x0000000000000001
2026/09/25 04:54:47.560, 0 %, 210 MHz, 405 MHz, 4.14 W, 63, 7925 MiB, 0x0000000000000001
2026/09/25 04:54:48.562, 0 %, 210 MHz, 405 MHz, 2.64 W, 63, 7925 MiB, 0x0000000000000001
2026/09/25 04:54:49.578, 0 %, 210 MHz, 405 MHz, 2.68 W, 63, 7925 MiB, 0x0000000000000001
2026/09/25 04:54:50.583, 0 %, 210 MHz, 405 MHz, 2.62 W, 63, 7925 MiB, 0x0000000000000001
2026/09/25 04:54:51.589, 0 %, 210 MHz, 405 MHz, 2.65 W, 62, 7925 MiB, 0x0000000000000001
2026/09/25 04:54:52.593, 0 %, 210 MHz, 405 MHz, 2.73 W, 62, 7925 MiB, 0x0000000000000001
2026/09/25 04:54:53.599, 0 %, 210 MHz, 405 MHz, 2.74 W, 62, 7925 MiB, 0x0000000000000001
2026/09/25 04:54:54.605, 0 %, 210 MHz, 405 MHz, 2.74 W, 62, 7925 MiB, 0x0000000000000001
2026/09/25 04:54:55.609, 0 %, 210 MHz, 405 MHz, 2.72 W, 62, 7925 MiB, 0x0000000000000001
2026/09/25 04:54:56.623, 0 %, 210 MHz, 405 MHz, 2.71 W, 62, 7925 MiB, 0x0000000000000001
2026/09/25 04:54:57.625, 0 %, 210 MHz, 405 MHz, 2.68 W, 62, 7925 MiB, 0x0000000000000001
2026/09/25 04:54:58.628, 0 %, 210 MHz, 405 MHz, 2.68 W, 62, 7925 MiB, 0x0000000000000001
2026/09/25 04:54:59.632, 0 %, 210 MHz, 405 MHz, 2.67 W, 62, 7925 MiB, 0x0000000000000001
2026/09/25 04:55:00.639, 0 %, 210 MHz, 405 MHz, 2.69 W, 62, 7925 MiB, 0x0000000000000001
2026/09/25 04:55:01.643, 0 %, 210 MHz, 405 MHz, 2.73 W, 62, 7925 MiB, 0x0000000000000001
2026/09/25 04:55:02.645, 0 %, 210 MHz, 405 MHz, 2.70 W, 62, 7925 MiB, 0x0000000000000001
2026/09/25 04:55:03.649, 0 %, 210 MHz, 405 MHz, 2.65 W, 62, 7925 MiB, 0x0000000000000001
2026/09/25 04:55:04.656, 0 %, 210 MHz, 405 MHz, 2.68 W, 62, 7925 MiB, 0x0000000000000001
2026/09/25 04:55:05.659, 0 %, 210 MHz, 405 MHz, 2.71 W, 62, 7925 MiB, 0x0000000000000001
2026/09/25 04:55:06.662, 0 %, 210 MHz, 405 MHz, 2.75 W, 62, 7925 MiB, 0x0000000000000001
2026/09/25 04:55:07.665, 0 %, 210 MHz, 405 MHz, 2.77 W, 62, 7925 MiB, 0x0000000000000001
2026/09/25 04:55:08.668, 0 %, 210 MHz, 405 MHz, 2.74 W, 62, 7925 MiB, 0x0000000000000001
2026/09/25 04:55:09.670, 0 %, 210 MHz, 405 MHz, 2.76 W, 62, 7925 MiB, 0x0000000000000001
2026/09/25 04:55:10.675, 0 %, 210 MHz, 405 MHz, 2.79 W, 62, 7925 MiB, 0x0000000000000001
2026/09/25 04:55:11.690, 0 %, 210 MHz, 405 MHz, 2.79 W, 62, 7925 MiB, 0x0000000000000001
2026/09/25 04:55:12.691, 0 %, 210 MHz, 405 MHz, 2.77 W, 62, 7925 MiB, 0x0000000000000001
2026/09/25 04:55:13.705, 0 %, 210 MHz, 405 MHz, 2.73 W, 62, 7925 MiB, 0x0000000000000001
2026/09/25 04:55:14.708, 0 %, 210 MHz, 405 MHz, 2.75 W, 62, 7925 MiB, 0x0000000000000001
2026/09/25 04:55:15.710, 0 %, 210 MHz, 405 MHz, 2.83 W, 62, 7925 MiB, 0x0000000000000001
2026/09/25 04:55:16.717, 0 %, 210 MHz, 405 MHz, 2.87 W, 62, 7925 MiB, 0x0000000000000001
2026/09/25 04:55:17.731, 0 %, 210 MHz, 405 MHz, 2.82 W, 62, 7925 MiB, 0x0000000000000001
2026/09/25 04:55:18.734, 0 %, 210 MHz, 405 MHz, 2.77 W, 62, 7925 MiB, 0x0000000000000001
2026/09/25 04:55:19.739, 0 %, 210 MHz, 405 MHz, 2.76 W, 62, 7925 MiB, 0x0000000000000001
2026/09/25 04:55:20.742, 0 %, 210 MHz, 405 MHz, 2.68 W, 62, 7925 MiB, 0x0000000000000001
2026/09/25 04:55:21.746, 0 %, 210 MHz, 405 MHz, 2.65 W, 62, 7925 MiB, 0x0000000000000001
2026/09/25 04:55:22.761, 0 %, 210 MHz, 405 MHz, 2.71 W, 62, 7925 MiB, 0x0000000000000001
2026/09/25 04:55:23.765, 0 %, 210 MHz, 405 MHz, 2.73 W, 62, 7925 MiB, 0x0000000000000001
2026/09/25 04:55:24.765, 0 %, 210 MHz, 405 MHz, 2.69 W, 62, 7925 MiB, 0x0000000000000001
2026/09/25 04:55:25.771, 0 %, 210 MHz, 405 MHz, 2.69 W, 62, 7925 MiB, 0x0000000000000001
2026/09/25 04:55:26.772, 0 %, 210 MHz, 405 MHz, 2.69 W, 62, 7925 MiB, 0x0000000000000001
2026/09/25 04:55:27.779, 0 %, 210 MHz, 405 MHz, 2.65 W, 62, 7925 MiB, 0x0000000000000001
2026/09/25 04:55:28.785, 0 %, 210 MHz, 405 MHz, 2.69 W, 62, 7925 MiB, 0x0000000000000001
2026/09/25 04:55:29.786, 0 %, 210 MHz, 405 MHz, 2.70 W, 62, 7925 MiB, 0x0000000000000001
2026/09/25 04:55:30.788, 0 %, 210 MHz, 405 MHz, 2.67 W, 62, 7925 MiB, 0x0000000000000001
2026/09/25 04:55:31.789, 0 %, 210 MHz, 405 MHz, 2.66 W, 62, 7925 MiB, 0x0000000000000001
2026/09/25 04:55:32.791, 0 %, 210 MHz, 405 MHz, 2.67 W, 62, 7925 MiB, 0x0000000000000001
2026/09/25 04:55:33.803, 0 %, 210 MHz, 405 MHz, 2.73 W, 62, 7925 MiB, 0x0000000000000001
2026/09/25 04:55:34.804, 0 %, 210 MHz, 405 MHz, 2.94 W, 62, 7925 MiB, 0x0000000000000001
2026/09/25 04:55:35.819, 0 %, 210 MHz, 405 MHz, 2.79 W, 62, 7925 MiB, 0x0000000000000001
2026/09/25 04:55:36.822, 0 %, 210 MHz, 405 MHz, 2.78 W, 62, 7925 MiB, 0x0000000000000001
2026/09/25 04:55:37.823, 0 %, 210 MHz, 405 MHz, 2.79 W, 62, 7925 MiB, 0x0000000000000001
2026/09/25 04:55:38.825, 0 %, 210 MHz, 405 MHz, 2.80 W, 62, 7925 MiB, 0x0000000000000001
2026/09/25 04:55:39.830, 0 %, 210 MHz, 405 MHz, 2.81 W, 62, 7925 MiB, 0x0000000000000001
2026/09/25 04:55:40.831, 0 %, 210 MHz, 405 MHz, 2.80 W, 62, 7925 MiB, 0x0000000000000001
2026/09/25 04:55:41.838, 0 %, 210 MHz, 405 MHz, 2.80 W, 62, 7925 MiB, 0x0000000000000001
2026/09/25 04:55:42.845, 0 %, 210 MHz, 405 MHz, 2.80 W, 61, 7925 MiB, 0x0000000000000001
2026/09/25 04:55:43.846, 0 %, 210 MHz, 405 MHz, 2.74 W, 61, 7925 MiB, 0x0000000000000001
2026/09/25 04:55:44.850, 0 %, 210 MHz, 405 MHz, 2.73 W, 61, 7925 MiB, 0x0000000000000001
2026/09/25 04:55:45.864, 0 %, 210 MHz, 405 MHz, 2.77 W, 61, 7925 MiB, 0x0000000000000001
2026/09/25 04:55:46.870, 0 %, 210 MHz, 405 MHz, 2.76 W, 61, 7925 MiB, 0x0000000000000001
2026/09/25 04:55:47.883, 0 %, 210 MHz, 405 MHz, 2.75 W, 61, 7925 MiB, 0x0000000000000001
2026/09/25 04:55:48.890, 0 %, 210 MHz, 405 MHz, 2.77 W, 61, 7925 MiB, 0x0000000000000001
2026/09/25 04:55:49.895, 0 %, 210 MHz, 405 MHz, 2.73 W, 61, 7925 MiB, 0x0000000000000001
2026/09/25 04:55:50.903, 0 %, 210 MHz, 405 MHz, 2.69 W, 61, 7925 MiB, 0x0000000000000001
2026/09/25 04:55:51.907, 0 %, 210 MHz, 405 MHz, 2.67 W, 61, 7925 MiB, 0x0000000000000001
2026/09/25 04:55:52.916, 0 %, 210 MHz, 405 MHz, 2.66 W, 61, 7925 MiB, 0x0000000000000001
2026/09/25 04:55:53.923, 0 %, 210 MHz, 405 MHz, 2.67 W, 61, 7925 MiB, 0x0000000000000001
2026/09/25 04:55:54.928, 0 %, 210 MHz, 405 MHz, 2.61 W, 61, 7925 MiB, 0x0000000000000001
2026/09/25 04:55:55.943, 1 %, 210 MHz, 405 MHz, 2.64 W, 61, 7925 MiB, 0x0000000000000001
2026/09/25 04:55:56.946, 100 %, 2565 MHz, 7001 MHz, 38.52 W, 65, 7925 MiB, 0x0000000000000000
2026/09/25 04:55:57.948, 100 %, 2565 MHz, 8001 MHz, 41.52 W, 66, 7925 MiB, 0x0000000000000000
2026/09/25 04:55:58.951, 100 %, 2565 MHz, 8001 MHz, 40.95 W, 66, 7925 MiB, 0x0000000000000000
2026/09/25 04:55:59.952, 100 %, 2565 MHz, 8001 MHz, 41.65 W, 67, 7925 MiB, 0x0000000000000000
2026/09/25 04:56:00.967, 100 %, 2565 MHz, 8001 MHz, 41.85 W, 66, 7925 MiB, 0x0000000000000000
2026/09/25 04:56:01.969, 100 %, 2565 MHz, 8001 MHz, 42.02 W, 66, 7925 MiB, 0x0000000000000000
2026/09/25 04:56:02.971, 100 %, 2565 MHz, 8001 MHz, 42.19 W, 67, 7925 MiB, 0x0000000000000000
2026/09/25 04:56:03.974, 100 %, 2565 MHz, 8001 MHz, 42.22 W, 67, 7925 MiB, 0x0000000000000000
2026/09/25 04:56:04.983, 100 %, 2565 MHz, 8001 MHz, 38.79 W, 67, 7925 MiB, 0x0000000000000000
2026/09/25 04:56:05.985, 100 %, 2565 MHz, 8001 MHz, 42.38 W, 68, 7925 MiB, 0x0000000000000000
2026/09/25 04:56:06.987, 100 %, 2565 MHz, 8001 MHz, 34.69 W, 67, 7925 MiB, 0x0000000000000000
2026/09/25 04:56:08.003, 100 %, 2565 MHz, 8001 MHz, 34.12 W, 67, 7925 MiB, 0x0000000000000000
2026/09/25 04:56:09.011, 100 %, 2565 MHz, 8001 MHz, 42.94 W, 68, 7925 MiB, 0x0000000000000000
2026/09/25 04:56:10.016, 100 %, 2565 MHz, 8001 MHz, 38.89 W, 69, 7925 MiB, 0x0000000000000000
2026/09/25 04:56:11.020, 100 %, 2565 MHz, 8001 MHz, 34.27 W, 67, 7925 MiB, 0x0000000000000000
2026/09/25 04:56:12.028, 100 %, 2565 MHz, 8001 MHz, 41.91 W, 68, 7925 MiB, 0x0000000000000000
2026/09/25 04:56:13.029, 100 %, 2565 MHz, 8001 MHz, 43.32 W, 69, 7925 MiB, 0x0000000000000000
2026/09/25 04:56:14.044, 100 %, 2565 MHz, 8001 MHz, 33.81 W, 69, 7925 MiB, 0x0000000000000000
2026/09/25 04:56:15.047, 100 %, 2565 MHz, 8001 MHz, 41.72 W, 69, 7925 MiB, 0x0000000000000000
2026/09/25 04:56:16.061, 100 %, 2565 MHz, 8001 MHz, 40.04 W, 70, 7925 MiB, 0x0000000000000000
2026/09/25 04:56:17.067, 100 %, 2565 MHz, 8001 MHz, 33.78 W, 68, 7925 MiB, 0x0000000000000000
2026/09/25 04:56:18.073, 100 %, 2565 MHz, 8001 MHz, 42.33 W, 70, 7925 MiB, 0x0000000000000000
2026/09/25 04:56:19.079, 100 %, 2565 MHz, 8001 MHz, 37.14 W, 70, 7925 MiB, 0x0000000000000000
2026/09/25 04:56:20.086, 100 %, 2565 MHz, 8001 MHz, 33.76 W, 69, 7925 MiB, 0x0000000000000000
2026/09/25 04:56:21.087, 100 %, 2565 MHz, 8001 MHz, 39.12 W, 71, 7925 MiB, 0x0000000000000000
2026/09/25 04:56:22.100, 100 %, 2565 MHz, 8001 MHz, 39.86 W, 70, 7925 MiB, 0x0000000000000000
2026/09/25 04:56:23.114, 100 %, 2565 MHz, 8001 MHz, 42.26 W, 71, 7925 MiB, 0x0000000000000000
2026/09/25 04:56:24.127, 100 %, 2565 MHz, 8001 MHz, 33.57 W, 70, 7925 MiB, 0x0000000000000000
2026/09/25 04:56:25.142, 100 %, 2565 MHz, 8001 MHz, 47.88 W, 71, 7925 MiB, 0x0000000000000000
2026/09/25 04:56:26.147, 100 %, 2565 MHz, 8001 MHz, 35.08 W, 71, 7925 MiB, 0x0000000000000000
2026/09/25 04:56:27.155, 100 %, 2550 MHz, 8001 MHz, 46.18 W, 70, 7925 MiB, 0x0000000000000000
2026/09/25 04:56:28.159, 100 %, 2550 MHz, 8001 MHz, 48.31 W, 72, 7925 MiB, 0x0000000000000000
2026/09/25 04:56:29.163, 100 %, 2550 MHz, 8001 MHz, 34.36 W, 70, 7925 MiB, 0x0000000000000000
2026/09/25 04:56:30.166, 100 %, 2550 MHz, 8001 MHz, 37.55 W, 72, 7925 MiB, 0x0000000000000000
2026/09/25 04:56:31.171, 100 %, 2550 MHz, 8001 MHz, 33.63 W, 71, 7925 MiB, 0x0000000000000000
2026/09/25 04:56:32.185, 100 %, 2550 MHz, 8001 MHz, 35.82 W, 73, 7925 MiB, 0x0000000000000000
2026/09/25 04:56:33.189, 100 %, 2550 MHz, 8001 MHz, 34.11 W, 71, 7925 MiB, 0x0000000000000000
2026/09/25 04:56:34.197, 100 %, 2550 MHz, 8001 MHz, 49.40 W, 72, 7925 MiB, 0x0000000000000000
2026/09/25 04:56:35.198, 100 %, 2550 MHz, 8001 MHz, 48.30 W, 72, 7925 MiB, 0x0000000000000000
2026/09/25 04:56:36.200, 99 %, 2550 MHz, 8001 MHz, 33.39 W, 72, 7925 MiB, 0x0000000000000000
2026/09/25 04:56:37.204, 100 %, 2550 MHz, 8001 MHz, 48.12 W, 73, 7925 MiB, 0x0000000000000000
2026/09/25 04:56:38.210, 100 %, 2550 MHz, 8001 MHz, 33.54 W, 72, 7925 MiB, 0x0000000000000000
2026/09/25 04:56:39.224, 100 %, 2550 MHz, 8001 MHz, 51.19 W, 74, 7925 MiB, 0x0000000000000000
2026/09/25 04:56:40.225, 100 %, 2550 MHz, 8001 MHz, 32.18 W, 72, 7925 MiB, 0x0000000000000000
2026/09/25 04:56:41.229, 100 %, 2550 MHz, 8001 MHz, 44.30 W, 74, 7925 MiB, 0x0000000000000000
2026/09/25 04:56:42.246, 100 %, 2550 MHz, 8001 MHz, 41.95 W, 72, 7925 MiB, 0x0000000000000000
2026/09/25 04:56:43.248, 100 %, 2550 MHz, 8001 MHz, 39.01 W, 74, 7925 MiB, 0x0000000000000000
2026/09/25 04:56:44.252, 100 %, 2550 MHz, 8001 MHz, 38.55 W, 73, 7925 MiB, 0x0000000000000000
2026/09/25 04:56:45.256, 99 %, 2550 MHz, 8001 MHz, 43.92 W, 74, 7925 MiB, 0x0000000000000000
2026/09/25 04:56:46.260, 100 %, 2550 MHz, 8001 MHz, 52.01 W, 75, 7925 MiB, 0x0000000000000000
2026/09/25 04:56:47.277, 100 %, 2550 MHz, 8001 MHz, 34.39 W, 73, 7925 MiB, 0x0000000000000000
2026/09/25 04:56:48.280, 100 %, 2550 MHz, 8001 MHz, 49.97 W, 75, 7925 MiB, 0x0000000000000000
2026/09/25 04:56:49.281, 100 %, 2550 MHz, 8001 MHz, 34.57 W, 73, 7925 MiB, 0x0000000000000000
2026/09/25 04:56:50.284, 100 %, 2550 MHz, 8001 MHz, 40.63 W, 75, 7925 MiB, 0x0000000000000000
2026/09/25 04:56:51.288, 100 %, 2550 MHz, 8001 MHz, 33.26 W, 74, 7925 MiB, 0x0000000000000000
2026/09/25 04:56:52.292, 100 %, 2550 MHz, 8001 MHz, 33.23 W, 74, 7925 MiB, 0x0000000000000000
2026/09/25 04:56:53.308, 100 %, 2550 MHz, 8001 MHz, 36.14 W, 74, 7925 MiB, 0x0000000000000000
2026/09/25 04:56:54.311, 100 %, 2550 MHz, 8001 MHz, 33.44 W, 74, 7925 MiB, 0x0000000000000000
2026/09/25 04:56:55.314, 100 %, 2550 MHz, 8001 MHz, 52.65 W, 76, 7925 MiB, 0x0000000000000000
2026/09/25 04:56:56.318, 100 %, 2550 MHz, 8001 MHz, 35.12 W, 74, 7925 MiB, 0x0000000000000000
2026/09/25 04:56:57.333, 100 %, 2550 MHz, 8001 MHz, 54.98 W, 76, 7925 MiB, 0x0000000000000000
2026/09/25 04:56:58.336, 100 %, 2550 MHz, 8001 MHz, 46.37 W, 75, 7925 MiB, 0x0000000000000000
2026/09/25 04:56:59.338, 100 %, 2550 MHz, 8001 MHz, 33.82 W, 74, 7925 MiB, 0x0000000000000000
2026/09/25 04:57:00.341, 100 %, 2550 MHz, 8001 MHz, 43.92 W, 77, 7925 MiB, 0x0000000000000000
2026/09/25 04:57:01.344, 100 %, 2550 MHz, 8001 MHz, 34.40 W, 74, 7925 MiB, 0x0000000000000000
2026/09/25 04:57:02.346, 100 %, 2550 MHz, 8001 MHz, 33.87 W, 74, 7925 MiB, 0x0000000000000000
2026/09/25 04:57:03.348, 100 %, 2550 MHz, 8001 MHz, 54.15 W, 77, 7925 MiB, 0x0000000000000000
2026/09/25 04:57:04.350, 100 %, 2550 MHz, 8001 MHz, 41.35 W, 75, 7925 MiB, 0x0000000000000000
2026/09/25 04:57:05.355, 100 %, 2550 MHz, 8001 MHz, 36.63 W, 77, 7925 MiB, 0x0000000000000000
2026/09/25 04:57:06.359, 100 %, 2550 MHz, 8001 MHz, 53.27 W, 77, 7925 MiB, 0x0000000000000000
2026/09/25 04:57:07.361, 100 %, 2550 MHz, 8001 MHz, 35.06 W, 75, 7925 MiB, 0x0000000000000000
2026/09/25 04:57:08.376, 100 %, 2550 MHz, 8001 MHz, 40.93 W, 77, 7925 MiB, 0x0000000000000000
2026/09/25 04:57:09.377, 100 %, 2550 MHz, 8001 MHz, 33.81 W, 76, 7925 MiB, 0x0000000000000000
2026/09/25 04:57:10.382, 100 %, 2550 MHz, 8001 MHz, 34.10 W, 75, 7925 MiB, 0x0000000000000000
2026/09/25 04:57:11.384, 100 %, 2550 MHz, 8001 MHz, 50.27 W, 78, 7925 MiB, 0x0000000000000000
2026/09/25 04:57:12.388, 100 %, 2550 MHz, 8001 MHz, 41.93 W, 76, 7925 MiB, 0x0000000000000000
2026/09/25 04:57:13.394, 100 %, 2550 MHz, 8001 MHz, 33.95 W, 76, 7925 MiB, 0x0000000000000000
2026/09/25 04:57:14.399, 100 %, 2550 MHz, 8001 MHz, 51.43 W, 78, 7925 MiB, 0x0000000000000000
2026/09/25 04:57:15.403, 100 %, 2550 MHz, 8001 MHz, 34.30 W, 76, 7925 MiB, 0x0000000000000000
2026/09/25 04:57:16.407, 100 %, 2550 MHz, 8001 MHz, 34.01 W, 76, 7925 MiB, 0x0000000000000000
2026/09/25 04:57:17.410, 100 %, 2550 MHz, 8001 MHz, 48.15 W, 79, 7925 MiB, 0x0000000000000000
2026/09/25 04:57:18.412, 100 %, 2550 MHz, 8001 MHz, 43.29 W, 76, 7925 MiB, 0x0000000000000000
2026/09/25 04:57:19.428, 100 %, 2550 MHz, 8001 MHz, 34.31 W, 76, 7925 MiB, 0x0000000000000000
2026/09/25 04:57:20.429, 100 %, 2550 MHz, 8001 MHz, 56.03 W, 79, 7925 MiB, 0x0000000000000000
2026/09/25 04:57:21.430, 100 %, 2550 MHz, 8001 MHz, 39.83 W, 77, 7925 MiB, 0x0000000000000000
2026/09/25 04:57:22.439, 100 %, 2550 MHz, 8001 MHz, 34.24 W, 77, 7925 MiB, 0x0000000000000000
2026/09/25 04:57:23.444, 100 %, 2550 MHz, 8001 MHz, 57.26 W, 79, 7925 MiB, 0x0000000000000000
2026/09/25 04:57:24.446, 100 %, 2550 MHz, 8001 MHz, 41.68 W, 77, 7925 MiB, 0x0000000000000000
2026/09/25 04:57:25.452, 100 %, 2550 MHz, 8001 MHz, 33.57 W, 77, 7925 MiB, 0x0000000000000000
2026/09/25 04:57:26.459, 100 %, 2550 MHz, 8001 MHz, 56.00 W, 79, 7925 MiB, 0x0000000000000000
2026/09/25 04:57:27.473, 100 %, 2550 MHz, 8001 MHz, 50.41 W, 77, 7925 MiB, 0x0000000000000000
2026/09/25 04:57:28.477, 100 %, 2550 MHz, 8001 MHz, 34.48 W, 77, 7925 MiB, 0x0000000000000000
2026/09/25 04:57:29.491, 100 %, 2550 MHz, 8001 MHz, 47.52 W, 80, 7925 MiB, 0x0000000000000000
2026/09/25 04:57:30.495, 100 %, 2550 MHz, 8001 MHz, 45.35 W, 78, 7925 MiB, 0x0000000000000000
2026/09/25 04:57:31.511, 100 %, 2550 MHz, 8001 MHz, 34.47 W, 77, 7925 MiB, 0x0000000000000000
2026/09/25 04:57:32.514, 100 %, 2550 MHz, 8001 MHz, 49.62 W, 80, 7925 MiB, 0x0000000000000000
2026/09/25 04:57:33.517, 100 %, 2550 MHz, 8001 MHz, 56.84 W, 80, 7925 MiB, 0x0000000000000000
2026/09/25 04:57:34.522, 100 %, 2550 MHz, 8001 MHz, 34.55 W, 78, 7925 MiB, 0x0000000000000000
2026/09/25 04:57:35.523, 100 %, 2550 MHz, 8001 MHz, 36.23 W, 78, 7925 MiB, 0x0000000000000000
2026/09/25 04:57:36.538, 100 %, 2550 MHz, 8001 MHz, 56.51 W, 81, 7925 MiB, 0x0000000000000000
2026/09/25 04:57:37.541, 100 %, 2550 MHz, 8001 MHz, 41.07 W, 78, 7925 MiB, 0x0000000000000000
2026/09/25 04:57:38.555, 100 %, 2550 MHz, 8001 MHz, 36.10 W, 78, 7925 MiB, 0x0000000000000000
2026/09/25 04:57:39.556, 100 %, 2550 MHz, 8001 MHz, 57.19 W, 81, 7925 MiB, 0x0000000000000000
2026/09/25 04:57:40.560, 100 %, 2550 MHz, 8001 MHz, 41.08 W, 78, 7925 MiB, 0x0000000000000000
2026/09/25 04:57:41.561, 100 %, 2550 MHz, 8001 MHz, 34.69 W, 78, 7925 MiB, 0x0000000000000000
2026/09/25 04:57:42.568, 100 %, 2550 MHz, 8001 MHz, 57.79 W, 80, 7925 MiB, 0x0000000000000000
2026/09/25 04:57:43.570, 100 %, 2550 MHz, 8001 MHz, 54.94 W, 81, 7925 MiB, 0x0000000000000000
2026/09/25 04:57:44.585, 100 %, 2550 MHz, 8001 MHz, 34.17 W, 79, 7925 MiB, 0x0000000000000000
2026/09/25 04:57:45.599, 100 %, 2550 MHz, 8001 MHz, 34.61 W, 79, 7925 MiB, 0x0000000000000000
2026/09/25 04:57:46.601, 100 %, 2550 MHz, 8001 MHz, 58.03 W, 81, 7925 MiB, 0x0000000000000000
2026/09/25 04:57:47.603, 100 %, 2550 MHz, 8001 MHz, 34.48 W, 79, 7925 MiB, 0x0000000000000000
2026/09/25 04:57:48.618, 100 %, 2550 MHz, 8001 MHz, 34.96 W, 79, 7925 MiB, 0x0000000000000000
2026/09/25 04:57:49.618, 100 %, 2550 MHz, 8001 MHz, 57.86 W, 81, 7925 MiB, 0x0000000000000000
2026/09/25 04:57:50.619, 100 %, 2550 MHz, 8001 MHz, 52.72 W, 81, 7925 MiB, 0x0000000000000000
2026/09/25 04:57:51.623, 100 %, 2550 MHz, 8001 MHz, 34.95 W, 79, 7925 MiB, 0x0000000000000000
2026/09/25 04:57:52.626, 100 %, 2550 MHz, 8001 MHz, 34.37 W, 79, 7925 MiB, 0x0000000000000000
2026/09/25 04:57:53.642, 100 %, 2550 MHz, 8001 MHz, 58.33 W, 82, 7925 MiB, 0x0000000000000000
2026/09/25 04:57:54.656, 100 %, 2550 MHz, 8001 MHz, 47.03 W, 80, 7925 MiB, 0x0000000000000000
2026/09/25 04:57:55.671, 100 %, 2550 MHz, 8001 MHz, 35.30 W, 79, 7925 MiB, 0x0000000000000000
2026/09/25 04:57:56.672, 100 %, 2550 MHz, 8001 MHz, 48.01 W, 82, 7925 MiB, 0x0000000000000000
2026/09/25 04:57:57.675, 100 %, 2550 MHz, 8001 MHz, 58.62 W, 82, 7925 MiB, 0x0000000000000000
2026/09/25 04:57:58.680, 100 %, 2550 MHz, 8001 MHz, 36.81 W, 80, 7925 MiB, 0x0000000000000000
2026/09/25 04:57:59.694, 100 %, 2550 MHz, 8001 MHz, 35.32 W, 80, 7925 MiB, 0x0000000000000000
2026/09/25 04:58:00.706, 100 %, 2550 MHz, 8001 MHz, 51.58 W, 82, 7925 MiB, 0x0000000000000000
2026/09/25 04:58:01.721, 100 %, 2550 MHz, 8001 MHz, 51.89 W, 81, 7925 MiB, 0x0000000000000000
2026/09/25 04:58:02.724, 100 %, 2550 MHz, 8001 MHz, 35.81 W, 80, 7925 MiB, 0x0000000000000000
2026/09/25 04:58:03.740, 99 %, 2550 MHz, 8001 MHz, 39.43 W, 80, 7925 MiB, 0x0000000000000000
2026/09/25 04:58:04.745, 100 %, 2550 MHz, 8001 MHz, 59.02 W, 83, 7925 MiB, 0x0000000000000000
2026/09/25 04:58:05.750, 100 %, 2550 MHz, 8001 MHz, 45.07 W, 80, 7925 MiB, 0x0000000000000000
2026/09/25 04:58:06.756, 100 %, 2550 MHz, 8001 MHz, 35.56 W, 80, 7925 MiB, 0x0000000000000000
2026/09/25 04:58:07.770, 100 %, 2550 MHz, 8001 MHz, 42.71 W, 83, 7925 MiB, 0x0000000000000000
2026/09/25 04:58:08.773, 100 %, 2550 MHz, 8001 MHz, 59.09 W, 83, 7925 MiB, 0x0000000000000000
2026/09/25 04:58:09.788, 100 %, 2550 MHz, 8001 MHz, 35.46 W, 81, 7925 MiB, 0x0000000000000000
2026/09/25 04:58:10.792, 100 %, 2550 MHz, 8001 MHz, 35.55 W, 81, 7925 MiB, 0x0000000000000000
2026/09/25 04:58:11.794, 100 %, 2550 MHz, 8001 MHz, 51.54 W, 83, 7925 MiB, 0x0000000000000000
2026/09/25 04:58:12.796, 100 %, 2550 MHz, 8001 MHz, 58.29 W, 84, 7925 MiB, 0x0000000000000000
2026/09/25 04:58:13.811, 100 %, 2550 MHz, 8001 MHz, 35.59 W, 81, 7925 MiB, 0x0000000000000000
2026/09/25 04:58:14.813, 100 %, 2550 MHz, 8001 MHz, 35.73 W, 81, 7925 MiB, 0x0000000000000000
2026/09/25 04:58:15.815, 100 %, 2550 MHz, 8001 MHz, 53.87 W, 84, 7925 MiB, 0x0000000000000000
2026/09/25 04:58:16.816, 100 %, 2550 MHz, 8001 MHz, 56.31 W, 82, 7925 MiB, 0x0000000000000000
2026/09/25 04:58:17.820, 100 %, 2550 MHz, 8001 MHz, 35.18 W, 81, 7925 MiB, 0x0000000000000000
2026/09/25 04:58:18.827, 100 %, 2550 MHz, 8001 MHz, 42.11 W, 83, 7925 MiB, 0x0000000000000000
2026/09/25 04:58:19.830, 100 %, 2460 MHz, 8001 MHz, 57.36 W, 83, 7925 MiB, 0x0000000000000020
2026/09/25 04:58:20.831, 100 %, 2550 MHz, 8001 MHz, 42.28 W, 81, 7925 MiB, 0x0000000000000000
2026/09/25 04:58:21.845, 100 %, 2550 MHz, 8001 MHz, 35.86 W, 81, 7925 MiB, 0x0000000000000000
2026/09/25 04:58:22.846, 100 %, 2490 MHz, 8001 MHz, 59.19 W, 83, 7925 MiB, 0x0000000000000020
2026/09/25 04:58:23.848, 100 %, 2385 MHz, 8001 MHz, 55.05 W, 84, 7925 MiB, 0x0000000000000020
2026/09/25 04:58:24.850, 100 %, 2550 MHz, 8001 MHz, 35.42 W, 82, 7925 MiB, 0x0000000000000000
2026/09/25 04:58:25.862, 100 %, 2550 MHz, 8001 MHz, 35.94 W, 82, 7925 MiB, 0x0000000000000000
2026/09/25 04:58:26.876, 100 %, 2310 MHz, 8001 MHz, 42.53 W, 83, 7925 MiB, 0x0000000000000020
2026/09/25 04:58:27.877, 100 %, 2400 MHz, 8001 MHz, 56.47 W, 84, 7925 MiB, 0x0000000000000020
2026/09/25 04:58:28.893, 100 %, 2550 MHz, 8001 MHz, 35.59 W, 82, 7925 MiB, 0x0000000000000000
2026/09/25 04:58:29.897, 100 %, 2550 MHz, 8001 MHz, 36.09 W, 82, 7925 MiB, 0x0000000000000000
2026/09/25 04:58:30.903, 100 %, 2445 MHz, 8001 MHz, 44.15 W, 84, 7925 MiB, 0x0000000000000020
2026/09/25 04:58:31.917, 100 %, 2445 MHz, 8001 MHz, 55.92 W, 84, 7925 MiB, 0x0000000000000020
2026/09/25 04:58:32.931, 100 %, 2550 MHz, 8001 MHz, 36.64 W, 82, 7925 MiB, 0x0000000000000000
2026/09/25 04:58:33.947, 100 %, 2550 MHz, 8001 MHz, 36.38 W, 82, 7925 MiB, 0x0000000000000000
2026/09/25 04:58:34.951, 100 %, 2550 MHz, 8001 MHz, 56.87 W, 84, 7925 MiB, 0x0000000000000000
2026/09/25 04:58:35.954, 100 %, 2355 MHz, 8001 MHz, 50.53 W, 83, 7925 MiB, 0x0000000000000020
2026/09/25 04:58:36.957, 100 %, 2550 MHz, 8001 MHz, 35.59 W, 82, 7925 MiB, 0x0000000000000000
2026/09/25 04:58:37.972, 100 %, 2550 MHz, 8001 MHz, 36.20 W, 82, 7925 MiB, 0x0000000000000000
2026/09/25 04:58:38.974, 99 %, 2550 MHz, 8001 MHz, 36.35 W, 82, 7925 MiB, 0x0000000000000000
2026/09/25 04:58:39.975, 100 %, 2310 MHz, 8001 MHz, 50.06 W, 84, 7925 MiB, 0x0000000000000020
2026/09/25 04:58:40.978, 100 %, 2550 MHz, 8001 MHz, 35.79 W, 83, 7925 MiB, 0x0000000000000000
2026/09/25 04:58:41.982, 100 %, 2550 MHz, 8001 MHz, 36.09 W, 82, 7925 MiB, 0x0000000000000000
2026/09/25 04:58:42.986, 100 %, 2550 MHz, 8001 MHz, 36.23 W, 82, 7925 MiB, 0x0000000000000000
2026/09/25 04:58:43.991, 100 %, 2160 MHz, 8001 MHz, 45.90 W, 83, 7925 MiB, 0x0000000000000020
2026/09/25 04:58:44.996, 100 %, 2550 MHz, 8001 MHz, 36.21 W, 83, 7925 MiB, 0x0000000000000000
2026/09/25 04:58:46.000, 100 %, 2550 MHz, 8001 MHz, 36.56 W, 83, 7925 MiB, 0x0000000000000000
2026/09/25 04:58:47.003, 100 %, 2550 MHz, 8001 MHz, 36.14 W, 83, 7925 MiB, 0x0000000000000000
2026/09/25 04:58:48.008, 100 %, 2130 MHz, 8001 MHz, 52.65 W, 83, 7925 MiB, 0x0000000000000020
2026/09/25 04:58:49.023, 100 %, 2175 MHz, 8001 MHz, 46.69 W, 84, 7925 MiB, 0x0000000000000020
2026/09/25 04:58:50.025, 100 %, 2550 MHz, 8001 MHz, 36.51 W, 83, 7925 MiB, 0x0000000000000000
2026/09/25 04:58:51.028, 100 %, 2550 MHz, 8001 MHz, 36.30 W, 83, 7925 MiB, 0x0000000000000000
2026/09/25 04:58:52.044, 100 %, 2475 MHz, 8001 MHz, 58.56 W, 85, 7925 MiB, 0x0000000000000020
2026/09/25 04:58:53.051, 100 %, 2220 MHz, 8001 MHz, 48.36 W, 84, 7925 MiB, 0x0000000000000020
2026/09/25 04:58:54.052, 100 %, 2550 MHz, 8001 MHz, 35.79 W, 83, 7925 MiB, 0x0000000000000000
2026/09/25 04:58:55.054, 100 %, 2550 MHz, 8001 MHz, 36.80 W, 83, 7925 MiB, 0x0000000000000000
2026/09/25 04:58:56.057, 100 %, 2550 MHz, 8001 MHz, 36.18 W, 83, 7925 MiB, 0x0000000000000000
2026/09/25 04:58:57.060, 100 %, 2055 MHz, 8001 MHz, 46.97 W, 84, 7925 MiB, 0x0000000000000020
2026/09/25 04:58:58.063, 100 %, 2520 MHz, 8001 MHz, 32.00 W, 83, 7925 MiB, 0x0000000000000020
2026/09/25 04:58:59.064, 100 %, 2520 MHz, 8001 MHz, 36.25 W, 83, 7925 MiB, 0x0000000000000020
2026/09/25 04:59:00.067, 100 %, 2550 MHz, 8001 MHz, 36.62 W, 83, 7925 MiB, 0x0000000000000000
2026/09/25 04:59:01.082, 100 %, 1965 MHz, 8001 MHz, 43.02 W, 83, 7925 MiB, 0x0000000000000020
2026/09/25 04:59:02.086, 100 %, 1935 MHz, 8001 MHz, 43.97 W, 83, 7925 MiB, 0x0000000000000020
2026/09/25 04:59:03.089, 100 %, 2475 MHz, 8001 MHz, 36.99 W, 83, 7925 MiB, 0x0000000000000000
2026/09/25 04:59:04.092, 100 %, 2550 MHz, 8001 MHz, 36.29 W, 83, 7925 MiB, 0x0000000000000000
2026/09/25 04:59:05.094, 100 %, 2550 MHz, 8001 MHz, 35.84 W, 83, 7925 MiB, 0x0000000000000000
2026/09/25 04:59:06.101, 100 %, 1950 MHz, 8001 MHz, 42.48 W, 83, 7925 MiB, 0x0000000000000020
2026/09/25 04:59:07.103, 100 %, 2550 MHz, 8001 MHz, 36.93 W, 83, 7925 MiB, 0x0000000000000000
2026/09/25 04:59:08.106, 100 %, 2550 MHz, 8001 MHz, 31.44 W, 83, 7925 MiB, 0x0000000000000000
2026/09/25 04:59:09.111, 100 %, 2550 MHz, 8001 MHz, 35.69 W, 83, 7925 MiB, 0x0000000000000000
2026/09/25 04:59:10.114, 100 %, 1845 MHz, 8001 MHz, 43.94 W, 83, 7925 MiB, 0x0000000000000020
2026/09/25 04:59:11.116, 100 %, 2055 MHz, 8001 MHz, 43.80 W, 84, 7925 MiB, 0x0000000000000020
2026/09/25 04:59:12.119, 100 %, 2550 MHz, 8001 MHz, 35.91 W, 84, 7925 MiB, 0x0000000000000000
2026/09/25 04:59:13.134, 100 %, 2550 MHz, 8001 MHz, 36.30 W, 83, 7925 MiB, 0x0000000000000000
2026/09/25 04:59:14.153, 100 %, 2550 MHz, 8001 MHz, 36.07 W, 83, 7925 MiB, 0x0000000000000000
2026/09/25 04:59:15.155, 100 %, 1890 MHz, 8001 MHz, 40.22 W, 83, 7925 MiB, 0x0000000000000020
2026/09/25 04:59:16.171, 100 %, 2400 MHz, 8001 MHz, 37.22 W, 83, 7925 MiB, 0x0000000000000020
2026/09/25 04:59:17.184, 100 %, 2460 MHz, 8001 MHz, 34.08 W, 83, 7925 MiB, 0x0000000000000020
2026/09/25 04:59:18.198, 100 %, 2355 MHz, 8001 MHz, 32.26 W, 83, 7925 MiB, 0x0000000000000020
2026/09/25 04:59:19.203, 100 %, 2085 MHz, 8001 MHz, 39.59 W, 84, 7925 MiB, 0x0000000000000020
2026/09/25 04:59:20.206, 100 %, 1800 MHz, 8001 MHz, 39.43 W, 83, 7925 MiB, 0x0000000000000020
2026/09/25 04:59:21.211, 100 %, 2535 MHz, 8001 MHz, 36.21 W, 83, 7925 MiB, 0x0000000000000020
2026/09/25 04:59:22.223, 100 %, 2520 MHz, 8001 MHz, 34.78 W, 83, 7925 MiB, 0x0000000000000020
2026/09/25 04:59:23.229, 100 %, 2415 MHz, 8001 MHz, 30.80 W, 83, 7925 MiB, 0x0000000000000020
2026/09/25 04:59:24.231, 100 %, 1770 MHz, 8001 MHz, 39.17 W, 84, 7925 MiB, 0x0000000000000020
2026/09/25 04:59:25.235, 100 %, 1875 MHz, 8001 MHz, 40.47 W, 83, 7925 MiB, 0x0000000000000020
2026/09/25 04:59:26.238, 100 %, 2550 MHz, 8001 MHz, 35.37 W, 84, 7925 MiB, 0x0000000000000000
2026/09/25 04:59:27.239, 100 %, 2490 MHz, 8001 MHz, 35.27 W, 83, 7925 MiB, 0x0000000000000020
2026/09/25 04:59:28.243, 100 %, 2550 MHz, 8001 MHz, 35.19 W, 84, 7925 MiB, 0x0000000000000020
2026/09/25 04:59:29.247, 100 %, 1950 MHz, 8001 MHz, 42.57 W, 84, 7925 MiB, 0x0000000000000020
2026/09/25 04:59:30.252, 100 %, 1920 MHz, 8001 MHz, 41.95 W, 84, 7925 MiB, 0x0000000000000020
2026/09/25 04:59:31.256, 100 %, 2520 MHz, 8001 MHz, 35.99 W, 84, 7925 MiB, 0x0000000000000020
2026/09/25 04:59:32.256, 100 %, 2550 MHz, 8001 MHz, 35.67 W, 84, 7925 MiB, 0x0000000000000000
2026/09/25 04:59:33.258, 100 %, 2550 MHz, 8001 MHz, 35.77 W, 84, 7925 MiB, 0x0000000000000000
2026/09/25 04:59:34.260, 100 %, 1860 MHz, 8001 MHz, 42.95 W, 84, 7925 MiB, 0x0000000000000020
2026/09/25 04:59:35.264, 100 %, 1470 MHz, 8001 MHz, 33.88 W, 83, 7925 MiB, 0x0000000000000020
2026/09/25 04:59:36.268, 100 %, 2520 MHz, 8001 MHz, 33.88 W, 84, 7925 MiB, 0x0000000000000020
2026/09/25 04:59:37.281, 100 %, 2535 MHz, 8001 MHz, 33.83 W, 84, 7925 MiB, 0x0000000000000020
2026/09/25 04:59:38.293, 100 %, 2385 MHz, 8001 MHz, 29.88 W, 83, 7925 MiB, 0x0000000000000020
2026/09/25 04:59:39.297, 100 %, 1725 MHz, 8001 MHz, 23.53 W, 84, 7925 MiB, 0x0000000000000020
2026/09/25 04:59:40.301, 100 %, 1830 MHz, 8001 MHz, 38.67 W, 84, 7925 MiB, 0x0000000000000020
2026/09/25 04:59:41.307, 100 %, 2460 MHz, 8001 MHz, 34.56 W, 83, 7925 MiB, 0x0000000000000020
2026/09/25 04:59:42.313, 100 %, 2340 MHz, 8001 MHz, 31.98 W, 83, 7925 MiB, 0x0000000000000020
2026/09/25 04:59:43.320, 100 %, 2520 MHz, 8001 MHz, 33.33 W, 84, 7925 MiB, 0x0000000000000020
2026/09/25 04:59:44.332, 100 %, 1770 MHz, 8001 MHz, 38.27 W, 84, 7925 MiB, 0x0000000000000020
2026/09/25 04:59:45.348, 100 %, 2460 MHz, 8001 MHz, 35.56 W, 84, 7925 MiB, 0x0000000000000020
2026/09/25 04:59:46.351, 100 %, 2325 MHz, 8001 MHz, 35.09 W, 84, 7925 MiB, 0x0000000000000020
2026/09/25 04:59:47.351, 100 %, 2445 MHz, 8001 MHz, 34.18 W, 83, 7925 MiB, 0x0000000000000020
2026/09/25 04:59:48.354, 100 %, 1725 MHz, 8001 MHz, 36.09 W, 84, 7925 MiB, 0x0000000000000020
2026/09/25 04:59:49.357, 100 %, 1815 MHz, 8001 MHz, 40.63 W, 84, 7925 MiB, 0x0000000000000020
2026/09/25 04:59:50.370, 100 %, 2460 MHz, 8001 MHz, 28.93 W, 83, 7925 MiB, 0x0000000000000020
2026/09/25 04:59:51.373, 100 %, 2460 MHz, 8001 MHz, 33.97 W, 84, 7925 MiB, 0x0000000000000020
2026/09/25 04:59:52.388, 100 %, 2460 MHz, 8001 MHz, 33.35 W, 84, 7925 MiB, 0x0000000000000020
2026/09/25 04:59:53.391, 100 %, 2505 MHz, 8001 MHz, 33.77 W, 84, 7925 MiB, 0x0000000000000020
2026/09/25 04:59:54.405, 100 %, 1695 MHz, 8001 MHz, 30.32 W, 83, 7925 MiB, 0x0000000000000020
2026/09/25 04:59:55.407, 100 %, 2445 MHz, 8001 MHz, 26.77 W, 83, 7925 MiB, 0x0000000000000020
2026/09/25 04:59:56.409, 100 %, 2445 MHz, 8001 MHz, 30.68 W, 83, 7925 MiB, 0x0000000000000020
2026/09/25 04:59:57.411, 100 %, 2400 MHz, 8001 MHz, 29.54 W, 83, 7925 MiB, 0x0000000000000020
2026/09/25 04:59:58.426, 100 %, 2445 MHz, 8001 MHz, 34.69 W, 83, 7925 MiB, 0x0000000000000020
2026/09/25 04:59:59.429, 100 %, 2400 MHz, 8001 MHz, 30.43 W, 83, 7925 MiB, 0x0000000000000020
2026/09/25 05:00:00.431, 100 %, 2550 MHz, 8001 MHz, 36.50 W, 83, 7925 MiB, 0x0000000000000020
2026/09/25 05:00:01.435, 100 %, 2550 MHz, 8001 MHz, 28.07 W, 84, 7925 MiB, 0x0000000000000000
2026/09/25 05:00:02.441, 100 %, 2355 MHz, 8001 MHz, 37.29 W, 84, 7925 MiB, 0x0000000000000000
2026/09/25 05:00:03.445, 100 %, 2325 MHz, 8001 MHz, 34.31 W, 83, 7925 MiB, 0x0000000000000020
2026/09/25 05:00:04.449, 99 %, 1575 MHz, 8001 MHz, 36.63 W, 86, 7925 MiB, 0x0000000000000020
2026/09/25 05:00:05.454, 100 %, 2400 MHz, 8001 MHz, 32.52 W, 84, 7925 MiB, 0x0000000000000020
2026/09/25 05:00:06.458, 99 %, 1680 MHz, 8001 MHz, 34.34 W, 84, 7925 MiB, 0x0000000000000020
2026/09/25 05:00:07.473, 100 %, 2235 MHz, 8001 MHz, 32.47 W, 83, 7925 MiB, 0x0000000000000020
2026/09/25 05:00:08.478, 99 %, 2280 MHz, 8001 MHz, 31.23 W, 83, 7925 MiB, 0x0000000000000020
2026/09/25 05:00:09.500, 0 %, 2550 MHz, 8001 MHz, 28.19 W, 83, 7925 MiB, 0x0000000000000000
2026/09/25 05:00:10.514, 0 %, 2550 MHz, 8001 MHz, 28.48 W, 83, 0 MiB, 0x0000000000000000
2026/09/25 05:00:11.528, 0 %, 1605 MHz, 8000 MHz, 16.10 W, 83, 0 MiB, 0x0000000000000001
2026/09/25 05:00:12.590, [Unknown Error], 1605 MHz, 8000 MHz, 15.92 W, 83, 0 MiB, 0x0000000000000001
2026/09/25 05:00:14.155, [Unknown Error], 1605 MHz, 8000 MHz, 1.20 W, 83, 0 MiB, 0x0000000000000001
2026/09/25 05:00:15.703, [Unknown Error], 1605 MHz, 8000 MHz, 1.20 W, 83, 0 MiB, 0x0000000000000001
