#Date        Time         gpu    pwr  gtemp  mtemp     sm    mem    enc    dec    jpg    ofa   mclk   pclk  pviol  tviol     fb   bar1   ccpm  rxpci  txpci 
#YYYYMMDD    HH:MM:SS     Idx      W      C      C      %      %      %      %      %      %    MHz    MHz      %   bool     MB     MB     MB   MB/s   MB/s 
 20260925    04:07:40       0     14     58      -      0      0      0      0      0      0   8001   1605      0      0      0   8163      -      0      0 
 20260925    04:07:41       0      1     57      -      0      0      0      0      0      0   8000   1605    100      0      0   8163      -     76      7 
 20260925    04:07:42       0     13     58      -      3      0      0      0      0      0   8001   1605      0      0    113   8163      -      0      0 
 20260925    04:07:43       0     13     58      -     15      3      0      0      0      0   8001   1605      0      0   2489   8163      -   2079    232 
 20260925    04:07:44       0     13     58      -     14      1      0      0      0      0   8001   1605      0      0   2489   8163      -   2286    291 
 20260925    04:07:45       0     18     58      -     64     14      0      0      0      0   8001   1845      0      0   7807   8163      -   1635     38 
 20260925    04:07:46       0     23     59      -      0      0      0      0      0      0   8001   2565      0      0   7807   8163      -      0      0 
 20260925    04:07:47       0     23     59      -      0      0      0      0      0      0   8001   2565      0      0   7807   8163      -      0      0 
 20260925    04:07:49       0     13     58      -      0      0      0      0      0      0   8001   1605      0      0   7807   8163      -      0      0 
 20260925    04:07:50       0     13     58      -      0      0      0      0      0      0   8001   1605      0      0   7807   8163      -      0      1 
 20260925    04:07:51       0     13     58      -      0      0      0      0      0      0   8001   1605      0      0   7807   8163      -      0      3 
 20260925    04:07:52       0     13     58      -      0      0      0      0      0      0   8001   1605      0      0   7807   8163      -      0      0 
 20260925    04:07:53       0     13     58      -      0      0      0      0      0      0   8001   1605      0      0   7807   8163      -      0      0 
 20260925    04:07:54       0      7     58      -      0      0      0      0      0      0    810    225      0      0   7807   8163      -      0      2 
 20260925    04:07:55       0      2     58      -      0      0      0      0      0      0    405    210      0      0   7807   8163      -      0      0 
 20260925    04:07:56       0      2     58      -      0      0      0      0      0      0    405    210      0      0   7807   8163      -      0      0 
 20260925    04:07:57       0      2     58      -      0      0      0      0      0      0    405    210      0      0   7807   8163      -      0      1 
 20260925    04:07:58       0      2     58      -      0      0      0      0      0      0    405    210      0      0   7807   8163      -      0      0 
 20260925    04:07:59       0      2     57      -      0      0      0      0      0      0    405    210      0      0   7807   8163      -      0      0 
 20260925    04:08:00       0      2     57      -      0      0      0      0      0      0    405    210      0      0   7807   8163      -      0      0 
 20260925    04:08:01       0      2     57      -      0      0      0      0      0      0    405    210      0      0   7807   8163      -      0      0 
 20260925    04:08:02       0      2     57      -      0      0      0      0      0      0    405    210      0      0   7807   8163      -      0      0 
 20260925    04:08:04       0      4     57      -      0      0      0      0      0      0    405    210      0      0   7807   8163      -      0      0 
 20260925    04:08:05       0      2     57      -      0      0      0      0      0      0    405    210      0      0   7807   8163      -      0      1 
 20260925    04:08:06       0      2     57      -      0      0      0      0      0      0    405    210      0      0   7807   8163      -      0      0 
 20260925    04:08:07       0      2     57      -      0      0      0      0      0      0    405    210      0      0   7807   8163      -      0      0 
 20260925    04:08:08       0      2     57      -      0      0      0      0      0      0    405    210      0      0   7807   8163      -      0      2 
 20260925    04:08:09       0      2     57      -      0      0      0      0      0      0    405    210      0      0   7807   8163      -      0      0 
 20260925    04:08:10       0      2     57      -      0      0      0      0      0      0    405    210      0      0   7807   8163      -      0      0 
 20260925    04:08:11       0      2     57      -      0      0      0      0      0      0    405    210      0      0   7807   8163      -      0      0 
 20260925    04:08:12       0      2     57      -      0      0      0      0      0      0    405    210      0      0   7807   8163      -      0      0 
 20260925    04:08:13       0      2     57      -      0      0      0      0      0      0    405    210      0      0   7807   8163      -      0      1 
 20260925    04:08:14       0      2     57      -      0      0      0      0      0      0    405    210      0      0   7807   8163      -      0      0 
 20260925    04:08:15       0      3     57      -      0      0      0      0      0      0    405    210      0      0   7807   8163      -     16      0 
 20260925    04:08:16       0      2     57      -      0      0      0      0      0      0    405    210      0      0   7807   8163      -      0      0 
 20260925    04:08:17       0      2     57      -      0      0      0      0      0      0    405    210      0      0   7807   8163      -      0      0 
 20260925    04:08:18       0      2     57      -      0      0      0      0      0      0    405    210      0      0   7807   8163      -      0      0 
 20260925    04:08:19       0      2     57      -      0      0      0      0      0      0    405    210      0      0   7813   8163      -      2      0 
 20260925    04:08:21       0    106     70      -    100     43      0      0      0      0   8001   2310      0      0   7813   8163      -    566      7 
 20260925    04:08:22       0    101     71      -    100     39      0      0      0      0   8001   2340      0      0   7813   8163      -     17      6 
 20260925    04:08:23       0    105     71      -    100     85      0      0      0      0   8001   2295      0      0   7813   8163      -     14      4 
 20260925    04:08:24       0    104     72      -    100     95      0      0      0      0   8001   2460      0      0   7813   8163      -     14      4 
 20260925    04:08:25       0    102     71      -    100    100      0      0      0      0   8001   2445      0      0   7813   8163      -     10      4 
 20260925    04:08:26       0    105     72      -    100    100      0      0      0      0   8001   2550      0      0   7813   8163      -     14      4 
#Date        Time         gpu    pwr  gtemp  mtemp     sm    mem    enc    dec    jpg    ofa   mclk   pclk  pviol  tviol     fb   bar1   ccpm  rxpci  txpci 
#YYYYMMDD    HH:MM:SS     Idx      W      C      C      %      %      %      %      %      %    MHz    MHz      %   bool     MB     MB     MB   MB/s   MB/s 
 20260925    04:08:27       0    101     72      -    100    100      0      0      0      0   8001   2550      0      0   7813   8163      -     10      3 
 20260925    04:08:28       0     99     73      -    100    100      0      0      0      0   8001   2550      0      0   7813   8163      -     10      4 
 20260925    04:08:29       0    119     73      -    100    100      0      0      0      0   8001   2550      0      0   7813   8163      -     10      4 
 20260925    04:08:30       0     98     73      -    100    100      0      0      0      0   8001   2550      0      0   7813   8163      -      9      4 
 20260925    04:08:31       0     98     74      -    100    100      0      0      0      0   8001   2550      0      0   7813   8163      -     10    178 
 20260925    04:08:32       0     98     74      -    100    100      0      0      0      0   8001   2550      0      0   7813   8163      -      9    185 
 20260925    04:08:33       0     97     74      -    100    100      0      0      0      0   8001   2550      0      0   7813   8163      -      9      3 
 20260925    04:08:34       0     98     74      -     99    100      0      0      0      0   8001   2550      0      0   7813   8163      -      9      3 
 20260925    04:08:35       0    101     75      -    100    100      0      0      0      0   8001   2550      0      0   7813   8163      -      9      4 
 20260925    04:08:37       0     98     76      -    100    100      0      0      0      0   8001   2550      0      0   7813   8163      -      9      3 
 20260925    04:08:38       0     98     77      -    100    100      0      0      0      0   8001   2550      0      0   7813   8163      -      8    214 
 20260925    04:08:39       0     98     76      -    100    100      0      0      0      0   8001   2550      0      0   7813   8163      -      9      4 
 20260925    04:08:40       0     99     77      -    100    100      0      0      0      0   8001   2550      0      0   7813   8163      -      8      3 
 20260925    04:08:41       0     98     78      -    100    100      0      0      0      0   8001   2550      0      0   7813   8163      -     10      3 
 20260925    04:08:42       0     98     77      -    100    100      0      0      0      0   8001   2550      0      0   7813   8163      -      8      3 
 20260925    04:08:43       0     98     78      -    100    100      0      0      0      0   8001   2550      0      0   7813   8163      -      8      3 
 20260925    04:08:44       0     96     72      -     41     49      0      0      0      0   8001   2550      0      0   7813   8163      -      0      0 
 20260925    04:08:45       0     24     70      -      0      0      0      0      0      0   8001   2550      0      0   7813   8163      -      0      0 
 20260925    04:08:46       0     11     68      -      0      0      0      0      0      0   8001    510      0      0   7813   8163      -      0      1 
 20260925    04:08:47       0      8     68      -      0      0      0      0      0      0   6001    330      0      0   7813   8163      -      0      0 
 20260925    04:08:48       0      8     68      -      0      0      0      0      0      0   6001    210      0      0   7813   8163      -      0      0 
 20260925    04:08:49       0      4     67      -      0      0      0      0      0      0    810    210      0      0   7813   8163      -      0      0 
 20260925    04:08:50       0      3     67      -      0      0      0      0      0      0    405    210      0      0   7813   8163      -      0      0 
 20260925    04:08:51       0      1     67      -      0      0      0      0      0      0    405    210      0      0   7813   8163      -      0      0 
 20260925    04:08:52       0      1     66      -      0      0      0      0      0      0    405    210      0      0   7813   8163      -      0      0 
 20260925    04:08:54       0      1     66      -      0      0      0      0      0      0    405    210      0      0   7813   8163      -      0      0 
 20260925    04:08:55       0      1     66      -      0      0      0      0      0      0    405    210      0      0   7813   8163      -      0      0 
 20260925    04:08:56       0      1     66      -      0      0      0      0      0      0    405    210      0      0   7813   8163      -      0      0 
 20260925    04:08:57       0      1     65      -      0      0      0      0      0      0    405    210      0      0   7813   8163      -      0      0 
 20260925    04:08:58       0      1     65      -      0      0      0      0      0      0    405    210      0      0   7813   8163      -      0      0 
 20260925    04:08:59       0      1     65      -      0      0      0      0      0      0    405    210      0      0   7813   8163      -      0      0 
 20260925    04:09:00       0      1     65      -      0      0      0      0      0      0    405    210      0      0   7813   8163      -      0      1 
 20260925    04:09:01       0      1     65      -      0      0      0      0      0      0    405    210      0      0   7813   8163      -      0      0 
 20260925    04:09:02       0      1     65      -      0      0      0      0      0      0    405    210      0      0   7813   8163      -      0      1 
 20260925    04:09:03       0      1     64      -      0      0      0      0      0      0    405    210      0      0   7813   8163      -      0      0 
 20260925    04:09:04       0      1     64      -      0      0      0      0      0      0    405    210      0      0   7813   8163      -      0      0 
 20260925    04:09:05       0      1     64      -      0      0      0      0      0      0    405    210      0      0   7813   8163      -      0      0 
 20260925    04:09:06       0      1     64      -      0      0      0      0      0      0    405    210      0      0   7813   8163      -      0      0 
 20260925    04:09:07       0      1     64      -      0      0      0      0      0      0    405    210      0      0   7813   8163      -      0      0 
 20260925    04:09:09       0      1     64      -      0      0      0      0      0      0    405    210      0      0   7813   8163      -      0      0 
 20260925    04:09:10       0      1     64      -      0      0      0      0      0      0    405    210      0      0   7813   8163      -      0      0 
 20260925    04:09:11       0      1     64      -      0      0      0      0      0      0    405    210      0      0   7813   8163      -      3      0 
 20260925    04:09:12       0      1     63      -      0      0      0      0      0      0    405    210      0      0   7813   8163      -      0      0 
 20260925    04:09:13       0      1     63      -      0      0      0      0      0      0    405    210      0      0   7813   8163      -      0      0 
#Date        Time         gpu    pwr  gtemp  mtemp     sm    mem    enc    dec    jpg    ofa   mclk   pclk  pviol  tviol     fb   bar1   ccpm  rxpci  txpci 
#YYYYMMDD    HH:MM:SS     Idx      W      C      C      %      %      %      %      %      %    MHz    MHz      %   bool     MB     MB     MB   MB/s   MB/s 
 20260925    04:09:14       0      1     63      -      0      0      0      0      0      0    405    210      0      0   7813   8163      -      0      0 
 20260925    04:09:15       0      1     63      -      0      0      0      0      0      0    405    210      0      0   7813   8163      -      0      0 
 20260925    04:09:16       0      1     63      -      0      0      0      0      0      0    405    210      0      0   7813   8163      -      0      0 
 20260925    04:09:17       0      1     63      -      0      0      0      0      0      0    405    210      0      0   7813   8163      -      0      2 
 20260925    04:09:18       0      2     63      -      0      0      0      0      0      0    405    210      0      0   7813   8163      -      0      0 
 20260925    04:09:19       0      1     63      -      0      0      0      0      0      0    405    210      0      0   7813   8163      -      0      0 
 20260925    04:09:20       0      1     62      -      0      0      0      0      0      0    405    210      0      0   7813   8163      -      0      0 
 20260925    04:09:21       0      1     62      -      0      0      0      0      0      0    405    210      0      0   7813   8163      -      0      0 
 20260925    04:09:22       0      1     62      -      0      0      0      0      0      0    405    210      0      0   7813   8163      -      0      0 
 20260925    04:09:23       0      1     62      -      0      0      0      0      0      0    405    210      0      0   7813   8163      -      0      0 
 20260925    04:09:25       0      1     62      -      0      0      0      0      0      0    405    210      0      0   7813   8163      -      0      0 
 20260925    04:09:26       0      1     62      -      0      0      0      0      0      0    405    210      0      0   7813   8163      -      0      0 
 20260925    04:09:27       0      4     62      -      0      0      0      0      0      0    405    210      0      0   7813   8163      -      0      0 
 20260925    04:09:28       0      1     62      -      0      0      0      0      0      0    405    210      0      0   7813   8163      -      0      0 
 20260925    04:09:29       0      1     62      -      0      0      0      0      0      0    405    210      0      0   7813   8163      -      0      0 
 20260925    04:09:30       0      2     62      -      0      0      0      0      0      0    405    210      0      0   7813   8163      -      0      0 
 20260925    04:09:31       0      2     62      -      0      0      0      0      0      0    405    210      0      0   7813   8163      -      0      0 
 20260925    04:09:32       0      2     61      -      0      0      0      0      0      0    405    210      0      0   7813   8163      -      0      0 
 20260925    04:09:33       0      2     61      -      0      0      0      0      0      0    405    210      0      0   7813   8163      -      0      0 
 20260925    04:09:34       0      2     61      -      0      0      0      0      0      0    405    210      0      0   7813   8163      -      0      1 
 20260925    04:09:35       0      2     61      -      0      0      0      0      0      0    405    210      0      0   7813   8163      -      3      0 
 20260925    04:09:36       0      2     61      -      0      0      0      0      0      0    405    210      0      0   7813   8163      -      0      0 
 20260925    04:09:37       0      2     61      -      0      0      0      0      0      0    405    210      0      0   7813   8163      -      0      0 
 20260925    04:09:38       0      2     61      -      0      0      0      0      0      0    405    210      0      0   7813   8163      -      0      0 
 20260925    04:09:39       0      2     61      -      0      0      0      0      0      0    405    210      0      0   7813   8163      -      0      0 
 20260925    04:09:40       0      2     61      -      0      0      0      0      0      0    405    210      0      0   7813   8163      -      0      0 
 20260925    04:09:42       0      2     61      -      0      0      0      0      0      0    405    210      0      0   7813   8163      -      0      0 
 20260925    04:09:43       0      2     61      -      0      0      0      0      0      0    405    210      0      0   7813   8163      -      0      0 
 20260925    04:09:44       0      2     61      -      0      0      0      0      0      0    405    210      0      0   7813   8163      -      0      0 
 20260925    04:09:45       0      2     61      -      0      0      0      0      0      0    405    210      0      0   7813   8163      -      0      0 
 20260925    04:09:46       0      3     61      -      0      0      0      0      0      0    405    210      0      0   7813   8163      -      0      0 
 20260925    04:09:47       0      2     60      -      0      0      0      0      0      0    405    210      0      0   7813   8163      -      0      0 
 20260925    04:09:48       0      2     60      -      0      0      0      0      0      0    405    210      0      0   7813   8163      -      0      0 
 20260925    04:09:49       0      2     60      -      0      0      0      0      0      0    405    210      0      0   7813   8163      -      0      0 
 20260925    04:09:50       0      2     60      -      0      0      0      0      0      0    405    210      0      0   7813   8163      -      0      0 
 20260925    04:09:51       0      2     60      -      0      0      0      0      0      0    405    210      0      0   7813   8163      -      0      0 
 20260925    04:09:52       0      2     60      -      0      0      0      0      0      0    405    210      0      0   7813   8163      -      3      0 
 20260925    04:09:53       0     17     61      -     88      6      0      0      0      0   8001   2565      0      0   7813   8163      -    309      9 
 20260925    04:09:54       0    103     74      -     99     40      0      0      0      0   8001   2295      0      0   7813   8163      -     19     72 
 20260925    04:09:55       0    103     75      -    100     43      0      0      0      0   8001   2265      0      0   7813   8163      -     17      6 
 20260925    04:09:57       0    105     75      -    100     82      0      0      0      0   8001   2310      0      0   7813   8163      -     14    112 
 20260925    04:09:58       0    107     75      -    100     95      0      0      0      0   8001   2430      0      0   7813   8163      -   1052      5 
 20260925    04:09:59       0    104     75      -    100    100      0      0      0      0   8001   2475      0      0   7813   8163      -     11      4 
 20260925    04:10:00       0    103     75      -     99    100      0      0      0      0   8001   2550      0      0   7813   8163      -     10      4 
#Date        Time         gpu    pwr  gtemp  mtemp     sm    mem    enc    dec    jpg    ofa   mclk   pclk  pviol  tviol     fb   bar1   ccpm  rxpci  txpci 
#YYYYMMDD    HH:MM:SS     Idx      W      C      C      %      %      %      %      %      %    MHz    MHz      %   bool     MB     MB     MB   MB/s   MB/s 
 20260925    04:10:01       0    101     75      -    100    100      0      0      0      0   8001   2550      0      0   7813   8163      -     11      4 
 20260925    04:10:02       0    101     75      -    100    100      0      0      0      0   8001   2535      0      0   7813   8163      -     11      4 
 20260925    04:10:03       0    100     76      -    100    100      0      0      0      0   8001   2550      0      0   7813   8163      -     10    166 
 20260925    04:10:04       0     99     76      -    100    100      0      0      0      0   8001   2550      0      0   7813   8163      -     11      3 
 20260925    04:10:05       0    100     77      -    100    100      0      0      0      0   8001   2550      0      0   7813   8163      -     10      2 
 20260925    04:10:06       0    100     77      -    100    100      0      0      0      0   8001   2550      0      0   7813   8163      -      9      3 
 20260925    04:10:07       0     99     77      -    100    100      0      0      0      0   8001   2550      0      0   7813   8163      -      9      3 
 20260925    04:10:08       0     99     78      -    100    100      0      0      0      0   8001   2550      0      0   7813   8163      -     12      3 
 20260925    04:10:09       0     99     78      -    100    100      0      0      0      0   8001   2550      0      0   7813   8163      -      9      3 
 20260925    04:10:10       0     99     78      -    100    100      0      0      0      0   8001   2550      0      0   7813   8163      -      9      3 
 20260925    04:10:11       0    100     79      -    100    100      0      0      0      0   8001   2550      0      0   7813   8163      -     10      3 
 20260925    04:10:12       0     99     79      -    100    100      0      0      0      0   8001   2550      0      0   7813   8163      -     28      3 
 20260925    04:10:14       0     99     80      -    100    100      0      0      0      0   8001   2550      0      0   7813   8163      -      8      3 
 20260925    04:10:15       0     99     80      -    100    100      0      0      0      0   8001   2550      0      0   7813   8163      -      9    229 
 20260925    04:10:16       0     99     80      -    100    100      0      0      0      0   8001   2550      0      0   7813   8163      -      8      4 
 20260925    04:10:17       0    100     81      -    100    100      0      0      0      0   8001   2550      0      0   7813   8163      -   1692      3 
 20260925    04:10:18       0     77     73      -      0      0      0      0      0      0   8001   2550      0      0   7813   8163      -     17      0 
 20260925    04:10:19       0     25     73      -      0      0      0      0      0      0   8001   2550      0      0   7813   8163      -      0      0 
 20260925    04:10:20       0     22     71      -      0      0      0      0      0      0   8001    510      0      0   7813   8163      -      0      0 
 20260925    04:10:21       0      8     71      -      0      0      0      0      0      0   6001    330      0      0   7813   8163      -      0      0 
 20260925    04:10:22       0      8     70      -      0      0      0      0      0      0   6001    210      0      0   7813   8163      -      0      0 
 20260925    04:10:23       0      8     70      -      0      0      0      0      0      0   6001    210      0      0   7813   8163      -      0      0 
 20260925    04:10:24       0      4     70      -      0      0      0      0      0      0    810    210      0      0   7813   8163      -      0      0 
 20260925    04:10:25       0      2     69      -      0      0      0      0      0      0    405    210      0      0   7813   8163      -      3      0 
 20260925    04:10:26       0      1     69      -      0      0      0      0      0      0    405    210      0      0   7813   8163      -      0      0 
 20260925    04:10:27       0      1     69      -      0      0      0      0      0      0    405    210      0      0   7813   8163      -      0      0 
 20260925    04:10:28       0      1     69      -      0      0      0      0      0      0    405    210      0      0   7813   8163      -      0      0 
 20260925    04:10:30       0      1     69      -      0      0      0      0      0      0    405    210      0      0   7813   8163      -      0      0 
 20260925    04:10:31       0      1     68      -      0      0      0      0      0      0    405    210      0      0   7813   8163      -      0      1 
 20260925    04:10:32       0      1     68      -      0      0      0      0      0      0    405    210      0      0   7813   8163      -      0      0 
 20260925    04:10:33       0      1     68      -      0      0      0      0      0      0    405    210      0      0   7813   8163      -      0      0 
 20260925    04:10:34       0      1     68      -      0      0      0      0      0      0    405    210      0      0   7813   8163      -      0      0 
 20260925    04:10:35       0      1     67      -      0      0      0      0      0      0    405    210      0      0   7813   8163      -      0      0 
 20260925    04:10:36       0      1     67      -      0      0      0      0      0      0    405    210      0      0   7813   8163      -      0      0 
 20260925    04:10:37       0      1     67      -      0      0      0      0      0      0    405    210      0      0   7813   8163      -      0      0 
 20260925    04:10:38       0      2     67      -      0      0      0      0      0      0    405    210      0      0   7813   8163      -      0      0 
 20260925    04:10:39       0      1     67      -      0      0      0      0      0      0    405    210      0      0   7813   8163      -      0      1 
 20260925    04:10:40       0      1     67      -      0      0      0      0      0      0    405    210      0      0   7813   8163      -      0      0 
 20260925    04:10:41       0      1     67      -      0      0      0      0      0      0    405    210      0      0   7813   8163      -      0      0 
 20260925    04:10:42       0      1     66      -      0      0      0      0      0      0    405    210      0      0   7813   8163      -      0      2 
 20260925    04:10:43       0      1     66      -      0      0      0      0      0      0    405    210      0      0   7813   8163      -      0      0 
 20260925    04:10:44       0      1     66      -      0      0      0      0      0      0    405    210      0      0   7813   8163      -      0      0 
 20260925    04:10:46       0      1     66      -      0      0      0      0      0      0    405    210      0      0   7813   8163      -      0      0 
 20260925    04:10:47       0      1     66      -      0      0      0      0      0      0    405    210      0      0   7813   8163      -      0      0 
#Date        Time         gpu    pwr  gtemp  mtemp     sm    mem    enc    dec    jpg    ofa   mclk   pclk  pviol  tviol     fb   bar1   ccpm  rxpci  txpci 
#YYYYMMDD    HH:MM:SS     Idx      W      C      C      %      %      %      %      %      %    MHz    MHz      %   bool     MB     MB     MB   MB/s   MB/s 
 20260925    04:10:48       0      1     66      -      0      0      0      0      0      0    405    210      0      0   7813   8163      -      0      1 
 20260925    04:10:49       0      1     65      -      0      0      0      0      0      0    405    210      0      0   7813   8163      -      0      0 
 20260925    04:10:50       0      1     65      -      0      0      0      0      0      0    405    210      0      0   7813   8163      -      0      0 
 20260925    04:10:51       0      1     65      -      0      0      0      0      0      0    405    210      0      0   7813   8163      -      0      0 
 20260925    04:10:52       0      1     65      -      0      0      0      0      0      0    405    210      0      0   7813   8163      -      0      0 
 20260925    04:10:53       0      1     65      -      0      0      0      0      0      0    405    210      0      0   7813   8163      -      0      0 
 20260925    04:10:54       0      1     65      -      0      0      0      0      0      0    405    210      0      0   7813   8163      -      0      0 
 20260925    04:10:55       0      1     65      -      0      0      0      0      0      0    405    210      0      0   7813   8163      -      0      0 
 20260925    04:10:56       0      1     65      -      0      0      0      0      0      0    405    210      0      0   7813   8163      -      0      0 
 20260925    04:10:57       0      1     65      -      0      0      0      0      0      0    405    210      0      0   7813   8163      -      0      0 
 20260925    04:10:58       0      1     64      -      0      0      0      0      0      0    405    210      0      0   7813   8163      -      0      0 
 20260925    04:10:59       0      1     64      -      0      0      0      0      0      0    405    210      0      0   7813   8163      -      0      0 
 20260925    04:11:00       0      1     64      -      0      0      0      0      0      0    405    210      0      0   7813   8163      -      0      0 
 20260925    04:11:01       0      1     64      -      0      0      0      0      0      0    405    210      0      0   7813   8163      -      3      0 
 20260925    04:11:03       0      1     64      -      0      0      0      0      0      0    405    210      0      0   7813   8163      -      0      0 
 20260925    04:11:04       0      1     64      -      0      0      0      0      0      0    405    210      0      0   7813   8163      -      0      0 
 20260925    04:11:05       0      1     64      -      0      0      0      0      0      0    405    210      0      0   7813   8163      -      0      0 
 20260925    04:11:06       0      1     64      -      0      0      0      0      0      0    405    210      0      0   7813   8163      -      0      0 
 20260925    04:11:07       0      1     64      -      0      0      0      0      0      0    405    210      0      0   7813   8163      -      0      0 
 20260925    04:11:08       0      1     63      -      0      0      0      0      0      0    405    210      0      0   7813   8163      -      0      0 
 20260925    04:11:09       0      1     63      -      0      0      0      0      0      0    405    210      0      0   7813   8163      -      0      0 
 20260925    04:11:10       0      1     63      -      0      0      0      0      0      0    405    210      0      0   7813   8163      -      0      0 
 20260925    04:11:11       0      1     63      -      0      0      0      0      0      0    405    210      0      0   7813   8163      -      0      0 
 20260925    04:11:12       0      1     63      -      0      0      0      0      0      0    405    210      0      0   7813   8163      -      0      1 
 20260925    04:11:13       0      1     63      -      0      0      0      0      0      0    405    210      0      0   7813   8163      -      0      0 
 20260925    04:11:14       0      1     63      -      0      0      0      0      0      0    405    210      0      0   7813   8163      -      0      0 
 20260925    04:11:15       0      1     63      -      0      0      0      0      0      0    405    210      0      0   7813   8163      -      0      0 
 20260925    04:11:16       0      1     63      -      0      0      0      0      0      0    405    210      0      0   7813   8163      -      0      0 
 20260925    04:11:17       0      1     63      -      0      0      0      0      0      0    405    210      0      0   7813   8163      -      0      0 
 20260925    04:11:19       0      1     63      -      0      0      0      0      0      0    405    210      0      0   7813   8163      -      0      0 
 20260925    04:11:20       0      1     63      -      0      0      0      0      0      0    405    210      0      0   7813   8163      -      3      0 
 20260925    04:11:21       0      1     63      -      0      0      0      0      0      0    405    210      0      0   7813   8163      -      0      1 
 20260925    04:11:22       0      2     62      -      0      0      0      0      0      0    405    210      0      0   7813   8163      -      0      0 
 20260925    04:11:23       0      2     62      -      0      0      0      0      0      0    405    210      0      0   7813   8163      -      0      0 
 20260925    04:11:24       0      2     62      -      0      0      0      0      0      0    405    210      0      0   7813   8163      -      0      0 
 20260925    04:11:25       0      2     62      -      0      0      0      0      0      0    405    210      0      0   7813   8163      -      0      0 
 20260925    04:11:26       0      1     62      -      0      0      0      0      0      0    405    210      0      0   7813   8163      -      0      0 
 20260925    04:11:27       0      1     62      -      0      0      0      0      0      0    405    210      0      0   7813   8163      -      0      0 
 20260925    04:11:28       0      2     62      -      0      0      0      0      0      0    405    210      0      0   7813   8163      -      0      0 
 20260925    04:11:29       0      2     62      -      0      0      0      0      0      0    405    210      0      0   7813   8163      -      0      0 
 20260925    04:11:30       0      2     62      -      0      0      0      0      0      0    405    210      0      0   7813   8163      -      0      0 
 20260925    04:11:31       0      2     62      -      0      0      0      0      0      0    405    210      0      0   7813   8163      -      0      0 
 20260925    04:11:32       0      2     62      -      0      0      0      0      0      0    405    210      0      0   7813   8163      -      0      0 
 20260925    04:11:33       0      2     62      -      0      0      0      0      0      0    405    210      0      0   7813   8163      -      0      0 
#Date        Time         gpu    pwr  gtemp  mtemp     sm    mem    enc    dec    jpg    ofa   mclk   pclk  pviol  tviol     fb   bar1   ccpm  rxpci  txpci 
#YYYYMMDD    HH:MM:SS     Idx      W      C      C      %      %      %      %      %      %    MHz    MHz      %   bool     MB     MB     MB   MB/s   MB/s 
 20260925    04:11:34       0      2     62      -      0      0      0      0      0      0    405    210      0      0   7813   8163      -      0      0 
 20260925    04:11:36       0      2     61      -      0      0      0      0      0      0    405    210      0      0   7813   8163      -      0      0 
 20260925    04:11:37       0      2     61      -      0      0      0      0      0      0    405    210      0      0   7813   8163      -      0      0 
 20260925    04:11:38       0      2     61      -      0      0      0      0      0      0    405    210      0      0   7813   8163      -      3      0 
 20260925    04:11:39       0      2     61      -      0      0      0      0      0      0    405    210      0      0   7813   8163      -      0      0 
 20260925    04:11:40       0      2     61      -      0      0      0      0      0      0    405    210      0      0   7813   8163      -      0      0 
 20260925    04:11:41       0      2     61      -      0      0      0      0      0      0    405    210      0      0   7813   8163      -      0      0 
 20260925    04:11:42       0      2     61      -      0      0      0      0      0      0    405    210      0      0   7813   8163      -      0      0 
 20260925    04:11:43       0      2     61      -      0      0      0      0      0      0    405    210      0      0   7813   8163      -      0      0 
 20260925    04:11:44       0      2     61      -      0      0      0      0      0      0    405    210      0      0   7813   8163      -      0      0 
 20260925    04:11:45       0      2     61      -      0      0      0      0      0      0    405    210      0      0   7813   8163      -      0      1 
 20260925    04:11:46       0      2     61      -      0      0      0      0      0      0    405    210      0      0   7813   8163      -      0      0 
 20260925    04:11:47       0      2     61      -      0      0      0      0      0      0    405    210      0      0   7813   8163      -      0      0 
 20260925    04:11:48       0      2     61      -      0      0      0      0      0      0    405    210      0      0   7813   8163      -      0      0 
 20260925    04:11:49       0      2     61      -      0      0      0      0      0      0    405    210      0      0   7813   8163      -      0      0 
 20260925    04:11:50       0      2     61      -      0      0      0      0      0      0    405    210      0      0   7813   8163      -      3      0 
 20260925    04:11:52       0      2     61      -      0      0      0      0      0      0    405    210      0      0   7813   8163      -      0      0 
 20260925    04:11:53       0      2     60      -      0      0      0      0      0      0    405    210      0      0   7813   8163      -      0      0 
 20260925    04:11:54       0      2     60      -      0      0      0      0      0      0    405    210      0      0   7813   8163      -      0      0 
 20260925    04:11:55       0      2     60      -      0      0      0      0      0      0    405    210      0      0   7813   8163      -      0      0 
 20260925    04:11:56       0      2     60      -      0      0      0      0      0      0    405    210      0      0   7813   8163      -      3      0 
 20260925    04:11:57       0      2     60      -      0      0      0      0      0      0    405    210      0      0   7813   8163      -      1   2750 
 20260925    04:11:58       0    105     72      -     93     43      0      0      0      0   8001   2340      0      0   7813   8163      -     22      7 
 20260925    04:11:59       0    101     74      -    100     40      0      0      0      0   8001   2265      0      0   7813   8163      -    674      6 
 20260925    04:12:00       0    104     75      -     99     54      0      0      0      0   8001   2250      0      0   7813   8163      -     16    102 
 20260925    04:12:01       0    102     75      -    100     86      0      0      0      0   8001   2310      0      0   7813   8163      -     13      5 
 20260925    04:12:02       0    104     74      -    100     97      0      0      0      0   8001   2400      0      0   7813   8163      -     34      3 
 20260925    04:12:03       0    103     75      -    100    100      0      0      0      0   8001   2535      0      0   7813   8163      -     11      4 
 20260925    04:12:04       0    102     75      -    100    100      0      0      0      0   8001   2550      0      0   7813   8163      -     11      4 
 20260925    04:12:05       0    102     76      -    100    100      0      0      0      0   8001   2550      0      0   7813   8163      -     11      3 
 20260925    04:12:06       0    102     76      -    100    100      0      0      0      0   8001   2550      0      0   7813   8163      -     10      3 
 20260925    04:12:08       0     99     76      -    100    100      0      0      0      0   8001   2550      0      0   7813   8163      -     10      4 
 20260925    04:12:09       0    122     77      -    100    100      0      0      0      0   8001   2550      0      0   7813   8163      -   1514      3 
 20260925    04:12:10       0    101     77      -    100    100      0      0      0      0   8001   2550      0      0   7813   8163      -     10      3 
 20260925    04:12:11       0    100     79      -    100    100      0      0      0      0   8001   2550      0      0   7813   8163      -      9      3 
 20260925    04:12:12       0    100     79      -    100    100      0      0      0      0   8001   2550      0      0   7813   8163      -     12      3 
 20260925    04:12:13       0     99     79      -    100    100      0      0      0      0   8001   2550      0      0   7813   8163      -      9      4 
 20260925    04:12:14       0     97     79      -    100    100      0      0      0      0   8001   2550      0      0   7813   8163      -      9      3 
 20260925    04:12:15       0    100     80      -    100    100      0      0      0      0   8001   2550      0      0   7813   8163      -      9      3 
 20260925    04:12:16       0     99     80      -    100    100      0      0      0      0   8001   2550      0      0   7813   8163      -      9      3 
 20260925    04:12:17       0    100     81      -    100    100      0      0      0      0   8001   2550      0      0   7813   8163      -      9      4 
 20260925    04:12:18       0    100     80      -    100    100      0      0      0      0   8001   2550      0      0   7813   8163      -     10      3 
 20260925    04:12:19       0    100     81      -    100    100      0      0      0      0   8001   2550      0      0   7813   8163      -      9      3 
 20260925    04:12:20       0    100     81      -    100    100      0      0      0      0   8001   2550      0      0   7813   8163      -      8      3 
#Date        Time         gpu    pwr  gtemp  mtemp     sm    mem    enc    dec    jpg    ofa   mclk   pclk  pviol  tviol     fb   bar1   ccpm  rxpci  txpci 
#YYYYMMDD    HH:MM:SS     Idx      W      C      C      %      %      %      %      %      %    MHz    MHz      %   bool     MB     MB     MB   MB/s   MB/s 
 20260925    04:12:21       0    103     85      -     98     61      0      0      0      0   8001   2265      0      0   7813   8163      -      0      0 
 20260925    04:12:22       0     37     73      -      0      0      0      0      0      0   8001   2550      0      0   7813   8163      -      0      0 
 20260925    04:12:24       0     14     73      -      0      0      0      0      0      0   8001   2550      0      0   7813   8163      -      0      0 
 20260925    04:12:25       0      8     72      -      0      0      0      0      0      0   8001    510      0      0   7813   8163      -      0      0 
 20260925    04:12:26       0      8     71      -      0      0      0      0      0      0   6001    330      0      0   7813   8163      -      0      0 
 20260925    04:12:27       0      4     70      -      0      0      0      0      0      0    810    210      0      0   7813   8163      -      0      0 
 20260925    04:12:28       0      2     70      -      0      0      0      0      0      0    405    210      0      0   7813   8163      -      0      2 
 20260925    04:12:29       0      1     70      -      0      0      0      0      0      0    405    210      0      0   7813   8163      -      0      0 
 20260925    04:12:30       0      1     70      -      0      0      0      0      0      0    405    210      0      0   7813   8163      -      0      0 
 20260925    04:12:31       0      1     70      -      0      0      0      0      0      0    405    210      0      0   7813   8163      -      0      0 
 20260925    04:12:32       0      1     69      -      0      0      0      0      0      0    405    210      0      0   7813   8163      -      0      0 
 20260925    04:12:33       0      1     69      -      0      0      0      0      0      0    405    210      0      0   7813   8163      -      0      0 
 20260925    04:12:34       0      1     69      -      0      0      0      0      0      0    405    210      0      0   7813   8163      -      0      0 
 20260925    04:12:35       0      1     69      -      0      0      0      0      0      0    405    210      0      0   7813   8163      -      0      0 
 20260925    04:12:36       0      1     69      -      0      0      0      0      0      0    405    210      0      0   7813   8163      -      0      0 
 20260925    04:12:37       0      1     68      -      0      0      0      0      0      0    405    210      0      0   7813   8163      -      0      0 
 20260925    04:12:38       0      1     68      -      0      0      0      0      0      0    405    210      0      0   7813   8163      -      0      0 
 20260925    04:12:40       0      1     68      -      0      0      0      0      0      0    405    210      0      0   7813   8163      -      0      0 
 20260925    04:12:41       0      1     68      -      0      0      0      0      0      0    405    210      0      0   7813   8163      -      0      0 
 20260925    04:12:42       0      1     68      -      0      0      0      0      0      0    405    210      0      0   7813   8163      -      0      0 
 20260925    04:12:43       0      1     67      -      0      0      0      0      0      0    405    210      0      0   7813   8163      -      0      0 
 20260925    04:12:44       0      1     67      -      0      0      0      0      0      0    405    210      0      0   7813   8163      -      0      0 
 20260925    04:12:45       0      1     67      -      0      0      0      0      0      0    405    210      0      0   7813   8163      -      0      0 
 20260925    04:12:46       0      1     67      -      0      0      0      0      0      0    405    210      0      0   7813   8163      -      3      0 
 20260925    04:12:47       0      1     67      -      0      0      0      0      0      0    405    210      0      0   7813   8163      -      0      0 
 20260925    04:12:48       0      1     67      -      0      0      0      0      0      0    405    210      0      0   7813   8163      -      0      0 
 20260925    04:12:49       0      1     66      -      0      0      0      0      0      0    405    210      0      0   7813   8163      -      0      1 
 20260925    04:12:50       0      1     66      -      0      0      0      0      0      0    405    210      0      0   7813   8163      -      0      0 
 20260925    04:12:51       0      1     66      -      0      0      0      0      0      0    405    210      0      0   7813   8163      -      0      0 
 20260925    04:12:52       0      1     66      -      0      0      0      0      0      0    405    210      0      0   7813   8163      -      0      0 
 20260925    04:12:53       0      1     66      -      0      0      0      0      0      0    405    210      0      0   7813   8163      -      0      0 
 20260925    04:12:55       0      1     66      -      0      0      0      0      0      0    405    210      0      0   7813   8163      -      0      0 
 20260925    04:12:56       0      1     66      -      0      0      0      0      0      0    405    210      0      0   7813   8163      -      0      0 
 20260925    04:12:57       0      1     66      -      0      0      0      0      0      0    405    210      0      0   7813   8163      -      0      0 
 20260925    04:12:58       0      1     66      -      0      0      0      0      0      0    405    210      0      0   7813   8163      -      0      0 
 20260925    04:12:59       0      1     65      -      0      0      0      0      0      0    405    210      0      0   7813   8163      -      0      0 
 20260925    04:13:00       0      1     65      -      0      0      0      0      0      0    405    210      0      0   7813   8163      -      0      3 
 20260925    04:13:01       0      1     65      -      0      0      0      0      0      0    405    210      0      0   7813   8163      -      0      0 
 20260925    04:13:02       0      2     65      -      0      0      0      0      0      0    405    210      0      0   7813   8163      -      0      0 
 20260925    04:13:03       0      1     65      -      0      0      0      0      0      0    405    210      0      0   7813   8163      -      0      2 
 20260925    04:13:04       0      1     65      -      0      0      0      0      0      0    405    210      0      0   7813   8163      -      0      0 
 20260925    04:13:05       0      1     65      -      0      0      0      0      0      0    405    210      0      0   7813   8163      -      0      0 
 20260925    04:13:06       0      1     65      -      0      0      0      0      0      0    405    210      0      0   7813   8163      -      0      0 
 20260925    04:13:07       0      1     64      -      0      0      0      0      0      0    405    210      0      0   7813   8163      -      0      0 
#Date        Time         gpu    pwr  gtemp  mtemp     sm    mem    enc    dec    jpg    ofa   mclk   pclk  pviol  tviol     fb   bar1   ccpm  rxpci  txpci 
#YYYYMMDD    HH:MM:SS     Idx      W      C      C      %      %      %      %      %      %    MHz    MHz      %   bool     MB     MB     MB   MB/s   MB/s 
 20260925    04:13:08       0      1     64      -      0      0      0      0      0      0    405    210      0      0   7813   8163      -      0      0 
 20260925    04:13:09       0      1     64      -      0      0      0      0      0      0    405    210      0      0   7813   8163      -      0      0 
 20260925    04:13:10       0      1     64      -      0      0      0      0      0      0    405    210      0      0   7813   8163      -      0      0 
 20260925    04:13:12       0      1     64      -      0      0      0      0      0      0    405    210      0      0   7813   8163      -      0      0 
 20260925    04:13:13       0      1     64      -      0      0      0      0      0      0    405    210      0      0   7813   8163      -      0      0 
 20260925    04:13:14       0      1     64      -      0      0      0      0      0      0    405    210      0      0   7813   8163      -      3      1 
 20260925    04:13:15       0      1     64      -      0      0      0      0      0      0    405    210      0      0   7813   8163      -      0      0 
 20260925    04:13:16       0      1     64      -      0      0      0      0      0      0    405    210      0      0   7813   8163      -      0      0 
 20260925    04:13:17       0      1     64      -      0      0      0      0      0      0    405    210      0      0   7813   8163      -      0      0 
 20260925    04:13:18       0      1     64      -      0      0      0      0      0      0    405    210      0      0   7813   8163      -      0      0 
 20260925    04:13:19       0      1     64      -      0      0      0      0      0      0    405    210      0      0   7813   8163      -      0      0 
 20260925    04:13:20       0      1     64      -      0      0      0      0      0      0    405    210      0      0   7813   8163      -      0      1 
 20260925    04:13:21       0      1     64      -      0      0      0      0      0      0    405    210      0      0   7813   8163      -      0      1 
 20260925    04:13:22       0      1     63      -      0      0      0      0      0      0    405    210      0      0   7813   8163      -      0      0 
 20260925    04:13:23       0      1     63      -      0      0      0      0      0      0    405    210      0      0   7813   8163      -      0      0 
 20260925    04:13:24       0      1     63      -      0      0      0      0      0      0    405    210      0      0   7813   8163      -      0      0 
 20260925    04:13:25       0      1     63      -      0      0      0      0      0      0    405    210      0      0   7813   8163      -      0      0 
 20260925    04:13:26       0      1     63      -      0      0      0      0      0      0    405    210      0      0   7813   8163      -      0      0 
 20260925    04:13:28       0      1     63      -      0      0      0      0      0      0    405    210      0      0   7813   8163      -      0      0 
 20260925    04:13:29       0      1     63      -      0      0      0      0      0      0    405    210      0      0   7813   8163      -      0      0 
 20260925    04:13:30       0      1     63      -      0      0      0      0      0      0    405    210      0      0   7813   8163      -      0      0 
 20260925    04:13:31       0      1     63      -      0      0      0      0      0      0    405    210      0      0   7813   8163      -      0      0 
 20260925    04:13:32       0      1     63      -      0      0      0      0      0      0    405    210      0      0   7813   8163      -      0      0 
 20260925    04:13:33       0      1     63      -      0      0      0      0      0      0    405    210      0      0   7813   8163      -      0      0 
 20260925    04:13:34       0      1     63      -      0      0      0      0      0      0    405    210      0      0   7813   8163      -      3      0 
 20260925    04:13:35       0      1     63      -      0      0      0      0      0      0    405    210      0      0   7813   8163      -      0      0 
 20260925    04:13:36       0      1     63      -      0      0      0      0      0      0    405    210      0      0   7813   8163      -      0      0 
 20260925    04:13:37       0      1     62      -      0      0      0      0      0      0    405    210      0      0   7813   8163      -      0      1 
 20260925    04:13:38       0      1     62      -      0      0      0      0      0      0    405    210      0      0   7813   8163      -      3      0 
 20260925    04:13:39       0      1     62      -      0      0      0      0      0      0    405    210      0      0   7813   8163      -      0      0 
 20260925    04:13:40       0      1     62      -      0      0      0      0      0      0    405    210      0      0   7813   8163      -      0      0 
 20260925    04:13:41       0      1     62      -      0      0      0      0      0      0    405    210      0      0   7813   8163      -      0      0 
 20260925    04:13:42       0      1     62      -      0      0      0      0      0      0    405    210      0      0   7813   8163      -      0      0 
 20260925    04:13:44       0      1     62      -      0      0      0      0      0      0    405    210      0      0   7813   8163      -      0      0 
 20260925    04:13:45       0      1     62      -      0      0      0      0      0      0    405    210      0      0   7813   8163      -      0      0 
 20260925    04:13:46       0      1     62      -      0      0      0      0      0      0    405    210      0      0   7813   8163      -      0      0 
 20260925    04:13:47       0      1     62      -      0      0      0      0      0      0    405    210      0      0   7813   8163      -      0      0 
 20260925    04:13:48       0      1     62      -      0      0      0      0      0      0    405    210      0      0   7813   8163      -      0      0 
 20260925    04:13:49       0      1     62      -      0      0      0      0      0      0    405    210      0      0   7813   8163      -      0      0 
 20260925    04:13:50       0      1     62      -      0      0      0      0      0      0    405    210      0      0   7813   8163      -      0      0 
 20260925    04:13:51       0      1     62      -      0      0      0      0      0      0    405    210      0      0   7813   8163      -      0      0 
 20260925    04:13:52       0      1     62      -      0      0      0      0      0      0    405    210      0      0   7813   8163      -      0      0 
 20260925    04:13:53       0      1     61      -      0      0      0      0      0      0    405    210      0      0   7813   8163      -      0      1 
 20260925    04:13:54       0      2     61      -      0      0      0      0      0      0    405    210      0      0   7813   8163      -      3      0 
#Date        Time         gpu    pwr  gtemp  mtemp     sm    mem    enc    dec    jpg    ofa   mclk   pclk  pviol  tviol     fb   bar1   ccpm  rxpci  txpci 
#YYYYMMDD    HH:MM:SS     Idx      W      C      C      %      %      %      %      %      %    MHz    MHz      %   bool     MB     MB     MB   MB/s   MB/s 
 20260925    04:13:55       0      2     61      -      0      0      0      0      0      0    405    210      0      0   7813   8163      -      3      0 
 20260925    04:13:56       0      1     61      -      0      0      0      0      0      0    405    210      0      0   7813   8163      -      0      0 
 20260925    04:13:57       0      2     61      -      0      0      0      0      0      0    405    210      0      0   7813   8163      -      0      0 
 20260925    04:13:58       0      2     61      -      0      0      0      0      0      0    405    210      0      0   7813   8163      -      0      0 
 20260925    04:14:00       0      2     61      -      0      0      0      0      0      0    405    210      0      0   7813   8163      -      0      0 
 20260925    04:14:01       0      2     61      -      0      0      0      0      0      0    405    210      0      0   7813   8163      -      0      0 
 20260925    04:14:02       0      2     61      -      0      0      0      0      0      0    405    210      0      0   7813   8163      -      0      1 
 20260925    04:14:03       0      1     61      -      0      0      0      0      0      0    405    210      0      0   7813   8163      -      0      0 
 20260925    04:14:04       0      1     61      -      0      0      0      0      0      0    405    210      0      0   7813   8163      -      0      0 
 20260925    04:14:05       0      2     61      -      0      0      0      0      0      0    405    210      0      0   7813   8163      -      0      0 
 20260925    04:14:06       0      2     61      -      0      0      0      0      0      0    405    210      0      0   7813   8163      -      0      0 
 20260925    04:14:07       0      2     61      -      0      0      0      0      0      0    405    210      0      0   7813   8163      -      0      0 
 20260925    04:14:08       0      2     61      -      0      0      0      0      0      0    405    210      0      0   7813   8163      -      0      0 
 20260925    04:14:09       0      2     61      -      0      0      0      0      0      0    405    210      0      0   7813   8163      -      0      0 
 20260925    04:14:10       0      2     61      -      0      0      0      0      0      0    405    210      0      0   7813   8163      -      0      0 
 20260925    04:14:11       0      2     61      -      0      0      0      0      0      0    405    210      0      0   7813   8163      -      0      0 
 20260925    04:14:12       0      2     61      -      0      0      0      0      0      0    405    210      0      0   7813   8163      -      0      0 
 20260925    04:14:13       0      2     60      -      0      0      0      0      0      0    405    210      0      0   7813   8163      -      0      2 
 20260925    04:14:14       0      2     60      -      0      0      0      0      0      0    405    210      0      0   7813   8163      -      0      0 
 20260925    04:14:16       0      2     60      -      0      0      0      0      0      0    405    210      0      0   7813   8163      -      0      0 
 20260925    04:14:17       0      3     61      -     95      8      0      0      0      0   8001   1605      0      0   7813   8163      -     23      8 
 20260925    04:14:18       0    105     75      -    100     41      0      0      0      0   8001   2325      0      0   7813   8163      -     18     75 
 20260925    04:14:19       0    106     76      -    100     41      0      0      0      0   8001   2295      0      0   7813   8163      -    797      6 
 20260925    04:14:20       0    103     75      -    100     88      0      0      0      0   8001   2400      0      0   7813   8163      -     10      5 
 20260925    04:14:21       0    104     75      -    100     96      0      0      0      0   8001   2460      0      0   7813   8163      -     12      5 
 20260925    04:14:22       0    104     76      -     99    100      0      0      0      0   8001   2445      0      0   7813   8163      -   1160      4 
 20260925    04:14:23       0    104     75      -     99    100      0      0      0      0   8001   2505      0      0   7813   8163      -      9    145 
 20260925    04:14:24       0    102     75      -    100    100      0      0      0      0   8001   2550      0      0   7813   8163      -     10      5 
 20260925    04:14:25       0    103     76      -    100    100      0      0      0      0   8001   2550      0      0   7813   8163      -   1378      3 
 20260925    04:14:26       0    101     76      -    100    100      0      0      0      0   8001   2550      0      0   7813   8163      -     10      4 
 20260925    04:14:27       0    100     77      -    100    100      0      0      0      0   8001   2550      0      0   7813   8163      -     10      4 
 20260925    04:14:28       0    100     78      -    100    100      0      0      0      0   8001   2550      0      0   7813   8163      -     10      3 
 20260925    04:14:29       0    100     78      -    100    100      0      0      0      0   8001   2550      0      0   7813   8163      -     10      3 
 20260925    04:14:30       0    100     79      -    100    100      0      0      0      0   8001   2550      0      0   7813   8163      -     13      3 
 20260925    04:14:32       0    100     79      -    100    100      0      0      0      0   8001   2550      0      0   7813   8163      -      9      3 
 20260925    04:14:33       0     99     79      -    100    100      0      0      0      0   8001   2550      0      0   7813   8163      -   1760      3 
 20260925    04:14:34       0    100     79      -    100    100      0      0      0      0   8001   2550      0      0   7813   8163      -      9      3 
 20260925    04:14:35       0     99     80      -    100    100      0      0      0      0   8001   2550      0      0   7813   8163      -     10      3 
 20260925    04:14:36       0    100     80      -    100    100      0      0      0      0   8001   2550      0      0   7813   8163      -      9      3 
 20260925    04:14:37       0    100     80      -    100    100      0      0      0      0   8001   2550      0      0   7813   8163      -      9      3 
 20260925    04:14:38       0    100     81      -    100    100      0      0      0      0   8001   2550      0      0   7813   8163      -     10      3 
 20260925    04:14:39       0    100     82      -    100    100      0      0      0      0   8001   2550      0      0   7813   8163      -     10      3 
 20260925    04:14:40       0    100     81      -    100    100      0      0      0      0   8001   2535      0      0   7813   8163      -     10      3 
 20260925    04:14:41       0     70     73      -      0      0      0      0      0      0   8001   2550      0      0   7813   8163      -      0      0 
#Date        Time         gpu    pwr  gtemp  mtemp     sm    mem    enc    dec    jpg    ofa   mclk   pclk  pviol  tviol     fb   bar1   ccpm  rxpci  txpci 
#YYYYMMDD    HH:MM:SS     Idx      W      C      C      %      %      %      %      %      %    MHz    MHz      %   bool     MB     MB     MB   MB/s   MB/s 
 20260925    04:14:42       0     31     73      -      0      0      0      0      0      0   8001   2550      0      0   7813   8163      -      0      0 
 20260925    04:14:43       0     23     72      -      0      0      0      0      0      0   8001    510      0      0   7813   8163      -      0      0 
 20260925    04:14:44       0      2     71      -      0      0      0      0      0      0    405    210      0      0   7813   8163      -      0      0 
 20260925    04:14:45       0      1     70      -      0      0      0      0      0      0    405    210      0      0   7813   8163      -      0      0 
 20260925    04:14:46       0      2     70      -      0      0      0      0      0      0    405    210      0      0   7813   8163      -      0      0 
 20260925    04:14:47       0      1     70      -      0      0      0      0      0      0    405    210      0      0   7813   8163      -      3      0 
 20260925    04:14:49       0      1     70      -      0      0      0      0      0      0    405    210      0      0   7813   8163      -      0      0 
 20260925    04:14:50       0      1     70      -      0      0      0      0      0      0    405    210      0      0   7813   8163      -      0      0 
 20260925    04:14:51       0      1     69      -      0      0      0      0      0      0    405    210      0      0   7813   8163      -      0      0 
 20260925    04:14:52       0      1     69      -      0      0      0      0      0      0    405    210      0      0   7813   8163      -      0      0 
 20260925    04:14:53       0      1     69      -      0      0      0      0      0      0    405    210      0      0   7813   8163      -      0      0 
 20260925    04:14:54       0      1     69      -      0      0      0      0      0      0    405    210      0      0   7813   8163      -      0      0 
 20260925    04:14:55       0      1     69      -      0      0      0      0      0      0    405    210      0      0   7813   8163      -      0      0 
 20260925    04:14:56       0      1     68      -      0      0      0      0      0      0    405    210      0      0   7813   8163      -      0      0 
 20260925    04:14:57       0      1     68      -      0      0      0      0      0      0    405    210      0      0   7813   8163      -      0      0 
 20260925    04:14:58       0      1     68      -      0      0      0      0      0      0    405    210      0      0   7813   8163      -      0      0 
 20260925    04:14:59       0      1     68      -      0      0      0      0      0      0    405    210      0      0   7813   8163      -      0      1 
 20260925    04:15:00       0      1     67      -      0      0      0      0      0      0    405    210      0      0   7813   8163      -      0      0 
 20260925    04:15:01       0      1     67      -      0      0      0      0      0      0    405    210      0      0   7813   8163      -      0      0 
 20260925    04:15:02       0      1     67      -      0      0      0      0      0      0    405    210      0      0   7813   8163      -      0      0 
 20260925    04:15:03       0      1     67      -      0      0      0      0      0      0    405    210      0      0   7813   8163      -      0      0 
 20260925    04:15:05       0      1     67      -      0      0      0      0      0      0    405    210      0      0   7813   8163      -      0      2 
 20260925    04:15:06       0      1     67      -      0      0      0      0      0      0    405    210      0      0   7813   8163      -      0      0 
 20260925    04:15:07       0      1     67      -      0      0      0      0      0      0    405    210      0      0   7813   8163      -      0      0 
 20260925    04:15:08       0      1     66      -      0      0      0      0      0      0    405    210      0      0   7813   8163      -      0      0 
 20260925    04:15:09       0      1     66      -      0      0      0      0      0      0    405    210      0      0   7813   8163      -      0      0 
 20260925    04:15:10       0      1     66      -      0      0      0      0      0      0    405    210      0      0   7813   8163      -      0      0 
 20260925    04:15:11       0      1     66      -      0      0      0      0      0      0    405    210      0      0   7813   8163      -      0      0 
 20260925    04:15:12       0      1     66      -      0      0      0      0      0      0    405    210      0      0   7813   8163      -      0      0 
 20260925    04:15:13       0      1     66      -      0      0      0      0      0      0    405    210      0      0   7813   8163      -      0      0 
 20260925    04:15:14       0      1     66      -      0      0      0      0      0      0    405    210      0      0   7813   8163      -      0      0 
 20260925    04:15:15       0      1     66      -      0      0      0      0      0      0    405    210      0      0   7813   8163      -      0      0 
 20260925    04:15:16       0      1     66      -      0      0      0      0      0      0    405    210      0      0   7813   8163      -      0      0 
 20260925    04:15:17       0      1     65      -      0      0      0      0      0      0    405    210      0      0   7813   8163      -      0      0 
 20260925    04:15:18       0      1     65      -      0      0      0      0      0      0    405    210      0      0   7813   8163      -      0      0 
 20260925    04:15:19       0      1     65      -      0      0      0      0      0      0    405    210      0      0   7813   8163      -      0      0 
 20260925    04:15:21       0      1     65      -      0      0      0      0      0      0    405    210      0      0   7813   8163      -      0      0 
 20260925    04:15:22       0      1     65      -      0      0      0      0      0      0    405    210      0      0   7813   8163      -      0      2 
 20260925    04:15:23       0      1     65      -      0      0      0      0      0      0    405    210      0      0   7813   8163      -      0      0 
 20260925    04:15:24       0      1     65      -      0      0      0      0      0      0    405    210      0      0   7813   8163      -      0      0 
 20260925    04:15:25       0      1     65      -      0      0      0      0      0      0    405    210      0      0   7813   8163      -      0      0 
 20260925    04:15:26       0      2     65      -      0      0      0      0      0      0    405    210      0      0   7813   8163      -      0      0 
 20260925    04:15:27       0      1     65      -      0      0      0      0      0      0    405    210      0      0   7813   8163      -      0      0 
 20260925    04:15:28       0      1     64      -      0      0      0      0      0      0    405    210      0      0   7813   8163      -      0      0 
#Date        Time         gpu    pwr  gtemp  mtemp     sm    mem    enc    dec    jpg    ofa   mclk   pclk  pviol  tviol     fb   bar1   ccpm  rxpci  txpci 
#YYYYMMDD    HH:MM:SS     Idx      W      C      C      %      %      %      %      %      %    MHz    MHz      %   bool     MB     MB     MB   MB/s   MB/s 
 20260925    04:15:29       0      1     64      -      0      0      0      0      0      0    405    210      0      0   7813   8163      -      0      0 
 20260925    04:15:30       0      2     64      -      0      0      0      0      0      0    405    210      0      0   7813   8163      -      0      0 
 20260925    04:15:31       0      2     64      -      0      0      0      0      0      0    405    210      0      0   7813   8163      -      0      0 
 20260925    04:15:32       0      1     64      -      0      0      0      0      0      0    405    210      0      0   7813   8163      -      0      0 
 20260925    04:15:33       0      1     64      -      0      0      0      0      0      0    405    210      0      0   7813   8163      -      0      0 
 20260925    04:15:34       0      1     64      -      0      0      0      0      0      0    405    210      0      0   7813   8163      -      0      0 
 20260925    04:15:35       0      1     64      -      0      0      0      0      0      0    405    210      0      0   7813   8163      -      0      0 
 20260925    04:15:36       0      1     64      -      0      0      0      0      0      0    405    210      0      0   7813   8163      -      0      0 
 20260925    04:15:38       0      1     64      -      0      0      0      0      0      0    405    210      0      0   7813   8163      -      0      0 
 20260925    04:15:39       0      1     64      -      0      0      0      0      0      0    405    210      0      0   7813   8163      -      0      0 
 20260925    04:15:40       0      1     64      -      0      0      0      0      0      0    405    210      0      0   7813   8163      -      0      1 
 20260925    04:15:41       0      2     63      -      0      0      0      0      0      0    405    210      0      0   7813   8163      -      0      0 
 20260925    04:15:42       0      1     63      -      0      0      0      0      0      0    405    210      0      0   7813   8163      -      0      0 
 20260925    04:15:43       0      1     63      -      0      0      0      0      0      0    405    210      0      0   7813   8163      -      0      0 
 20260925    04:15:44       0      1     63      -      0      0      0      0      0      0    405    210      0      0   7813   8163      -      0      0 
 20260925    04:15:45       0      1     63      -      0      0      0      0      0      0    405    210      0      0   7813   8163      -      0      0 
 20260925    04:15:46       0      1     63      -      0      0      0      0      0      0    405    210      0      0   7813   8163      -      0      0 
 20260925    04:15:47       0      1     63      -      0      0      0      0      0      0    405    210      0      0   7813   8163      -      0      0 
 20260925    04:15:48       0      1     63      -      0      0      0      0      0      0    405    210      0      0   7813   8163      -      0      0 
 20260925    04:15:49       0      1     63      -      0      0      0      0      0      0    405    210      0      0   7813   8163      -      0      0 
 20260925    04:15:50       0      1     63      -      0      0      0      0      0      0    405    210      0      0   7813   8163      -      0      0 
 20260925    04:15:51       0      1     63      -      0      0      0      0      0      0    405    210      0      0   7813   8163      -      0      0 
 20260925    04:15:52       0      1     63      -      0      0      0      0      0      0    405    210      0      0   7813   8163      -      0      0 
 20260925    04:15:54       0      1     63      -      0      0      0      0      0      0    405    210      0      0   7813   8163      -      0      0 
 20260925    04:15:55       0      1     63      -      0      0      0      0      0      0    405    210      0      0   7813   8163      -      0      0 
 20260925    04:15:56       0      1     62      -      0      0      0      0      0      0    405    210      0      0   7813   8163      -      0      0 
 20260925    04:15:57       0      2     62      -      0      0      0      0      0      0    405    210      0      0   7813   8163      -      0      0 
 20260925    04:15:58       0      1     62      -      0      0      0      0      0      0    405    210      0      0   7813   8163      -      3      0 
 20260925    04:15:59       0      5     62      -      0      0      0      0      0      0    405    210      0      0   7813   8163      -      0      0 
 20260925    04:16:00       0      2     62      -      0      0      0      0      0      0    405    210      0      0   7813   8163      -      0      0 
 20260925    04:16:01       0      1     62      -      0      0      0      0      0      0    405    210      0      0   7813   8163      -      0      0 
 20260925    04:16:02       0      1     62      -      0      0      0      0      0      0    405    210      0      0   7813   8163      -      0      0 
 20260925    04:16:03       0      2     62      -      0      0      0      0      0      0    405    210      0      0   7813   8163      -      0      0 
 20260925    04:16:04       0      5     62      -      0      0      0      0      0      0    405    210      0      0   7813   8163      -      0      1 
 20260925    04:16:05       0      2     62      -      0      0      0      0      0      0    405    210      0      0   7813   8163      -      0      0 
 20260925    04:16:06       0      2     62      -      0      0      0      0      0      0    405    210      0      0   7813   8163      -      0      0 
 20260925    04:16:07       0      2     62      -      0      0      0      0      0      0    405    210      0      0   7813   8163      -      0      0 
 20260925    04:16:08       0      2     62      -      0      0      0      0      0      0    405    210      0      0   7813   8163      -      0      0 
 20260925    04:16:10       0      1     62      -      0      0      0      0      0      0    405    210      0      0   7813   8163      -      0      0 
 20260925    04:16:11       0      1     62      -      0      0      0      0      0      0    405    210      0      0   7813   8163      -      0      0 
 20260925    04:16:12       0      2     62      -      0      0      0      0      0      0    405    210      0      0   7813   8163      -      0      0 
 20260925    04:16:13       0      2     62      -      0      0      0      0      0      0    405    210      0      0   7813   8163      -      0      0 
 20260925    04:16:14       0      2     62      -      0      0      0      0      0      0    405    210      0      0   7813   8163      -      0      0 
 20260925    04:16:15       0      2     62      -      0      0      0      0      0      0    405    210      0      0   7813   8163      -      0      2 
#Date        Time         gpu    pwr  gtemp  mtemp     sm    mem    enc    dec    jpg    ofa   mclk   pclk  pviol  tviol     fb   bar1   ccpm  rxpci  txpci 
#YYYYMMDD    HH:MM:SS     Idx      W      C      C      %      %      %      %      %      %    MHz    MHz      %   bool     MB     MB     MB   MB/s   MB/s 
 20260925    04:16:16       0      2     61      -      0      0      0      0      0      0    405    210      0      0   7813   8163      -      0      0 
 20260925    04:16:17       0      2     61      -      0      0      0      0      0      0    405    210      0      0   7813   8163      -      0      0 
 20260925    04:16:18       0      2     61      -      0      0      0      0      0      0    405    210      0      0   7813   8163      -      0      0 
 20260925    04:16:19       0      2     61      -      0      0      0      0      0      0    405    210      0      0   7813   8163      -      0      0 
 20260925    04:16:20       0      2     61      -      0      0      0      0      0      0    405    210      0      0   7813   8163      -      0      0 
 20260925    04:16:21       0      2     61      -      0      0      0      0      0      0    405    210      0      0   7813   8163      -      0      0 
 20260925    04:16:22       0      2     61      -      0      0      0      0      0      0    405    210      0      0   7813   8163      -      0      0 
 20260925    04:16:23       0      2     61      -      0      0      0      0      0      0    405    210      0      0   7813   8163      -      3      0 
 20260925    04:16:24       0      2     61      -      0      0      0      0      0      0    405    210      0      0   7813   8163      -      0      0 
 20260925    04:16:26       0      2     61      -      0      0      0      0      0      0    405    210      0      0   7813   8163      -      0      0 
 20260925    04:16:27       0      2     61      -      0      0      0      0      0      0    405    210      0      0   7813   8163      -      0      0 
 20260925    04:16:28       0      2     61      -      0      0      0      0      0      0    405    210      0      0   7813   8163      -      0      0 
 20260925    04:16:29       0      2     61      -      0      0      0      0      0      0    405    210      0      0   7813   8163      -      0      0 
 20260925    04:16:30       0      2     61      -      0      0      0      0      0      0    405    210      0      0   7813   8163      -      0      0 
 20260925    04:16:31       0      2     61      -      0      0      0      0      0      0    405    210      0      0   7813   8163      -      0      0 
 20260925    04:16:32       0      2     61      -      0      0      0      0      0      0    405    210      0      0   7813   8163      -      0      2 
 20260925    04:16:33       0      2     61      -      0      0      0      0      0      0    405    210      0      0   7813   8163      -      0      0 
 20260925    04:16:34       0      2     61      -      0      0      0      0      0      0    405    210      0      0   7813   8163      -      0      0 
 20260925    04:16:35       0      2     61      -      0      0      0      0      0      0    405    210      0      0   7813   8163      -      0      0 
 20260925    04:16:36       0      2     61      -      0      0      0      0      0      0    405    210      0      0   7813   8163      -      0      0 
 20260925    04:16:37       0      2     61      -      0      0      0      0      0      0    405    210      0      0   7813   8163      -      0      0 
 20260925    04:16:38       0      2     61      -      0      0      0      0      0      0    405    210      0      0   7813   8163      -      0      0 
 20260925    04:16:39       0      2     60      -      0      0      0      0      0      0    405    210      0      0   7813   8163      -      0      0 
 20260925    04:16:40       0      2     60      -      0      0      0      0      0      0    405    210      0      0   7813   8163      -      0      0 
 20260925    04:16:42       0      2     60      -      0      0      0      0      0      0    405    210      0      0   7813   8163      -      0      0 
 20260925    04:16:43       0      2     60      -      0      0      0      0      0      0    405    210      0      0   7813   8163      -      0      0 
 20260925    04:16:44       0      2     60      -      0      0      0      0      0      0    405    210      0      0   7813   8163      -      0      0 
 20260925    04:16:45       0      2     60      -      0      0      0      0      0      0    405    210      0      0   7813   8163      -      0      1 
 20260925    04:16:46       0    108     72      -    100     49      0      0      0      0   7001   2385      0      0   7813   8163      -     22      8 
 20260925    04:16:47       0    101     74      -    100     39      0      0      0      0   8001   2250      0      0   7813   8163      -     17      6 
 20260925    04:16:48       0    103     75      -    100     55      0      0      0      0   8001   2235      0      0   7813   8163      -     16      6 
 20260925    04:16:49       0    104     75      -    100     88      0      0      0      0   8001   2310      0      0   7813   8163      -     15      4 
 20260925    04:16:50       0    103     74      -    100     96      0      0      0      0   8001   2385      0      0   7813   8163      -     16      5 
 20260925    04:16:51       0    102     75      -    100    100      0      0      0      0   8001   2415      0      0   7813   8163      -     11      5 
 20260925    04:16:52       0    103     76      -    100    100      0      0      0      0   8001   2520      0      0   7813   8163      -   1242      4 
 20260925    04:16:53       0    102     76      -    100    100      0      0      0      0   8001   2550      0      0   7813   8163      -     11      4 
 20260925    04:16:54       0    102     76      -    100    100      0      0      0      0   8001   2550      0      0   7813   8163      -     10      4 
 20260925    04:16:55       0    100     77      -    100    100      0      0      0      0   8001   2550      0      0   7813   8163      -     10      3 
 20260925    04:16:56       0     99     77      -    100    100      0      0      0      0   8001   2550      0      0   7813   8163      -      9      4 
 20260925    04:16:58       0    100     77      -    100    100      0      0      0      0   8001   2550      0      0   7813   8163      -      9      3 
 20260925    04:16:59       0     99     77      -    100    100      0      0      0      0   8001   2550      0      0   7813   8163      -      8      3 
 20260925    04:17:00       0     99     78      -    100    100      0      0      0      0   8001   2550      0      0   7813   8163      -      9      3 
 20260925    04:17:01       0     99     78      -    100    100      0      0      0      0   8001   2550      0      0   7813   8163      -      9      3 
 20260925    04:17:02       0    100     78      -    100    100      0      0      0      0   8001   2550      0      0   7813   8163      -      9      3 
#Date        Time         gpu    pwr  gtemp  mtemp     sm    mem    enc    dec    jpg    ofa   mclk   pclk  pviol  tviol     fb   bar1   ccpm  rxpci  txpci 
#YYYYMMDD    HH:MM:SS     Idx      W      C      C      %      %      %      %      %      %    MHz    MHz      %   bool     MB     MB     MB   MB/s   MB/s 
 20260925    04:17:03       0     99     79      -    100    100      0      0      0      0   8001   2550      0      0   7813   8163      -      9      4 
 20260925    04:17:04       0     99     79      -    100    100      0      0      0      0   8001   2550      0      0   7813   8163      -     10      3 
 20260925    04:17:05       0    100     80      -    100    100      0      0      0      0   8001   2550      0      0   7813   8163      -     10      3 
 20260925    04:17:06       0    100     81      -    100    100      0      0      0      0   8001   2550      0      0   7813   8163      -      9      6 
 20260925    04:17:07       0    100     81      -    100    100      0      0      0      0   8001   2550      0      0   7813   8163      -      9      3 
 20260925    04:17:08       0     99     81      -    100    100      0      0      0      0   8001   2550      0      0   7813   8163      -      9      3 
 20260925    04:17:09       0    100     82      -    100    100      0      0      0      0   8001   2550      0      0   7813   8163      -     10     41 
 20260925    04:17:10       0    101     81      -     97    100      0      0      0      0   8001   2550      0      0   7813   8163      -      0      0 
 20260925    04:17:11       0     37     73      -      0      0      0      0      0      0   8001   2550      0      0   7813   8163      -      0      0 
 20260925    04:17:12       0      1     57      -      0      0      0      0      0      0   8000   1605      0      0      0   8163      -    121      7 
 20260925    04:17:14       0      1     57      -      0      0      0      0      0      0   8000   1605      0      0      0   8163      -     70      6 
 20260925    04:17:16       0      1     57      -      0      0      0      0      0      0   8000   1605      0      0      0   8163      -     62      7 
 20260925    04:17:17       0      1     57      -      0      0      0      0      0      0   8000   1605    100      0      0   8163      -     94      7 
 20260925    04:17:19       0     13     71      -      0      0      0      0      0      0   8001   1605      0      0      0   8163      -      0      0 
 20260925    04:17:20       0     13     71      -      0      0      0      0      0      0   8001   1605      0      0    113   8163      -      0      0 
 20260925    04:17:21       0     13     71      -     14      1      0      0      0      0   8001   1605      0      0   2489   8163      -   2854    338 
 20260925    04:17:22       0     15     71      -     49     11      0      0      0      0   8001   1875      0      0   7865   8163      -     16      5 
 20260925    04:17:23       0     49     73      -     68     28      0      0      0      0   8001   2550      0      0   7919   8163      -      0      0 
 20260925    04:17:24       0     25     72      -      0      0      0      0      0      0   8001   2550      0      0   7919   8163      -      0      0 
 20260925    04:17:25       0     25     72      -      0      0      0      0      0      0   8001   2550      0      0   7919   8163      -      0      0 
 20260925    04:17:26       0     13     71      -      0      0      0      0      0      0   8001   1605      0      0   7919   8163      -      4      0 
 20260925    04:17:27       0     12     70      -      0      0      0      0      0      0   8001   1605      0      0   7919   8163      -      0      0 
 20260925    04:17:28       0     13     70      -      0      0      0      0      0      0   8001   1605      0      0   7919   8163      -      0      0 
 20260925    04:17:29       0     12     70      -      0      0      0      0      0      0   8001   1605      0      0   7919   8163      -      0      0 
 20260925    04:17:30       0      7     69      -      0      0      0      0      0      0    810    240      0      0   7919   8163      -      0      0 
 20260925    04:17:31       0      1     69      -      0      0      0      0      0      0    405    210      0      0   7919   8163      -      0      0 
 20260925    04:17:33       0      1     69      -      0      0      0      0      0      0    405    210      0      0   7919   8163      -      0      0 
 20260925    04:17:34       0      1     69      -      0      0      0      0      0      0    405    210      0      0   7919   8163      -      0      0 
 20260925    04:17:35       0      1     69      -      0      0      0      0      0      0    405    210      0      0   7919   8163      -      0      0 
 20260925    04:17:36       0      1     68      -      0      0      0      0      0      0    405    210      0      0   7919   8163      -      0      0 
 20260925    04:17:37       0      1     68      -      0      0      0      0      0      0    405    210      0      0   7919   8163      -      0      0 
 20260925    04:17:38       0      1     68      -      0      0      0      0      0      0    405    210      0      0   7919   8163      -      0      0 
 20260925    04:17:39       0      1     68      -      0      0      0      0      0      0    405    210      0      0   7919   8163      -      0      0 
 20260925    04:17:40       0      1     68      -      0      0      0      0      0      0    405    210      0      0   7919   8163      -      0      0 
 20260925    04:17:41       0      1     68      -      0      0      0      0      0      0    405    210      0      0   7919   8163      -      0      0 
 20260925    04:17:42       0      1     67      -      0      0      0      0      0      0    405    210      0      0   7919   8163      -      0      1 
 20260925    04:17:43       0      1     67      -      0      0      0      0      0      0    405    210      0      0   7919   8163      -      0      2 
 20260925    04:17:44       0      1     67      -      0      0      0      0      0      0    405    210      0      0   7919   8163      -      0      0 
 20260925    04:17:45       0      1     67      -      0      0      0      0      0      0    405    210      0      0   7919   8163      -      0      0 
 20260925    04:17:46       0      1     67      -      0      0      0      0      0      0    405    210      0      0   7919   8163      -      0      0 
 20260925    04:17:47       0      1     67      -      0      0      0      0      0      0    405    210      0      0   7919   8163      -      0      0 
 20260925    04:17:49       0      1     67      -      0      0      0      0      0      0    405    210      0      0   7919   8163      -      0      0 
 20260925    04:17:50       0      1     67      -      0      0      0      0      0      0    405    210      0      0   7919   8163      -      0      0 
 20260925    04:17:51       0      1     66      -      0      0      0      0      0      0    405    210      0      0   7919   8163      -      0      1 
#Date        Time         gpu    pwr  gtemp  mtemp     sm    mem    enc    dec    jpg    ofa   mclk   pclk  pviol  tviol     fb   bar1   ccpm  rxpci  txpci 
#YYYYMMDD    HH:MM:SS     Idx      W      C      C      %      %      %      %      %      %    MHz    MHz      %   bool     MB     MB     MB   MB/s   MB/s 
 20260925    04:17:52       0      1     66      -      0      0      0      0      0      0    405    210      0      0   7919   8163      -      0      0 
 20260925    04:17:53       0      2     66      -      0      0      0      0      0      0    405    210      0      0   7919   8163      -      0      0 
 20260925    04:17:54       0      1     66      -      0      0      0      0      0      0    405    210      0      0   7919   8163      -      0      0 
 20260925    04:17:55       0      1     66      -      0      0      0      0      0      0    405    210      0      0   7919   8163      -      0      0 
 20260925    04:17:56       0      1     66      -      0      0      0      0      0      0    405    210      0      0   7919   8163      -      0      0 
 20260925    04:17:57       0      1     66      -      0      0      0      0      0      0    405    210      0      0   7919   8163      -      0      0 
 20260925    04:17:58       0      1     66      -      0      0      0      0      0      0    405    210      0      0   7919   8163      -      0      1 
 20260925    04:17:59       0      1     65      -      0      0      0      0      0      0    405    210      0      0   7919   8163      -      0      0 
 20260925    04:18:00       0      1     65      -      0      0      0      0      0      0    405    210      0      0   7919   8163      -      0      0 
 20260925    04:18:01       0      1     65      -      0      0      0      0      0      0    405    210      0      0   7919   8163      -      0      2 
 20260925    04:18:02       0      2     65      -      0      0      0      0      0      0    405    210      0      0   7919   8163      -      0      0 
 20260925    04:18:03       0      2     65      -      0      0      0      0      0      0    405    210      0      0   7919   8163      -      0      0 
 20260925    04:18:05       0      2     65      -      0      0      0      0      0      0    405    210      0      0   7919   8163      -      0      0 
 20260925    04:18:06       0      2     65      -      0      0      0      0      0      0    405    210      0      0   7919   8163      -      0      0 
 20260925    04:18:07       0      2     65      -      0      0      0      0      0      0    405    210      0      0   7919   8163      -      0      0 
 20260925    04:18:08       0      2     65      -      0      0      0      0      0      0    405    210      0      0   7919   8163      -      0      0 
 20260925    04:18:09       0      2     64      -      0      0      0      0      0      0    405    210      0      0   7919   8163      -      0      0 
 20260925    04:18:10       0      1     64      -      0      0      0      0      0      0    405    210      0      0   7919   8163      -      0      0 
 20260925    04:18:11       0      1     64      -      0      0      0      0      0      0    405    210      0      0   7919   8163      -      0      0 
 20260925    04:18:12       0      2     64      -      0      0      0      0      0      0    405    210      0      0   7919   8163      -      0      0 
 20260925    04:18:13       0      1     64      -      0      0      0      0      0      0    405    210      0      0   7919   8163      -      0      0 
 20260925    04:18:14       0      1     64      -      0      0      0      0      0      0    405    210      0      0   7919   8163      -      0      0 
 20260925    04:18:15       0      4     64      -      0      0      0      0      0      0    405    210      0      0   7919   8163      -      0      0 
 20260925    04:18:16       0      1     64      -      0      0      0      0      0      0    405    210      0      0   7919   8163      -      0      0 
 20260925    04:18:17       0      1     64      -      0      0      0      0      0      0    405    210      0      0   7919   8163      -      0      0 
 20260925    04:18:18       0      1     64      -      0      0      0      0      0      0    405    210      0      0   7919   8163      -      0      0 
 20260925    04:18:19       0      1     64      -      0      0      0      0      0      0    405    210      0      0   7919   8163      -      3      0 
 20260925    04:18:20       0      1     64      -      0      0      0      0      0      0    405    210      0      0   7919   8163      -      0      0 
 20260925    04:18:22       0      1     64      -      0      0      0      0      0      0    405    210      0      0   7919   8163      -      0      0 
 20260925    04:18:23       0      1     64      -      0      0      0      0      0      0    405    210      0      0   7919   8163      -      0      0 
 20260925    04:18:24       0      1     64      -      0      0      0      0      0      0    405    210      0      0   7919   8163      -      0      0 
 20260925    04:18:25       0      1     64      -      0      0      0      0      0      0    405    210      0      0   7919   8163      -      0      0 
 20260925    04:18:26       0      1     63      -      0      0      0      0      0      0    405    210      0      0   7919   8163      -      0      0 
 20260925    04:18:27       0      1     63      -      0      0      0      0      0      0    405    210      0      0   7919   8163      -      0      0 
 20260925    04:18:28       0      1     63      -      0      0      0      0      0      0    405    210      0      0   7919   8163      -      0      0 
 20260925    04:18:29       0      1     63      -      0      0      0      0      0      0    405    210      0      0   7919   8163      -      0      0 
 20260925    04:18:30       0      1     63      -      0      0      0      0      0      0    405    210      0      0   7919   8163      -      0      0 
 20260925    04:18:31       0      1     63      -      0      0      0      0      0      0    405    210      0      0   7919   8163      -      0      1 
 20260925    04:18:32       0      1     63      -      0      0      0      0      0      0    405    210      0      0   7919   8163      -      0      0 
 20260925    04:18:33       0      1     63      -      0      0      0      0      0      0    405    210      0      0   7919   8163      -      0      0 
 20260925    04:18:34       0      1     63      -      0      0      0      0      0      0    405    210      0      0   7919   8163      -      0      0 
 20260925    04:18:35       0      2     63      -      0      0      0      0      0      0    405    210      0      0   7919   8163      -      0      0 
 20260925    04:18:36       0      2     63      -      0      0      0      0      0      0    405    210      0      0   7919   8163      -      0      2 
 20260925    04:18:38       0      2     63      -      0      0      0      0      0      0    405    210      0      0   7919   8163      -      0      0 
#Date        Time         gpu    pwr  gtemp  mtemp     sm    mem    enc    dec    jpg    ofa   mclk   pclk  pviol  tviol     fb   bar1   ccpm  rxpci  txpci 
#YYYYMMDD    HH:MM:SS     Idx      W      C      C      %      %      %      %      %      %    MHz    MHz      %   bool     MB     MB     MB   MB/s   MB/s 
 20260925    04:18:39       0      2     63      -      0      0      0      0      0      0    405    210      0      0   7919   8163      -      0      0 
 20260925    04:18:40       0      2     63      -      0      0      0      0      0      0    405    210      0      0   7919   8163      -      0      1 
 20260925    04:18:41       0      2     63      -      0      0      0      0      0      0    405    210      0      0   7919   8163      -      0      0 
 20260925    04:18:42       0      2     62      -      0      0      0      0      0      0    405    210      0      0   7919   8163      -      0      0 
 20260925    04:18:43       0      2     62      -      0      0      0      0      0      0    405    210      0      0   7919   8163      -      0      0 
 20260925    04:18:44       0      2     62      -      0      0      0      0      0      0    405    210      0      0   7919   8163      -      0      0 
 20260925    04:18:45       0      2     62      -      0      0      0      0      0      0    405    210      0      0   7919   8163      -      0      0 
 20260925    04:18:46       0      2     62      -      0      0      0      0      0      0    405    210      0      0   7919   8163      -      0      0 
 20260925    04:18:47       0      2     62      -      0      0      0      0      0      0    405    210      0      0   7919   8163      -      0      0 
 20260925    04:18:48       0      2     62      -      0      0      0      0      0      0    405    210      0      0   7919   8163      -      0      0 
 20260925    04:18:49       0      2     62      -      0      0      0      0      0      0    405    210      0      0   7919   8163      -      0      0 
 20260925    04:18:50       0      2     62      -      0      0      0      0      0      0    405    210      0      0   7919   8163      -      0      0 
 20260925    04:18:51       0      2     62      -      0      0      0      0      0      0    405    210      0      0   7919   8163      -      0      0 
 20260925    04:18:52       0      2     62      -      0      0      0      0      0      0    405    210      0      0   7919   8163      -      0      0 
 20260925    04:18:54       0      2     62      -      0      0      0      0      0      0    405    210      0      0   7919   8163      -      0      0 
 20260925    04:18:55       0      2     62      -      0      0      0      0      0      0    405    210      0      0   7919   8163      -      3      0 
 20260925    04:18:56       0      2     62      -      0      0      0      0      0      0    405    210      0      0   7919   8163      -      0      1 
 20260925    04:18:57       0      2     62      -      0      0      0      0      0      0    405    210      0      0   7919   8163      -      0      0 
 20260925    04:18:58       0      2     62      -      0      0      0      0      0      0    405    210      0      0   7919   8163      -      0      0 
 20260925    04:18:59       0      1     62      -      0      0      0      0      0      0    405    210      0      0   7919   8163      -      0      0 
 20260925    04:19:00       0      2     62      -      0      0      0      0      0      0    405    210      0      0   7919   8163      -      0      0 
 20260925    04:19:01       0      2     62      -      0      0      0      0      0      0    405    210      0      0   7919   8163      -      0      0 
 20260925    04:19:02       0      2     62      -      0      0      0      0      0      0    405    210      0      0   7919   8163      -      0      0 
 20260925    04:19:03       0      2     62      -      0      0      0      0      0      0    405    210      0      0   7919   8163      -      0      0 
 20260925    04:19:04       0      2     61      -      0      0      0      0      0      0    405    210      0      0   7919   8163      -      0      0 
 20260925    04:19:05       0      2     61      -      0      0      0      0      0      0    405    210      0      0   7919   8163      -      0      0 
 20260925    04:19:06       0      2     61      -      0      0      0      0      0      0    405    210      0      0   7919   8163      -      0      0 
 20260925    04:19:07       0      2     61      -      0      0      0      0      0      0    405    210      0      0   7919   8163      -      0      0 
 20260925    04:19:08       0      2     61      -      0      0      0      0      0      0    405    210      0      0   7919   8163      -      3      0 
 20260925    04:19:10       0      2     61      -      0      0      0      0      0      0    405    210      0      0   7919   8163      -      0      0 
 20260925    04:19:11       0      2     61      -      0      0      0      0      0      0    405    210      0      0   7919   8163      -      0      0 
 20260925    04:19:12       0      2     61      -      0      0      0      0      0      0    405    210      0      0   7919   8163      -      0      3 
 20260925    04:19:13       0      2     61      -      0      0      0      0      0      0    405    210      0      0   7919   8163      -      0      0 
 20260925    04:19:14       0      2     61      -      0      0      0      0      0      0    405    210      0      0   7919   8163      -      0      0 
 20260925    04:19:15       0      2     61      -      0      0      0      0      0      0    405    210      0      0   7919   8163      -      0      0 
 20260925    04:19:16       0      2     61      -      0      0      0      0      0      0    405    210      0      0   7919   8163      -      0      0 
 20260925    04:19:17       0      2     61      -      0      0      0      0      0      0    405    210      0      0   7919   8163      -      0      0 
 20260925    04:19:18       0      2     61      -      0      0      0      0      0      0    405    210      0      0   7919   8163      -      0      0 
 20260925    04:19:19       0      2     61      -      0      0      0      0      0      0    405    210      0      0   7919   8163      -      0      0 
 20260925    04:19:20       0      2     61      -      0      0      0      0      0      0    405    210      0      0   7919   8163      -      0      1 
 20260925    04:19:21       0      2     61      -      0      0      0      0      0      0    405    210      0      0   7919   8163      -      0      0 
 20260925    04:19:22       0      2     61      -      0      0      0      0      0      0    405    210      0      0   7919   8163      -      0      0 
 20260925    04:19:23       0      2     61      -      0      0      0      0      0      0    405    210      0      0   7919   8163      -      0      0 
 20260925    04:19:24       0      2     61      -      0      0      0      0      0      0    405    210      0      0   7919   8163      -      0      0 
#Date        Time         gpu    pwr  gtemp  mtemp     sm    mem    enc    dec    jpg    ofa   mclk   pclk  pviol  tviol     fb   bar1   ccpm  rxpci  txpci 
#YYYYMMDD    HH:MM:SS     Idx      W      C      C      %      %      %      %      %      %    MHz    MHz      %   bool     MB     MB     MB   MB/s   MB/s 
 20260925    04:19:25       0      2     61      -      0      0      0      0      0      0    405    210      0      0   7919   8163      -      0      0 
 20260925    04:19:27       0      2     61      -      0      0      0      0      0      0    405    210      0      0   7919   8163      -      0      0 
 20260925    04:19:28       0      2     61      -      0      0      0      0      0      0    405    210      0      0   7919   8163      -      0      0 
 20260925    04:19:29       0      2     61      -      0      0      0      0      0      0    405    210      0      0   7919   8163      -      0      1 
 20260925    04:19:30       0     10     64      -    100      2      0      0      0      0   8001   2565      0      0   7925   8163      -  12404  13184 
 20260925    04:19:31       0     41     65      -    100      2      0      0      0      0   8001   2565      0      0   7925   8163      -  15052   9540 
 20260925    04:19:32       0     36     65      -    100      1      0      0      0      0   8001   2565      0      0   7925   8163      -  13074  13015 
 20260925    04:19:33       0     39     65      -    100      1      0      0      0      0   8001   2565      0      0   7925   8163      -  12580  12565 
 20260925    04:19:34       0     39     65      -    100      1      0      0      0      0   8001   2565      0      0   7925   8163      -  13653  12482 
 20260925    04:19:35       0     39     65      -    100      1      0      0      0      0   8001   2565      0      0   7925   8163      -  12929  12145 
 20260925    04:19:36       0     39     65      -    100      0      0      0      0      0   8001   2565      0      0   7925   8163      -  13061  10926 
 20260925    04:19:37       0     40     65      -    100      1      0      0      0      0   8001   2565      0      0   7925   8163      -  13099  12009 
 20260925    04:19:38       0     34     66      -    100      0      0      0      0      0   8001   2565      0      0   7925   8163      -  14020  11955 
 20260925    04:19:39       0     39     66      -    100      0      0      0      0      0   8001   2565      0      0   7925   8163      -  19653   8604 
 20260925    04:19:40       0     42     67      -    100      2      0      0      0      0   8001   2565      0      0   7925   8163      -  16963   2742 
 20260925    04:19:41       0     37     67      -    100      2      0      0      0      0   8001   2565      0      0   7925   8163      -  13993   5784 
 20260925    04:19:43       0     38     68      -    100      2      0      0      0      0   8001   2565      0      0   7925   8163      -  14326  10973 
 20260925    04:19:44       0     34     67      -    100      0      0      0      0      0   8001   2565      0      0   7925   8163      -  14112  10496 
 20260925    04:19:45       0     39     68      -    100      2      0      0      0      0   8001   2565      0      0   7925   8163      -  20281   9669 
 20260925    04:19:46       0     39     68      -    100      2      0      0      0      0   8001   2565      0      0   7925   8163      -  20673   7298 
 20260925    04:19:47       0     42     68      -    100      3      0      0      0      0   8001   2565      0      0   7925   8163      -  14234  10756 
 20260925    04:19:48       0     38     67      -    100      0      0      0      0      0   8001   2565      0      0   7925   8163      -  16718   2689 
 20260925    04:19:49       0     43     69      -    100      4      0      0      0      0   8001   2565      0      0   7925   8163      -  20683   7141 
 20260925    04:19:50       0     36     69      -    100      7      0      0      0      0   8001   2565      0      0   7925   8163      -  14116  11166 
 20260925    04:19:51       0     32     67      -    100      0      0      0      0      0   8001   2565      0      0   7925   8163      -  15476   3078 
 20260925    04:19:52       0     45     69      -    100     11      0      0      0      0   8001   2565      0      0   7925   8163      -  17108   5172 
 20260925    04:19:53       0     33     68      -    100      0      0      0      0      0   8001   2565      0      0   7925   8163      -  14231  10335 
 20260925    04:19:54       0     41     68      -    100      0      0      0      0      0   8001   2565      0      0   7925   8163      -  14071   2643 
 20260925    04:19:55       0     38     70      -    100     14      0      0      0      0   8001   2565      0      0   7925   8163      -  14407   9834 
 20260925    04:19:56       0     34     68      -    100      0      0      0      0      0   8001   2565      0      0   7925   8163      -  20478   2969 
 20260925    04:19:57       0     47     70      -    100     15      0      0      0      0   8001   2565      0      0   7925   8163      -  18347   2686 
 20260925    04:19:59       0     31     69      -    100      0      0      0      0      0   8001   2565      0      0   7925   8163      -  15034   9481 
 20260925    04:20:00       0     45     70      -    100     17      0      0      0      0   8001   2565      0      0   7925   8163      -  18306   7474 
 20260925    04:20:01       0     32     69      -    100      0      0      0      0      0   8001   2565      0      0   7925   8163      -  13502  10324 
 20260925    04:20:02       0     35     69      -    100      0      0      0      0      0   8001   2565      0      0   7925   8163      -  19529   2646 
 20260925    04:20:03       0     47     71      -    100     19      0      0      0      0   8001   2565      0      0   7925   8163      -  14831  10218 
 20260925    04:20:04       0     40     69      -    100      0      0      0      0      0   8001   2565      0      0   7925   8163      -  14798   2645 
 20260925    04:20:05       0     36     71      -    100     22      0      0      0      0   8001   2550      0      0   7925   8163      -  16379   9659 
 20260925    04:20:06       0     41     69      -    100      0      0      0      0      0   8001   2550      0      0   7925   8163      -  20717   2662 
 20260925    04:20:07       0     38     71      -    100     21      0      0      0      0   8001   2550      0      0   7925   8163      -  16392   9903 
 20260925    04:20:08       0     43     70      -    100      0      0      0      0      0   8001   2550      0      0   7925   8163      -  20447   6110 
 20260925    04:20:09       0     36     72      -    100     20      0      0      0      0   8001   2550      0      0   7925   8163      -  17945   9110 
 20260925    04:20:10       0     32     70      -    100      0      0      0      0      0   8001   2550      0      0   7925   8163      -  20802   2645 
 20260925    04:20:11       0     50     72      -    100     26      0      0      0      0   8001   2550      0      0   7925   8163      -  14831   8352 
#Date        Time         gpu    pwr  gtemp  mtemp     sm    mem    enc    dec    jpg    ofa   mclk   pclk  pviol  tviol     fb   bar1   ccpm  rxpci  txpci 
#YYYYMMDD    HH:MM:SS     Idx      W      C      C      %      %      %      %      %      %    MHz    MHz      %   bool     MB     MB     MB   MB/s   MB/s 
 20260925    04:20:12       0     32     70      -    100      0      0      0      0      0   8001   2550      0      0   7925   8163      -  20565   2641 
 20260925    04:20:13       0     51     73      -    100     25      0      0      0      0   8001   2550      0      0   7925   8163      -  14582   8775 
 20260925    04:20:15       0     43     70      -    100      0      0      0      0      0   8001   2550      0      0   7925   8163      -  21087   2645 
 20260925    04:20:16       0     34     72      -    100     20      0      0      0      0   8001   2550      0      0   7925   8163      -  16808   8566 
 20260925    04:20:17       0     48     72      -    100      1      0      0      0      0   8001   2550      0      0   7925   8163      -  20404   2594 
 20260925    04:20:18       0     50     73      -    100     22      0      0      0      0   8001   2550      0      0   7925   8163      -  16281   8890 
 20260925    04:20:19       0     39     71      -    100      0      0      0      0      0   8001   2550      0      0   7925   8163      -  20690   2671 
 20260925    04:20:20       0     32     71      -    100      0      0      0      0      0   8001   2550      0      0   7925   8163      -  15218  10287 
 20260925    04:20:21       0     50     74      -    100     27      0      0      0      0   8001   2550      0      0   7925   8163      -  20438   2709 
 20260925    04:20:22       0     34     71      -    100      0      0      0      0      0   8001   2550      0      0   7925   8163      -  20492   2623 
 20260925    04:20:23       0     52     74      -    100     31      0      0      0      0   8001   2550      0      0   7925   8163      -  17466   8173 
 20260925    04:20:24       0     38     71      -    100      0      0      0      0      0   8001   2550      0      0   7925   8163      -  16482   6194 
 20260925    04:20:25       0     33     73      -    100     23      0      0      0      0   8001   2550      0      0   7925   8163      -  16342   7995 
 20260925    04:20:26       0     31     72      -    100      0      0      0      0      0   8001   2550      0      0   7925   8163      -  20700   2602 
 20260925    04:20:27       0     38     74      -     99     22      0      0      0      0   8001   2550      0      0   7925   8163      -  15834   7058 
 20260925    04:20:28       0     52     74      -    100     23      0      0      0      0   8001   2550      0      0   7925   8163      -  20401   2633 
 20260925    04:20:29       0     32     72      -    100      0      0      0      0      0   8001   2550      0      0   7925   8163      -  20002   2592 
 20260925    04:20:31       0     46     74      -    100     30      0      0      0      0   8001   2550      0      0   7925   8163      -  13888  10228 
 20260925    04:20:32       0     39     73      -    100      0      0      0      0      0   8001   2550      0      0   7925   8163      -  16628   5232 
 20260925    04:20:33       0     33     72      -    100      0      0      0      0      0   8001   2550      0      0   7925   8163      -  15956   7366 
 20260925    04:20:34       0     49     73      -    100      1      0      0      0      0   8001   2550      0      0   7925   8163      -  21121   2621 
 20260925    04:20:35       0     31     73      -    100      0      0      0      0      0   8001   2550      0      0   7925   8163      -  20875   2649 
 20260925    04:20:36       0     45     75      -    100     26      0      0      0      0   8001   2550      0      0   7925   8163      -  17716   9635 
 20260925    04:20:37       0     33     73      -    100      0      0      0      0      0   8001   2550      0      0   7925   8163      -  20514   6652 
 20260925    04:20:38       0     32     73      -    100      0      0      0      0      0   8001   2550      0      0   7925   8163      -  14560   8040 
 20260925    04:20:39       0     50     75      -    100     30      0      0      0      0   8001   2550      0      0   7925   8163      -  20311   2646 
 20260925    04:20:40       0     31     73      -    100      0      0      0      0      0   8001   2550      0      0   7925   8163      -  20442   2678 
 20260925    04:20:41       0     51     75      -    100     29      0      0      0      0   8001   2550      0      0   7925   8163      -  16885  10420 
 20260925    04:20:42       0     45     73      -    100      0      0      0      0      0   8001   2550      0      0   7925   8163      -  20588   2586 
 20260925    04:20:43       0     32     73      -    100      0      0      0      0      0   8001   2550      0      0   7925   8163      -  18372   8905 
 20260925    04:20:44       0     54     76      -    100     33      0      0      0      0   8001   2550      0      0   7925   8163      -  17740   9972 
 20260925    04:20:45       0     32     74      -    100      0      0      0      0      0   8001   2550      0      0   7925   8163      -  16008   5771 
 20260925    04:20:46       0     32     74      -    100      0      0      0      0      0   8001   2550      0      0   7925   8163      -  14495   8526 
 20260925    04:20:48       0     55     76      -    100     32      0      0      0      0   8001   2550      0      0   7925   8163      -  17225   9134 
 20260925    04:20:49       0     34     74      -    100      0      0      0      0      0   8001   2550      0      0   7925   8163      -  14594   2691 
 20260925    04:20:50       0     32     75      -    100      0      0      0      0      0   8001   2550      0      0   7925   8163      -  16630   6334 
 20260925    04:20:51       0     50     74      -    100      1      0      0      0      0   8001   2550      0      0   7925   8163      -  20262   2646 
 20260925    04:20:52       0     32     74      -    100      0      0      0      0      0   8001   2550      0      0   7925   8163      -  20310   2596 
 20260925    04:20:53       0     65     76      -    100     37      0      0      0      0   8001   2550      0      0   7925   8163      -  14667   8199 
 20260925    04:20:54       0     50     74      -    100      1      0      0      0      0   8001   2550      0      0   7925   8163      -  20489   2643 
 20260925    04:20:55       0     32     75      -    100      0      0      0      0      0   8001   2550      0      0   7925   8163      -  21022   4033 
 20260925    04:20:56       0     53     77      -    100     33      0      0      0      0   8001   2550      0      0   7925   8163      -  14175   6001 
 20260925    04:20:57       0     52     75      -    100      3      0      0      0      0   8001   2550      0      0   7925   8163      -  18537   7721 
 20260925    04:20:58       0     32     75      -    100      0      0      0      0      0   8001   2550      0      0   7925   8163      -  20927   6558 
#Date        Time         gpu    pwr  gtemp  mtemp     sm    mem    enc    dec    jpg    ofa   mclk   pclk  pviol  tviol     fb   bar1   ccpm  rxpci  txpci 
#YYYYMMDD    HH:MM:SS     Idx      W      C      C      %      %      %      %      %      %    MHz    MHz      %   bool     MB     MB     MB   MB/s   MB/s 
 20260925    04:20:59       0     55     77      -    100     32      0      0      0      0   8001   2550      0      0   7925   8163      -  13677   6212 
 20260925    04:21:00       0     32     75      -    100      0      0      0      0      0   8001   2550      0      0   7925   8163      -  20260   2557 
 20260925    04:21:01       0     32     76      -    100      0      0      0      0      0   8001   2550      0      0   7925   8163      -  18611   8146 
 20260925    04:21:02       0     55     77      -    100     36      0      0      0      0   8001   2550      0      0   7925   8163      -  19129  10060 
 20260925    04:21:04       0     48     75      -    100      0      0      0      0      0   8001   2550      0      0   7925   8163      -  20832   2672 
 20260925    04:21:05       0     33     75      -    100      0      0      0      0      0   8001   2550      0      0   7925   8163      -  19383   8028 
 20260925    04:21:06       0     56     78      -    100     33      0      0      0      0   8001   2550      0      0   7925   8163      -  18181  10118 
 20260925    04:21:07       0     41     75      -    100      0      0      0      0      0   8001   2550      0      0   7925   8163      -  20306   2601 
 20260925    04:21:08       0     34     75      -    100      0      0      0      0      0   8001   2550      0      0   7925   8163      -  20555   2574 
 20260925    04:21:09       0     56     78      -    100     33      0      0      0      0   8001   2550      0      0   7925   8163      -  20046   4340 
 20260925    04:21:10       0     48     76      -    100      0      0      0      0      0   8001   2550      0      0   7925   8163      -  21070   6252 
 20260925    04:21:11       0     39     76      -    100      0      0      0      0      0   8001   2550      0      0   7925   8163      -  21028   2552 
 20260925    04:21:12       0     55     78      -    100     34      0      0      0      0   8001   2550      0      0   7925   8163      -  18258  10019 
 20260925    04:21:13       0     54     77      -    100     18      0      0      0      0   8001   2550      0      0   7925   8163      -  20525   2659 
 20260925    04:21:14       0     33     76      -    100      0      0      0      0      0   8001   2550      0      0   7925   8163      -  20773   8806 
 20260925    04:21:15       0     45     78      -    100     37      0      0      0      0   8001   2550      0      0   7925   8163      -  19276  10143 
 20260925    04:21:16       0     53     77      -    100      3      0      0      0      0   8001   2550      0      0   7925   8163      -  20677   2609 
 20260925    04:21:17       0     35     76      -    100      0      0      0      0      0   8001   2550      0      0   7925   8163      -  20679   2576 
 20260925    04:21:19       0     56     79      -    100     36      0      0      0      0   8001   2550      0      0   7925   8163      -  14822   5044 
 20260925    04:21:20       0     57     79      -    100     38      0      0      0      0   8001   2550      0      0   7925   8163      -  18858   8021 
 20260925    04:21:21       0     41     76      -    100      0      0      0      0      0   8001   2550      0      0   7925   8163      -  20576   2559 
 20260925    04:21:22       0     33     77      -    100      0      0      0      0      0   8001   2550      0      0   7925   8163      -  14090   4612 
 20260925    04:21:23       0     57     79      -    100     36      0      0      0      0   8001   2550      0      0   7925   8163      -  16208   6305 
 20260925    04:21:24       0     33     77      -    100      0      0      0      0      0   8001   2550      0      0   7925   8163      -  20424   2589 
 20260925    04:21:25       0     33     77      -    100      0      0      0      0      0   8001   2550      0      0   7925   8163      -  20543   2577 
 20260925    04:21:26       0     57     79      -    100     36      0      0      0      0   8001   2550      0      0   7925   8163      -  16420   6380 
 20260925    04:21:27       0     46     78      -    100      3      0      0      0      0   8001   2550      0      0   7925   8163      -  20194   2670 
 20260925    04:21:28       0     34     77      -    100      0      0      0      0      0   8001   2550      0      0   7925   8163      -  21123   2617 
 20260925    04:21:29       0     45     79      -    100     19      0      0      0      0   8001   2550      0      0   7925   8163      -  16513   6270 
 20260925    04:21:30       0     56     80      -    100     38      0      0      0      0   8001   2550      0      0   7925   8163      -  20155   9087 
 20260925    04:21:31       0     34     77      -    100      0      0      0      0      0   8001   2550      0      0   7925   8163      -  20982   2600 
 20260925    04:21:32       0     34     77      -    100      0      0      0      0      0   8001   2550      0      0   7925   8163      -  16368   6275 
 20260925    04:21:33       0     58     80      -    100     37      0      0      0      0   8001   2550      0      0   7925   8163      -  15056   6068 
 20260925    04:21:34       0     34     77      -    100      0      0      0      0      0   8001   2550      0      0   7925   8163      -  19882   2581 
 20260925    04:21:36       0     34     77      -    100      0      0      0      0      0   8001   2550      0      0   7925   8163      -  20758   9645 
 20260925    04:21:37       0     44     80      -    100     38      0      0      0      0   8001   2550      0      0   7925   8163      -  16376   8739 
 20260925    04:21:38       0     58     80      -    100     38      0      0      0      0   8001   2550      0      0   7925   8163      -  20370   2600 
 20260925    04:21:39       0     34     78      -    100      0      0      0      0      0   8001   2550      0      0   7925   8163      -  20518   2574 
 20260925    04:21:40       0     33     79      -    100      0      0      0      0      0   8001   2550      0      0   7925   8163      -  18324  10211 
 20260925    04:21:41       0     58     80      -    100     37      0      0      0      0   8001   2550      0      0   7925   8163      -  17047   8621 
 20260925    04:21:42       0     46     78      -    100      0      0      0      0      0   8001   2550      0      0   7925   8163      -  20575   2757 
 20260925    04:21:43       0     34     78      -    100      0      0      0      0      0   8001   2550      0      0   7925   8163      -  20647   2555 
 20260925    04:21:44       0     57     80      -    100     39      0      0      0      0   8001   2550      0      0   7925   8163      -  18317   9758 
 20260925    04:21:45       0     57     81      -    100     39      0      0      0      0   8001   2550      0      0   7925   8163      -  20820   5014 
#Date        Time         gpu    pwr  gtemp  mtemp     sm    mem    enc    dec    jpg    ofa   mclk   pclk  pviol  tviol     fb   bar1   ccpm  rxpci  txpci 
#YYYYMMDD    HH:MM:SS     Idx      W      C      C      %      %      %      %      %      %    MHz    MHz      %   bool     MB     MB     MB   MB/s   MB/s 
 20260925    04:21:46       0     42     78      -    100      0      0      0      0      0   8001   2550      0      0   7925   8163      -  20992   8566 
 20260925    04:21:47       0     34     78      -    100      0      0      0      0      0   8001   2550      0      0   7925   8163      -  20848   7602 
 20260925    04:21:48       0     59     81      -    100     38      0      0      0      0   8001   2550      0      0   7925   8163      -  14444   5447 
 20260925    04:21:49       0     52     79      -    100      1      0      0      0      0   8001   2550      0      0   7925   8163      -  16258   6002 
 20260925    04:21:50       0     34     79      -    100      0      0      0      0      0   8001   2550      0      0   7925   8163      -  20115   9177 
 20260925    04:21:52       0     34     78      -    100      0      0      0      0      0   8001   2550      0      0   7925   8163      -  20212  10122 
 20260925    04:21:53       0     59     81      -    100     42      0      0      0      0   8001   2550      0      0   7925   8163      -  16925   7467 
 20260925    04:21:54       0     50     79      -    100      0      0      0      0      0   8001   2550      0      0   7925   8163      -  20393   7127 
 20260925    04:21:55       0     36     79      -    100      0      0      0      0      0   8001   2550      0      0   7925   8163      -  20452   2664 
 20260925    04:21:56       0     46     81      -    100     38      0      0      0      0   8001   2550      0      0   7925   8163      -  18033   8916 
 20260925    04:21:57       0     59     82      -    100     42      0      0      0      0   8001   2550      0      0   7925   8163      -  20381   2670 
 20260925    04:21:58       0     34     79      -    100      0      0      0      0      0   8001   2550      0      0   7925   8163      -  20567   2575 
 20260925    04:21:59       0     34     79      -    100      0      0      0      0      0   8001   2550      0      0   7925   8163      -  20640   2582 
 20260925    04:22:00       0     45     82      -    100     42      0      0      0      0   8001   2550      0      0   7925   8163      -  14054   4153 
 20260925    04:22:01       0     58     82      -    100     37      0      0      0      0   8001   2550      0      0   7925   8163      -  20569   2632 
 20260925    04:22:02       0     37     79      -    100      0      0      0      0      0   8001   2550      0      0   7925   8163      -  19729   2630 
 20260925    04:22:03       0     34     79      -    100      0      0      0      0      0   8001   2550      0      0   7925   8163      -  15261   5687 
 20260925    04:22:04       0     55     82      -    100     43      0      0      0      0   8001   2550      0      0   7925   8163      -  19030  10106 
 20260925    04:22:05       0     36     80      -    100      1      0      0      0      0   8001   2550      0      0   7925   8163      -  21171   2594 
 20260925    04:22:06       0     34     79      -    100      0      0      0      0      0   8001   2550      0      0   7925   8163      -  20485   2581 
 20260925    04:22:07       0     35     79      -    100      0      0      0      0      0   8001   2550      0      0   7925   8163      -  19515   9620 
 20260925    04:22:09       0     55     82      -    100     44      0      0      0      0   8001   2550      0      0   7925   8163      -  14932   4573 
 20260925    04:22:10       0     50     80      -    100      3      0      0      0      0   8001   2550      0      0   7925   8163      -  21023   2577 
 20260925    04:22:11       0     34     80      -    100      0      0      0      0      0   8001   2550      0      0   7925   8163      -  16133   5295 
 20260925    04:22:12       0     58     82      -    100     41      0      0      0      0   8001   2550      0      0   7925   8163      -  15913   6367 
 20260925    04:22:13       0     60     82      -    100     42      0      0      0      0   8001   2550      0      0   7925   8163      -  15054   4128 
 20260925    04:22:14       0     34     80      -    100      0      0      0      0      0   8001   2550      0      0   7925   8163      -  20468   2659 
 20260925    04:22:15       0     35     80      -    100      0      0      0      0      0   8001   2550      0      0   7925   8163      -  20613   2580 
 20260925    04:22:16       0     36     80      -    100     22      0      0      0      0   8001   2550      0      0   7925   8163      -  19406   9116 
 20260925    04:22:17       0     60     83      -    100     44      0      0      0      0   8001   2550      0      0   7925   8163      -  17769   8220 
 20260925    04:22:18       0     44     80      -    100      0      0      0      0      0   8001   2550      0      0   7925   8163      -  20940   2554 
 20260925    04:22:19       0     35     80      -    100      0      0      0      0      0   8001   2550      0      0   7925   8163      -  20284   2633 
 20260925    04:22:20       0     41     83      -    100     39      0      0      0      0   8001   2550      0      0   7925   8163      -  19205   8958 
 20260925    04:22:21       0     60     83      -    100     46      0      0      0      0   8001   2550      0      0   7925   8163      -  16273  10080 
 20260925    04:22:22       0     41     80      -    100      0      0      0      0      0   8001   2550      0      0   7925   8163      -  21175   2651 
 20260925    04:22:23       0     35     80      -    100      0      0      0      0      0   8001   2550      0      0   7925   8163      -  19704   2565 
 20260925    04:22:25       0     35     80      -    100      0      0      0      0      0   8001   2550      0      0   7925   8163      -  14874  10085 
 20260925    04:22:26       0     60     83      -    100     38      0      0      0      0   8001   2550      0      0   7925   8163      -  17416   7500 
 20260925    04:22:27       0     53     81      -    100      2      0      0      0      0   8001   2550      0      0   7925   8163      -  20633   2560 
 20260925    04:22:28       0     35     80      -    100      0      0      0      0      0   8001   2550      0      0   7925   8163      -  20368   2543 
 20260925    04:22:29       0     49     82      -    100     44      0      0      0      0   8001   2550      0      0   7925   8163      -  14750   4203 
 20260925    04:22:30       0     60     83      -    100     38      0      0      0      0   8001   2550      0      0   7925   8163      -  20768  10225 
 20260925    04:22:31       0     50     81      -    100      0      0      0      0      0   8001   2550      0      0   7925   8163      -  21225   9655 
 20260925    04:22:32       0     35     81      -    100      0      0      0      0      0   8001   2550      0      0   7925   8163      -  20772   2525 
#Date        Time         gpu    pwr  gtemp  mtemp     sm    mem    enc    dec    jpg    ofa   mclk   pclk  pviol  tviol     fb   bar1   ccpm  rxpci  txpci 
#YYYYMMDD    HH:MM:SS     Idx      W      C      C      %      %      %      %      %      %    MHz    MHz      %   bool     MB     MB     MB   MB/s   MB/s 
 20260925    04:22:33       0     35     81      -    100      0      0      0      0      0   8001   2550      0      0   7925   8163      -  15601   6159 
 20260925    04:22:34       0     58     83      -    100     40      0      0      0      0   8001   2550      0      0   7925   8163      -  20269  10031 
 20260925    04:22:35       0     56     83      -    100     31      0      0      0      0   8001   2550      0      0   7925   8163      -  20892   2521 
 20260925    04:22:36       0     35     81      -    100      0      0      0      0      0   8001   2550      0      0   7925   8163      -  16609   2606 
 20260925    04:22:37       0     35     81      -    100      0      0      0      0      0   8001   2550      0      0   7925   8163      -  21162   2568 
 20260925    04:22:38       0     54     84      -    100     41      0      0      0      0   8001   2550      0      0   7925   8163      -  15345   4543 
 20260925    04:22:39       0     59     84      -    100     25      0      0      0      0   8001   2550      0      0   7925   8163      -  20661   9700 
 20260925    04:22:41       0     37     81      -    100      0      0      0      0      0   8001   2550      0      0   7925   8163      -  20311   2623 
 20260925    04:22:42       0     36     81      -    100      0      0      0      0      0   8001   2550      0      0   7925   8163      -  17112   5923 
 20260925    04:22:43       0     62     84      -    100     49      0      0      0      0   8001   2550      0      0   7925   8163      -  18327   8034 
 20260925    04:22:44       0     58     84      -    100     46      0      0      0      0   8001   2415      0      0   7925   8163      -  18428   2590 
 20260925    04:22:45       0     35     81      -    100      0      0      0      0      0   8001   2550      0      0   7925   8163      -  21419   2542 
 20260925    04:22:46       0     35     81      -    100      0      0      0      0      0   8001   2550      0      0   7925   8163      -  21015   2571 
 20260925    04:22:47       0     40     83      -    100     44      0      0      0      0   8001   2550      0      0   7925   8163      -  14867   5125 
 20260925    04:22:48       0     58     84      -    100     38      0      0      0      0   8001   2460      0      0   7925   8163      -  15431   5167 
 20260925    04:22:49       0     49     82      -    100      0      0      0      0      0   8001   2550      0      0   7925   8163      -  14955   4691 
 20260925    04:22:50       0     35     81      -    100      0      0      0      0      0   8001   2550      0      0   7925   8163      -  21119   2623 
 20260925    04:22:51       0     35     81      -    100      0      0      0      0      0   8001   2550      0      0   7925   8163      -  18221  13982 
 20260925    04:22:52       0     49     83      -    100     38      0      0      0      0   8001   2295      0      0   7925   8163      -  15816   5698 
 20260925    04:22:53       0     36     82      -    100      2      0      0      0      0   8001   2550      0      0   7925   8163      -  20858   2581 
 20260925    04:22:54       0     36     83      -    100      0      0      0      0      0   8001   2550      0      0   7925   8163      -  20370   2533 
 20260925    04:22:55       0     36     82      -    100      0      0      0      0      0   8001   2550      0      0   7925   8163      -  18520   2622 
 20260925    04:22:57       0     43     84      -    100     39      0      0      0      0   8001   2340      0      0   7925   8163      -  19838  10047 
 20260925    04:22:58       0     55     84      -    100     46      0      0      0      0   8001   2415      0      0   7925   8163      -  14285   2685 
 20260925    04:22:59       0     36     82      -    100      0      0      0      0      0   8001   2550      0      0   7925   8163      -  20996   2546 
 20260925    04:23:00       0     36     82      -    100      0      0      0      0      0   8001   2550      0      0   7925   8163      -  15059   2556 
 20260925    04:23:01       0     42     84      -    100     40      0      0      0      0   8001   2550      0      0   7925   8163      -  17632   8183 
 20260925    04:23:02       0     54     84      -    100     48      0      0      0      0   8001   2235      0      0   7925   8163      -  18378   7831 
 20260925    04:23:03       0     42     82      -    100      2      0      0      0      0   8001   2550      0      0   7925   8163      -  20850   2557 
 20260925    04:23:04       0     36     82      -    100      0      0      0      0      0   8001   2550      0      0   7925   8163      -  20680   7028 
 20260925    04:23:05       0     36     82      -    100      0      0      0      0      0   8001   2550      0      0   7925   8163      -  19780   2624 
 20260925    04:23:06       0     55     84      -    100     38      0      0      0      0   8001   2355      0      0   7925   8163      -  14847   4194 
 20260925    04:23:07       0     50     83      -    100     38      0      0      0      0   8001   2325      0      0   7925   8163      -  20824   2599 
 20260925    04:23:08       0     36     82      -    100      0      0      0      0      0   8001   2550      0      0   7925   8163      -  20377   2583 
 20260925    04:23:09       0     35     82      -    100      0      0      0      0      0   8001   2550      0      0   7925   8163      -  20954   2518 
 20260925    04:23:10       0     39     82      -    100     27      0      0      0      0   8001   2550      0      0   7925   8163      -  15866   5383 
 20260925    04:23:11       0     48     84      -    100     43      0      0      0      0   8001   2115      0      0   7925   8163      -  15195   4082 
 20260925    04:23:13       0     41     82      -    100      2      0      0      0      0   8001   2550      0      0   7925   8163      -  20520   2597 
 20260925    04:23:14       0     36     82      -    100      0      0      0      0      0   8001   2550      0      0   7925   8163      -  20159   2789 
 20260925    04:23:15       0     37     82      -    100      0      0      0      0      0   8001   2550      0      0   7925   8163      -  20290   2592 
 20260925    04:23:16       0     39     84      -    100     48      0      0      0      0   8001   2190      0      0   7925   8163      -  17778   6614 
 20260925    04:23:17       0     50     83      -    100     50      0      0      0      0   8001   2145      0      0   7925   8163      -  17841   6017 
 20260925    04:23:18       0     36     82      -    100      0      0      0      0      0   8001   2550      0      0   7925   8163      -  21250   2553 
 20260925    04:23:19       0     37     82      -    100      0      0      0      0      0   8001   2550      0      0   7925   8163      -  20750   2555 
#Date        Time         gpu    pwr  gtemp  mtemp     sm    mem    enc    dec    jpg    ofa   mclk   pclk  pviol  tviol     fb   bar1   ccpm  rxpci  txpci 
#YYYYMMDD    HH:MM:SS     Idx      W      C      C      %      %      %      %      %      %    MHz    MHz      %   bool     MB     MB     MB   MB/s   MB/s 
 20260925    04:23:20       0     36     82      -    100      0      0      0      0      0   8001   2550      0      0   7925   8163      -  16487   6948 
 20260925    04:23:21       0     53     83      -    100     50      0      0      0      0   8001   1890      0      0   7925   8163      -  17969   6241 
 20260925    04:23:22       0     48     83      -    100     44      0      0      0      0   8001   2085      0      0   7925   8163      -  15159   2525 
 20260925    04:23:23       0     36     83      -    100      0      0      0      0      0   8001   2550      0      0   7925   8163      -  20143   2577 
 20260925    04:23:24       0     36     82      -    100      0      0      0      0      0   8001   2550      0      0   7925   8163      -  20524   2588 
 20260925    04:23:25       0     48     84      -    100      6      0      0      0      0   8001   2355      0      0   7925   8163      -  15299   4457 
 20260925    04:23:26       0     40     84      -    100      6      0      0      0      0   8001   2235      0      0   7925   8163      -  18585   8819 
 20260925    04:23:27       0     36     83      -    100      0      0      0      0      0   8001   2550      0      0   7925   8163      -  20665   2682 
 20260925    04:23:29       0     36     82      -    100      0      0      0      0      0   8001   2550      0      0   7925   8163      -  20989   2491 
 20260925    04:23:30       0     83     82      -     95     41      0      0      0      0   8001   2550      0      0   7925   8163      -  19944   2385 
 20260925    04:23:31       0     41     83      -    100      1      0      0      0      0   8001   2550      0      0   7925   8163      -   9287   1438 
 20260925    04:23:32       0     28     81      -      0      0      0      0      0      0   8001   2550      0      0   7925   8163      -      0      0 
 20260925    04:23:33       0     28     82      -      0      0      0      0      0      0   8001   2550      0      0   7925   8163      -      0      2 
 20260925    04:23:34       0     10     80      -      0      0      0      0      0      0   6001    675      0      0   7925   8163      -      0      5 
 20260925    04:23:35       0      9     79      -      0      0      0      0      0      0   6001    420      0      0   7925   8163      -      0      0 
 20260925    04:23:36       0      5     79      -      0      0      0      0      0      0    810    270      0      0   7925   8163      -      0      3 
 20260925    04:23:37       0      2     79      -      0      0      0      0      0      0    405    210      0      0   7925   8163      -      0      0 
 20260925    04:23:38       0      2     78      -      0      0      0      0      0      0    405    210      0      0   7925   8163      -      0      0 
 20260925    04:23:39       0      2     78      -      0      0      0      0      0      0    405    210      0      0   7925   8163      -      0      0 
 20260925    04:23:40       0      2     78      -      0      0      0      0      0      0    405    210      0      0   7925   8163      -      0      0 
 20260925    04:23:41       0      2     77      -      0      0      0      0      0      0    405    210      0      0   7925   8163      -      0      0 
 20260925    04:23:42       0      2     77      -      0      0      0      0      0      0    405    210      0      0   7925   8163      -      0      0 
 20260925    04:23:44       0      2     77      -      0      0      0      0      0      0    405    210      0      0   7925   8163      -      0      0 
 20260925    04:23:45       0      2     77      -      0      0      0      0      0      0    405    210      0      0   7925   8163      -      0      0 
 20260925    04:23:46       0      2     77      -      0      0      0      0      0      0    405    210      0      0   7925   8163      -      0      0 
 20260925    04:23:47       0      2     76      -      0      0      0      0      0      0    405    210      0      0   7925   8163      -      0      1 
 20260925    04:23:48       0      2     76      -      0      0      0      0      0      0    405    210      0      0   7925   8163      -      0      0 
 20260925    04:23:49       0      2     76      -      0      0      0      0      0      0    405    210      0      0   7925   8163      -      0      0 
 20260925    04:23:50       0      2     76      -      0      0      0      0      0      0    405    210      0      0   7925   8163      -      0      0 
 20260925    04:23:51       0      2     76      -      0      0      0      0      0      0    405    210      0      0   7925   8163      -      0      0 
 20260925    04:23:52       0      2     75      -      0      0      0      0      0      0    405    210      0      0   7925   8163      -      3      0 
 20260925    04:23:53       0      2     75      -      0      0      0      0      0      0    405    210      0      0   7925   8163      -      0      0 
 20260925    04:23:54       0      2     75      -      0      0      0      0      0      0    405    210      0      0   7925   8163      -      0      0 
 20260925    04:23:55       0      2     75      -      0      0      0      0      0      0    405    210      0      0   7925   8163      -      0      1 
 20260925    04:23:56       0      2     75      -      0      0      0      0      0      0    405    210      0      0   7925   8163      -      0      0 
 20260925    04:23:57       0      2     74      -      0      0      0      0      0      0    405    210      0      0   7925   8163      -      0      0 
 20260925    04:23:58       0      2     74      -      0      0      0      0      0      0    405    210      0      0   7925   8163      -      0      0 
 20260925    04:23:59       0      2     74      -      0      0      0      0      0      0    405    210      0      0   7925   8163      -      0      0 
 20260925    04:24:01       0      2     74      -      0      0      0      0      0      0    405    210      0      0   7925   8163      -      0      0 
 20260925    04:24:02       0      2     74      -      0      0      0      0      0      0    405    210      0      0   7925   8163      -      0      0 
 20260925    04:24:03       0      2     74      -      0      0      0      0      0      0    405    210      0      0   7925   8163      -      0      0 
 20260925    04:24:04       0      2     74      -      0      0      0      0      0      0    405    210      0      0   7925   8163      -      3      0 
 20260925    04:24:05       0      2     73      -      0      0      0      0      0      0    405    210      0      0   7925   8163      -      0      0 
 20260925    04:24:06       0      2     73      -      0      0      0      0      0      0    405    210      0      0   7925   8163      -      0      0 
#Date        Time         gpu    pwr  gtemp  mtemp     sm    mem    enc    dec    jpg    ofa   mclk   pclk  pviol  tviol     fb   bar1   ccpm  rxpci  txpci 
#YYYYMMDD    HH:MM:SS     Idx      W      C      C      %      %      %      %      %      %    MHz    MHz      %   bool     MB     MB     MB   MB/s   MB/s 
 20260925    04:24:07       0      2     73      -      0      0      0      0      0      0    405    210      0      0   7925   8163      -      0      0 
 20260925    04:24:08       0      2     73      -      0      0      0      0      0      0    405    210      0      0   7925   8163      -      0      0 
 20260925    04:24:09       0      2     73      -      0      0      0      0      0      0    405    210      0      0   7925   8163      -      0      0 
 20260925    04:24:10       0      2     73      -      0      0      0      0      0      0    405    210      0      0   7925   8163      -      3      0 
 20260925    04:24:11       0      2     73      -      0      0      0      0      0      0    405    210      0      0   7925   8163      -      0      1 
 20260925    04:24:12       0      1     72      -      0      0      0      0      0      0    405    210      0      0   7925   8163      -      0      0 
 20260925    04:24:13       0      1     72      -      0      0      0      0      0      0    405    210      0      0   7925   8163      -      0      0 
 20260925    04:24:14       0      1     72      -      0      0      0      0      0      0    405    210      0      0   7925   8163      -      0      0 
 20260925    04:24:15       0      1     72      -      0      0      0      0      0      0    405    210      0      0   7925   8163      -      0      0 
 20260925    04:24:17       0      2     72      -      0      0      0      0      0      0    405    210      0      0   7925   8163      -      0      0 
 20260925    04:24:18       0      1     72      -      0      0      0      0      0      0    405    210      0      0   7925   8163      -      0      0 
 20260925    04:24:19       0      2     72      -      0      0      0      0      0      0    405    210      0      0   7925   8163      -      0      0 
 20260925    04:24:20       0      2     72      -      0      0      0      0      0      0    405    210      0      0   7925   8163      -      0      1 
 20260925    04:24:21       0      2     72      -      0      0      0      0      0      0    405    210      0      0   7925   8163      -      0      0 
 20260925    04:24:22       0      2     71      -      0      0      0      0      0      0    405    210      0      0   7925   8163      -      0      0 
 20260925    04:24:23       0      2     71      -      0      0      0      0      0      0    405    210      0      0   7925   8163      -      0      0 
 20260925    04:24:24       0      2     71      -      0      0      0      0      0      0    405    210      0      0   7925   8163      -      0      0 
 20260925    04:24:25       0      2     71      -      0      0      0      0      0      0    405    210      0      0   7925   8163      -      0      0 
 20260925    04:24:26       0      2     71      -      0      0      0      0      0      0    405    210      0      0   7925   8163      -      0      0 
 20260925    04:24:27       0      2     71      -      0      0      0      0      0      0    405    210      0      0   7925   8163      -      0      1 
 20260925    04:24:28       0      2     71      -      0      0      0      0      0      0    405    210      0      0   7925   8163      -      0      2 
 20260925    04:24:29       0      2     71      -      0      0      0      0      0      0    405    210      0      0   7925   8163      -      0      0 
 20260925    04:24:30       0      2     71      -      0      0      0      0      0      0    405    210      0      0   7925   8163      -      0      0 
 20260925    04:24:31       0      1     70      -      0      0      0      0      0      0    405    210      0      0   7925   8163      -      0      0 
 20260925    04:24:33       0      1     70      -      0      0      0      0      0      0    405    210      0      0   7925   8163      -      0      0 
 20260925    04:24:34       0      2     70      -      0      0      0      0      0      0    405    210      0      0   7925   8163      -      0      0 
 20260925    04:24:35       0      2     70      -      0      0      0      0      0      0    405    210      0      0   7925   8163      -      0      0 
 20260925    04:24:36       0      2     70      -      0      0      0      0      0      0    405    210      0      0   7925   8163      -      0      1 
 20260925    04:24:37       0      2     70      -      0      0      0      0      0      0    405    210      0      0   7925   8163      -      0      0 
 20260925    04:24:38       0      2     70      -      0      0      0      0      0      0    405    210      0      0   7925   8163      -      0      0 
 20260925    04:24:39       0      2     70      -      0      0      0      0      0      0    405    210      0      0   7925   8163      -      0      0 
 20260925    04:24:40       0      2     70      -      0      0      0      0      0      0    405    210      0      0   7925   8163      -      0      0 
 20260925    04:24:41       0      2     70      -      0      0      0      0      0      0    405    210      0      0   7925   8163      -      0      0 
 20260925    04:24:42       0      2     70      -      0      0      0      0      0      0    405    210      0      0   7925   8163      -      0      0 
 20260925    04:24:43       0      2     69      -      0      0      0      0      0      0    405    210      0      0   7925   8163      -      0      0 
 20260925    04:24:44       0      2     69      -      0      0      0      0      0      0    405    210      0      0   7925   8163      -      0      1 
 20260925    04:24:45       0      2     69      -      0      0      0      0      0      0    405    210      0      0   7925   8163      -      0      0 
 20260925    04:24:46       0      2     69      -      0      0      0      0      0      0    405    210      0      0   7925   8163      -      0      2 
 20260925    04:24:47       0      2     69      -      0      0      0      0      0      0    405    210      0      0   7925   8163      -      0      0 
 20260925    04:24:48       0      2     69      -      0      0      0      0      0      0    405    210      0      0   7925   8163      -      0      0 
 20260925    04:24:50       0      2     69      -      0      0      0      0      0      0    405    210      0      0   7925   8163      -      0      0 
 20260925    04:24:51       0      2     69      -      0      0      0      0      0      0    405    210      0      0   7925   8163      -      0      0 
 20260925    04:24:52       0      2     69      -      0      0      0      0      0      0    405    210      0      0   7925   8163      -      0      0 
 20260925    04:24:53       0      2     69      -      0      0      0      0      0      0    405    210      0      0   7925   8163      -      0      1 
#Date        Time         gpu    pwr  gtemp  mtemp     sm    mem    enc    dec    jpg    ofa   mclk   pclk  pviol  tviol     fb   bar1   ccpm  rxpci  txpci 
#YYYYMMDD    HH:MM:SS     Idx      W      C      C      %      %      %      %      %      %    MHz    MHz      %   bool     MB     MB     MB   MB/s   MB/s 
 20260925    04:24:54       0      2     69      -      0      0      0      0      0      0    405    210      0      0   7925   8163      -      0      0 
 20260925    04:24:55       0      2     69      -      0      0      0      0      0      0    405    210      0      0   7925   8163      -      0      0 
 20260925    04:24:56       0      2     68      -      0      0      0      0      0      0    405    210      0      0   7925   8163      -      0      0 
 20260925    04:24:57       0      2     68      -      0      0      0      0      0      0    405    210      0      0   7925   8163      -      0      0 
 20260925    04:24:58       0      2     68      -      0      0      0      0      0      0    405    210      0      0   7925   8163      -      0      0 
 20260925    04:24:59       0      2     68      -      0      0      0      0      0      0    405    210      0      0   7925   8163      -      0      0 
 20260925    04:25:00       0      2     68      -      0      0      0      0      0      0    405    210      0      0   7925   8163      -      0      0 
 20260925    04:25:01       0      2     68      -      0      0      0      0      0      0    405    210      0      0   7925   8163      -      0      0 
 20260925    04:25:02       0      2     68      -      0      0      0      0      0      0    405    210      0      0   7925   8163      -      0      0 
 20260925    04:25:03       0      2     68      -      0      0      0      0      0      0    405    210      0      0   7925   8163      -      0      0 
 20260925    04:25:04       0      2     68      -      0      0      0      0      0      0    405    210      0      0   7925   8163      -      3      0 
 20260925    04:25:06       0      2     68      -      0      0      0      0      0      0    405    210      0      0   7925   8163      -      0      0 
 20260925    04:25:07       0      2     68      -      0      0      0      0      0      0    405    210      0      0   7925   8163      -      0      0 
 20260925    04:25:08       0      2     68      -      0      0      0      0      0      0    405    210      0      0   7925   8163      -      0      0 
 20260925    04:25:09       0      2     68      -      0      0      0      0      0      0    405    210      0      0   7925   8163      -      0      1 
 20260925    04:25:10       0      2     68      -      0      0      0      0      0      0    405    210      0      0   7925   8163      -      0      0 
 20260925    04:25:11       0      2     68      -      0      0      0      0      0      0    405    210      0      0   7925   8163      -      0      0 
 20260925    04:25:12       0      2     67      -      0      0      0      0      0      0    405    210      0      0   7925   8163      -      0      0 
 20260925    04:25:13       0      2     67      -      0      0      0      0      0      0    405    210      0      0   7925   8163      -      0      0 
 20260925    04:25:14       0      2     67      -      0      0      0      0      0      0    405    210      0      0   7925   8163      -      0      0 
 20260925    04:25:15       0      2     67      -      0      0      0      0      0      0    405    210      0      0   7925   8163      -      0      0 
 20260925    04:25:16       0      2     67      -      0      0      0      0      0      0    405    210      0      0   7925   8163      -      0      0 
 20260925    04:25:17       0      2     67      -      0      0      0      0      0      0    405    210      0      0   7925   8163      -      0      0 
 20260925    04:25:18       0      2     67      -      0      0      0      0      0      0    405    210      0      0   7925   8163      -      0      0 
 20260925    04:25:19       0      2     67      -      0      0      0      0      0      0    405    210      0      0   7925   8163      -      0      0 
 20260925    04:25:20       0      2     67      -      0      0      0      0      0      0    405    210      0      0   7925   8163      -      0      0 
 20260925    04:25:22       0      2     67      -      0      0      0      0      0      0    405    210      0      0   7925   8163      -      0      0 
 20260925    04:25:23       0      2     67      -      0      0      0      0      0      0    405    210      0      0   7925   8163      -      3      0 
 20260925    04:25:24       0      2     67      -      0      0      0      0      0      0    405    210      0      0   7925   8163      -      0      0 
 20260925    04:25:25       0      2     67      -      0      0      0      0      0      0    405    210      0      0   7925   8163      -      0      0 
 20260925    04:25:26       0      2     67      -      0      0      0      0      0      0    405    210      0      0   7925   8163      -      0      0 
 20260925    04:25:27       0      2     66      -      0      0      0      0      0      0    405    210      0      0   7925   8163      -      0      0 
 20260925    04:25:28       0      2     66      -      0      0      0      0      0      0    405    210      0      0   7925   8163      -      0      0 
 20260925    04:25:29       0      2     66      -      0      0      0      0      0      0    405    210      0      0   7925   8163      -      0      0 
 20260925    04:25:30       0      2     66      -      0      0      0      0      0      0    405    210      0      0   7925   8163      -      0      0 
 20260925    04:25:31       0      2     66      -      0      0      0      0      0      0    405    210      0      0   7925   8163      -      0      0 
 20260925    04:25:32       0      2     66      -      0      0      0      0      0      0    405    210      0      0   7925   8163      -      0      0 
 20260925    04:25:33       0      2     66      -      0      0      0      0      0      0    405    210      0      0   7925   8163      -      0      1 
 20260925    04:25:34       0      2     66      -      0      0      0      0      0      0    405    210      0      0   7925   8163      -      0      0 
 20260925    04:25:35       0      2     66      -      0      0      0      0      0      0    405    210      0      0   7925   8163      -      0      0 
 20260925    04:25:36       0      2     66      -      0      0      0      0      0      0    405    210      0      0   7925   8163      -      0      0 
 20260925    04:25:38       0      2     66      -      0      0      0      0      0      0    405    210      0      0   7925   8163      -      0      0 
 20260925    04:25:39       0      2     66      -      0      0      0      0      0      0    405    210      0      0   7925   8163      -      0      0 
 20260925    04:25:40       0      2     66      -      0      0      0      0      0      0    405    210      0      0   7925   8163      -      0      0 
#Date        Time         gpu    pwr  gtemp  mtemp     sm    mem    enc    dec    jpg    ofa   mclk   pclk  pviol  tviol     fb   bar1   ccpm  rxpci  txpci 
#YYYYMMDD    HH:MM:SS     Idx      W      C      C      %      %      %      %      %      %    MHz    MHz      %   bool     MB     MB     MB   MB/s   MB/s 
 20260925    04:25:41       0      2     66      -      0      0      0      0      0      0    405    210      0      0   7925   8163      -      3      0 
 20260925    04:25:42       0      2     66      -      0      0      0      0      0      0    405    210      0      0   7925   8163      -      0      0 
 20260925    04:25:43       0      2     66      -      0      0      0      0      0      0    405    210      0      0   7925   8163      -      0      0 
 20260925    04:25:44       0      2     65      -      0      0      0      0      0      0    405    210      0      0   7925   8163      -      0      0 
 20260925    04:25:45       0      2     65      -      0      0      0      0      0      0    405    210      0      0   7925   8163      -      0      0 
 20260925    04:25:46       0      2     65      -      0      0      0      0      0      0    405    210      0      0   7925   8163      -      0      0 
 20260925    04:25:47       0      2     65      -      0      0      0      0      0      0    405    210      0      0   7925   8163      -      0      0 
 20260925    04:25:48       0      2     65      -      0      0      0      0      0      0    405    210      0      0   7925   8163      -      0      0 
 20260925    04:25:49       0      2     65      -      0      0      0      0      0      0    405    210      0      0   7925   8163      -      0      0 
 20260925    04:25:50       0      2     65      -      0      0      0      0      0      0    405    210      0      0   7925   8163      -      0      0 
 20260925    04:25:51       0      2     65      -      0      0      0      0      0      0    405    210      0      0   7925   8163      -      0      0 
 20260925    04:25:52       0      2     65      -      0      0      0      0      0      0    405    210      0      0   7925   8163      -      0      0 
 20260925    04:25:54       0      2     65      -      0      0      0      0      0      0    405    210      0      0   7925   8163      -      0      0 
 20260925    04:25:55       0      2     65      -      0      0      0      0      0      0    405    210      0      0   7925   8163      -      0      0 
 20260925    04:25:56       0      2     65      -      0      0      0      0      0      0    405    210      0      0   7925   8163      -      0      0 
 20260925    04:25:57       0      2     65      -      0      0      0      0      0      0    405    210      0      0   7925   8163      -      0      0 
 20260925    04:25:58       0      2     65      -      0      0      0      0      0      0    405    210      0      0   7925   8163      -      3      0 
 20260925    04:25:59       0      2     65      -      0      0      0      0      0      0    405    210      0      0   7925   8163      -      0      0 
 20260925    04:26:00       0      2     65      -      0      0      0      0      0      0    405    210      0      0   7925   8163      -      0      0 
 20260925    04:26:01       0      2     65      -      0      0      0      0      0      0    405    210      0      0   7925   8163      -      0      0 
 20260925    04:26:02       0      2     65      -      0      0      0      0      0      0    405    210      0      0   7925   8163      -      0      0 
 20260925    04:26:03       0      2     65      -      0      0      0      0      0      0    405    210      0      0   7925   8163      -      0      0 
 20260925    04:26:04       0      2     65      -      0      0      0      0      0      0    405    210      0      0   7925   8163      -      0      0 
 20260925    04:26:05       0      2     65      -      0      0      0      0      0      0    405    210      0      0   7925   8163      -      0      0 
 20260925    04:26:06       0      2     64      -      0      0      0      0      0      0    405    210      0      0   7925   8163      -      0      0 
 20260925    04:26:07       0      2     64      -      0      0      0      0      0      0    405    210      0      0   7925   8163      -      0      0 
 20260925    04:26:08       0      2     64      -      0      0      0      0      0      0    405    210      0      0   7925   8163      -      0      0 
 20260925    04:26:10       0      2     64      -      0      0      0      0      0      0    405    210      0      0   7925   8163      -      0      0 
 20260925    04:26:11       0      2     64      -      0      0      0      0      0      0    405    210      0      0   7925   8163      -      0      0 
 20260925    04:26:12       0      2     64      -      0      0      0      0      0      0    405    210      0      0   7925   8163      -      0      0 
 20260925    04:26:13       0      2     64      -      0      0      0      0      0      0    405    210      0      0   7925   8163      -      0      1 
 20260925    04:26:14       0      2     64      -      0      0      0      0      0      0    405    210      0      0   7925   8163      -      0      0 
 20260925    04:26:15       0      2     64      -      0      0      0      0      0      0    405    210      0      0   7925   8163      -      0      0 
 20260925    04:26:16       0      2     64      -      0      0      0      0      0      0    405    210      0      0   7925   8163      -      6      0 
 20260925    04:26:17       0      2     64      -      0      0      0      0      0      0    405    210      0      0   7925   8163      -      0      0 
 20260925    04:26:18       0      2     64      -      0      0      0      0      0      0    405    210      0      0   7925   8163      -      0      0 
 20260925    04:26:19       0      2     64      -      0      0      0      0      0      0    405    210      0      0   7925   8163      -      0      0 
 20260925    04:26:20       0      2     64      -      0      0      0      0      0      0    405    210      0      0   7925   8163      -      0      0 
 20260925    04:26:21       0      2     64      -      0      0      0      0      0      0    405    210      0      0   7925   8163      -      0      0 
 20260925    04:26:22       0      2     64      -      0      0      0      0      0      0    405    210      0      0   7925   8163      -      0      0 
 20260925    04:26:23       0      2     64      -      0      0      0      0      0      0    405    210      0      0   7925   8163      -      0      0 
 20260925    04:26:24       0      2     64      -      0      0      0      0      0      0    405    210      0      0   7925   8163      -      0      0 
 20260925    04:26:26       0      2     64      -      0      0      0      0      0      0    405    210      0      0   7925   8163      -      0      0 
 20260925    04:26:27       0      2     64      -      0      0      0      0      0      0    405    210      0      0   7925   8163      -      0      0 
#Date        Time         gpu    pwr  gtemp  mtemp     sm    mem    enc    dec    jpg    ofa   mclk   pclk  pviol  tviol     fb   bar1   ccpm  rxpci  txpci 
#YYYYMMDD    HH:MM:SS     Idx      W      C      C      %      %      %      %      %      %    MHz    MHz      %   bool     MB     MB     MB   MB/s   MB/s 
 20260925    04:26:28       0      2     64      -      0      0      0      0      0      0    405    210      0      0   7925   8163      -      0      0 
 20260925    04:26:29       0      2     64      -      0      0      0      0      0      0    405    210      0      0   7925   8163      -      0      0 
 20260925    04:26:30       0      2     63      -      0      0      0      0      0      0    405    210      0      0   7925   8163      -      0      0 
 20260925    04:26:31       0      2     63      -      0      0      0      0      0      0    405    210      0      0   7925   8163      -      0      0 
 20260925    04:26:32       0      2     63      -      0      0      0      0      0      0    405    210      0      0   7925   8163      -      0      0 
 20260925    04:26:33       0      2     63      -      0      0      0      0      0      0    405    210      0      0   7925   8163      -      0      2 
 20260925    04:26:34       0      2     63      -      0      0      0      0      0      0    405    210      0      0   7925   8163      -      0      0 
 20260925    04:26:35       0      2     63      -      0      0      0      0      0      0    405    210      0      0   7925   8163      -      0      0 
 20260925    04:26:36       0      2     63      -      0      0      0      0      0      0    405    210      0      0   7925   8163      -      0      0 
 20260925    04:26:37       0      2     63      -      0      0      0      0      0      0    405    210      0      0   7925   8163      -      0      1 
 20260925    04:26:38       0      2     63      -      0      0      0      0      0      0    405    210      0      0   7925   8163      -      0      0 
 20260925    04:26:39       0      2     63      -      0      0      0      0      0      0    405    210      0      0   7925   8163      -      0      0 
 20260925    04:26:40       0      2     63      -      0      0      0      0      0      0    405    210      0      0   7925   8163      -      0      0 
 20260925    04:26:42       0      2     63      -      0      0      0      0      0      0    405    210      0      0   7925   8163      -      0      0 
 20260925    04:26:43       0      2     63      -      0      0      0      0      0      0    405    210      0      0   7925   8163      -      0      0 
 20260925    04:26:44       0      2     63      -      0      0      0      0      0      0    405    210      0      0   7925   8163      -      0      0 
 20260925    04:26:45       0      2     63      -      0      0      0      0      0      0    405    210      0      0   7925   8163      -      0      0 
 20260925    04:26:46       0      2     63      -      0      0      0      0      0      0    405    210      0      0   7925   8163      -      0      0 
 20260925    04:26:47       0      2     63      -      0      0      0      0      0      0    405    210      0      0   7925   8163      -      0      0 
 20260925    04:26:48       0      2     63      -      0      0      0      0      0      0    405    210      0      0   7925   8163      -      0      0 
 20260925    04:26:49       0      2     63      -      0      0      0      0      0      0    405    210      0      0   7925   8163      -      0      0 
 20260925    04:26:50       0      2     63      -      0      0      0      0      0      0    405    210      0      0   7925   8163      -      0      0 
 20260925    04:26:51       0      2     63      -      0      0      0      0      0      0    405    210      0      0   7925   8163      -      3      0 
 20260925    04:26:52       0      2     63      -      0      0      0      0      0      0    405    210      0      0   7925   8163      -      0      0 
 20260925    04:26:53       0      2     63      -      0      0      0      0      0      0    405    210      0      0   7925   8163      -      0      0 
 20260925    04:26:54       0      2     63      -      0      0      0      0      0      0    405    210      0      0   7925   8163      -      0      0 
 20260925    04:26:55       0      2     63      -      0      0      0      0      0      0    405    210      0      0   7925   8163      -      0      0 
 20260925    04:26:56       0      2     63      -      0      0      0      0      0      0    405    210      0      0   7925   8163      -      0      0 
 20260925    04:26:58       0      2     62      -      0      0      0      0      0      0    405    210      0      0   7925   8163      -      0      0 
 20260925    04:26:59       0      2     62      -      0      0      0      0      0      0    405    210      0      0   7925   8163      -      0      0 
 20260925    04:27:00       0      2     62      -      0      0      0      0      0      0    405    210      0      0   7925   8163      -      0      0 
 20260925    04:27:01       0      2     62      -      0      0      0      0      0      0    405    210      0      0   7925   8163      -      0      0 
 20260925    04:27:02       0      2     62      -      0      0      0      0      0      0    405    210      0      0   7925   8163      -      0      1 
 20260925    04:27:03       0      2     62      -      0      0      0      0      0      0    405    210      0      0   7925   8163      -      0      0 
 20260925    04:27:04       0      2     62      -      0      0      0      0      0      0    405    210      0      0   7925   8163      -      0      0 
 20260925    04:27:05       0      2     62      -      0      0      0      0      0      0    405    210      0      0   7925   8163      -      0      0 
 20260925    04:27:06       0      2     62      -      0      0      0      0      0      0    405    210      0      0   7925   8163      -      0      0 
 20260925    04:27:07       0      2     62      -      0      0      0      0      0      0    405    210      0      0   7925   8163      -      0      0 
 20260925    04:27:08       0      2     62      -      0      0      0      0      0      0    405    210      0      0   7925   8163      -      0      2 
 20260925    04:27:09       0      2     62      -      0      0      0      0      0      0    405    210      0      0   7925   8163      -      0      0 
 20260925    04:27:10       0      2     62      -      0      0      0      0      0      0    405    210      0      0   7925   8163      -      0      1 
 20260925    04:27:11       0      2     62      -      0      0      0      0      0      0    405    210      0      0   7925   8163      -      0      0 
 20260925    04:27:12       0      2     62      -      0      0      0      0      0      0    405    210      0      0   7925   8163      -      0      0 
 20260925    04:27:13       0      2     62      -      0      0      0      0      0      0    405    210      0      0   7925   8163      -      0      0 
#Date        Time         gpu    pwr  gtemp  mtemp     sm    mem    enc    dec    jpg    ofa   mclk   pclk  pviol  tviol     fb   bar1   ccpm  rxpci  txpci 
#YYYYMMDD    HH:MM:SS     Idx      W      C      C      %      %      %      %      %      %    MHz    MHz      %   bool     MB     MB     MB   MB/s   MB/s 
 20260925    04:27:15       0      3     62      -      0      0      0      0      0      0    405    210      0      0   7925   8163      -      0      0 
 20260925    04:27:16       0      2     62      -      0      0      0      0      0      0    405    210      0      0   7925   8163      -      0      0 
 20260925    04:27:17       0      2     62      -      0      0      0      0      0      0    405    210      0      0   7925   8163      -      0      0 
 20260925    04:27:18       0      2     62      -      0      0      0      0      0      0    405    210      0      0   7925   8163      -      0      1 
 20260925    04:27:19       0      2     62      -      0      0      0      0      0      0    405    210      0      0   7925   8163      -      0      0 
 20260925    04:27:20       0      2     62      -      0      0      0      0      0      0    405    210      0      0   7925   8163      -      0      0 
 20260925    04:27:21       0      2     62      -      0      0      0      0      0      0    405    210      0      0   7925   8163      -      0      0 
 20260925    04:27:22       0      2     62      -      0      0      0      0      0      0    405    210      0      0   7925   8163      -      0      0 
 20260925    04:27:23       0      2     62      -      0      0      0      0      0      0    405    210      0      0   7925   8163      -      0      0 
 20260925    04:27:24       0      2     62      -      0      0      0      0      0      0    405    210      0      0   7925   8163      -      0      0 
 20260925    04:27:25       0      2     62      -      0      0      0      0      0      0    405    210      0      0   7925   8163      -      0      0 
 20260925    04:27:26       0      2     62      -      0      0      0      0      0      0    405    210      0      0   7925   8163      -      0      3 
 20260925    04:27:27       0      2     62      -      0      0      0      0      0      0    405    210      0      0   7925   8163      -      0      0 
 20260925    04:27:28       0      2     62      -      0      0      0      0      0      0    405    210      0      0   7925   8163      -      0      0 
 20260925    04:27:29       0      2     62      -      0      0      0      0      0      0    405    210      0      0   7925   8163      -      0      0 
 20260925    04:27:31       0      2     62      -      0      0      0      0      0      0    405    210      0      0   7925   8163      -      0      0 
 20260925    04:27:32       0      2     62      -      0      0      0      0      0      0    405    210      0      0   7925   8163      -      0      0 
 20260925    04:27:33       0      2     62      -      0      0      0      0      0      0    405    210      0      0   7925   8163      -      0      0 
 20260925    04:27:34       0      2     62      -      0      0      0      0      0      0    405    210      0      0   7925   8163      -      0      0 
 20260925    04:27:35       0      2     61      -      0      0      0      0      0      0    405    210      0      0   7925   8163      -      0      0 
 20260925    04:27:36       0      2     61      -      0      0      0      0      0      0    405    210      0      0   7925   8163      -      0      0 
 20260925    04:27:37       0      2     61      -      0      0      0      0      0      0    405    210      0      0   7925   8163      -      0      0 
 20260925    04:27:38       0      2     61      -      0      0      0      0      0      0    405    210      0      0   7925   8163      -      0      0 
 20260925    04:27:39       0      2     61      -      0      0      0      0      0      0    405    210      0      0   7925   8163      -      0      1 
 20260925    04:27:40       0      2     61      -      0      0      0      0      0      0    405    210      0      0   7925   8163      -      0      0 
 20260925    04:27:41       0      2     61      -      0      0      0      0      0      0    405    210      0      0   7925   8163      -      0      0 
 20260925    04:27:42       0      2     61      -      0      0      0      0      0      0    405    210      0      0   7925   8163      -      0      1 
 20260925    04:27:43       0      2     61      -      0      0      0      0      0      0    405    210      0      0   7925   8163      -      0      0 
 20260925    04:27:44       0      2     61      -      0      0      0      0      0      0    405    210      0      0   7925   8163      -      3      0 
 20260925    04:27:45       0      2     61      -      0      0      0      0      0      0    405    210      0      0   7925   8163      -      0      0 
 20260925    04:27:47       0      2     61      -      0      0      0      0      0      0    405    210      0      0   7925   8163      -      0      0 
 20260925    04:27:48       0      2     61      -      0      0      0      0      0      0    405    210      0      0   7925   8163      -      0      0 
 20260925    04:27:49       0      2     61      -      0      0      0      0      0      0    405    210      0      0   7925   8163      -      0      0 
 20260925    04:27:50       0      2     61      -      0      0      0      0      0      0    405    210      0      0   7925   8163      -      0      0 
 20260925    04:27:51       0      2     61      -      0      0      0      0      0      0    405    210      0      0   7925   8163      -      0      0 
 20260925    04:27:52       0      2     61      -      0      0      0      0      0      0    405    210      0      0   7925   8163      -      0      0 
 20260925    04:27:53       0      2     61      -      0      0      0      0      0      0    405    210      0      0   7925   8163      -      0      0 
 20260925    04:27:54       0      2     61      -      0      0      0      0      0      0    405    210      0      0   7925   8163      -      0      0 
 20260925    04:27:55       0      2     61      -      0      0      0      0      0      0    405    210      0      0   7925   8163      -      0      0 
 20260925    04:27:56       0      2     61      -      0      0      0      0      0      0    405    210      0      0   7925   8163      -      0      0 
 20260925    04:27:57       0      2     61      -      0      0      0      0      0      0    405    210      0      0   7925   8163      -      0      0 
 20260925    04:27:58       0      2     61      -      0      0      0      0      0      0    405    210      0      0   7925   8163      -      0      1 
 20260925    04:27:59       0      2     61      -      0      0      0      0      0      0    405    210      0      0   7925   8163      -      0      0 
 20260925    04:28:00       0      2     61      -      0      0      0      0      0      0    405    210      0      0   7925   8163      -      0      0 
#Date        Time         gpu    pwr  gtemp  mtemp     sm    mem    enc    dec    jpg    ofa   mclk   pclk  pviol  tviol     fb   bar1   ccpm  rxpci  txpci 
#YYYYMMDD    HH:MM:SS     Idx      W      C      C      %      %      %      %      %      %    MHz    MHz      %   bool     MB     MB     MB   MB/s   MB/s 
 20260925    04:28:01       0      2     61      -      0      0      0      0      0      0    405    210      0      0   7925   8163      -      0      2 
 20260925    04:28:03       0      2     61      -      0      0      0      0      0      0    405    210      0      0   7925   8163      -      0      0 
 20260925    04:28:04       0      2     61      -      0      0      0      0      0      0    405    210      0      0   7925   8163      -      0      0 
 20260925    04:28:05       0      2     61      -      0      0      0      0      0      0    405    210      0      0   7925   8163      -      0      0 
 20260925    04:28:06       0      2     61      -      0      0      0      0      0      0    405    210      0      0   7925   8163      -      0      0 
 20260925    04:28:07       0      2     61      -      0      0      0      0      0      0    405    210      0      0   7925   8163      -      0      0 
 20260925    04:28:08       0      2     61      -      0      0      0      0      0      0    405    210      0      0   7925   8163      -      0      0 
 20260925    04:28:09       0      2     61      -      0      0      0      0      0      0    405    210      0      0   7925   8163      -      0      0 
 20260925    04:28:10       0      2     61      -      0      0      0      0      0      0    405    210      0      0   7925   8163      -      0      0 
 20260925    04:28:11       0      2     61      -      0      0      0      0      0      0    405    210      0      0   7925   8163      -      0      0 
 20260925    04:28:12       0      2     61      -      0      0      0      0      0      0    405    210      0      0   7925   8163      -      0      0 
 20260925    04:28:13       0      2     61      -      0      0      0      0      0      0    405    210      0      0   7925   8163      -      0      0 
 20260925    04:28:14       0      2     61      -      0      0      0      0      0      0    405    210      0      0   7925   8163      -      0      0 
 20260925    04:28:15       0      2     61      -      0      0      0      0      0      0    405    210      0      0   7925   8163      -      0      0 
 20260925    04:28:16       0      2     61      -      0      0      0      0      0      0    405    210      0      0   7925   8163      -      0      0 
 20260925    04:28:18       0      2     61      -      0      0      0      0      0      0    405    210      0      0   7925   8163      -      0      0 
 20260925    04:28:19       0      2     61      -      0      0      0      0      0      0    405    210      0      0   7925   8163      -      0      0 
 20260925    04:28:20       0      2     61      -      0      0      0      0      0      0    405    210      0      0   7925   8163      -      3      0 
 20260925    04:28:21       0      2     61      -      0      0      0      0      0      0    405    210      0      0   7925   8163      -      0      0 
 20260925    04:28:22       0      2     61      -      0      0      0      0      0      0    405    210      0      0   7925   8163      -      0      0 
 20260925    04:28:23       0      2     60      -      0      0      0      0      0      0    405    210      0      0   7925   8163      -      0      0 
 20260925    04:28:24       0      2     60      -      0      0      0      0      0      0    405    210      0      0   7925   8163      -      0      0 
 20260925    04:28:25       0     33     62      -     95      3      0      0      0      0   8001   2565      0      0   7925   8163      -      8  19056 
 20260925    04:28:26       0     38     64      -    100      1      0      0      0      0   8001   2565      0      0   7925   8163      -  13460  12298 
 20260925    04:28:27       0     40     65      -    100      2      0      0      0      0   8001   2565      0      0   7925   8163      -  13555  12950 
 20260925    04:28:28       0     40     65      -    100      2      0      0      0      0   8001   2565      0      0   7925   8163      -  12739  12525 
 20260925    04:28:29       0     40     66      -    100      2      0      0      0      0   8001   2565      0      0   7925   8163      -  19238   9826 
 20260925    04:28:30       0     41     66      -    100      2      0      0      0      0   8001   2565      0      0   7925   8163      -  19572   9862 
 20260925    04:28:31       0     40     66      -    100      1      0      0      0      0   8001   2565      0      0   7925   8163      -  23825   8436 
 20260925    04:28:32       0     42     67      -    100      2      0      0      0      0   8001   2565      0      0   7925   8163      -  16370   4919 
 20260925    04:28:34       0     42     67      -    100      2      0      0      0      0   8001   2565      0      0   7925   8163      -  18777   9842 
 20260925    04:28:35       0     42     67      -    100      2      0      0      0      0   8001   2565      0      0   7925   8163      -  16760   8632 
 20260925    04:28:36       0     36     67      -    100      2      0      0      0      0   8001   2565      0      0   7925   8163      -  17604   9422 
 20260925    04:28:37       0     33     66      -    100      0      0      0      0      0   8001   2565      0      0   7925   8163      -  14150  11453 
 20260925    04:28:38       0     39     67      -    100      1      0      0      0      0   8001   2565      0      0   7925   8163      -  14401   2645 
 20260925    04:28:39       0     42     68      -    100      2      0      0      0      0   8001   2565      0      0   7925   8163      -  20864   4432 
 20260925    04:28:40       0     42     68      -    100      2      0      0      0      0   8001   2565      0      0   7925   8163      -  17968   8184 
 20260925    04:28:41       0     36     68      -    100      2      0      0      0      0   8001   2565      0      0   7925   8163      -  14612  10793 
 20260925    04:28:42       0     34     67      -    100      0      0      0      0      0   8001   2565      0      0   7925   8163      -  20484   2744 
 20260925    04:28:43       0     43     69      -    100      2      0      0      0      0   8001   2565      0      0   7925   8163      -  14118   2685 
 20260925    04:28:44       0     38     68      -    100      4      0      0      0      0   8001   2565      0      0   7925   8163      -  14385  10735 
 20260925    04:28:45       0     36     68      -    100      0      0      0      0      0   8001   2565      0      0   7925   8163      -  17061   6652 
 20260925    04:28:46       0     40     69      -    100      7      0      0      0      0   8001   2565      0      0   7925   8163      -  14496   2651 
 20260925    04:28:47       0     38     68      -    100      0      0      0      0      0   8001   2565      0      0   7925   8163      -  14654  10398 
#Date        Time         gpu    pwr  gtemp  mtemp     sm    mem    enc    dec    jpg    ofa   mclk   pclk  pviol  tviol     fb   bar1   ccpm  rxpci  txpci 
#YYYYMMDD    HH:MM:SS     Idx      W      C      C      %      %      %      %      %      %    MHz    MHz      %   bool     MB     MB     MB   MB/s   MB/s 
 20260925    04:28:48       0     40     68      -    100      0      0      0      0      0   8001   2565      0      0   7925   8163      -  20800   7155 
 20260925    04:28:49       0     46     70      -    100     13      0      0      0      0   8001   2565      0      0   7925   8163      -  14913  10009 
 20260925    04:28:51       0     33     68      -    100      0      0      0      0      0   8001   2565      0      0   7925   8163      -  14447  10351 
 20260925    04:28:52       0     44     70      -    100     12      0      0      0      0   8001   2565      0      0   7925   8163      -  20193   2675 
 20260925    04:28:53       0     35     69      -    100     12      0      0      0      0   8001   2565      0      0   7925   8163      -  14323  10352 
 20260925    04:28:54       0     45     69      -    100      0      0      0      0      0   8001   2565      0      0   7925   8163      -  20518   2620 
 20260925    04:28:55       0     48     71      -    100     16      0      0      0      0   8001   2565      0      0   7925   8163      -  16199   9840 
 20260925    04:28:56       0     36     69      -    100      0      0      0      0      0   8001   2565      0      0   7925   8163      -  14289   2645 
 20260925    04:28:57       0     44     71      -    100     17      0      0      0      0   8001   2565      0      0   7925   8163      -  14807  10260 
 20260925    04:28:58       0     35     69      -    100      0      0      0      0      0   8001   2565      0      0   7925   8163      -  14363   9711 
 20260925    04:28:59       0     49     71      -    100     21      0      0      0      0   8001   2550      0      0   7925   8163      -  19741   2676 
 20260925    04:29:00       0     33     70      -    100      0      0      0      0      0   8001   2550      0      0   7925   8163      -  15150  10418 
 20260925    04:29:01       0     49     72      -    100     22      0      0      0      0   8001   2550      0      0   7925   8163      -  20248   6558 
 20260925    04:29:02       0     37     70      -    100      0      0      0      0      0   8001   2550      0      0   7925   8163      -  17035   9064 
 20260925    04:29:03       0     49     72      -    100     20      0      0      0      0   8001   2550      0      0   7925   8163      -  15595   2682 
 20260925    04:29:04       0     37     72      -    100     20      0      0      0      0   8001   2550      0      0   7925   8163      -  15502   9096 
 20260925    04:29:05       0     45     71      -    100      0      0      0      0      0   8001   2550      0      0   7925   8163      -  14405   2679 
 20260925    04:29:07       0     32     70      -    100      0      0      0      0      0   8001   2550      0      0   7925   8163      -  15548   9012 
 20260925    04:29:08       0     50     72      -    100     21      0      0      0      0   8001   2550      0      0   7925   8163      -  27409   9936 
 20260925    04:29:09       0     35     71      -    100      0      0      0      0      0   8001   2550      0      0   7925   8163      -  14306  10349 
 20260925    04:29:10       0     45     73      -    100     26      0      0      0      0   8001   2550      0      0   7925   8163      -  20401   2656 
 20260925    04:29:11       0     34     71      -    100      0      0      0      0      0   8001   2550      0      0   7925   8163      -  16487   8829 
 20260925    04:29:12       0     50     73      -    100     24      0      0      0      0   8001   2550      0      0   7925   8163      -  19520   2872 
 20260925    04:29:13       0     35     72      -    100      0      0      0      0      0   8001   2550      0      0   7925   8163      -  18793   2644 
 20260925    04:29:14       0     47     73      -    100     25      0      0      0      0   8001   2550      0      0   7925   8163      -  14737  10217 
 20260925    04:29:15       0     33     72      -    100      0      0      0      0      0   8001   2550      0      0   7925   8163      -  16731   5095 
 20260925    04:29:16       0     51     73      -    100     25      0      0      0      0   8001   2550      0      0   7925   8163      -  15547   7642 
 20260925    04:29:17       0     45     72      -    100      0      0      0      0      0   8001   2550      0      0   7925   8163      -  20540   2594 
 20260925    04:29:18       0     31     72      -    100      0      0      0      0      0   8001   2550      0      0   7925   8163      -  16643   7801 
 20260925    04:29:19       0     53     74      -    100     25      0      0      0      0   8001   2550      0      0   7925   8163      -  14459   2820 
 20260925    04:29:20       0     32     72      -    100      0      0      0      0      0   8001   2550      0      0   7925   8163      -  15613   7888 
 20260925    04:29:21       0     52     75      -    100     30      0      0      0      0   8001   2550      0      0   7925   8163      -  17092   9736 
 20260925    04:29:23       0     38     72      -    100      0      0      0      0      0   8001   2550      0      0   7925   8163      -  20041   2614 
 20260925    04:29:24       0     40     74      -    100     27      0      0      0      0   8001   2550      0      0   7925   8163      -  14357  10277 
 20260925    04:29:25       0     45     73      -    100      0      0      0      0      0   8001   2550      0      0   7925   8163      -  21295   2697 
 20260925    04:29:26       0     33     73      -    100      0      0      0      0      0   8001   2550      0      0   7925   8163      -  15608   8103 
 20260925    04:29:27       0     51     75      -    100     31      0      0      0      0   8001   2550      0      0   7925   8163      -  20819   2693 
 20260925    04:29:28       0     40     73      -    100      0      0      0      0      0   8001   2550      0      0   7925   8163      -  16340   5776 
 20260925    04:29:29       0     46     75      -    100     25      0      0      0      0   8001   2550      0      0   7925   8163      -  15923   7297 
 20260925    04:29:30       0     43     74      -    100      0      0      0      0      0   8001   2550      0      0   7925   8163      -  20230   2630 
 20260925    04:29:31       0     43     75      -     99     18      0      0      0      0   8001   2550      0      0   7925   8163      -  14987   8955 
 20260925    04:29:32       0     53     76      -    100     30      0      0      0      0   8001   2550      0      0   7925   8163      -  20569   2582 
 20260925    04:29:33       0     33     74      -    100      0      0      0      0      0   8001   2550      0      0   7925   8163      -  20872   2626 
 20260925    04:29:34       0     40     76      -    100     25      0      0      0      0   8001   2550      0      0   7925   8163      -  18394  10411 
#Date        Time         gpu    pwr  gtemp  mtemp     sm    mem    enc    dec    jpg    ofa   mclk   pclk  pviol  tviol     fb   bar1   ccpm  rxpci  txpci 
#YYYYMMDD    HH:MM:SS     Idx      W      C      C      %      %      %      %      %      %    MHz    MHz      %   bool     MB     MB     MB   MB/s   MB/s 
 20260925    04:29:35       0     42     74      -    100      3      0      0      0      0   8001   2550      0      0   7925   8163      -  14283   2588 
 20260925    04:29:36       0     34     76      -    100     17      0      0      0      0   8001   2550      0      0   7925   8163      -  15444   6655 
 20260925    04:29:37       0     53     76      -    100     28      0      0      0      0   8001   2550      0      0   7925   8163      -  15125  10307 
 20260925    04:29:38       0     33     74      -    100      0      0      0      0      0   8001   2550      0      0   7925   8163      -  21053   4597 
 20260925    04:29:40       0     52     76      -    100     30      0      0      0      0   8001   2550      0      0   7925   8163      -  14177   8363 
 20260925    04:29:41       0     54     76      -    100     31      0      0      0      0   8001   2550      0      0   7925   8163      -  20439   2590 
 20260925    04:29:42       0     33     74      -    100      0      0      0      0      0   8001   2550      0      0   7925   8163      -  14206   2677 
 20260925    04:29:43       0     39     77      -    100     28      0      0      0      0   8001   2550      0      0   7925   8163      -  14578   9853 
 20260925    04:29:44       0     52     75      -    100      4      0      0      0      0   8001   2550      0      0   7925   8163      -  20376   9693 
 20260925    04:29:45       0     33     75      -    100      0      0      0      0      0   8001   2550      0      0   7925   8163      -  17542  10037 
 20260925    04:29:46       0     50     77      -    100     33      0      0      0      0   8001   2550      0      0   7925   8163      -  16050   6585 
 20260925    04:29:47       0     32     75      -    100      0      0      0      0      0   8001   2550      0      0   7925   8163      -  20141   2580 
 20260925    04:29:48       0     33     75      -    100      0      0      0      0      0   8001   2550      0      0   7925   8163      -  15774   5934 
 20260925    04:29:49       0     51     78      -    100     35      0      0      0      0   8001   2550      0      0   7925   8163      -  15026   2763 
 20260925    04:29:50       0     33     75      -    100      0      0      0      0      0   8001   2550      0      0   7925   8163      -  20711   2677 
 20260925    04:29:51       0     33     75      -    100      0      0      0      0      0   8001   2550      0      0   7925   8163      -  14442   8649 
 20260925    04:29:52       0     53     78      -    100     37      0      0      0      0   8001   2550      0      0   7925   8163      -  20454   6538 
 20260925    04:29:53       0     33     75      -    100      0      0      0      0      0   8001   2550      0      0   7925   8163      -  21376   2472 
 20260925    04:29:54       0     39     78      -    100     34      0      0      0      0   8001   2550      0      0   7925   8163      -  15305   5989 
 20260925    04:29:56       0     55     78      -    100     32      0      0      0      0   8001   2550      0      0   7925   8163      -  19729   2607 
 20260925    04:29:57       0     33     76      -    100      0      0      0      0      0   8001   2550      0      0   7925   8163      -  20958   9655 
 20260925    04:29:58       0     35     77      -    100     37      0      0      0      0   8001   2550      0      0   7925   8163      -  16454   7515 
 20260925    04:29:59       0     55     78      -    100     37      0      0      0      0   8001   2550      0      0   7925   8163      -  20188   2588 
 20260925    04:30:00       0     39     76      -    100      0      0      0      0      0   8001   2550      0      0   7925   8163      -  20466   9080 
 20260925    04:30:01       0     33     76      -    100      0      0      0      0      0   8001   2550      0      0   7925   8163      -  12785   4485 
 20260925    04:30:02       0     56     77      -    100     33      0      0      0      0   8001   2550      0      0   7925   8163      -  20060   2800 
 20260925    04:30:03       0     34     76      -    100      0      0      0      0      0   8001   2550      0      0   7925   8163      -  20344   2620 
 20260925    04:30:04       0     36     78      -    100     33      0      0      0      0   8001   2550      0      0   7925   8163      -  18499  10151 
 20260925    04:30:05       0     55     79      -    100     37      0      0      0      0   8001   2550      0      0   7925   8163      -  20950   2683 
 20260925    04:30:06       0     33     76      -    100      0      0      0      0      0   8001   2550      0      0   7925   8163      -  20345   2592 
 20260925    04:30:07       0     34     77      -    100      0      0      0      0      0   8001   2550      0      0   7925   8163      -  17113   7710 
 20260925    04:30:08       0     50     79      -    100     38      0      0      0      0   8001   2550      0      0   7925   8163      -  16948  10207 
 20260925    04:30:09       0     34     77      -    100      0      0      0      0      0   8001   2550      0      0   7925   8163      -  21137   2598 
 20260925    04:30:10       0     34     77      -    100      0      0      0      0      0   8001   2550      0      0   7925   8163      -  15082   4598 
 20260925    04:30:11       0     56     80      -    100     34      0      0      0      0   8001   2550      0      0   7925   8163      -  16497   9784 
 20260925    04:30:13       0     34     77      -    100      0      0      0      0      0   8001   2550      0      0   7925   8163      -  20685   9709 
 20260925    04:30:14       0     34     77      -    100      0      0      0      0      0   8001   2550      0      0   7925   8163      -  21086   2599 
 20260925    04:30:15       0     56     80      -    100     35      0      0      0      0   8001   2550      0      0   7925   8163      -  14510   7725 
 20260925    04:30:16       0     55     78      -    100      4      0      0      0      0   8001   2550      0      0   7925   8163      -  18673   2603 
 20260925    04:30:17       0     34     77      -    100      0      0      0      0      0   8001   2550      0      0   7925   8163      -  20757   2651 
 20260925    04:30:18       0     50     80      -    100     37      0      0      0      0   8001   2550      0      0   7925   8163      -  17946  10221 
 20260925    04:30:19       0     52     78      -    100      3      0      0      0      0   8001   2550      0      0   7925   8163      -  20355   2653 
 20260925    04:30:20       0     34     78      -    100      0      0      0      0      0   8001   2550      0      0   7925   8163      -  20057   2585 
 20260925    04:30:21       0     33     78      -    100      0      0      0      0      0   8001   2550      0      0   7925   8163      -  17174  10102 
#Date        Time         gpu    pwr  gtemp  mtemp     sm    mem    enc    dec    jpg    ofa   mclk   pclk  pviol  tviol     fb   bar1   ccpm  rxpci  txpci 
#YYYYMMDD    HH:MM:SS     Idx      W      C      C      %      %      %      %      %      %    MHz    MHz      %   bool     MB     MB     MB   MB/s   MB/s 
 20260925    04:30:22       0     58     81      -    100     37      0      0      0      0   8001   2550      0      0   7925   8163      -   8778   5478 
 20260925    04:30:23       0     37     78      -    100      0      0      0      0      0   8001   2550      0      0   7925   8163      -  17486   2617 
 20260925    04:30:24       0     38     78      -    100      0      0      0      0      0   8001   2550      0      0   7925   8163      -  20842   2612 
 20260925    04:30:25       0     57     81      -    100     37      0      0      0      0   8001   2550      0      0   7925   8163      -  15354   5191 
 20260925    04:30:26       0     48     78      -    100      0      0      0      0      0   8001   2550      0      0   7925   8163      -  14971   2592 
 20260925    04:30:27       0     33     78      -    100      0      0      0      0      0   8001   2550      0      0   7925   8163      -  20721   2664 
 20260925    04:30:29       0     57     81      -    100     38      0      0      0      0   8001   2550      0      0   7925   8163      -  14568   4924 
 20260925    04:30:30       0     58     81      -    100     38      0      0      0      0   8001   2550      0      0   7925   8163      -  21105   2687 
 20260925    04:30:31       0     35     78      -    100      0      0      0      0      0   8001   2550      0      0   7925   8163      -  20626   2752 
 20260925    04:30:32       0     34     78      -    100      0      0      0      0      0   8001   2550      0      0   7925   8163      -  17949   6744 
 20260925    04:30:33       0     58     81      -    100     38      0      0      0      0   8001   2550      0      0   7925   8163      -  14935   7583 
 20260925    04:30:34       0     56     79      -    100      3      0      0      0      0   8001   2550      0      0   7925   8163      -  20687   2620 
 20260925    04:30:35       0     34     79      -    100      0      0      0      0      0   8001   2550      0      0   7925   8163      -  20815   2564 
 20260925    04:30:36       0     58     81      -    100     37      0      0      0      0   8001   2550      0      0   7925   8163      -  14442   7708 
 20260925    04:30:37       0     58     82      -    100     39      0      0      0      0   8001   2550      0      0   7925   8163      -  20171   2677 
 20260925    04:30:38       0     35     79      -    100      0      0      0      0      0   8001   2550      0      0   7925   8163      -  19956   2623 
 20260925    04:30:39       0     34     79      -    100      0      0      0      0      0   8001   2550      0      0   7925   8163      -  20721   2617 
 20260925    04:30:40       0     59     82      -    100     38      0      0      0      0   8001   2550      0      0   7925   8163      -  14852   7763 
 20260925    04:30:41       0     58     80      -    100     27      0      0      0      0   8001   2550      0      0   7925   8163      -  20014   4483 
 20260925    04:30:42       0     34     79      -    100      0      0      0      0      0   8001   2550      0      0   7925   8163      -  20062   9207 
 20260925    04:30:43       0     58     82      -    100     38      0      0      0      0   8001   2550      0      0   7925   8163      -  18264  10203 
 20260925    04:30:45       0     59     82      -    100     38      0      0      0      0   8001   2550      0      0   7925   8163      -  16672   6349 
 20260925    04:30:46       0     37     80      -    100      0      0      0      0      0   8001   2550      0      0   7925   8163      -  20331   9549 
 20260925    04:30:47       0     34     80      -    100      0      0      0      0      0   8001   2550      0      0   7925   8163      -  20809   9648 
 20260925    04:30:48       0     40     82      -    100     38      0      0      0      0   8001   2550      0      0   7925   8163      -  14374   6430 
 20260925    04:30:49       0     59     83      -    100     38      0      0      0      0   8001   2550      0      0   7925   8163      -  21134   9135 
 20260925    04:30:50       0     43     80      -    100      0      0      0      0      0   8001   2550      0      0   7925   8163      -  20073   2627 
 20260925    04:30:51       0     35     80      -    100      0      0      0      0      0   8001   2550      0      0   7925   8163      -  20744   2585 
 20260925    04:30:52       0     53     82      -    100     38      0      0      0      0   8001   2550      0      0   7925   8163      -  19883   9031 
 20260925    04:30:53       0     38     80      -    100      2      0      0      0      0   8001   2550      0      0   7925   8163      -  20754   2593 
 20260925    04:30:54       0     35     80      -    100      0      0      0      0      0   8001   2550      0      0   7925   8163      -  20182   2610 
 20260925    04:30:55       0     35     80      -    100      0      0      0      0      0   8001   2550      0      0   7925   8163      -  18514  10110 
 20260925    04:30:56       0     58     83      -    100     38      0      0      0      0   8001   2550      0      0   7925   8163      -  14502   7381 
 20260925    04:30:57       0     36     81      -    100      2      0      0      0      0   8001   2550      0      0   7925   8163      -  20675   2582 
 20260925    04:30:58       0     34     80      -    100      0      0      0      0      0   8001   2550      0      0   7925   8163      -  20059   2671 
 20260925    04:30:59       0     60     83      -    100     43      0      0      0      0   8001   2550      0      0   7925   8163      -  15134   7753 
 20260925    04:31:00       0     59     83      -    100     38      0      0      0      0   8001   2550      0      0   7925   8163      -  16282   6163 
 20260925    04:31:02       0     43     81      -    100      0      0      0      0      0   8001   2550      0      0   7925   8163      -  20516   2570 
 20260925    04:31:03       0     35     80      -    100      0      0      0      0      0   8001   2550      0      0   7925   8163      -  20945   2551 
 20260925    04:31:04       0     39     83      -    100     44      0      0      0      0   8001   2550      0      0   7925   8163      -  15186   4390 
 20260925    04:31:05       0     57     84      -    100     38      0      0      0      0   8001   2550      0      0   7925   8163      -  17984   2579 
 20260925    04:31:06       0     35     81      -    100      0      0      0      0      0   8001   2550      0      0   7925   8163      -  20918   2553 
 20260925    04:31:07       0     35     81      -    100      0      0      0      0      0   8001   2550      0      0   7925   8163      -  20484  11564 
 20260925    04:31:08       0     60     84      -    100     41      0      0      0      0   8001   2550      0      0   7925   8163      -  15064   6489 
#Date        Time         gpu    pwr  gtemp  mtemp     sm    mem    enc    dec    jpg    ofa   mclk   pclk  pviol  tviol     fb   bar1   ccpm  rxpci  txpci 
#YYYYMMDD    HH:MM:SS     Idx      W      C      C      %      %      %      %      %      %    MHz    MHz      %   bool     MB     MB     MB   MB/s   MB/s 
 20260925    04:31:09       0     60     84      -    100     38      0      0      0      0   8001   2550      0      0   7925   8163      -  20366   2666 
 20260925    04:31:10       0     38     81      -    100      0      0      0      0      0   8001   2550      0      0   7925   8163      -  20568   2550 
 20260925    04:31:11       0     35     81      -    100      0      0      0      0      0   8001   2550      0      0   7925   8163      -  20026   2596 
 20260925    04:31:12       0     56     84      -    100     37      0      0      0      0   8001   2550      0      0   7925   8163      -  14448   4239 
 20260925    04:31:13       0     60     84      -    100     37      0      0      0      0   8001   2550      0      0   7925   8163      -  20611   2614 
 20260925    04:31:14       0     35     82      -    100      0      0      0      0      0   8001   2550      0      0   7925   8163      -  19866   2743 
 20260925    04:31:15       0     35     81      -    100      0      0      0      0      0   8001   2550      0      0   7925   8163      -  20911   2609 
 20260925    04:31:16       0     59     84      -    100     39      0      0      0      0   8001   2550      0      0   7925   8163      -  15431   5836 
 20260925    04:31:18       0     58     84      -    100     38      0      0      0      0   8001   2505      0      0   7925   8163      -  20763   2617 
 20260925    04:31:19       0     36     81      -    100      0      0      0      0      0   8001   2550      0      0   7925   8163      -  27577   2955 
 20260925    04:31:20       0     36     82      -    100      0      0      0      0      0   8001   2550      0      0   7925   8163      -  12958   3023 
 20260925    04:31:21       0     41     84      -    100     44      0      0      0      0   8001   2550      0      0   7925   8163      -  14934   5721 
 20260925    04:31:22       0     55     83      -    100     39      0      0      0      0   8001   2415      0      0   7925   8163      -  18136   2676 
 20260925    04:31:23       0     36     82      -    100      0      0      0      0      0   8001   2550      0      0   7925   8163      -  20770   2551 
 20260925    04:31:24       0     35     82      -    100      0      0      0      0      0   8001   2550      0      0   7925   8163      -  20501   2636 
 20260925    04:31:25       0     44     84      -    100     38      0      0      0      0   8001   2535      0      0   7925   8163      -  18172   8951 
 20260925    04:31:26       0     54     84      -    100     46      0      0      0      0   8001   2235      0      0   7925   8163      -  16154   5318 
 20260925    04:31:27       0     42     82      -    100      0      0      0      0      0   8001   2550      0      0   7925   8163      -  20388   2595 
 20260925    04:31:28       0     35     82      -    100      0      0      0      0      0   8001   2550      0      0   7925   8163      -  20942   2582 
 20260925    04:31:29       0     36     82      -    100      0      0      0      0      0   8001   2550      0      0   7925   8163      -  20077  10072 
 20260925    04:31:30       0     55     84      -    100     38      0      0      0      0   8001   2370      0      0   7925   8163      -  15855   4871 
 20260925    04:31:31       0     36     82      -    100      0      0      0      0      0   8001   2550      0      0   7925   8163      -  19861   2639 
 20260925    04:31:32       0     36     82      -    100      0      0      0      0      0   8001   2550      0      0   7925   8163      -  20981   9680 
 20260925    04:31:34       0     35     83      -    100      0      0      0      0      0   8001   2550      0      0   7925   8163      -  14309   4142 
 20260925    04:31:35       0     54     83      -    100     48      0      0      0      0   8001   2175      0      0   7925   8163      -  18986   7288 
 20260925    04:31:36       0     45     82      -    100      2      0      0      0      0   8001   2550      0      0   7925   8163      -  20769   2646 
 20260925    04:31:37       0     36     82      -    100      0      0      0      0      0   8001   2550      0      0   7925   8163      -  19305   2551 
 20260925    04:31:38       0     36     82      -    100      0      0      0      0      0   8001   2550      0      0   7925   8163      -  23343   6028 
 20260925    04:31:39       0     50     84      -    100     45      0      0      0      0   8001   2325      0      0   7925   8163      -  18172   7639 
 20260925    04:31:40       0     36     82      -    100      2      0      0      0      0   8001   2550      0      0   7925   8163      -  20135   2572 
 20260925    04:31:41       0     36     82      -    100      0      0      0      0      0   8001   2550      0      0   7925   8163      -  20932   2593 
 20260925    04:31:42       0     36     82      -    100      0      0      0      0      0   8001   2550      0      0   7925   8163      -  20878   2608 
 20260925    04:31:43       0     43     83      -    100     47      0      0      0      0   8001   2070      0      0   7925   8163      -  15538   5390 
 20260925    04:31:44       0     51     84      -    100     39      0      0      0      0   8001   2235      0      0   7925   8163      -  26962   1837 
 20260925    04:31:45       0     36     82      -    100      0      0      0      0      0   8001   2550      0      0   7925   8163      -  20712   9565 
 20260925    04:31:46       0     39     82      -    100      0      0      0      0      0   8001   2550      0      0   7925   8163      -  19810   2560 
 20260925    04:31:47       0     44     84      -    100     46      0      0      0      0   8001   2250      0      0   7925   8163      -  19108   7463 
 20260925    04:31:48       0     50     84      -    100     38      0      0      0      0   8001   2280      0      0   7925   8163      -  16874   9933 
 20260925    04:31:50       0     36     82      -    100      0      0      0      0      0   8001   2550      0      0   7925   8163      -  20917   2598 
 20260925    04:31:51       0     36     82      -    100      0      0      0      0      0   8001   2550      0      0   7925   8163      -  20867   2651 
 20260925    04:31:52       0     40     83      -    100      0      0      0      0      0   8001   2550      0      0   7925   8163      -  15080   4283 
 20260925    04:31:53       0     48     84      -    100     41      0      0      0      0   8001   2145      0      0   7925   8163      -  20205   9904 
 20260925    04:31:54       0     48     83      -    100     42      0      0      0      0   8001   2130      0      0   7925   8163      -  20960   2640 
 20260925    04:31:55       0     36     82      -    100      0      0      0      0      0   8001   2550      0      0   7925   8163      -  20468   2587 
#Date        Time         gpu    pwr  gtemp  mtemp     sm    mem    enc    dec    jpg    ofa   mclk   pclk  pviol  tviol     fb   bar1   ccpm  rxpci  txpci 
#YYYYMMDD    HH:MM:SS     Idx      W      C      C      %      %      %      %      %      %    MHz    MHz      %   bool     MB     MB     MB   MB/s   MB/s 
 20260925    04:31:56       0     36     82      -    100      0      0      0      0      0   8001   2550      0      0   7925   8163      -  16640   5149 
 20260925    04:31:57       0     42     84      -    100     38      0      0      0      0   8001   2190      0      0   7925   8163      -  16323   6215 
 20260925    04:31:58       0     49     83      -    100     48      0      0      0      0   8001   2175      0      0   7925   8163      -  18235   7455 
 20260925    04:31:59       0     35     83      -    100      0      0      0      0      0   8001   2550      0      0   7925   8163      -  20479   2613 
 20260925    04:32:00       0     36     83      -    100      0      0      0      0      0   8001   2550      0      0   7925   8163      -  20349   2564 
 20260925    04:32:01       0     36     83      -    100      0      0      0      0      0   8001   2550      0      0   7925   8163      -  20612   9883 
 20260925    04:32:02       0     46     84      -    100     45      0      0      0      0   8001   2220      0      0   7925   8163      -  17589   7806 
 20260925    04:32:03       0     43     83      -    100      2      0      0      0      0   8001   2550      0      0   7925   8163      -  20764   2616 
 20260925    04:32:04       0     36     83      -    100      0      0      0      0      0   8001   2550      0      0   7925   8163      -  20526   2642 
 20260925    04:32:06       0     35     83      -    100      0      0      0      0      0   8001   2550      0      0   7925   8163      -  17575   7015 
 20260925    04:32:07       0     42     83      -    100     49      0      0      0      0   8001   1890      0      0   7925   8163      -  19828   8355 
 20260925    04:32:08       0     47     83      -    100     38      0      0      0      0   8001   2025      0      0   7925   8163      -  19825  10135 
 20260925    04:32:09       0     35     83      -    100      0      0      0      0      0   8001   2550      0      0   7925   8163      -  21005   2595 
 20260925    04:32:10       0     36     83      -    100      0      0      0      0      0   8001   2550      0      0   7925   8163      -  20211   2604 
 20260925    04:32:11       0     36     83      -    100      0      0      0      0      0   8001   2550      0      0   7925   8163      -  20438  10128 
 20260925    04:32:12       0     48     83      -    100     38      0      0      0      0   8001   1905      0      0   7925   8163      -  20487  10003 
 20260925    04:32:13       0     33     83      -    100      2      0      0      0      0   8001   2550      0      0   7925   8163      -  20551   9747 
 20260925    04:32:14       0     36     83      -    100      0      0      0      0      0   8001   2550      0      0   7925   8163      -  20224   2645 
 20260925    04:32:15       0     36     83      -    100      0      0      0      0      0   8001   2550      0      0   7925   8163      -  20888   2526 
 20260925    04:32:16       0     37     84      -     99     36      0      0      0      0   8001   2115      0      0   7925   8163      -  16210   6283 
 20260925    04:32:17       0     45     83      -    100     38      0      0      0      0   8001   1980      0      0   7925   8163      -  19838   9945 
 20260925    04:32:18       0     42     83      -    100      2      0      0      0      0   8001   2550      0      0   7925   8163      -  20795   2587 
 20260925    04:32:19       0     36     83      -    100      0      0      0      0      0   8001   2550      0      0   7925   8163      -  14832   2601 
 20260925    04:32:20       0     36     83      -    100      0      0      0      0      0   8001   2550      0      0   7925   8163      -  20787   2595 
 20260925    04:32:22       0     41     84      -    100      5      0      0      0      0   8001   2145      0      0   7925   8163      -  20238   8802 
 20260925    04:32:23       0     36     84      -    100      2      0      0      0      0   8001   2385      0      0   7925   8163      -  20747   7868 
 20260925    04:32:24       0     36     83      -    100      0      0      0      0      0   8001   2550      0      0   7925   8163      -  20898   2658 
 20260925    04:32:25       0     36     83      -    100      0      0      0      0      0   8001   2550      0      0   7925   8163      -  20558   2806 
 20260925    04:32:26       0     37     83      -    100      1      0      0      0      0   8001   2550      0      0   7925   8163      -   7155   2420 
 20260925    04:32:27       0     40     83      -    100      0      0      0      0      0   8001   2550      0      0   7925   8163      -  20028   2479 
 20260925    04:32:28       0     34     82      -      0      0      0      0      0      0   8001   2550      0      0   7925   8163      -      0      0 
 20260925    04:32:29       0     28     82      -      0      0      0      0      0      0   8001   2550      0      0   7925   8163      -      0      0 
 20260925    04:32:30       0     25     80      -      0      0      0      0      0      0   6001    600      0      0   7925   8163      -      0      0 
 20260925    04:32:31       0      9     80      -      0      0      0      0      0      0   6001    375      0      0   7925   8163      -      0      0 
 20260925    04:32:32       0      5     79      -      0      0      0      0      0      0    810    240      0      0   7925   8163      -      0      0 
 20260925    04:32:33       0      2     79      -      0      0      0      0      0      0    405    210      0      0   7925   8163      -      0      0 
 20260925    04:32:34       0      2     79      -      0      0      0      0      0      0    405    210      0      0   7925   8163      -      0      0 
 20260925    04:32:35       0      2     79      -      0      0      0      0      0      0    405    210      0      0   7925   8163      -      0      0 
 20260925    04:32:36       0      2     78      -      0      0      0      0      0      0    405    210      0      0   7925   8163      -      0      0 
 20260925    04:32:38       0      2     78      -      0      0      0      0      0      0    405    210      0      0   7925   8163      -      0      0 
 20260925    04:32:39       0      2     78      -      0      0      0      0      0      0    405    210      0      0   7925   8163      -      0      0 
 20260925    04:32:40       0      2     78      -      0      0      0      0      0      0    405    210      0      0   7925   8163      -      0      0 
 20260925    04:32:41       0      2     77      -      0      0      0      0      0      0    405    210      0      0   7925   8163      -      0      0 
 20260925    04:32:42       0      2     77      -      0      0      0      0      0      0    405    210      0      0   7925   8163      -      0      0 
#Date        Time         gpu    pwr  gtemp  mtemp     sm    mem    enc    dec    jpg    ofa   mclk   pclk  pviol  tviol     fb   bar1   ccpm  rxpci  txpci 
#YYYYMMDD    HH:MM:SS     Idx      W      C      C      %      %      %      %      %      %    MHz    MHz      %   bool     MB     MB     MB   MB/s   MB/s 
 20260925    04:32:43       0      2     77      -      0      0      0      0      0      0    405    210      0      0   7925   8163      -      0      1 
 20260925    04:32:44       0      2     77      -      0      0      0      0      0      0    405    210      0      0   7925   8163      -      0      2 
 20260925    04:32:45       0      2     77      -      0      0      0      0      0      0    405    210      0      0   7925   8163      -      0      0 
 20260925    04:32:46       0      2     76      -      0      0      0      0      0      0    405    210      0      0   7925   8163      -      0      0 
 20260925    04:32:47       0      2     76      -      0      0      0      0      0      0    405    210      0      0   7925   8163      -      0      0 
 20260925    04:32:48       0      2     76      -      0      0      0      0      0      0    405    210      0      0   7925   8163      -      0      0 
 20260925    04:32:49       0      2     76      -      0      0      0      0      0      0    405    210      0      0   7925   8163      -      0      0 
 20260925    04:32:50       0      2     76      -      0      0      0      0      0      0    405    210      0      0   7925   8163      -      0      0 
 20260925    04:32:51       0      2     76      -      0      0      0      0      0      0    405    210      0      0   7925   8163      -      0      0 
 20260925    04:32:52       0      2     75      -      0      0      0      0      0      0    405    210      0      0   7925   8163      -      0      0 
 20260925    04:32:54       0      2     75      -      0      0      0      0      0      0    405    210      0      0   7925   8163      -      0      0 
 20260925    04:32:55       0      2     75      -      0      0      0      0      0      0    405    210      0      0   7925   8163      -      0      0 
 20260925    04:32:56       0      2     75      -      0      0      0      0      0      0    405    210      0      0   7925   8163      -      0      0 
 20260925    04:32:57       0      2     75      -      0      0      0      0      0      0    405    210      0      0   7925   8163      -      0      0 
 20260925    04:32:58       0      2     74      -      0      0      0      0      0      0    405    210      0      0   7925   8163      -      0      0 
 20260925    04:32:59       0      2     74      -      0      0      0      0      0      0    405    210      0      0   7925   8163      -      0      1 
 20260925    04:33:00       0      2     74      -      0      0      0      0      0      0    405    210      0      0   7925   8163      -      0      0 
 20260925    04:33:01       0      2     74      -      0      0      0      0      0      0    405    210      0      0   7925   8163      -      0      0 
 20260925    04:33:02       0      2     74      -      0      0      0      0      0      0    405    210      0      0   7925   8163      -      3      0 
 20260925    04:33:03       0      2     74      -      0      0      0      0      0      0    405    210      0      0   7925   8163      -      0      0 
 20260925    04:33:04       0      2     74      -      0      0      0      0      0      0    405    210      0      0   7925   8163      -      0      0 
 20260925    04:33:05       0      2     73      -      0      0      0      0      0      0    405    210      0      0   7925   8163      -      0      0 
 20260925    04:33:06       0      2     73      -      0      0      0      0      0      0    405    210      0      0   7925   8163      -      0      1 
 20260925    04:33:07       0      2     73      -      0      0      0      0      0      0    405    210      0      0   7925   8163      -      0      0 
 20260925    04:33:08       0      2     73      -      0      0      0      0      0      0    405    210      0      0   7925   8163      -      0      0 
 20260925    04:33:10       0      2     73      -      0      0      0      0      0      0    405    210      0      0   7925   8163      -      0      0 
 20260925    04:33:11       0      2     73      -      0      0      0      0      0      0    405    210      0      0   7925   8163      -      0      0 
 20260925    04:33:12       0      2     73      -      0      0      0      0      0      0    405    210      0      0   7925   8163      -      0      0 
 20260925    04:33:13       0      2     73      -      0      0      0      0      0      0    405    210      0      0   7925   8163      -      0      0 
 20260925    04:33:14       0      2     72      -      0      0      0      0      0      0    405    210      0      0   7925   8163      -      0      0 
 20260925    04:33:15       0      2     72      -      0      0      0      0      0      0    405    210      0      0   7925   8163      -      0      0 
 20260925    04:33:16       0      2     72      -      0      0      0      0      0      0    405    210      0      0   7925   8163      -      0      0 
 20260925    04:33:17       0      2     72      -      0      0      0      0      0      0    405    210      0      0   7925   8163      -      0      0 
 20260925    04:33:18       0      2     72      -      0      0      0      0      0      0    405    210      0      0   7925   8163      -      0      0 
 20260925    04:33:19       0      2     72      -      0      0      0      0      0      0    405    210      0      0   7925   8163      -      0      0 
 20260925    04:33:20       0      2     72      -      0      0      0      0      0      0    405    210      0      0   7925   8163      -      3      0 
 20260925    04:33:21       0      2     72      -      0      0      0      0      0      0    405    210      0      0   7925   8163      -      0      0 
 20260925    04:33:22       0      2     72      -      0      0      0      0      0      0    405    210      0      0   7925   8163      -      0      0 
 20260925    04:33:23       0      2     72      -      0      0      0      0      0      0    405    210      0      0   7925   8163      -      0      0 
 20260925    04:33:24       0      2     71      -      0      0      0      0      0      0    405    210      0      0   7925   8163      -      0      0 
 20260925    04:33:26       0      2     71      -      0      0      0      0      0      0    405    210      0      0   7925   8163      -      0      0 
 20260925    04:33:27       0      2     71      -      0      0      0      0      0      0    405    210      0      0   7925   8163      -      0      0 
 20260925    04:33:28       0      2     71      -      0      0      0      0      0      0    405    210      0      0   7925   8163      -      0      0 
 20260925    04:33:29       0      2     71      -      0      0      0      0      0      0    405    210      0      0   7925   8163      -      0      0 
#Date        Time         gpu    pwr  gtemp  mtemp     sm    mem    enc    dec    jpg    ofa   mclk   pclk  pviol  tviol     fb   bar1   ccpm  rxpci  txpci 
#YYYYMMDD    HH:MM:SS     Idx      W      C      C      %      %      %      %      %      %    MHz    MHz      %   bool     MB     MB     MB   MB/s   MB/s 
 20260925    04:33:30       0      2     71      -      0      0      0      0      0      0    405    210      0      0   7925   8163      -      0      0 
 20260925    04:33:31       0      2     71      -      0      0      0      0      0      0    405    210      0      0   7925   8163      -      0      0 
 20260925    04:33:32       0      2     71      -      0      0      0      0      0      0    405    210      0      0   7925   8163      -      0      0 
 20260925    04:33:33       0      2     71      -      0      0      0      0      0      0    405    210      0      0   7925   8163      -      0      0 
 20260925    04:33:34       0      2     71      -      0      0      0      0      0      0    405    210      0      0   7925   8163      -      0      0 
 20260925    04:33:35       0      2     71      -      0      0      0      0      0      0    405    210      0      0   7925   8163      -      0      0 
 20260925    04:33:36       0      2     70      -      0      0      0      0      0      0    405    210      0      0   7925   8163      -      0      0 
 20260925    04:33:37       0      2     70      -      0      0      0      0      0      0    405    210      0      0   7925   8163      -      3      0 
 20260925    04:33:38       0      2     70      -      0      0      0      0      0      0    405    210      0      0   7925   8163      -      0      0 
 20260925    04:33:39       0      2     70      -      0      0      0      0      0      0    405    210      0      0   7925   8163      -      0      0 
 20260925    04:33:40       0      2     70      -      0      0      0      0      0      0    405    210      0      0   7925   8163      -      0      0 
 20260925    04:33:42       0      2     70      -      0      0      0      0      0      0    405    210      0      0   7925   8163      -      0      0 
 20260925    04:33:43       0      2     70      -      0      0      0      0      0      0    405    210      0      0   7925   8163      -      0      0 
 20260925    04:33:44       0      2     70      -      0      0      0      0      0      0    405    210      0      0   7925   8163      -      0      0 
 20260925    04:33:45       0      2     70      -      0      0      0      0      0      0    405    210      0      0   7925   8163      -      0      0 
 20260925    04:33:46       0      2     70      -      0      0      0      0      0      0    405    210      0      0   7925   8163      -      0      0 
 20260925    04:33:47       0      2     70      -      0      0      0      0      0      0    405    210      0      0   7925   8163      -      0      1 
 20260925    04:33:48       0      2     69      -      0      0      0      0      0      0    405    210      0      0   7925   8163      -      0      0 
 20260925    04:33:49       0      2     69      -      0      0      0      0      0      0    405    210      0      0   7925   8163      -      0      0 
 20260925    04:33:50       0      2     69      -      0      0      0      0      0      0    405    210      0      0   7925   8163      -      0      0 
 20260925    04:33:51       0      2     69      -      0      0      0      0      0      0    405    210      0      0   7925   8163      -      0      0 
 20260925    04:33:52       0      2     69      -      0      0      0      0      0      0    405    210      0      0   7925   8163      -      0      0 
 20260925    04:33:53       0      2     69      -      0      0      0      0      0      0    405    210      0      0   7925   8163      -      0      0 
 20260925    04:33:54       0      2     69      -      0      0      0      0      0      0    405    210      0      0   7925   8163      -      0      0 
 20260925    04:33:55       0      2     69      -      0      0      0      0      0      0    405    210      0      0   7925   8163      -      3      0 
 20260925    04:33:56       0      2     69      -      0      0      0      0      0      0    405    210      0      0   7925   8163      -      0      0 
 20260925    04:33:58       0      2     69      -      0      0      0      0      0      0    405    210      0      0   7925   8163      -      0      0 
 20260925    04:33:59       0      2     69      -      0      0      0      0      0      0    405    210      0      0   7925   8163      -      0      0 
 20260925    04:34:00       0      2     69      -      0      0      0      0      0      0    405    210      0      0   7925   8163      -      0      0 
 20260925    04:34:01       0      2     69      -      0      0      0      0      0      0    405    210      0      0   7925   8163      -      0      0 
 20260925    04:34:02       0      2     68      -      0      0      0      0      0      0    405    210      0      0   7925   8163      -      0      0 
 20260925    04:34:03       0      2     68      -      0      0      0      0      0      0    405    210      0      0   7925   8163      -      0      0 
 20260925    04:34:04       0      2     68      -      0      0      0      0      0      0    405    210      0      0   7925   8163      -      0      0 
 20260925    04:34:05       0      2     68      -      0      0      0      0      0      0    405    210      0      0   7925   8163      -      0      0 
 20260925    04:34:06       0      2     68      -      0      0      0      0      0      0    405    210      0      0   7925   8163      -      3      0 
 20260925    04:34:07       0      2     68      -      0      0      0      0      0      0    405    210      0      0   7925   8163      -      0      0 
 20260925    04:34:08       0      2     68      -      0      0      0      0      0      0    405    210      0      0   7925   8163      -      0      0 
 20260925    04:34:09       0      2     68      -      0      0      0      0      0      0    405    210      0      0   7925   8163      -      0      0 
 20260925    04:34:10       0      2     68      -      0      0      0      0      0      0    405    210      0      0   7925   8163      -      0      0 
 20260925    04:34:11       0      2     68      -      0      0      0      0      0      0    405    210      0      0   7925   8163      -      0      1 
 20260925    04:34:12       0      2     68      -      0      0      0      0      0      0    405    210      0      0   7925   8163      -      0      0 
 20260925    04:34:14       0      2     68      -      0      0      0      0      0      0    405    210      0      0   7925   8163      -      3      0 
 20260925    04:34:15       0      2     68      -      0      0      0      0      0      0    405    210      0      0   7925   8163      -      0      0 
 20260925    04:34:16       0      2     68      -      0      0      0      0      0      0    405    210      0      0   7925   8163      -      0      0 
#Date        Time         gpu    pwr  gtemp  mtemp     sm    mem    enc    dec    jpg    ofa   mclk   pclk  pviol  tviol     fb   bar1   ccpm  rxpci  txpci 
#YYYYMMDD    HH:MM:SS     Idx      W      C      C      %      %      %      %      %      %    MHz    MHz      %   bool     MB     MB     MB   MB/s   MB/s 
 20260925    04:34:17       0      2     68      -      0      0      0      0      0      0    405    210      0      0   7925   8163      -      0      0 
 20260925    04:34:18       0      2     68      -      0      0      0      0      0      0    405    210      0      0   7925   8163      -      0      0 
 20260925    04:34:19       0      2     68      -      0      0      0      0      0      0    405    210      0      0   7925   8163      -      0      0 
 20260925    04:34:20       0      2     67      -      0      0      0      0      0      0    405    210      0      0   7925   8163      -      0      0 
 20260925    04:34:21       0      2     67      -      0      0      0      0      0      0    405    210      0      0   7925   8163      -      0      0 
 20260925    04:34:22       0      2     67      -      0      0      0      0      0      0    405    210      0      0   7925   8163      -      0      0 
 20260925    04:34:23       0      2     67      -      0      0      0      0      0      0    405    210      0      0   7925   8163      -      0      0 
 20260925    04:34:24       0      2     67      -      0      0      0      0      0      0    405    210      0      0   7925   8163      -      0      0 
 20260925    04:34:25       0      2     67      -      0      0      0      0      0      0    405    210      0      0   7925   8163      -      0      0 
 20260925    04:34:26       0      2     67      -      0      0      0      0      0      0    405    210      0      0   7925   8163      -      0      0 
 20260925    04:34:27       0      2     67      -      0      0      0      0      0      0    405    210      0      0   7925   8163      -      0      0 
 20260925    04:34:28       0      2     67      -      0      0      0      0      0      0    405    210      0      0   7925   8163      -      0      0 
 20260925    04:34:29       0      2     67      -      0      0      0      0      0      0    405    210      0      0   7925   8163      -      0      0 
 20260925    04:34:31       0      2     67      -      0      0      0      0      0      0    405    210      0      0   7925   8163      -      0      2 
 20260925    04:34:32       0      2     67      -      0      0      0      0      0      0    405    210      0      0   7925   8163      -      0      0 
 20260925    04:34:33       0      2     67      -      0      0      0      0      0      0    405    210      0      0   7925   8163      -      0      0 
 20260925    04:34:34       0      2     67      -      0      0      0      0      0      0    405    210      0      0   7925   8163      -      0      0 
 20260925    04:34:35       0      2     67      -      0      0      0      0      0      0    405    210      0      0   7925   8163      -      0      0 
 20260925    04:34:36       0      2     66      -      0      0      0      0      0      0    405    210      0      0   7925   8163      -      0      1 
 20260925    04:34:37       0      2     66      -      0      0      0      0      0      0    405    210      0      0   7925   8163      -      0      0 
 20260925    04:34:38       0      2     66      -      0      0      0      0      0      0    405    210      0      0   7925   8163      -      0      0 
 20260925    04:34:39       0      2     66      -      0      0      0      0      0      0    405    210      0      0   7925   8163      -      0      0 
 20260925    04:34:40       0      2     66      -      0      0      0      0      0      0    405    210      0      0   7925   8163      -      0      0 
 20260925    04:34:41       0      2     66      -      0      0      0      0      0      0    405    210      0      0   7925   8163      -      0      0 
 20260925    04:34:42       0      2     66      -      0      0      0      0      0      0    405    210      0      0   7925   8163      -      0      0 
 20260925    04:34:43       0      2     66      -      0      0      0      0      0      0    405    210      0      0   7925   8163      -      0      0 
 20260925    04:34:44       0      2     66      -      0      0      0      0      0      0    405    210      0      0   7925   8163      -      0      0 
 20260925    04:34:45       0      2     66      -      0      0      0      0      0      0    405    210      0      0   7925   8163      -      0      0 
 20260925    04:34:47       0      2     66      -      0      0      0      0      0      0    405    210      0      0   7925   8163      -      0      0 
 20260925    04:34:48       0      2     66      -      0      0      0      0      0      0    405    210      0      0   7925   8163      -      0      0 
 20260925    04:34:49       0      2     66      -      0      0      0      0      0      0    405    210      0      0   7925   8163      -      0      2 
 20260925    04:34:50       0      2     66      -      0      0      0      0      0      0    405    210      0      0   7925   8163      -      0      0 
 20260925    04:34:51       0      2     66      -      0      0      0      0      0      0    405    210      0      0   7925   8163      -      0      0 
 20260925    04:34:52       0      2     66      -      0      0      0      0      0      0    405    210      0      0   7925   8163      -      0      0 
 20260925    04:34:53       0      2     66      -      0      0      0      0      0      0    405    210      0      0   7925   8163      -      0      0 
 20260925    04:34:54       0      2     66      -      0      0      0      0      0      0    405    210      0      0   7925   8163      -      0      0 
 20260925    04:34:55       0      2     65      -      0      0      0      0      0      0    405    210      0      0   7925   8163      -      0      0 
 20260925    04:34:56       0      2     65      -      0      0      0      0      0      0    405    210      0      0   7925   8163      -      0      0 
 20260925    04:34:57       0      2     65      -      0      0      0      0      0      0    405    210      0      0   7925   8163      -      0      0 
 20260925    04:34:58       0      2     65      -      0      0      0      0      0      0    405    210      0      0   7925   8163      -      0      0 
 20260925    04:34:59       0      2     65      -      0      0      0      0      0      0    405    210      0      0   7925   8163      -      0      0 
 20260925    04:35:00       0      2     65      -      0      0      0      0      0      0    405    210      0      0   7925   8163      -      0      1 
 20260925    04:35:01       0      2     65      -      0      0      0      0      0      0    405    210      0      0   7925   8163      -      0      0 
 20260925    04:35:03       0      2     65      -      0      0      0      0      0      0    405    210      0      0   7925   8163      -      0      0 
#Date        Time         gpu    pwr  gtemp  mtemp     sm    mem    enc    dec    jpg    ofa   mclk   pclk  pviol  tviol     fb   bar1   ccpm  rxpci  txpci 
#YYYYMMDD    HH:MM:SS     Idx      W      C      C      %      %      %      %      %      %    MHz    MHz      %   bool     MB     MB     MB   MB/s   MB/s 
 20260925    04:35:04       0      2     65      -      0      0      0      0      0      0    405    210      0      0   7925   8163      -      0      0 
 20260925    04:35:05       0      2     65      -      0      0      0      0      0      0    405    210      0      0   7925   8163      -      0      0 
 20260925    04:35:06       0      2     65      -      0      0      0      0      0      0    405    210      0      0   7925   8163      -      0      0 
 20260925    04:35:07       0      2     65      -      0      0      0      0      0      0    405    210      0      0   7925   8163      -      3      0 
 20260925    04:35:08       0      2     65      -      0      0      0      0      0      0    405    210      0      0   7925   8163      -      0      0 
 20260925    04:35:09       0      2     65      -      0      0      0      0      0      0    405    210      0      0   7925   8163      -      0      0 
 20260925    04:35:10       0      2     65      -      0      0      0      0      0      0    405    210      0      0   7925   8163      -      0      0 
 20260925    04:35:11       0      2     65      -      0      0      0      0      0      0    405    210      0      0   7925   8163      -      0      0 
 20260925    04:35:12       0      2     65      -      0      0      0      0      0      0    405    210      0      0   7925   8163      -      0      0 
 20260925    04:35:13       0      2     65      -      0      0      0      0      0      0    405    210      0      0   7925   8163      -      0      0 
 20260925    04:35:14       0      2     65      -      0      0      0      0      0      0    405    210      0      0   7925   8163      -      0      0 
 20260925    04:35:15       0      2     65      -      0      0      0      0      0      0    405    210      0      0   7925   8163      -      0      0 
 20260925    04:35:16       0      2     65      -      0      0      0      0      0      0    405    210      0      0   7925   8163      -      0      1 
 20260925    04:35:17       0      2     64      -      0      0      0      0      0      0    405    210      0      0   7925   8163      -      0      0 
 20260925    04:35:19       0      2     64      -      0      0      0      0      0      0    405    210      0      0   7925   8163      -      0      0 
 20260925    04:35:20       0      2     64      -      0      0      0      0      0      0    405    210      0      0   7925   8163      -      0      0 
 20260925    04:35:21       0      2     64      -      0      0      0      0      0      0    405    210      0      0   7925   8163      -      0      0 
 20260925    04:35:22       0      2     64      -      0      0      0      0      0      0    405    210      0      0   7925   8163      -      0      0 
 20260925    04:35:23       0      2     64      -      0      0      0      0      0      0    405    210      0      0   7925   8163      -      0      0 
 20260925    04:35:24       0      2     64      -      0      0      0      0      0      0    405    210      0      0   7925   8163      -      0      0 
 20260925    04:35:25       0      2     64      -      0      0      0      0      0      0    405    210      0      0   7925   8163      -      3      1 
 20260925    04:35:26       0      2     64      -      0      0      0      0      0      0    405    210      0      0   7925   8163      -      0      0 
 20260925    04:35:27       0      2     64      -      0      0      0      0      0      0    405    210      0      0   7925   8163      -      0      0 
 20260925    04:35:28       0      2     64      -      0      0      0      0      0      0    405    210      0      0   7925   8163      -      0      0 
 20260925    04:35:29       0      2     64      -      0      0      0      0      0      0    405    210      0      0   7925   8163      -      0      0 
 20260925    04:35:30       0      2     64      -      0      0      0      0      0      0    405    210      0      0   7925   8163      -      0      0 
 20260925    04:35:31       0      2     64      -      0      0      0      0      0      0    405    210      0      0   7925   8163      -      0      0 
 20260925    04:35:32       0      2     64      -      0      0      0      0      0      0    405    210      0      0   7925   8163      -      0      1 
 20260925    04:35:33       0      2     64      -      0      0      0      0      0      0    405    210      0      0   7925   8163      -      0      0 
 20260925    04:35:35       0      2     64      -      0      0      0      0      0      0    405    210      0      0   7925   8163      -      0      0 
 20260925    04:35:36       0      2     64      -      0      0      0      0      0      0    405    210      0      0   7925   8163      -      0      0 
 20260925    04:35:37       0      2     64      -      0      0      0      0      0      0    405    210      0      0   7925   8163      -      0      0 
 20260925    04:35:38       0      2     64      -      0      0      0      0      0      0    405    210      0      0   7925   8163      -      0      0 
 20260925    04:35:39       0      2     64      -      0      0      0      0      0      0    405    210      0      0   7925   8163      -      0      0 
 20260925    04:35:40       0      2     64      -      0      0      0      0      0      0    405    210      0      0   7925   8163      -      0      0 
 20260925    04:35:41       0      2     64      -      0      0      0      0      0      0    405    210      0      0   7925   8163      -      0      1 
 20260925    04:35:42       0      2     64      -      0      0      0      0      0      0    405    210      0      0   7925   8163      -      3      0 
 20260925    04:35:43       0      2     64      -      0      0      0      0      0      0    405    210      0      0   7925   8163      -      0      0 
 20260925    04:35:44       0      2     64      -      0      0      0      0      0      0    405    210      0      0   7925   8163      -      0      0 
 20260925    04:35:45       0      2     63      -      0      0      0      0      0      0    405    210      0      0   7925   8163      -      0      0 
 20260925    04:35:46       0      2     63      -      0      0      0      0      0      0    405    210      0      0   7925   8163      -      0      0 
 20260925    04:35:47       0      2     63      -      0      0      0      0      0      0    405    210      0      0   7925   8163      -      0      0 
 20260925    04:35:48       0      2     63      -      0      0      0      0      0      0    405    210      0      0   7925   8163      -      0      0 
 20260925    04:35:49       0      2     63      -      0      0      0      0      0      0    405    210      0      0   7925   8163      -      0      0 
#Date        Time         gpu    pwr  gtemp  mtemp     sm    mem    enc    dec    jpg    ofa   mclk   pclk  pviol  tviol     fb   bar1   ccpm  rxpci  txpci 
#YYYYMMDD    HH:MM:SS     Idx      W      C      C      %      %      %      %      %      %    MHz    MHz      %   bool     MB     MB     MB   MB/s   MB/s 
 20260925    04:35:51       0      2     63      -      0      0      0      0      0      0    405    210      0      0   7925   8163      -      0      0 
 20260925    04:35:52       0      2     63      -      0      0      0      0      0      0    405    210      0      0   7925   8163      -      0      0 
 20260925    04:35:53       0      2     63      -      0      0      0      0      0      0    405    210      0      0   7925   8163      -      0      0 
 20260925    04:35:54       0      2     63      -      0      0      0      0      0      0    405    210      0      0   7925   8163      -      0      0 
 20260925    04:35:55       0      2     63      -      0      0      0      0      0      0    405    210      0      0   7925   8163      -      0      0 
 20260925    04:35:56       0      2     63      -      0      0      0      0      0      0    405    210      0      0   7925   8163      -      0      0 
 20260925    04:35:57       0      4     63      -      0      0      0      0      0      0    405    210      0      0   7925   8163      -      0      1 
 20260925    04:35:58       0      2     63      -      0      0      0      0      0      0    405    210      0      0   7925   8163      -      0      0 
 20260925    04:35:59       0      2     63      -      0      0      0      0      0      0    405    210      0      0   7925   8163      -      0      2 
 20260925    04:36:00       0      2     63      -      0      0      0      0      0      0    405    210      0      0   7925   8163      -      0      0 
 20260925    04:36:01       0      2     63      -      0      0      0      0      0      0    405    210      0      0   7925   8163      -      0      0 
 20260925    04:36:02       0      2     63      -      0      0      0      0      0      0    405    210      0      0   7925   8163      -      0      0 
 20260925    04:36:03       0      2     63      -      0      0      0      0      0      0    405    210      0      0   7925   8163      -      0      0 
 20260925    04:36:04       0      2     63      -      0      0      0      0      0      0    405    210      0      0   7925   8163      -      0      0 
 20260925    04:36:05       0      2     63      -      0      0      0      0      0      0    405    210      0      0   7925   8163      -      0      0 
 20260925    04:36:07       0      2     63      -      0      0      0      0      0      0    405    210      0      0   7925   8163      -      0      0 
 20260925    04:36:08       0      2     63      -      0      0      0      0      0      0    405    210      0      0   7925   8163      -      0      0 
 20260925    04:36:09       0      2     63      -      0      0      0      0      0      0    405    210      0      0   7925   8163      -      0      0 
 20260925    04:36:10       0      2     63      -      0      0      0      0      0      0    405    210      0      0   7925   8163      -      0      0 
 20260925    04:36:11       0      2     63      -      0      0      0      0      0      0    405    210      0      0   7925   8163      -      0      0 
 20260925    04:36:12       0      2     63      -      0      0      0      0      0      0    405    210      0      0   7925   8163      -      0      0 
 20260925    04:36:13       0      2     63      -      0      0      0      0      0      0    405    210      0      0   7925   8163      -      0      0 
 20260925    04:36:14       0      2     63      -      0      0      0      0      0      0    405    210      0      0   7925   8163      -      0      0 
 20260925    04:36:15       0      2     63      -      0      0      0      0      0      0    405    210      0      0   7925   8163      -      0      0 
 20260925    04:36:16       0      2     62      -      0      0      0      0      0      0    405    210      0      0   7925   8163      -      0      0 
 20260925    04:36:17       0      2     62      -      0      0      0      0      0      0    405    210      0      0   7925   8163      -      0      2 
 20260925    04:36:18       0      2     62      -      0      0      0      0      0      0    405    210      0      0   7925   8163      -      0      0 
 20260925    04:36:19       0      2     62      -      0      0      0      0      0      0    405    210      0      0   7925   8163      -      0      0 
 20260925    04:36:20       0      2     62      -      0      0      0      0      0      0    405    210      0      0   7925   8163      -      0      0 
 20260925    04:36:21       0      2     62      -      0      0      0      0      0      0    405    210      0      0   7925   8163      -      0      1 
 20260925    04:36:23       0      2     62      -      0      0      0      0      0      0    405    210      0      0   7925   8163      -      0      0 
 20260925    04:36:24       0      2     62      -      0      0      0      0      0      0    405    210      0      0   7925   8163      -      0      0 
 20260925    04:36:25       0      2     62      -      0      0      0      0      0      0    405    210      0      0   7925   8163      -      0      0 
 20260925    04:36:26       0      2     62      -      0      0      0      0      0      0    405    210      0      0   7925   8163      -      0      0 
 20260925    04:36:27       0      2     62      -      0      0      0      0      0      0    405    210      0      0   7925   8163      -      0      0 
 20260925    04:36:28       0      2     62      -      0      0      0      0      0      0    405    210      0      0   7925   8163      -      0      0 
 20260925    04:36:29       0      2     62      -      0      0      0      0      0      0    405    210      0      0   7925   8163      -      0      0 
 20260925    04:36:30       0      2     62      -      0      0      0      0      0      0    405    210      0      0   7925   8163      -      0      0 
 20260925    04:36:31       0      2     62      -      0      0      0      0      0      0    405    210      0      0   7925   8163      -      0      0 
 20260925    04:36:32       0      2     62      -      0      0      0      0      0      0    405    210      0      0   7925   8163      -      0      0 
 20260925    04:36:33       0      2     62      -      0      0      0      0      0      0    405    210      0      0   7925   8163      -      0      0 
 20260925    04:36:34       0      2     62      -      0      0      0      0      0      0    405    210      0      0   7925   8163      -      0      0 
 20260925    04:36:35       0      2     62      -      0      0      0      0      0      0    405    210      0      0   7925   8163      -      3      0 
 20260925    04:36:36       0      2     62      -      0      0      0      0      0      0    405    210      0      0   7925   8163      -      0      0 
#Date        Time         gpu    pwr  gtemp  mtemp     sm    mem    enc    dec    jpg    ofa   mclk   pclk  pviol  tviol     fb   bar1   ccpm  rxpci  txpci 
#YYYYMMDD    HH:MM:SS     Idx      W      C      C      %      %      %      %      %      %    MHz    MHz      %   bool     MB     MB     MB   MB/s   MB/s 
 20260925    04:36:37       0      2     62      -      0      0      0      0      0      0    405    210      0      0   7925   8163      -      0      0 
 20260925    04:36:39       0      2     62      -      0      0      0      0      0      0    405    210      0      0   7925   8163      -      0      0 
 20260925    04:36:40       0      2     62      -      0      0      0      0      0      0    405    210      0      0   7925   8163      -      0      0 
 20260925    04:36:41       0      2     62      -      0      0      0      0      0      0    405    210      0      0   7925   8163      -      0      0 
 20260925    04:36:42       0      2     62      -      0      0      0      0      0      0    405    210      0      0   7925   8163      -      0      0 
 20260925    04:36:43       0      2     62      -      0      0      0      0      0      0    405    210      0      0   7925   8163      -      0      0 
 20260925    04:36:44       0      2     62      -      0      0      0      0      0      0    405    210      0      0   7925   8163      -      0      0 
 20260925    04:36:45       0      2     62      -      0      0      0      0      0      0    405    210      0      0   7925   8163      -      0      0 
 20260925    04:36:46       0      2     62      -      0      0      0      0      0      0    405    210      0      0   7925   8163      -      0      0 
 20260925    04:36:47       0      2     62      -      0      0      0      0      0      0    405    210      0      0   7925   8163      -      0      0 
 20260925    04:36:48       0      2     62      -      0      0      0      0      0      0    405    210      0      0   7925   8163      -      0      0 
 20260925    04:36:49       0      2     62      -      0      0      0      0      0      0    405    210      0      0   7925   8163      -      0      0 
 20260925    04:36:50       0      2     62      -      0      0      0      0      0      0    405    210      0      0   7925   8163      -      0      0 
 20260925    04:36:51       0      2     62      -      0      0      0      0      0      0    405    210      0      0   7925   8163      -      0      0 
 20260925    04:36:52       0      2     62      -      0      0      0      0      0      0    405    210      0      0   7925   8163      -      0      2 
 20260925    04:36:53       0      2     62      -      0      0      0      0      0      0    405    210      0      0   7925   8163      -      0      0 
 20260925    04:36:55       0      2     62      -      0      0      0      0      0      0    405    210      0      0   7925   8163      -      0      0 
 20260925    04:36:56       0      2     62      -      0      0      0      0      0      0    405    210      0      0   7925   8163      -      0      0 
 20260925    04:36:57       0      2     62      -      0      0      0      0      0      0    405    210      0      0   7925   8163      -      0      0 
 20260925    04:36:58       0      2     62      -      0      0      0      0      0      0    405    210      0      0   7925   8163      -      0      0 
 20260925    04:36:59       0      2     62      -      0      0      0      0      0      0    405    210      0      0   7925   8163      -      0      0 
 20260925    04:37:00       0      2     62      -      0      0      0      0      0      0    405    210      0      0   7925   8163      -      0      0 
 20260925    04:37:01       0      2     62      -      0      0      0      0      0      0    405    210      0      0   7925   8163      -      0      1 
 20260925    04:37:02       0      2     62      -      0      0      0      0      0      0    405    210      0      0   7925   8163      -      0      0 
 20260925    04:37:03       0      2     61      -      0      0      0      0      0      0    405    210      0      0   7925   8163      -      0      0 
 20260925    04:37:04       0      2     61      -      0      0      0      0      0      0    405    210      0      0   7925   8163      -      0      0 
 20260925    04:37:05       0      2     61      -      0      0      0      0      0      0    405    210      0      0   7925   8163      -      0      0 
 20260925    04:37:06       0      2     61      -      0      0      0      0      0      0    405    210      0      0   7925   8163      -      0      0 
 20260925    04:37:07       0      2     61      -      0      0      0      0      0      0    405    210      0      0   7925   8163      -      0      0 
 20260925    04:37:08       0      2     61      -      0      0      0      0      0      0    405    210      0      0   7925   8163      -      0      0 
 20260925    04:37:09       0      2     61      -      0      0      0      0      0      0    405    210      0      0   7925   8163      -      0      0 
 20260925    04:37:11       0      2     61      -      0      0      0      0      0      0    405    210      0      0   7925   8163      -      0      2 
 20260925    04:37:12       0      2     61      -      0      0      0      0      0      0    405    210      0      0   7925   8163      -      0      0 
 20260925    04:37:13       0      2     61      -      0      0      0      0      0      0    405    210      0      0   7925   8163      -      0      0 
 20260925    04:37:14       0      2     61      -      0      0      0      0      0      0    405    210      0      0   7925   8163      -      0      0 
 20260925    04:37:15       0      2     61      -      0      0      0      0      0      0    405    210      0      0   7925   8163      -      0      0 
 20260925    04:37:16       0      2     61      -      0      0      0      0      0      0    405    210      0      0   7925   8163      -      0      0 
 20260925    04:37:17       0      2     61      -      0      0      0      0      0      0    405    210      0      0   7925   8163      -      0      0 
 20260925    04:37:18       0      2     61      -      0      0      0      0      0      0    405    210      0      0   7925   8163      -      0      0 
 20260925    04:37:19       0      2     61      -      0      0      0      0      0      0    405    210      0      0   7925   8163      -      0      0 
 20260925    04:37:20       0      2     61      -      0      0      0      0      0      0    405    210      0      0   7925   8163      -      0      0 
 20260925    04:37:21       0      2     61      -      0      0      0      0      0      0    405    210      0      0   7925   8163      -      0      0 
 20260925    04:37:22       0      2     61      -      0      0      0      0      0      0    405    210      0      0   7925   8163      -      0      0 
 20260925    04:37:23       0      2     61      -      0      0      0      0      0      0    405    210      0      0   7925   8163      -      0      0 
#Date        Time         gpu    pwr  gtemp  mtemp     sm    mem    enc    dec    jpg    ofa   mclk   pclk  pviol  tviol     fb   bar1   ccpm  rxpci  txpci 
#YYYYMMDD    HH:MM:SS     Idx      W      C      C      %      %      %      %      %      %    MHz    MHz      %   bool     MB     MB     MB   MB/s   MB/s 
 20260925    04:37:24       0      2     61      -      0      0      0      0      0      0    405    210      0      0   7925   8163      -      0      0 
 20260925    04:37:25       0      2     61      -      0      0      0      0      0      0    405    210      0      0   7925   8163      -      0      0 
 20260925    04:37:26       0      2     61      -      0      0      0      0      0      0    405    210      0      0   7925   8163      -      0      0 
 20260925    04:37:28       0      2     61      -      0      0      0      0      0      0    405    210      0      0   7925   8163      -      0      0 
 20260925    04:37:29       0      2     61      -      0      0      0      0      0      0    405    210      0      0   7925   8163      -      3      0 
 20260925    04:37:30       0      2     61      -      0      0      0      0      0      0    405    210      0      0   7925   8163      -      0      0 
 20260925    04:37:31       0      2     61      -      0      0      0      0      0      0    405    210      0      0   7925   8163      -      0      0 
 20260925    04:37:32       0      2     61      -      0      0      0      0      0      0    405    210      0      0   7925   8163      -      0      0 
 20260925    04:37:33       0      2     61      -      0      0      0      0      0      0    405    210      0      0   7925   8163      -      0      0 
 20260925    04:37:34       0      2     61      -      0      0      0      0      0      0    405    210      0      0   7925   8163      -      0      0 
 20260925    04:37:35       0      2     61      -      0      0      0      0      0      0    405    210      0      0   7925   8163      -      0      0 
 20260925    04:37:36       0      3     61      -    100     16      0      0      0      0    405    210      0      0   7925   8163      -      9  18965 
 20260925    04:37:37       0     37     64      -    100      2      0      0      0      0   7001   2565      0      0   7925   8163      -  11943  11228 
 20260925    04:37:38       0     41     65      -    100      2      0      0      0      0   8001   2565      0      0   7925   8163      -  13171  13257 
 20260925    04:37:39       0     40     65      -    100      1      0      0      0      0   8001   2565      0      0   7925   8163      -  11314  12195 
 20260925    04:37:40       0     36     65      -    100      1      0      0      0      0   8001   2565      0      0   7925   8163      -  11391  12161 
 20260925    04:37:41       0     36     65      -    100      1      0      0      0      0   8001   2565      0      0   7925   8163      -  11586  11728 
 20260925    04:37:42       0     35     66      -    100      1      0      0      0      0   8001   2565      0      0   7925   8163      -  13081  12235 
 20260925    04:37:44       0     42     67      -    100      2      0      0      0      0   8001   2565      0      0   7925   8163      -  14476  11864 
 20260925    04:37:45       0     39     67      -    100      2      0      0      0      0   8001   2565      0      0   7925   8163      -  13157  10722 
 20260925    04:37:46       0     39     66      -    100      1      0      0      0      0   8001   2565      0      0   7925   8163      -  13727  11554 
 20260925    04:37:47       0     40     66      -    100      1      0      0      0      0   8001   2565      0      0   7925   8163      -  13682  11481 
 20260925    04:37:48       0     42     68      -    100      2      0      0      0      0   8001   2565      0      0   7925   8163      -  18766   2773 
 20260925    04:37:49       0     43     68      -    100      2      0      0      0      0   8001   2565      0      0   7925   8163      -  18334   2702 
 20260925    04:37:50       0     37     67      -    100      2      0      0      0      0   8001   2565      0      0   7925   8163      -  13747  10715 
 20260925    04:37:51       0     43     68      -    100      2      0      0      0      0   8001   2565      0      0   7925   8163      -  12138  10778 
 20260925    04:37:52       0     39     67      -    100      0      0      0      0      0   8001   2565      0      0   7925   8163      -  20476   2760 
 20260925    04:37:53       0     43     69      -    100      2      0      0      0      0   8001   2565      0      0   7925   8163      -  18071   2702 
 20260925    04:37:54       0     39     69      -    100      3      0      0      0      0   8001   2565      0      0   7925   8163      -  14789  10643 
 20260925    04:37:55       0     40     68      -    100      0      0      0      0      0   8001   2565      0      0   7925   8163      -  15100  10882 
 20260925    04:37:56       0     40     69      -    100      5      0      0      0      0   8001   2565      0      0   7925   8163      -  14968   2752 
 20260925    04:37:57       0     36     69      -    100      7      0      0      0      0   8001   2565      0      0   7925   8163      -  14653  10376 
 20260925    04:37:58       0     42     68      -    100      0      0      0      0      0   8001   2565      0      0   7925   8163      -  13979  10506 
 20260925    04:38:00       0     43     69      -    100      3      0      0      0      0   8001   2565      0      0   7925   8163      -  15990   2689 
 20260925    04:38:01       0     46     70      -    100     11      0      0      0      0   8001   2565      0      0   7925   8163      -  14487  10498 
 20260925    04:38:02       0     40     69      -    100      0      0      0      0      0   8001   2565      0      0   7925   8163      -  20454   2659 
 20260925    04:38:03       0     50     70      -    100     14      0      0      0      0   8001   2565      0      0   7925   8163      -  14540   9814 
 20260925    04:38:04       0     32     69      -    100      0      0      0      0      0   8001   2565      0      0   7925   8163      -  14553  10265 
 20260925    04:38:05       0     45     71      -    100     16      0      0      0      0   8001   2565      0      0   7925   8163      -  13827   2675 
 20260925    04:38:06       0     31     69      -    100      0      0      0      0      0   8001   2565      0      0   7925   8163      -  15269  10190 
 20260925    04:38:07       0     48     71      -    100     17      0      0      0      0   8001   2565      0      0   7925   8163      -  20900   6850 
 20260925    04:38:08       0     48     71      -    100     16      0      0      0      0   8001   2565      0      0   7925   8163      -  14919  10045 
 20260925    04:38:09       0     40     70      -    100      0      0      0      0      0   8001   2550      0      0   7925   8163      -  15015   3204 
 20260925    04:38:10       0     47     72      -    100     20      0      0      0      0   8001   2550      0      0   7925   8163      -  16640   8122 
#Date        Time         gpu    pwr  gtemp  mtemp     sm    mem    enc    dec    jpg    ofa   mclk   pclk  pviol  tviol     fb   bar1   ccpm  rxpci  txpci 
#YYYYMMDD    HH:MM:SS     Idx      W      C      C      %      %      %      %      %      %    MHz    MHz      %   bool     MB     MB     MB   MB/s   MB/s 
 20260925    04:38:11       0     39     70      -    100      0      0      0      0      0   8001   2550      0      0   7925   8163      -  20363   9744 
 20260925    04:38:12       0     39     72      -    100     21      0      0      0      0   8001   2550      0      0   7925   8163      -  14303  10423 
 20260925    04:38:13       0     41     70      -    100      0      0      0      0      0   8001   2550      0      0   7925   8163      -  20790   2623 
 20260925    04:38:14       0     45     72      -    100     21      0      0      0      0   8001   2550      0      0   7925   8163      -  15987   9205 
 20260925    04:38:16       0     35     70      -    100      0      0      0      0      0   8001   2550      0      0   7925   8163      -  20610   2553 
 20260925    04:38:17       0     46     73      -    100     21      0      0      0      0   8001   2550      0      0   7925   8163      -  15873   9483 
 20260925    04:38:18       0     34     71      -    100      0      0      0      0      0   8001   2550      0      0   7925   8163      -  20392   2655 
 20260925    04:38:19       0     53     73      -    100     24      0      0      0      0   8001   2550      0      0   7925   8163      -  14415  10213 
 20260925    04:38:20       0     38     71      -    100      0      0      0      0      0   8001   2550      0      0   7925   8163      -  19059   7409 
 20260925    04:38:21       0     41     73      -    100     26      0      0      0      0   8001   2550      0      0   7925   8163      -  17163   9298 
 20260925    04:38:22       0     43     71      -    100      0      0      0      0      0   8001   2550      0      0   7925   8163      -  20445   2595 
 20260925    04:38:23       0     49     73      -    100     20      0      0      0      0   8001   2550      0      0   7925   8163      -  15125  10138 
 20260925    04:38:24       0     33     71      -    100      0      0      0      0      0   8001   2550      0      0   7925   8163      -  20408   2638 
 20260925    04:38:25       0     41     74      -    100     25      0      0      0      0   8001   2550      0      0   7925   8163      -  14394  10387 
 20260925    04:38:26       0     44     72      -    100      0      0      0      0      0   8001   2550      0      0   7925   8163      -  20125   2632 
 20260925    04:38:27       0     33     72      -    100     10      0      0      0      0   8001   2550      0      0   7925   8163      -  14012   8261 
 20260925    04:38:28       0     52     74      -    100     28      0      0      0      0   8001   2550      0      0   7925   8163      -  15230   3374 
 20260925    04:38:29       0     33     72      -    100      0      0      0      0      0   8001   2550      0      0   7925   8163      -  17631  10112 
 20260925    04:38:30       0     52     74      -    100     26      0      0      0      0   8001   2550      0      0   7925   8163      -  17451   2787 
 20260925    04:38:32       0     35     72      -    100      0      0      0      0      0   8001   2550      0      0   7925   8163      -  20703   2646 
 20260925    04:38:33       0     51     74      -    100     28      0      0      0      0   8001   2550      0      0   7925   8163      -  14551  10311 
 20260925    04:38:34       0     42     73      -    100      0      0      0      0      0   8001   2550      0      0   7925   8163      -  20127   5265 
 20260925    04:38:35       0     39     74      -    100     28      0      0      0      0   8001   2550      0      0   7925   8163      -  14974   8000 
 20260925    04:38:36       0     52     75      -    100     29      0      0      0      0   8001   2550      0      0   7925   8163      -  21599   9709 
 20260925    04:38:37       0     32     73      -    100      0      0      0      0      0   8001   2550      0      0   7925   8163      -  21062   2605 
 20260925    04:38:38       0     43     75      -    100     25      0      0      0      0   8001   2550      0      0   7925   8163      -  17970  10271 
 20260925    04:38:39       0     34     73      -    100      0      0      0      0      0   8001   2550      0      0   7925   8163      -  21098   2666 
 20260925    04:38:40       0     53     75      -    100     32      0      0      0      0   8001   2550      0      0   7925   8163      -  16052   7124 
 20260925    04:38:41       0     46     74      -    100      0      0      0      0      0   8001   2550      0      0   7925   8163      -  21111   2597 
 20260925    04:38:42       0     33     73      -    100      0      0      0      0      0   8001   2550      0      0   7925   8163      -  20531   5786 
 20260925    04:38:43       0     53     76      -    100     35      0      0      0      0   8001   2550      0      0   7925   8163      -  14419  10240 
 20260925    04:38:44       0     42     74      -    100      0      0      0      0      0   8001   2550      0      0   7925   8163      -  20586   2667 
 20260925    04:38:45       0     34     74      -    100     12      0      0      0      0   8001   2550      0      0   7925   8163      -  18617  10254 
 20260925    04:38:46       0     53     76      -    100     24      0      0      0      0   8001   2550      0      0   7925   8163      -  20975   2643 
 20260925    04:38:47       0     38     74      -    100      0      0      0      0      0   8001   2550      0      0   7925   8163      -  18818   2639 
 20260925    04:38:49       0     47     77      -    100     27      0      0      0      0   8001   2550      0      0   7925   8163      -  18071  10308 
 20260925    04:38:50       0     32     74      -    100      0      0      0      0      0   8001   2550      0      0   7925   8163      -  20279   2595 
 20260925    04:38:51       0     32     74      -    100      0      0      0      0      0   8001   2550      0      0   7925   8163      -  15382   6767 
 20260925    04:38:52       0     53     76      -    100     29      0      0      0      0   8001   2550      0      0   7925   8163      -  15062   2743 
 20260925    04:38:53       0     33     75      -    100      0      0      0      0      0   8001   2550      0      0   7925   8163      -  20642   2617 
 20260925    04:38:54       0     56     75      -     99     14      0      0      0      0   8001   2550      0      0   7925   8163      -  14797   8858 
 20260925    04:38:55       0     54     77      -    100     34      0      0      0      0   8001   2550      0      0   7925   8163      -  20367   2591 
 20260925    04:38:56       0     33     75      -    100      0      0      0      0      0   8001   2550      0      0   7925   8163      -  16219   3860 
 20260925    04:38:57       0     54     77      -    100     28      0      0      0      0   8001   2550      0      0   7925   8163      -  18529  10219 
#Date        Time         gpu    pwr  gtemp  mtemp     sm    mem    enc    dec    jpg    ofa   mclk   pclk  pviol  tviol     fb   bar1   ccpm  rxpci  txpci 
#YYYYMMDD    HH:MM:SS     Idx      W      C      C      %      %      %      %      %      %    MHz    MHz      %   bool     MB     MB     MB   MB/s   MB/s 
 20260925    04:38:58       0     47     75      -    100      0      0      0      0      0   8001   2550      0      0   7925   8163      -  20502   2877 
 20260925    04:38:59       0     33     75      -    100      0      0      0      0      0   8001   2550      0      0   7925   8163      -  20469   2688 
 20260925    04:39:00       0     54     78      -    100     30      0      0      0      0   8001   2550      0      0   7925   8163      -  15628   6333 
 20260925    04:39:01       0     43     75      -    100      0      0      0      0      0   8001   2550      0      0   7925   8163      -  21228   2629 
 20260925    04:39:02       0     33     76      -    100      0      0      0      0      0   8001   2550      0      0   7925   8163      -  14937   6945 
 20260925    04:39:04       0     46     78      -    100     33      0      0      0      0   8001   2550      0      0   7925   8163      -  14328   6305 
 20260925    04:39:05       0     40     76      -    100      0      0      0      0      0   8001   2550      0      0   7925   8163      -  20496   2547 
 20260925    04:39:06       0     33     76      -    100      0      0      0      0      0   8001   2550      0      0   7925   8163      -  13785   6206 
 20260925    04:39:07       0     56     78      -    100     37      0      0      0      0   8001   2550      0      0   7925   8163      -  17522   7781 
 20260925    04:39:08       0     33     76      -    100      0      0      0      0      0   8001   2550      0      0   7925   8163      -  20389   2572 
 20260925    04:39:09       0     33     76      -    100      0      0      0      0      0   8001   2550      0      0   7925   8163      -  15961   5791 
 20260925    04:39:10       0     55     79      -    100     31      0      0      0      0   8001   2550      0      0   7925   8163      -  18489  10111 
 20260925    04:39:11       0     35     76      -    100      0      0      0      0      0   8001   2550      0      0   7925   8163      -  20676   3674 
 20260925    04:39:12       0     36     77      -    100     38      0      0      0      0   8001   2550      0      0   7925   8163      -  15148   7021 
 20260925    04:39:13       0     56     79      -    100     35      0      0      0      0   8001   2550      0      0   7925   8163      -  16583   6331 
 20260925    04:39:14       0     34     76      -    100      0      0      0      0      0   8001   2550      0      0   7925   8163      -  20643   2794 
 20260925    04:39:15       0     34     77      -    100      0      0      0      0      0   8001   2550      0      0   7925   8163      -  14562   5920 
 20260925    04:39:16       0     55     79      -    100     37      0      0      0      0   8001   2550      0      0   7925   8163      -  14536   6903 
 20260925    04:39:17       0     45     77      -    100      0      0      0      0      0   8001   2550      0      0   7925   8163      -  20698   2587 
 20260925    04:39:18       0     33     77      -    100      0      0      0      0      0   8001   2550      0      0   7925   8163      -  15404   6945 
 20260925    04:39:20       0     56     80      -    100     35      0      0      0      0   8001   2550      0      0   7925   8163      -  17889  10206 
 20260925    04:39:21       0     43     77      -    100      0      0      0      0      0   8001   2550      0      0   7925   8163      -  13808   2616 
 20260925    04:39:22       0     34     77      -    100      0      0      0      0      0   8001   2550      0      0   7925   8163      -  20822   2552 
 20260925    04:39:23       0     45     80      -    100     35      0      0      0      0   8001   2550      0      0   7925   8163      -  19249  10243 
 20260925    04:39:24       0     51     78      -    100      0      0      0      0      0   8001   2550      0      0   7925   8163      -  19982   2582 
 20260925    04:39:25       0     34     77      -    100      0      0      0      0      0   8001   2550      0      0   7925   8163      -  20628   2603 
 20260925    04:39:26       0     43     80      -    100     38      0      0      0      0   8001   2550      0      0   7925   8163      -  19081  10245 
 20260925    04:39:27       0     57     80      -    100     35      0      0      0      0   8001   2550      0      0   7925   8163      -  20468   2605 
 20260925    04:39:28       0     33     78      -    100      0      0      0      0      0   8001   2550      0      0   7925   8163      -  20176   9700 
 20260925    04:39:29       0     40     80      -    100     38      0      0      0      0   8001   2550      0      0   7925   8163      -  20292   9922 
 20260925    04:39:30       0     54     81      -    100     38      0      0      0      0   8001   2550      0      0   7925   8163      -  20200   2668 
 20260925    04:39:31       0     34     78      -    100      0      0      0      0      0   8001   2550      0      0   7925   8163      -  20688   7196 
 20260925    04:39:32       0     35     78      -    100      0      0      0      0      0   8001   2550      0      0   7925   8163      -  18379   8658 
 20260925    04:39:33       0     57     81      -    100     38      0      0      0      0   8001   2550      0      0   7925   8163      -  20507  10042 
 20260925    04:39:34       0     35     78      -    100      0      0      0      0      0   8001   2550      0      0   7925   8163      -  20781   2572 
 20260925    04:39:35       0     34     78      -    100      0      0      0      0      0   8001   2550      0      0   7925   8163      -  19072   2598 
 20260925    04:39:37       0     58     81      -    100     38      0      0      0      0   8001   2550      0      0   7925   8163      -  19554  10188 
 20260925    04:39:38       0     53     79      -    100      3      0      0      0      0   8001   2550      0      0   7925   8163      -  20393   2602 
 20260925    04:39:39       0     35     79      -    100      0      0      0      0      0   8001   2550      0      0   7925   8163      -  20596   2628 
 20260925    04:39:40       0     44     80      -     99     18      0      0      0      0   8001   2550      0      0   7925   8163      -  19594  10120 
 20260925    04:39:41       0     58     81      -    100     38      0      0      0      0   8001   2550      0      0   7925   8163      -  14998   4877 
 20260925    04:39:42       0     45     79      -    100      0      0      0      0      0   8001   2550      0      0   7925   8163      -  20414   2585 
 20260925    04:39:43       0     34     79      -    100      0      0      0      0      0   8001   2550      0      0   7925   8163      -  21420   2603 
 20260925    04:39:44       0     58     81      -    100     38      0      0      0      0   8001   2550      0      0   7925   8163      -  13882   6951 
#Date        Time         gpu    pwr  gtemp  mtemp     sm    mem    enc    dec    jpg    ofa   mclk   pclk  pviol  tviol     fb   bar1   ccpm  rxpci  txpci 
#YYYYMMDD    HH:MM:SS     Idx      W      C      C      %      %      %      %      %      %    MHz    MHz      %   bool     MB     MB     MB   MB/s   MB/s 
 20260925    04:39:45       0     35     79      -    100      0      0      0      0      0   8001   2550      0      0   7925   8163      -  20706   2602 
 20260925    04:39:46       0     34     79      -    100      0      0      0      0      0   8001   2550      0      0   7925   8163      -  20222   9048 
 20260925    04:39:47       0     36     81      -    100     39      0      0      0      0   8001   2550      0      0   7925   8163      -  18246  10073 
 20260925    04:39:48       0     58     82      -    100     38      0      0      0      0   8001   2550      0      0   7925   8163      -  16391   8412 
 20260925    04:39:49       0     44     79      -    100      0      0      0      0      0   8001   2550      0      0   7925   8163      -  21166   2550 
 20260925    04:39:50       0     35     80      -    100      0      0      0      0      0   8001   2550      0      0   7925   8163      -  21354   2566 
 20260925    04:39:51       0     41     82      -    100     40      0      0      0      0   8001   2550      0      0   7925   8163      -  18251   9609 
 20260925    04:39:53       0     52     80      -    100      1      0      0      0      0   8001   2550      0      0   7925   8163      -  21127   2574 
 20260925    04:39:54       0     35     80      -    100      0      0      0      0      0   8001   2550      0      0   7925   8163      -  20708   2612 
 20260925    04:39:55       0     35     79      -    100      0      0      0      0      0   8001   2550      0      0   7925   8163      -  18349   7990 
 20260925    04:39:56       0     58     83      -    100     38      0      0      0      0   8001   2550      0      0   7925   8163      -  14556   5468 
 20260925    04:39:57       0     38     80      -    100      0      0      0      0      0   8001   2550      0      0   7925   8163      -  20891   2597 
 20260925    04:39:58       0     35     80      -    100      0      0      0      0      0   8001   2550      0      0   7925   8163      -  21244   2628 
 20260925    04:39:59       0     36     82      -     99     21      0      0      0      0   8001   2550      0      0   7925   8163      -  19222  10062 
 20260925    04:40:00       0     58     83      -    100     40      0      0      0      0   8001   2550      0      0   7925   8163      -  15590   2694 
 20260925    04:40:01       0     35     80      -    100      0      0      0      0      0   8001   2550      0      0   7925   8163      -  21693   2508 
 20260925    04:40:02       0     35     80      -    100      0      0      0      0      0   8001   2550      0      0   7925   8163      -  19671   2576 
 20260925    04:40:03       0     48     83      -    100     38      0      0      0      0   8001   2550      0      0   7925   8163      -  14034   4218 
 20260925    04:40:04       0     56     81      -    100     19      0      0      0      0   8001   2550      0      0   7925   8163      -  21023   2454 
 20260925    04:40:05       0     37     80      -    100      0      0      0      0      0   8001   2550      0      0   7925   8163      -  20938   2557 
 20260925    04:40:06       0     35     80      -    100      0      0      0      0      0   8001   2550      0      0   7925   8163      -  15990   6307 
 20260925    04:40:07       0     58     83      -    100     37      0      0      0      0   8001   2550      0      0   7925   8163      -  16191   7384 
 20260925    04:40:09       0     34     80      -    100      0      0      0      0      0   8001   2550      0      0   7925   8163      -  20354   9662 
 20260925    04:40:10       0     35     80      -    100      0      0      0      0      0   8001   2550      0      0   7925   8163      -  20146   2635 
 20260925    04:40:11       0     38     82      -    100     22      0      0      0      0   8001   2550      0      0   7925   8163      -  15949   6211 
 20260925    04:40:12       0     59     84      -    100     38      0      0      0      0   8001   2550      0      0   7925   8163      -  20219  10047 
 20260925    04:40:13       0     50     81      -    100      0      0      0      0      0   8001   2550      0      0   7925   8163      -  20114   2557 
 20260925    04:40:14       0     35     81      -    100      0      0      0      0      0   8001   2550      0      0   7925   8163      -  20136   2656 
 20260925    04:40:15       0     35     81      -    100      0      0      0      0      0   8001   2550      0      0   7925   8163      -  17880   8246 
 20260925    04:40:16       0     60     84      -    100     39      0      0      0      0   8001   2550      0      0   7925   8163      -  14671   4209 
 20260925    04:40:17       0     41     81      -    100      0      0      0      0      0   8001   2550      0      0   7925   8163      -  20399   2560 
 20260925    04:40:18       0     35     81      -    100      0      0      0      0      0   8001   2550      0      0   7925   8163      -  19513   2654 
 20260925    04:40:19       0     49     84      -    100     40      0      0      0      0   8001   2550      0      0   7925   8163      -  16839   9928 
 20260925    04:40:20       0     58     84      -    100     38      0      0      0      0   8001   2460      0      0   7925   8163      -  19939   9769 
 20260925    04:40:21       0     44     82      -    100      0      0      0      0      0   8001   2550      0      0   7925   8163      -  20325   9647 
 20260925    04:40:22       0     35     81      -    100      0      0      0      0      0   8001   2550      0      0   7925   8163      -  20752   2560 
 20260925    04:40:23       0     56     84      -    100     29      0      0      0      0   8001   2550      0      0   7925   8163      -  15008   5235 
 20260925    04:40:24       0     58     84      -    100     38      0      0      0      0   8001   2400      0      0   7925   8163      -  14891   3970 
 20260925    04:40:26       0     35     81      -    100      0      0      0      0      0   8001   2550      0      0   7925   8163      -  13842   2586 
 20260925    04:40:27       0     35     81      -    100      0      0      0      0      0   8001   2550      0      0   7925   8163      -  21040   2601 
 20260925    04:40:28       0     42     84      -    100     39      0      0      0      0   8001   2550      0      0   7925   8163      -  14952   6343 
 20260925    04:40:29       0     54     84      -    100     38      0      0      0      0   8001   2355      0      0   7925   8163      -  17554   2297 
 20260925    04:40:30       0     43     82      -    100      0      0      0      0      0   8001   2550      0      0   7925   8163      -  20486   7162 
 20260925    04:40:31       0     36     82      -    100      0      0      0      0      0   8001   2550      0      0   7925   8163      -  20370   2593 
#Date        Time         gpu    pwr  gtemp  mtemp     sm    mem    enc    dec    jpg    ofa   mclk   pclk  pviol  tviol     fb   bar1   ccpm  rxpci  txpci 
#YYYYMMDD    HH:MM:SS     Idx      W      C      C      %      %      %      %      %      %    MHz    MHz      %   bool     MB     MB     MB   MB/s   MB/s 
 20260925    04:40:32       0     35     83      -     99      0      0      0      0      0   8001   2550      0      0   7925   8163      -  14358   4354 
 20260925    04:40:33       0     55     83      -    100     42      0      0      0      0   8001   2430      0      0   7925   8163      -  16418   6306 
 20260925    04:40:34       0     35     82      -    100      0      0      0      0      0   8001   2550      0      0   7925   8163      -  19138   2558 
 20260925    04:40:35       0     35     82      -    100      0      0      0      0      0   8001   2550      0      0   7925   8163      -  21004   3024 
 20260925    04:40:36       0     41     84      -    100     38      0      0      0      0   8001   2550      0      0   7925   8163      -  20118  10065 
 20260925    04:40:37       0     51     83      -    100     46      0      0      0      0   8001   2265      0      0   7925   8163      -  15042   4234 
 20260925    04:40:38       0     45     82      -    100      0      0      0      0      0   8001   2550      0      0   7925   8163      -  20109   2579 
 20260925    04:40:39       0     35     82      -    100      0      0      0      0      0   8001   2550      0      0   7925   8163      -  14544   2508 
 20260925    04:40:40       0     36     82      -    100      0      0      0      0      0   8001   2550      0      0   7925   8163      -  15275   6538 
 20260925    04:40:42       0     48     84      -    100     38      0      0      0      0   8001   2235      0      0   7925   8163      -  14479   4051 
 20260925    04:40:43       0     35     82      -    100      0      0      0      0      0   8001   2550      0      0   7925   8163      -  20047   8801 
 20260925    04:40:44       0     36     82      -    100      0      0      0      0      0   8001   2550      0      0   7925   8163      -  20281   2607 
 20260925    04:40:45       0     36     82      -    100      0      0      0      0      0   8001   2550      0      0   7925   8163      -  18286   9237 
 20260925    04:40:46       0     51     84      -    100     44      0      0      0      0   8001   2280      0      0   7925   8163      -  20015   9991 
 20260925    04:40:47       0     50     82      -    100     19      0      0      0      0   8001   2550      0      0   7925   8163      -  17474   2606 
 20260925    04:40:48       0     36     82      -    100      0      0      0      0      0   8001   2550      0      0   7925   8163      -  18387   7614 
 20260925    04:40:49       0     36     82      -    100      0      0      0      0      0   8001   2550      0      0   7925   8163      -  20181   2594 
 20260925    04:40:50       0     47     84      -    100     39      0      0      0      0   8001   2370      0      0   7925   8163      -  14536   4096 
 20260925    04:40:51       0     50     82      -    100     27      0      0      0      0   8001   2505      0      0   7925   8163      -  20795   2597 
 20260925    04:40:52       0     36     82      -    100      0      0      0      0      0   8001   2550      0      0   7925   8163      -  20312   2539 
 20260925    04:40:53       0     44     83      -    100      0      0      0      0      0   8001   2550      0      0   7925   8163      -  20122   2649 
 20260925    04:40:54       0     64     85      -    100     48      0      0      0      0   8001   2550      0      0   7925   8163      -  19796  10022 
 20260925    04:40:55       0     51     83      -    100     45      0      0      0      0   8001   2280      0      0   7925   8163      -  19419   9349 
 20260925    04:40:56       0     36     82      -    100      0      0      0      0      0   8001   2550      0      0   7925   8163      -  20974   2589 
 20260925    04:40:58       0     36     82      -    100      0      0      0      0      0   8001   2550      0      0   7925   8163      -  20365   7106 
 20260925    04:40:59       0     37     85      -     99     25      0      0      0      0   8001   2550      0      0   7925   8163      -  15210   8022 
 20260925    04:41:00       0     50     84      -    100     39      0      0      0      0   8001   2235      0      0   7925   8163      -  14764   4115 
 20260925    04:41:01       0     44     83      -    100      2      0      0      0      0   8001   2550      0      0   7925   8163      -  20952   2614 
 20260925    04:41:02       0     36     83      -    100      0      0      0      0      0   8001   2550      0      0   7925   8163      -  19524   2653 
 20260925    04:41:03       0     36     83      -    100      0      0      0      0      0   8001   2550      0      0   7925   8163      -  20575   2636 
 20260925    04:41:04       0     40     83      -    100     38      0      0      0      0   8001   1770      0      0   7925   8163      -  19735   9050 
 20260925    04:41:05       0     45     83      -    100     48      0      0      0      0   8001   2025      0      0   7925   8163      -  20065   2705 
 20260925    04:41:06       0     35     83      -    100      0      0      0      0      0   8001   2550      0      0   7925   8163      -  14788   2590 
 20260925    04:41:07       0     36     83      -    100      0      0      0      0      0   8001   2550      0      0   7925   8163      -  20892   2654 
 20260925    04:41:08       0     39     84      -    100     42      0      0      0      0   8001   2310      0      0   7925   8163      -  20382   9146 
 20260925    04:41:09       0     48     84      -    100     48      0      0      0      0   8001   2115      0      0   7925   8163      -  14551   4205 
 20260925    04:41:10       0     38     83      -    100      2      0      0      0      0   8001   2550      0      0   7925   8163      -  21269   8309 
 20260925    04:41:11       0     36     83      -    100      0      0      0      0      0   8001   2550      0      0   7925   8163      -  20477   2580 
 20260925    04:41:12       0     36     83      -    100      0      0      0      0      0   8001   2550      0      0   7925   8163      -  21052   2638 
 20260925    04:41:14       0     44     84      -    100     38      0      0      0      0   8001   2070      0      0   7925   8163      -  14021   4362 
 20260925    04:41:15       0     45     83      -    100      2      0      0      0      0   8001   2550      0      0   7925   8163      -  20422   2600 
 20260925    04:41:16       0     36     83      -    100      0      0      0      0      0   8001   2550      0      0   7925   8163      -  20512   2555 
 20260925    04:41:17       0     36     83      -    100      0      0      0      0      0   8001   2550      0      0   7925   8163      -  21122   2610 
 20260925    04:41:18       0     40     85      -    100     27      0      0      0      0   8001   2550      0      0   7925   8163      -  15168   4654 
#Date        Time         gpu    pwr  gtemp  mtemp     sm    mem    enc    dec    jpg    ofa   mclk   pclk  pviol  tviol     fb   bar1   ccpm  rxpci  txpci 
#YYYYMMDD    HH:MM:SS     Idx      W      C      C      %      %      %      %      %      %    MHz    MHz      %   bool     MB     MB     MB   MB/s   MB/s 
 20260925    04:41:19       0     50     84      -    100     45      0      0      0      0   8001   2085      0      0   7925   8163      -  14490   4112 
 20260925    04:41:20       0     43     83      -    100      2      0      0      0      0   8001   2550      0      0   7925   8163      -  20215   2602 
 20260925    04:41:21       0     36     84      -    100      0      0      0      0      0   8001   2550      0      0   7925   8163      -  20946   2566 
 20260925    04:41:22       0     36     83      -    100      1      0      0      0      0   8001   2550      0      0   7925   8163      -  20265   2638 
 20260925    04:41:23       0     43     83      -    100     50      0      0      0      0   8001   1785      0      0   7925   8163      -  14364   4534 
 20260925    04:41:24       0     45     83      -    100     49      0      0      0      0   8001   1980      0      0   7925   8163      -  20567   2702 
 20260925    04:41:25       0     37     83      -    100      0      0      0      0      0   8001   2550      0      0   7925   8163      -  20987   2601 
 20260925    04:41:26       0     36     83      -    100      0      0      0      0      0   8001   2550      0      0   7925   8163      -  15847   2617 
 20260925    04:41:27       0     36     83      -    100      0      0      0      0      0   8001   2550      0      0   7925   8163      -  16157   4535 
 20260925    04:41:28       0     44     84      -    100     51      0      0      0      0   8001   1935      0      0   7925   8163      -  13929   4220 
 20260925    04:41:30       0     44     83      -    100     45      0      0      0      0   8001   1935      0      0   7925   8163      -  20878   2636 
 20260925    04:41:31       0     34     83      -    100      0      0      0      0      0   8001   2550      0      0   7925   8163      -  20507   2535 
 20260925    04:41:32       0     35     83      -    100      0      0      0      0      0   8001   2550      0      0   7925   8163      -  20111   2576 
 20260925    04:41:33       0     38     84      -    100      6      0      0      0      0   8001   2040      0      0   7925   8163      -  19733   8912 
 20260925    04:41:34       0     34     83      -    100      6      0      0      0      0   8001   1995      0      0   7925   8163      -  20363   2781 
 20260925    04:41:35       0     34     83      -    100      0      0      0      0      0   8001   2550      0      0   7925   8163      -  19878   2581 
 20260925    04:41:36       0     35     83      -    100      0      0      0      0      0   8001   2550      0      0   7925   8163      -  21106   2559 
 20260925    04:41:37       0     54     83      -     97     41      0      0      0      0   8001   1920      0      0   7925   8163      -  20850   2439 
 20260925    04:41:38       0     34     82      -      0      0      0      0      0      0   8001   2550      0      0   7925   8163      -      0      0 
 20260925    04:41:39       0     28     82      -      0      0      0      0      0      0   8001   2550      0      0   7925   8163      -      0      0 
 20260925    04:41:40       0     25     81      -      0      0      0      0      0      0   6001    540      0      0   7925   8163      -      0      0 
 20260925    04:41:41       0     17     80      -      0      0      0      0      0      0   6001    345      0      0   7925   8163      -      0      0 
 20260925    04:41:42       0      5     80      -      0      0      0      0      0      0    810    210      0      0   7925   8163      -      0      0 
 20260925    04:41:43       0      3     79      -      0      0      0      0      0      0    405    210      0      0   7925   8163      -      0      0 
 20260925    04:41:44       0      2     79      -      0      0      0      0      0      0    405    210      0      0   7925   8163      -      0      0 
 20260925    04:41:46       0      2     79      -      0      0      0      0      0      0    405    210      0      0   7925   8163      -      0      1 
 20260925    04:41:47       0      2     78      -      0      0      0      0      0      0    405    210      0      0   7925   8163      -      0      0 
 20260925    04:41:48       0      2     78      -      0      0      0      0      0      0    405    210      0      0   7925   8163      -      0      0 
 20260925    04:41:49       0      2     78      -      0      0      0      0      0      0    405    210      0      0   7925   8163      -      0      0 
 20260925    04:41:50       0      2     78      -      0      0      0      0      0      0    405    210      0      0   7925   8163      -      0      0 
 20260925    04:41:51       0      2     78      -      0      0      0      0      0      0    405    210      0      0   7925   8163      -      0      0 
 20260925    04:41:52       0      2     77      -      0      0      0      0      0      0    405    210      0      0   7925   8163      -      3      0 
 20260925    04:41:53       0      2     77      -      0      0      0      0      0      0    405    210      0      0   7925   8163      -      0      0 
 20260925    04:41:54       0      2     77      -      0      0      0      0      0      0    405    210      0      0   7925   8163      -      0      0 
 20260925    04:41:55       0      2     77      -      0      0      0      0      0      0    405    210      0      0   7925   8163      -      3      0 
 20260925    04:41:56       0      2     77      -      0      0      0      0      0      0    405    210      0      0   7925   8163      -      0      0 
 20260925    04:41:57       0      2     77      -      0      0      0      0      0      0    405    210      0      0   7925   8163      -      0      0 
 20260925    04:41:58       0      2     76      -      0      0      0      0      0      0    405    210      0      0   7925   8163      -      0      0 
 20260925    04:41:59       0      2     76      -      0      0      0      0      0      0    405    210      0      0   7925   8163      -      0      0 
 20260925    04:42:00       0      2     76      -      0      0      0      0      0      0    405    210      0      0   7925   8163      -      0      0 
 20260925    04:42:01       0      2     76      -      0      0      0      0      0      0    405    210      0      0   7925   8163      -      0      1 
 20260925    04:42:03       0      2     76      -      0      0      0      0      0      0    405    210      0      0   7925   8163      -      0      0 
 20260925    04:42:04       0      2     75      -      0      0      0      0      0      0    405    210      0      0   7925   8163      -      0      0 
 20260925    04:42:05       0      2     75      -      0      0      0      0      0      0    405    210      0      0   7925   8163      -      0      0 
#Date        Time         gpu    pwr  gtemp  mtemp     sm    mem    enc    dec    jpg    ofa   mclk   pclk  pviol  tviol     fb   bar1   ccpm  rxpci  txpci 
#YYYYMMDD    HH:MM:SS     Idx      W      C      C      %      %      %      %      %      %    MHz    MHz      %   bool     MB     MB     MB   MB/s   MB/s 
 20260925    04:42:06       0      2     75      -      0      0      0      0      0      0    405    210      0      0   7925   8163      -      0      0 
 20260925    04:42:07       0      2     75      -      0      0      0      0      0      0    405    210      0      0   7925   8163      -      0      0 
 20260925    04:42:08       0      2     75      -      0      0      0      0      0      0    405    210      0      0   7925   8163      -      0      0 
 20260925    04:42:09       0      2     75      -      0      0      0      0      0      0    405    210      0      0   7925   8163      -      0      2 
 20260925    04:42:10       0      2     74      -      0      0      0      0      0      0    405    210      0      0   7925   8163      -      0      0 
 20260925    04:42:11       0      2     74      -      0      0      0      0      0      0    405    210      0      0   7925   8163      -      0      0 
 20260925    04:42:12       0      2     74      -      0      0      0      0      0      0    405    210      0      0   7925   8163      -      0      0 
 20260925    04:42:13       0      2     74      -      0      0      0      0      0      0    405    210      0      0   7925   8163      -      0      0 
 20260925    04:42:14       0      2     74      -      0      0      0      0      0      0    405    210      0      0   7925   8163      -      0      0 
 20260925    04:42:15       0      2     74      -      0      0      0      0      0      0    405    210      0      0   7925   8163      -      0      0 
 20260925    04:42:16       0      2     74      -      0      0      0      0      0      0    405    210      0      0   7925   8163      -      0      0 
 20260925    04:42:17       0      2     74      -      0      0      0      0      0      0    405    210      0      0   7925   8163      -      0      0 
 20260925    04:42:19       0      2     73      -      0      0      0      0      0      0    405    210      0      0   7925   8163      -      0      0 
 20260925    04:42:20       0      1     73      -      0      0      0      0      0      0    405    210      0      0   7925   8163      -      0      0 
 20260925    04:42:21       0      2     73      -      0      0      0      0      0      0    405    210      0      0   7925   8163      -      0      0 
 20260925    04:42:22       0      3     73      -      0      0      0      0      0      0    405    210      0      0   7925   8163      -      0      0 
 20260925    04:42:23       0      2     73      -      0      0      0      0      0      0    405    210      0      0   7925   8163      -      0      0 
 20260925    04:42:24       0      2     73      -      0      0      0      0      0      0    405    210      0      0   7925   8163      -      0      0 
 20260925    04:42:25       0      2     73      -      0      0      0      0      0      0    405    210      0      0   7925   8163      -      0      0 
 20260925    04:42:26       0      2     73      -      0      0      0      0      0      0    405    210      0      0   7925   8163      -      0      2 
 20260925    04:42:27       0      2     73      -      0      0      0      0      0      0    405    210      0      0   7925   8163      -      3      0 
 20260925    04:42:28       0      2     72      -      0      0      0      0      0      0    405    210      0      0   7925   8163      -      0      0 
 20260925    04:42:29       0      2     72      -      0      0      0      0      0      0    405    210      0      0   7925   8163      -      0      0 
 20260925    04:42:30       0      2     72      -      0      0      0      0      0      0    405    210      0      0   7925   8163      -      0      0 
 20260925    04:42:31       0      2     72      -      0      0      0      0      0      0    405    210      0      0   7925   8163      -      0      0 
 20260925    04:42:32       0      2     72      -      0      0      0      0      0      0    405    210      0      0   7925   8163      -      0      0 
 20260925    04:42:34       0      2     72      -      0      0      0      0      0      0    405    210      0      0   7925   8163      -      0      1 
 20260925    04:42:35       0      2     72      -      0      0      0      0      0      0    405    210      0      0   7925   8163      -      0      0 
 20260925    04:42:36       0      2     72      -      0      0      0      0      0      0    405    210      0      0   7925   8163      -      3      0 
 20260925    04:42:37       0      2     71      -      0      0      0      0      0      0    405    210      0      0   7925   8163      -      0      0 
 20260925    04:42:38       0      2     71      -      0      0      0      0      0      0    405    210      0      0   7925   8163      -      0      0 
 20260925    04:42:39       0      2     71      -      0      0      0      0      0      0    405    210      0      0   7925   8163      -      0      0 
 20260925    04:42:40       0      2     71      -      0      0      0      0      0      0    405    210      0      0   7925   8163      -      0      0 
 20260925    04:42:41       0      2     71      -      0      0      0      0      0      0    405    210      0      0   7925   8163      -      0      1 
 20260925    04:42:42       0      2     71      -      0      0      0      0      0      0    405    210      0      0   7925   8163      -      0      0 
 20260925    04:42:43       0      2     71      -      0      0      0      0      0      0    405    210      0      0   7925   8163      -      0      0 
 20260925    04:42:44       0      2     71      -      0      0      0      0      0      0    405    210      0      0   7925   8163      -      3      0 
 20260925    04:42:45       0      2     71      -      0      0      0      0      0      0    405    210      0      0   7925   8163      -      0      0 
 20260925    04:42:46       0      2     71      -      0      0      0      0      0      0    405    210      0      0   7925   8163      -      0      0 
 20260925    04:42:47       0      2     71      -      0      0      0      0      0      0    405    210      0      0   7925   8163      -      0      0 
 20260925    04:42:48       0      2     71      -      0      0      0      0      0      0    405    210      0      0   7925   8163      -      0      0 
 20260925    04:42:50       0      2     70      -      0      0      0      0      0      0    405    210      0      0   7925   8163      -      0      0 
 20260925    04:42:51       0      2     70      -      0      0      0      0      0      0    405    210      0      0   7925   8163      -      0      0 
 20260925    04:42:52       0      2     70      -      0      0      0      0      0      0    405    210      0      0   7925   8163      -      0      0 
#Date        Time         gpu    pwr  gtemp  mtemp     sm    mem    enc    dec    jpg    ofa   mclk   pclk  pviol  tviol     fb   bar1   ccpm  rxpci  txpci 
#YYYYMMDD    HH:MM:SS     Idx      W      C      C      %      %      %      %      %      %    MHz    MHz      %   bool     MB     MB     MB   MB/s   MB/s 
 20260925    04:42:53       0      2     70      -      0      0      0      0      0      0    405    210      0      0   7925   8163      -      0      0 
 20260925    04:42:54       0      2     70      -      0      0      0      0      0      0    405    210      0      0   7925   8163      -      0      0 
 20260925    04:42:55       0      2     70      -      0      0      0      0      0      0    405    210      0      0   7925   8163      -      0      0 
 20260925    04:42:56       0      2     70      -      0      0      0      0      0      0    405    210      0      0   7925   8163      -      0      0 
 20260925    04:42:57       0      2     70      -      0      0      0      0      0      0    405    210      0      0   7925   8163      -      0      0 
 20260925    04:42:58       0      2     70      -      0      0      0      0      0      0    405    210      0      0   7925   8163      -      0      0 
 20260925    04:42:59       0      2     70      -      0      0      0      0      0      0    405    210      0      0   7925   8163      -      0      0 
 20260925    04:43:00       0      2     70      -      0      0      0      0      0      0    405    210      0      0   7925   8163      -      0      0 
 20260925    04:43:01       0      2     69      -      0      0      0      0      0      0    405    210      0      0   7925   8163      -      0      0 
 20260925    04:43:02       0      2     69      -      0      0      0      0      0      0    405    210      0      0   7925   8163      -      3      0 
 20260925    04:43:03       0      2     69      -      0      0      0      0      0      0    405    210      0      0   7925   8163      -      0      0 
 20260925    04:43:04       0      2     69      -      0      0      0      0      0      0    405    210      0      0   7925   8163      -      0      0 
 20260925    04:43:06       0      2     69      -      0      0      0      0      0      0    405    210      0      0   7925   8163      -      0      1 
 20260925    04:43:07       0      2     69      -      0      0      0      0      0      0    405    210      0      0   7925   8163      -      0      0 
 20260925    04:43:08       0      2     69      -      0      0      0      0      0      0    405    210      0      0   7925   8163      -      0      0 
 20260925    04:43:09       0      2     69      -      0      0      0      0      0      0    405    210      0      0   7925   8163      -      0      0 
 20260925    04:43:10       0      2     69      -      0      0      0      0      0      0    405    210      0      0   7925   8163      -      0      0 
 20260925    04:43:11       0      2     69      -      0      0      0      0      0      0    405    210      0      0   7925   8163      -      0      0 
 20260925    04:43:12       0      2     69      -      0      0      0      0      0      0    405    210      0      0   7925   8163      -      0      0 
 20260925    04:43:13       0      2     69      -      0      0      0      0      0      0    405    210      0      0   7925   8163      -      0      0 
 20260925    04:43:14       0      2     69      -      0      0      0      0      0      0    405    210      0      0   7925   8163      -      0      0 
 20260925    04:43:15       0      2     69      -      0      0      0      0      0      0    405    210      0      0   7925   8163      -      0      0 
 20260925    04:43:16       0      2     69      -      0      0      0      0      0      0    405    210      0      0   7925   8163      -      0      0 
 20260925    04:43:17       0      2     68      -      0      0      0      0      0      0    405    210      0      0   7925   8163      -      0      0 
 20260925    04:43:18       0      2     68      -      0      0      0      0      0      0    405    210      0      0   7925   8163      -      0      0 
 20260925    04:43:19       0      2     68      -      0      0      0      0      0      0    405    210      0      0   7925   8163      -      3      0 
 20260925    04:43:20       0      2     68      -      0      0      0      0      0      0    405    210      0      0   7925   8163      -      0      0 
 20260925    04:43:22       0      2     68      -      0      0      0      0      0      0    405    210      0      0   7925   8163      -      0      0 
 20260925    04:43:23       0      2     68      -      0      0      0      0      0      0    405    210      0      0   7925   8163      -      0      0 
 20260925    04:43:24       0      2     68      -      0      0      0      0      0      0    405    210      0      0   7925   8163      -      0      0 
 20260925    04:43:25       0      2     68      -      0      0      0      0      0      0    405    210      0      0   7925   8163      -      0      0 
 20260925    04:43:26       0      2     68      -      0      0      0      0      0      0    405    210      0      0   7925   8163      -      0      0 
 20260925    04:43:27       0      2     68      -      0      0      0      0      0      0    405    210      0      0   7925   8163      -      0      0 
 20260925    04:43:28       0      2     68      -      0      0      0      0      0      0    405    210      0      0   7925   8163      -      0      0 
 20260925    04:43:29       0      2     68      -      0      0      0      0      0      0    405    210      0      0   7925   8163      -      0      0 
 20260925    04:43:30       0      2     68      -      0      0      0      0      0      0    405    210      0      0   7925   8163      -      0      1 
 20260925    04:43:31       0      2     68      -      0      0      0      0      0      0    405    210      0      0   7925   8163      -      0      0 
 20260925    04:43:32       0      2     68      -      0      0      0      0      0      0    405    210      0      0   7925   8163      -      0      0 
 20260925    04:43:33       0      2     67      -      0      0      0      0      0      0    405    210      0      0   7925   8163      -      0      0 
 20260925    04:43:34       0      2     67      -      0      0      0      0      0      0    405    210      0      0   7925   8163      -      0      0 
 20260925    04:43:35       0      2     67      -      0      0      0      0      0      0    405    210      0      0   7925   8163      -      0      0 
 20260925    04:43:36       0      2     67      -      0      0      0      0      0      0    405    210      0      0   7925   8163      -      0      0 
 20260925    04:43:37       0      2     67      -      0      0      0      0      0      0    405    210      0      0   7925   8163      -      3      0 
 20260925    04:43:39       0      2     67      -      0      0      0      0      0      0    405    210      0      0   7925   8163      -      0      1 
#Date        Time         gpu    pwr  gtemp  mtemp     sm    mem    enc    dec    jpg    ofa   mclk   pclk  pviol  tviol     fb   bar1   ccpm  rxpci  txpci 
#YYYYMMDD    HH:MM:SS     Idx      W      C      C      %      %      %      %      %      %    MHz    MHz      %   bool     MB     MB     MB   MB/s   MB/s 
 20260925    04:43:40       0      2     67      -      0      0      0      0      0      0    405    210      0      0   7925   8163      -      0      0 
 20260925    04:43:41       0      2     67      -      0      0      0      0      0      0    405    210      0      0   7925   8163      -      0      0 
 20260925    04:43:42       0      2     67      -      0      0      0      0      0      0    405    210      0      0   7925   8163      -      0      0 
 20260925    04:43:43       0      2     67      -      0      0      0      0      0      0    405    210      0      0   7925   8163      -      0      0 
 20260925    04:43:44       0      2     67      -      0      0      0      0      0      0    405    210      0      0   7925   8163      -      0      0 
 20260925    04:43:45       0      2     67      -      0      0      0      0      0      0    405    210      0      0   7925   8163      -      0      0 
 20260925    04:43:46       0      2     67      -      0      0      0      0      0      0    405    210      0      0   7925   8163      -      0      0 
 20260925    04:43:47       0      2     67      -      0      0      0      0      0      0    405    210      0      0   7925   8163      -      0      0 
 20260925    04:43:48       0      2     67      -      0      0      0      0      0      0    405    210      0      0   7925   8163      -      0      0 
 20260925    04:43:49       0      2     67      -      0      0      0      0      0      0    405    210      0      0   7925   8163      -      0      0 
 20260925    04:43:50       0      2     67      -      0      0      0      0      0      0    405    210      0      0   7925   8163      -      0      0 
 20260925    04:43:51       0      2     67      -      0      0      0      0      0      0    405    210      0      0   7925   8163      -      0      0 
 20260925    04:43:52       0      2     66      -      0      0      0      0      0      0    405    210      0      0   7925   8163      -      0      0 
 20260925    04:43:53       0      2     66      -      0      0      0      0      0      0    405    210      0      0   7925   8163      -      0      0 
 20260925    04:43:55       0      2     66      -      0      0      0      0      0      0    405    210      0      0   7925   8163      -      3      1 
 20260925    04:43:56       0      2     66      -      0      0      0      0      0      0    405    210      0      0   7925   8163      -      0      0 
 20260925    04:43:57       0      2     66      -      0      0      0      0      0      0    405    210      0      0   7925   8163      -      0      0 
 20260925    04:43:58       0      2     66      -      0      0      0      0      0      0    405    210      0      0   7925   8163      -      0      0 
 20260925    04:43:59       0      2     66      -      0      0      0      0      0      0    405    210      0      0   7925   8163      -      0      0 
 20260925    04:44:00       0      2     66      -      0      0      0      0      0      0    405    210      0      0   7925   8163      -      0      0 
 20260925    04:44:01       0      2     66      -      0      0      0      0      0      0    405    210      0      0   7925   8163      -      0      0 
 20260925    04:44:02       0      2     66      -      0      0      0      0      0      0    405    210      0      0   7925   8163      -      0      0 
 20260925    04:44:03       0      2     66      -      0      0      0      0      0      0    405    210      0      0   7925   8163      -      0      1 
 20260925    04:44:04       0      2     66      -      0      0      0      0      0      0    405    210      0      0   7925   8163      -      0      0 
 20260925    04:44:05       0      2     66      -      0      0      0      0      0      0    405    210      0      0   7925   8163      -      0      0 
 20260925    04:44:06       0      2     66      -      0      0      0      0      0      0    405    210      0      0   7925   8163      -      0      0 
 20260925    04:44:07       0      2     66      -      0      0      0      0      0      0    405    210      0      0   7925   8163      -      0      0 
 20260925    04:44:08       0      2     66      -      0      0      0      0      0      0    405    210      0      0   7925   8163      -      0      0 
 20260925    04:44:09       0      2     66      -      0      0      0      0      0      0    405    210      0      0   7925   8163      -      0      0 
 20260925    04:44:11       0      2     66      -      0      0      0      0      0      0    405    210      0      0   7925   8163      -      0      0 
 20260925    04:44:12       0      2     66      -      0      0      0      0      0      0    405    210      0      0   7925   8163      -      0      1 
 20260925    04:44:13       0      2     65      -      0      0      0      0      0      0    405    210      0      0   7925   8163      -      0      0 
 20260925    04:44:14       0      2     65      -      0      0      0      0      0      0    405    210      0      0   7925   8163      -      0      0 
 20260925    04:44:15       0      2     65      -      0      0      0      0      0      0    405    210      0      0   7925   8163      -      0      0 
 20260925    04:44:16       0      2     65      -      0      0      0      0      0      0    405    210      0      0   7925   8163      -      0      0 
 20260925    04:44:17       0      2     65      -      0      0      0      0      0      0    405    210      0      0   7925   8163      -      0      0 
 20260925    04:44:18       0      2     65      -      0      0      0      0      0      0    405    210      0      0   7925   8163      -      0      0 
 20260925    04:44:19       0      2     65      -      0      0      0      0      0      0    405    210      0      0   7925   8163      -      0      1 
 20260925    04:44:20       0      2     65      -      0      0      0      0      0      0    405    210      0      0   7925   8163      -      0      0 
 20260925    04:44:21       0      2     65      -      0      0      0      0      0      0    405    210      0      0   7925   8163      -      0      0 
 20260925    04:44:22       0      2     65      -      0      0      0      0      0      0    405    210      0      0   7925   8163      -      0      0 
 20260925    04:44:23       0      2     65      -      0      0      0      0      0      0    405    210      0      0   7925   8163      -      0      0 
 20260925    04:44:24       0      2     65      -      0      0      0      0      0      0    405    210      0      0   7925   8163      -      0      0 
 20260925    04:44:25       0      2     65      -      0      0      0      0      0      0    405    210      0      0   7925   8163      -      0      0 
#Date        Time         gpu    pwr  gtemp  mtemp     sm    mem    enc    dec    jpg    ofa   mclk   pclk  pviol  tviol     fb   bar1   ccpm  rxpci  txpci 
#YYYYMMDD    HH:MM:SS     Idx      W      C      C      %      %      %      %      %      %    MHz    MHz      %   bool     MB     MB     MB   MB/s   MB/s 
 20260925    04:44:26       0      2     65      -      0      0      0      0      0      0    405    210      0      0   7925   8163      -      0      0 
 20260925    04:44:28       0      2     65      -      0      0      0      0      0      0    405    210      0      0   7925   8163      -      0      1 
 20260925    04:44:29       0      2     65      -      0      0      0      0      0      0    405    210      0      0   7925   8163      -      0      0 
 20260925    04:44:30       0      2     65      -      0      0      0      0      0      0    405    210      0      0   7925   8163      -      0      2 
 20260925    04:44:31       0      2     65      -      0      0      0      0      0      0    405    210      0      0   7925   8163      -      0      0 
 20260925    04:44:32       0      2     65      -      0      0      0      0      0      0    405    210      0      0   7925   8163      -      0      0 
 20260925    04:44:33       0      2     65      -      0      0      0      0      0      0    405    210      0      0   7925   8163      -      0      0 
 20260925    04:44:34       0      2     65      -      0      0      0      0      0      0    405    210      0      0   7925   8163      -      0      0 
 20260925    04:44:35       0      2     65      -      0      0      0      0      0      0    405    210      0      0   7925   8163      -      0      0 
 20260925    04:44:36       0      2     65      -      0      0      0      0      0      0    405    210      0      0   7925   8163      -      0      0 
 20260925    04:44:37       0      2     64      -      0      0      0      0      0      0    405    210      0      0   7925   8163      -      0      0 
 20260925    04:44:38       0      2     64      -      0      0      0      0      0      0    405    210      0      0   7925   8163      -      0      0 
 20260925    04:44:39       0      2     64      -      0      0      0      0      0      0    405    210      0      0   7925   8163      -      0      0 
 20260925    04:44:40       0      2     64      -      0      0      0      0      0      0    405    210      0      0   7925   8163      -      0      0 
 20260925    04:44:41       0      2     64      -      0      0      0      0      0      0    405    210      0      0   7925   8163      -      0      0 
 20260925    04:44:42       0      2     64      -      0      0      0      0      0      0    405    210      0      0   7925   8163      -      3      0 
 20260925    04:44:44       0      2     64      -      0      0      0      0      0      0    405    210      0      0   7925   8163      -      0      1 
 20260925    04:44:45       0      2     64      -      0      0      0      0      0      0    405    210      0      0   7925   8163      -      0      0 
 20260925    04:44:46       0      2     64      -      0      0      0      0      0      0    405    210      0      0   7925   8163      -      0      0 
 20260925    04:44:47       0      2     64      -      0      0      0      0      0      0    405    210      0      0   7925   8163      -      0      0 
 20260925    04:44:48       0      2     64      -      0      0      0      0      0      0    405    210      0      0   7925   8163      -      0      2 
 20260925    04:44:49       0      2     64      -      0      0      0      0      0      0    405    210      0      0   7925   8163      -      0      0 
 20260925    04:44:50       0      2     64      -      0      0      0      0      0      0    405    210      0      0   7925   8163      -      0      0 
 20260925    04:44:51       0      2     64      -      0      0      0      0      0      0    405    210      0      0   7925   8163      -      0      0 
 20260925    04:44:52       0      2     64      -      0      0      0      0      0      0    405    210      0      0   7925   8163      -      0      0 
 20260925    04:44:53       0      2     64      -      0      0      0      0      0      0    405    210      0      0   7925   8163      -      0      0 
 20260925    04:44:54       0      2     64      -      0      0      0      0      0      0    405    210      0      0   7925   8163      -      0      0 
 20260925    04:44:55       0      2     64      -      0      0      0      0      0      0    405    210      0      0   7925   8163      -      0      0 
 20260925    04:44:56       0      2     64      -      0      0      0      0      0      0    405    210      0      0   7925   8163      -      0      0 
 20260925    04:44:57       0      2     64      -      0      0      0      0      0      0    405    210      0      0   7925   8163      -      0      0 
 20260925    04:44:58       0      2     64      -      0      0      0      0      0      0    405    210      0      0   7925   8163      -      0      0 
 20260925    04:45:00       0      2     64      -      0      0      0      0      0      0    405    210      0      0   7925   8163      -      0      1 
 20260925    04:45:01       0      2     64      -      0      0      0      0      0      0    405    210      0      0   7925   8163      -      0      0 
 20260925    04:45:02       0      2     64      -      0      0      0      0      0      0    405    210      0      0   7925   8163      -      0      0 
 20260925    04:45:03       0      2     64      -      0      0      0      0      0      0    405    210      0      0   7925   8163      -      0      0 
 20260925    04:45:04       0      2     64      -      0      0      0      0      0      0    405    210      0      0   7925   8163      -      0      0 
 20260925    04:45:05       0      2     64      -      0      0      0      0      0      0    405    210      0      0   7925   8163      -      0      0 
 20260925    04:45:06       0      2     64      -      0      0      0      0      0      0    405    210      0      0   7925   8163      -      3      0 
 20260925    04:45:07       0      2     63      -      0      0      0      0      0      0    405    210      0      0   7925   8163      -      0      0 
 20260925    04:45:08       0      2     63      -      0      0      0      0      0      0    405    210      0      0   7925   8163      -      0      1 
 20260925    04:45:09       0      2     63      -      0      0      0      0      0      0    405    210      0      0   7925   8163      -      0      0 
 20260925    04:45:10       0      2     63      -      0      0      0      0      0      0    405    210      0      0   7925   8163      -      0      0 
 20260925    04:45:11       0      2     63      -      0      0      0      0      0      0    405    210      0      0   7925   8163      -      0      0 
 20260925    04:45:12       0      2     63      -      0      0      0      0      0      0    405    210      0      0   7925   8163      -      0      0 
#Date        Time         gpu    pwr  gtemp  mtemp     sm    mem    enc    dec    jpg    ofa   mclk   pclk  pviol  tviol     fb   bar1   ccpm  rxpci  txpci 
#YYYYMMDD    HH:MM:SS     Idx      W      C      C      %      %      %      %      %      %    MHz    MHz      %   bool     MB     MB     MB   MB/s   MB/s 
 20260925    04:45:13       0      2     63      -      0      0      0      0      0      0    405    210      0      0   7925   8163      -      0      0 
 20260925    04:45:14       0      2     63      -      0      0      0      0      0      0    405    210      0      0   7925   8163      -      0      0 
 20260925    04:45:16       0      2     63      -      0      0      0      0      0      0    405    210      0      0   7925   8163      -      0      1 
 20260925    04:45:17       0      2     63      -      0      0      0      0      0      0    405    210      0      0   7925   8163      -      0      0 
 20260925    04:45:18       0      2     63      -      0      0      0      0      0      0    405    210      0      0   7925   8163      -      0      0 
 20260925    04:45:19       0      2     63      -      0      0      0      0      0      0    405    210      0      0   7925   8163      -      0      0 
 20260925    04:45:20       0      2     63      -      0      0      0      0      0      0    405    210      0      0   7925   8163      -      0      0 
 20260925    04:45:21       0      2     63      -      0      0      0      0      0      0    405    210      0      0   7925   8163      -      0      0 
 20260925    04:45:22       0      2     63      -      0      0      0      0      0      0    405    210      0      0   7925   8163      -      0      0 
 20260925    04:45:23       0      2     63      -      0      0      0      0      0      0    405    210      0      0   7925   8163      -      0      2 
 20260925    04:45:24       0      2     63      -      0      0      0      0      0      0    405    210      0      0   7925   8163      -      3      0 
 20260925    04:45:25       0      2     63      -      0      0      0      0      0      0    405    210      0      0   7925   8163      -      0      0 
 20260925    04:45:26       0      2     63      -      0      0      0      0      0      0    405    210      0      0   7925   8163      -      0      0 
 20260925    04:45:27       0      2     63      -      0      0      0      0      0      0    405    210      0      0   7925   8163      -      0      0 
 20260925    04:45:28       0      2     63      -      0      0      0      0      0      0    405    210      0      0   7925   8163      -      0      0 
 20260925    04:45:29       0      2     63      -      0      0      0      0      0      0    405    210      0      0   7925   8163      -      0      0 
 20260925    04:45:30       0      2     63      -      0      0      0      0      0      0    405    210      0      0   7925   8163      -      0      0 
 20260925    04:45:32       0      2     63      -      0      0      0      0      0      0    405    210      0      0   7925   8163      -      0      0 
 20260925    04:45:33       0      2     63      -      0      0      0      0      0      0    405    210      0      0   7925   8163      -      0      0 
 20260925    04:45:34       0      2     63      -      0      0      0      0      0      0    405    210      0      0   7925   8163      -      0      0 
 20260925    04:45:35       0      2     63      -      0      0      0      0      0      0    405    210      0      0   7925   8163      -      0      0 
 20260925    04:45:36       0      2     63      -      0      0      0      0      0      0    405    210      0      0   7925   8163      -      0      0 
 20260925    04:45:37       0      2     63      -      0      0      0      0      0      0    405    210      0      0   7925   8163      -      0      0 
 20260925    04:45:38       0      2     63      -      0      0      0      0      0      0    405    210      0      0   7925   8163      -      0      0 
 20260925    04:45:39       0      2     63      -      0      0      0      0      0      0    405    210      0      0   7925   8163      -      0      0 
 20260925    04:45:40       0      2     62      -      0      0      0      0      0      0    405    210      0      0   7925   8163      -      0      0 
 20260925    04:45:41       0      2     62      -      0      0      0      0      0      0    405    210      0      0   7925   8163      -      0      2 
 20260925    04:45:42       0      2     62      -      0      0      0      0      0      0    405    210      0      0   7925   8163      -      0      0 
 20260925    04:45:43       0      2     62      -      0      0      0      0      0      0    405    210      0      0   7925   8163      -      0      0 
 20260925    04:45:44       0      2     62      -      0      0      0      0      0      0    405    210      0      0   7925   8163      -      0      0 
 20260925    04:45:45       0      2     62      -      0      0      0      0      0      0    405    210      0      0   7925   8163      -      0      0 
 20260925    04:45:46       0      2     62      -      0      0      0      0      0      0    405    210      0      0   7925   8163      -      0      0 
 20260925    04:45:48       0      2     62      -      0      0      0      0      0      0    405    210      0      0   7925   8163      -      0      1 
 20260925    04:45:49       0      2     62      -      0      0      0      0      0      0    405    210      0      0   7925   8163      -      0      0 
 20260925    04:45:50       0      2     62      -      0      0      0      0      0      0    405    210      0      0   7925   8163      -      0      0 
 20260925    04:45:51       0      2     62      -      0      0      0      0      0      0    405    210      0      0   7925   8163      -      0      0 
 20260925    04:45:52       0      2     62      -      0      0      0      0      0      0    405    210      0      0   7925   8163      -      0      0 
 20260925    04:45:53       0      2     62      -      0      0      0      0      0      0    405    210      0      0   7925   8163      -      0      0 
 20260925    04:45:54       0      2     62      -      0      0      0      0      0      0    405    210      0      0   7925   8163      -      0      0 
 20260925    04:45:55       0      2     62      -      0      0      0      0      0      0    405    210      0      0   7925   8163      -      0      0 
 20260925    04:45:56       0      2     62      -      0      0      0      0      0      0    405    210      0      0   7925   8163      -      0      0 
 20260925    04:45:57       0      2     62      -      0      0      0      0      0      0    405    210      0      0   7925   8163      -      0      0 
 20260925    04:45:58       0      2     62      -      0      0      0      0      0      0    405    210      0      0   7925   8163      -      0      0 
 20260925    04:45:59       0      2     62      -      0      0      0      0      0      0    405    210      0      0   7925   8163      -      3      0 
#Date        Time         gpu    pwr  gtemp  mtemp     sm    mem    enc    dec    jpg    ofa   mclk   pclk  pviol  tviol     fb   bar1   ccpm  rxpci  txpci 
#YYYYMMDD    HH:MM:SS     Idx      W      C      C      %      %      %      %      %      %    MHz    MHz      %   bool     MB     MB     MB   MB/s   MB/s 
 20260925    04:46:00       0      2     62      -      0      0      0      0      0      0    405    210      0      0   7925   8163      -      0      0 
 20260925    04:46:01       0      2     62      -      0      0      0      0      0      0    405    210      0      0   7925   8163      -      0      0 
 20260925    04:46:03       0      2     62      -      0      0      0      0      0      0    405    210      0      0   7925   8163      -      0      0 
 20260925    04:46:04       0      2     62      -      0      0      0      0      0      0    405    210      0      0   7925   8163      -      0      1 
 20260925    04:46:05       0      2     62      -      0      0      0      0      0      0    405    210      0      0   7925   8163      -      0      0 
 20260925    04:46:06       0      2     62      -      0      0      0      0      0      0    405    210      0      0   7925   8163      -      0      0 
 20260925    04:46:07       0      2     62      -      0      0      0      0      0      0    405    210      0      0   7925   8163      -      0      0 
 20260925    04:46:08       0      2     62      -      0      0      0      0      0      0    405    210      0      0   7925   8163      -      0      0 
 20260925    04:46:09       0      2     62      -      0      0      0      0      0      0    405    210      0      0   7925   8163      -      0      0 
 20260925    04:46:10       0      2     62      -      0      0      0      0      0      0    405    210      0      0   7925   8163      -      0      0 
 20260925    04:46:11       0      2     62      -      0      0      0      0      0      0    405    210      0      0   7925   8163      -      0      0 
 20260925    04:46:12       0      2     62      -      0      0      0      0      0      0    405    210      0      0   7925   8163      -      0      0 
 20260925    04:46:13       0      2     62      -      0      0      0      0      0      0    405    210      0      0   7925   8163      -      0      0 
 20260925    04:46:14       0      2     62      -      0      0      0      0      0      0    405    210      0      0   7925   8163      -      0      0 
 20260925    04:46:15       0      2     62      -      0      0      0      0      0      0    405    210      0      0   7925   8163      -      0      0 
 20260925    04:46:16       0      2     62      -      0      0      0      0      0      0    405    210      0      0   7925   8163      -      0      1 
 20260925    04:46:17       0      2     62      -      0      0      0      0      0      0    405    210      0      0   7925   8163      -      0      0 
 20260925    04:46:19       0      2     61      -      0      0      0      0      0      0    405    210      0      0   7925   8163      -      0      0 
 20260925    04:46:20       0      2     61      -      0      0      0      0      0      0    405    210      0      0   7925   8163      -      0      1 
 20260925    04:46:21       0      2     61      -      0      0      0      0      0      0    405    210      0      0   7925   8163      -      0      0 
 20260925    04:46:22       0      2     61      -      0      0      0      0      0      0    405    210      0      0   7925   8163      -      0      0 
 20260925    04:46:23       0      2     61      -      0      0      0      0      0      0    405    210      0      0   7925   8163      -      0      0 
 20260925    04:46:24       0      2     61      -      0      0      0      0      0      0    405    210      0      0   7925   8163      -      0      0 
 20260925    04:46:25       0      2     61      -      0      0      0      0      0      0    405    210      0      0   7925   8163      -      0      0 
 20260925    04:46:26       0      2     61      -      0      0      0      0      0      0    405    210      0      0   7925   8163      -      0      0 
 20260925    04:46:27       0      2     61      -      0      0      0      0      0      0    405    210      0      0   7925   8163      -      0      0 
 20260925    04:46:28       0      2     61      -      0      0      0      0      0      0    405    210      0      0   7925   8163      -      0      0 
 20260925    04:46:29       0      2     61      -      0      0      0      0      0      0    405    210      0      0   7925   8163      -      0      0 
 20260925    04:46:30       0      2     61      -      0      0      0      0      0      0    405    210      0      0   7925   8163      -      0      0 
 20260925    04:46:31       0      2     61      -      0      0      0      0      0      0    405    210      0      0   7925   8163      -      0      0 
 20260925    04:46:32       0      2     61      -      0      0      0      0      0      0    405    210      0      0   7925   8163      -      0      0 
 20260925    04:46:33       0      2     61      -      0      0      0      0      0      0    405    210      0      0   7925   8163      -      0      0 
 20260925    04:46:35       0      2     61      -      0      0      0      0      0      0    405    210      0      0   7925   8163      -      3      0 
 20260925    04:46:36       0      2     61      -      0      0      0      0      0      0    405    210      0      0   7925   8163      -      0      1 
 20260925    04:46:37       0      2     61      -      0      0      0      0      0      0    405    210      0      0   7925   8163      -      0      0 
 20260925    04:46:38       0      2     61      -      0      0      0      0      0      0    405    210      0      0   7925   8163      -      0      0 
 20260925    04:46:39       0      2     61      -      0      0      0      0      0      0    405    210      0      0   7925   8163      -      0      0 
 20260925    04:46:40       0      2     61      -      0      0      0      0      0      0    405    210      0      0   7925   8163      -      0      0 
 20260925    04:46:41       0      2     61      -      0      0      0      0      0      0    405    210      0      0   7925   8163      -      0      0 
 20260925    04:46:42       0      2     61      -      0      0      0      0      0      0    405    210      0      0   7925   8163      -      0      0 
 20260925    04:46:43       0      2     61      -      0      0      0      0      0      0    405    210      0      0   7925   8163      -      0      0 
 20260925    04:46:44       0      2     61      -      0      0      0      0      0      0    405    210      0      0   7925   8163      -      0      0 
 20260925    04:46:45       0      2     61      -      0      0      0      0      0      0    405    210      0      0   7925   8163      -      0      0 
 20260925    04:46:46       0      2     61      -    100     16      0      0      0      0    405    210      0      0   7925   8163      -      1  15790 
#Date        Time         gpu    pwr  gtemp  mtemp     sm    mem    enc    dec    jpg    ofa   mclk   pclk  pviol  tviol     fb   bar1   ccpm  rxpci  txpci 
#YYYYMMDD    HH:MM:SS     Idx      W      C      C      %      %      %      %      %      %    MHz    MHz      %   bool     MB     MB     MB   MB/s   MB/s 
 20260925    04:46:47       0     38     64      -    100      2      0      0      0      0   7001   2565      0      0   7925   8163      -  11535  12728 
 20260925    04:46:48       0     41     65      -    100      2      0      0      0      0   8001   2565      0      0   7925   8163      -  15206  12190 
 20260925    04:46:49       0     41     65      -    100      2      0      0      0      0   8001   2565      0      0   7925   8163      -  11613  12597 
 20260925    04:46:51       0     39     65      -    100      1      0      0      0      0   8001   2565      0      0   7925   8163      -  13772  11892 
 20260925    04:46:52       0     37     66      -    100      1      0      0      0      0   8001   2565      0      0   7925   8163      -  12931  11383 
 20260925    04:46:53       0     39     67      -    100      2      0      0      0      0   8001   2565      0      0   7925   8163      -  12963  11504 
 20260925    04:46:54       0     38     67      -    100      2      0      0      0      0   8001   2565      0      0   7925   8163      -  13144  11099 
 20260925    04:46:55       0     39     67      -    100      1      0      0      0      0   8001   2565      0      0   7925   8163      -  13128  11371 
 20260925    04:46:56       0     37     66      -    100      1      0      0      0      0   8001   2565      0      0   7925   8163      -  12206  11308 
 20260925    04:46:57       0     40     66      -    100      1      0      0      0      0   8001   2565      0      0   7925   8163      -  14282  11725 
 20260925    04:46:58       0     42     68      -    100      2      0      0      0      0   8001   2565      0      0   7925   8163      -  19020   2817 
 20260925    04:46:59       0     42     68      -    100      2      0      0      0      0   8001   2565      0      0   7925   8163      -  18716   2743 
 20260925    04:47:00       0     33     67      -    100      0      0      0      0      0   8001   2565      0      0   7925   8163      -  14136  10620 
 20260925    04:47:01       0     36     68      -    100      2      0      0      0      0   8001   2565      0      0   7925   8163      -  13710  11276 
 20260925    04:47:02       0     36     67      -    100      0      0      0      0      0   8001   2565      0      0   7925   8163      -  20844   5124 
 20260925    04:47:03       0     40     69      -    100      2      0      0      0      0   8001   2565      0      0   7925   8163      -  20345   2706 
 20260925    04:47:04       0     35     69      -    100      3      0      0      0      0   8001   2565      0      0   7925   8163      -  13855  10324 
 20260925    04:47:05       0     39     67      -    100      0      0      0      0      0   8001   2565      0      0   7925   8163      -  14277  10820 
 20260925    04:47:07       0     39     69      -    100      4      0      0      0      0   8001   2565      0      0   7925   8163      -  21057   2646 
 20260925    04:47:08       0     37     69      -    100      2      0      0      0      0   8001   2565      0      0   7925   8163      -  14715  10259 
 20260925    04:47:09       0     31     69      -    100      0      0      0      0      0   8001   2565      0      0   7925   8163      -  20889   5940 
 20260925    04:47:10       0     45     69      -    100     11      0      0      0      0   8001   2565      0      0   7925   8163      -  19467   6310 
 20260925    04:47:11       0     36     70      -    100     12      0      0      0      0   8001   2565      0      0   7925   8163      -  14487  10533 
 20260925    04:47:12       0     43     69      -    100      0      0      0      0      0   8001   2565      0      0   7925   8163      -  20478   9727 
 20260925    04:47:13       0     47     70      -    100     12      0      0      0      0   8001   2565      0      0   7925   8163      -  15023  10346 
 20260925    04:47:14       0     33     69      -    100      0      0      0      0      0   8001   2565      0      0   7925   8163      -  14989   9887 
 20260925    04:47:15       0     47     71      -    100     15      0      0      0      0   8001   2565      0      0   7925   8163      -  20956   9733 
 20260925    04:47:16       0     33     69      -    100      0      0      0      0      0   8001   2565      0      0   7925   8163      -  15269  15781 
 20260925    04:47:17       0     34     69      -    100      0      0      0      0      0   8001   2565      0      0   7925   8163      -  19362   2635 
 20260925    04:47:18       0     47     71      -    100     17      0      0      0      0   8001   2565      0      0   7925   8163      -  14681  10437 
 20260925    04:47:19       0     33     70      -    100      0      0      0      0      0   8001   2565      0      0   7925   8163      -  18275   7545 
 20260925    04:47:20       0     41     72      -    100     19      0      0      0      0   8001   2550      0      0   7925   8163      -  15967   9978 
 20260925    04:47:21       0     43     70      -    100      0      0      0      0      0   8001   2550      0      0   7925   8163      -  20584   5944 
 20260925    04:47:23       0     38     72      -    100     21      0      0      0      0   8001   2550      0      0   7925   8163      -  14232   9142 
 20260925    04:47:24       0     31     70      -    100      0      0      0      0      0   8001   2550      0      0   7925   8163      -  21272   2508 
 20260925    04:47:25       0     49     72      -    100     19      0      0      0      0   8001   2550      0      0   7925   8163      -  14879  10084 
 20260925    04:47:26       0     33     71      -    100      0      0      0      0      0   8001   2550      0      0   7925   8163      -  20803   2251 
 20260925    04:47:27       0     49     73      -    100     21      0      0      0      0   8001   2550      0      0   7925   8163      -  17307   8801 
 20260925    04:47:28       0     37     71      -    100      0      0      0      0      0   8001   2550      0      0   7925   8163      -  20030   2722 
 20260925    04:47:29       0     44     73      -    100     25      0      0      0      0   8001   2550      0      0   7925   8163      -  14880  10303 
 20260925    04:47:30       0     34     71      -    100      0      0      0      0      0   8001   2550      0      0   7925   8163      -  20887   8392 
 20260925    04:47:31       0     50     73      -    100     25      0      0      0      0   8001   2550      0      0   7925   8163      -  14776   8954 
 20260925    04:47:32       0     46     72      -    100      0      0      0      0      0   8001   2550      0      0   7925   8163      -  20816   2595 
 20260925    04:47:33       0     41     74      -    100     21      0      0      0      0   8001   2550      0      0   7925   8163      -  14324   8528 
#Date        Time         gpu    pwr  gtemp  mtemp     sm    mem    enc    dec    jpg    ofa   mclk   pclk  pviol  tviol     fb   bar1   ccpm  rxpci  txpci 
#YYYYMMDD    HH:MM:SS     Idx      W      C      C      %      %      %      %      %      %    MHz    MHz      %   bool     MB     MB     MB   MB/s   MB/s 
 20260925    04:47:34       0     43     72      -    100      0      0      0      0      0   8001   2550      0      0   7925   8163      -  20752   2634 
 20260925    04:47:35       0     36     74      -    100     23      0      0      0      0   8001   2550      0      0   7925   8163      -  14766   8563 
 20260925    04:47:36       0     48     72      -    100      1      0      0      0      0   8001   2550      0      0   7925   8163      -  20690   2689 
 20260925    04:47:37       0     33     72      -    100      0      0      0      0      0   8001   2550      0      0   7925   8163      -  15605   7672 
 20260925    04:47:39       0     51     74      -    100     22      0      0      0      0   8001   2550      0      0   7925   8163      -  19872   9668 
 20260925    04:47:40       0     34     72      -    100      0      0      0      0      0   8001   2550      0      0   7925   8163      -  15205   9237 
 20260925    04:47:41       0     49     75      -    100     28      0      0      0      0   8001   2550      0      0   7925   8163      -  15294   2830 
 20260925    04:47:42       0     33     72      -    100      0      0      0      0      0   8001   2550      0      0   7925   8163      -  21019   2696 
 20260925    04:47:43       0     43     74      -    100     28      0      0      0      0   8001   2550      0      0   7925   8163      -  15042   8030 
 20260925    04:47:44       0     44     73      -    100      0      0      0      0      0   8001   2550      0      0   7925   8163      -  20219   2927 
 20260925    04:47:45       0     35     73      -    100      0      0      0      0      0   8001   2550      0      0   7925   8163      -  15821   7927 
 20260925    04:47:46       0     52     75      -    100     30      0      0      0      0   8001   2550      0      0   7925   8163      -  20420   7552 
 20260925    04:47:47       0     32     73      -    100      0      0      0      0      0   8001   2550      0      0   7925   8163      -  20753   2659 
 20260925    04:47:48       0     42     75      -    100     27      0      0      0      0   8001   2550      0      0   7925   8163      -  16299  10184 
 20260925    04:47:49       0     33     73      -    100      0      0      0      0      0   8001   2550      0      0   7925   8163      -  20321   2632 
 20260925    04:47:50       0     39     76      -    100     35      0      0      0      0   8001   2550      0      0   7925   8163      -  15342   7403 
 20260925    04:47:51       0     50     74      -    100      4      0      0      0      0   8001   2550      0      0   7925   8163      -  20896   2672 
 20260925    04:47:52       0     33     74      -    100      0      0      0      0      0   8001   2550      0      0   7925   8163      -  20482   6995 
 20260925    04:47:53       0     44     76      -    100     27      0      0      0      0   8001   2550      0      0   7925   8163      -  16548   7192 
 20260925    04:47:55       0     37     74      -    100      0      0      0      0      0   8001   2550      0      0   7925   8163      -  20655   2554 
 20260925    04:47:56       0     33     74      -    100      0      0      0      0      0   8001   2550      0      0   7925   8163      -  15325   9189 
 20260925    04:47:57       0     40     74      -    100      0      0      0      0      0   8001   2550      0      0   7925   8163      -  20811   2620 
 20260925    04:47:58       0     33     74      -    100      0      0      0      0      0   8001   2550      0      0   7925   8163      -  21007   2660 
 20260925    04:47:59       0     46     77      -    100     37      0      0      0      0   8001   2550      0      0   7925   8163      -  14262   9077 
 20260925    04:48:00       0     41     75      -    100      0      0      0      0      0   8001   2550      0      0   7925   8163      -  20650   2615 
 20260925    04:48:01       0     33     74      -    100      0      0      0      0      0   8001   2550      0      0   7925   8163      -  18087  10078 
 20260925    04:48:02       0     50     77      -    100     34      0      0      0      0   8001   2550      0      0   7925   8163      -  20197   2737 
 20260925    04:48:03       0     36     75      -    100      0      0      0      0      0   8001   2550      0      0   7925   8163      -  20113   2620 
 20260925    04:48:04       0     33     75      -    100      0      0      0      0      0   8001   2550      0      0   7925   8163      -  16307   6519 
 20260925    04:48:05       0     50     76      -    100      1      0      0      0      0   8001   2550      0      0   7925   8163      -  41601   2776 
 20260925    04:48:06       0     33     75      -    100      0      0      0      0      0   8001   2550      0      0   7925   8163      -  18956   7931 
 20260925    04:48:07       0     54     77      -    100     35      0      0      0      0   8001   2550      0      0   7925   8163      -  17612  10208 
 20260925    04:48:08       0     36     75      -    100      0      0      0      0      0   8001   2550      0      0   7925   8163      -  20326   2614 
 20260925    04:48:10       0     33     76      -    100      0      0      0      0      0   8001   2550      0      0   7925   8163      -  20310   2579 
 20260925    04:48:11       0     65     78      -    100     37      0      0      0      0   8001   2550      0      0   7925   8163      -  16392   6388 
 20260925    04:48:12       0     35     76      -    100      0      0      0      0      0   8001   2550      0      0   7925   8163      -  20176   2666 
 20260925    04:48:13       0     33     75      -    100      0      0      0      0      0   8001   2550      0      0   7925   8163      -  14791   6071 
 20260925    04:48:14       0     56     78      -    100     37      0      0      0      0   8001   2550      0      0   7925   8163      -  15483   5815 
 20260925    04:48:15       0     41     76      -    100      0      0      0      0      0   8001   2550      0      0   7925   8163      -  20414   2550 
 20260925    04:48:16       0     33     76      -    100      0      0      0      0      0   8001   2550      0      0   7925   8163      -  14504   8895 
 20260925    04:48:17       0     50     79      -    100     35      0      0      0      0   8001   2550      0      0   7925   8163      -  16178   5737 
 20260925    04:48:18       0     43     76      -    100      0      0      0      0      0   8001   2550      0      0   7925   8163      -  15200   3501 
 20260925    04:48:19       0     34     76      -    100      0      0      0      0      0   8001   2550      0      0   7925   8163      -  15587   8418 
 20260925    04:48:20       0     56     78      -    100     36      0      0      0      0   8001   2550      0      0   7925   8163      -  17983   6994 
#Date        Time         gpu    pwr  gtemp  mtemp     sm    mem    enc    dec    jpg    ofa   mclk   pclk  pviol  tviol     fb   bar1   ccpm  rxpci  txpci 
#YYYYMMDD    HH:MM:SS     Idx      W      C      C      %      %      %      %      %      %    MHz    MHz      %   bool     MB     MB     MB   MB/s   MB/s 
 20260925    04:48:21       0     34     76      -    100      0      0      0      0      0   8001   2550      0      0   7925   8163      -  15283   2603 
 20260925    04:48:22       0     35     76      -    100     18      0      0      0      0   8001   2550      0      0   7925   8163      -  14283   6771 
 20260925    04:48:23       0     55     79      -    100     33      0      0      0      0   8001   2550      0      0   7925   8163      -  14700   8222 
 20260925    04:48:24       0     33     76      -    100      0      0      0      0      0   8001   2550      0      0   7925   8163      -  20520   8875 
 20260925    04:48:25       0     34     77      -    100      0      0      0      0      0   8001   2550      0      0   7925   8163      -  18610   9124 
 20260925    04:48:27       0     56     79      -    100     33      0      0      0      0   8001   2550      0      0   7925   8163      -  19438   9353 
 20260925    04:48:28       0     33     77      -    100      0      0      0      0      0   8001   2550      0      0   7925   8163      -  20874   2660 
 20260925    04:48:29       0     33     77      -    100      0      0      0      0      0   8001   2550      0      0   7925   8163      -  14785   8100 
 20260925    04:48:30       0     56     79      -    100     37      0      0      0      0   8001   2550      0      0   7925   8163      -  15940   6234 
 20260925    04:48:31       0     34     77      -    100      0      0      0      0      0   8001   2550      0      0   7925   8163      -  17020   2553 
 20260925    04:48:32       0     34     77      -    100      0      0      0      0      0   8001   2550      0      0   7925   8163      -  20992   2593 
 20260925    04:48:33       0     51     80      -    100     35      0      0      0      0   8001   2550      0      0   7925   8163      -  15639   5237 
 20260925    04:48:34       0     45     78      -    100      2      0      0      0      0   8001   2550      0      0   7925   8163      -  21003   2581 
 20260925    04:48:35       0     34     77      -    100      0      0      0      0      0   8001   2550      0      0   7925   8163      -  19898   7127 
 20260925    04:48:36       0     38     80      -    100     35      0      0      0      0   8001   2550      0      0   7925   8163      -  15053   7982 
 20260925    04:48:37       0     46     78      -    100      0      0      0      0      0   8001   2550      0      0   7925   8163      -  19116   2567 
 20260925    04:48:38       0     34     78      -    100      0      0      0      0      0   8001   2550      0      0   7925   8163      -  14198   2642 
 20260925    04:48:39       0     57     79      -    100     38      0      0      0      0   8001   2550      0      0   7925   8163      -  18375  10165 
 20260925    04:48:40       0     57     80      -    100     36      0      0      0      0   8001   2550      0      0   7925   8163      -  21278   2732 
 20260925    04:48:41       0     34     78      -    100      0      0      0      0      0   8001   2550      0      0   7925   8163      -  15141   2610 
 20260925    04:48:43       0     34     78      -    100      0      0      0      0      0   8001   2550      0      0   7925   8163      -  18481  10109 
 20260925    04:48:44       0     58     81      -    100     37      0      0      0      0   8001   2550      0      0   7925   8163      -  15144   5151 
 20260925    04:48:45       0     35     78      -    100      0      0      0      0      0   8001   2550      0      0   7925   8163      -  20877   2621 
 20260925    04:48:46       0     34     78      -    100      0      0      0      0      0   8001   2550      0      0   7925   8163      -  20974   2574 
 20260925    04:48:47       0     57     81      -    100     37      0      0      0      0   8001   2550      0      0   7925   8163      -  14741   4326 
 20260925    04:48:48       0     53     79      -    100      3      0      0      0      0   8001   2550      0      0   7925   8163      -  20784   2607 
 20260925    04:48:49       0     34     78      -    100      0      0      0      0      0   8001   2550      0      0   7925   8163      -  20958   2742 
 20260925    04:48:50       0     34     78      -    100      0      0      0      0      0   8001   2550      0      0   7925   8163      -  14177   5527 
 20260925    04:48:51       0     55     81      -    100     38      0      0      0      0   8001   2550      0      0   7925   8163      -  16883   9279 
 20260925    04:48:52       0     41     79      -    100      0      0      0      0      0   8001   2550      0      0   7925   8163      -  20898   2589 
 20260925    04:48:53       0     35     79      -    100      0      0      0      0      0   8001   2550      0      0   7925   8163      -  20587   2650 
 20260925    04:48:54       0     58     82      -    100     38      0      0      0      0   8001   2550      0      0   7925   8163      -  14160   7985 
 20260925    04:48:55       0     36     79      -    100      1      0      0      0      0   8001   2550      0      0   7925   8163      -  21028   2571 
 20260925    04:48:56       0     35     79      -    100      0      0      0      0      0   8001   2550      0      0   7925   8163      -  18263   7028 
 20260925    04:48:57       0     35     81      -     99     19      0      0      0      0   8001   2550      0      0   7925   8163      -  17861  10158 
 20260925    04:48:59       0     58     82      -    100     37      0      0      0      0   8001   2550      0      0   7925   8163      -  15133   8099 
 20260925    04:49:00       0     34     79      -    100      0      0      0      0      0   8001   2550      0      0   7925   8163      -  20145   2592 
 20260925    04:49:01       0     34     79      -    100      0      0      0      0      0   8001   2550      0      0   7925   8163      -  20638   2570 
 20260925    04:49:02       0     50     82      -    100     39      0      0      0      0   8001   2550      0      0   7925   8163      -  16236   8131 
 20260925    04:49:03       0     51     80      -    100      3      0      0      0      0   8001   2550      0      0   7925   8163      -  20859   2632 
 20260925    04:49:04       0     35     79      -    100      0      0      0      0      0   8001   2550      0      0   7925   8163      -  19464   2618 
 20260925    04:49:05       0     34     79      -    100      0      0      0      0      0   8001   2550      0      0   7925   8163      -  19825  10135 
 20260925    04:49:06       0     59     83      -    100     38      0      0      0      0   8001   2550      0      0   7925   8163      -  14692   4318 
 20260925    04:49:07       0     50     80      -    100      0      0      0      0      0   8001   2550      0      0   7925   8163      -  20132   2638 
#Date        Time         gpu    pwr  gtemp  mtemp     sm    mem    enc    dec    jpg    ofa   mclk   pclk  pviol  tviol     fb   bar1   ccpm  rxpci  txpci 
#YYYYMMDD    HH:MM:SS     Idx      W      C      C      %      %      %      %      %      %    MHz    MHz      %   bool     MB     MB     MB   MB/s   MB/s 
 20260925    04:49:08       0     35     80      -    100      0      0      0      0      0   8001   2550      0      0   7925   8163      -  20092   2641 
 20260925    04:49:09       0     35     81      -    100      0      0      0      0      0   8001   2550      0      0   7925   8163      -  18563  10092 
 20260925    04:49:10       0     59     83      -    100     38      0      0      0      0   8001   2550      0      0   7925   8163      -  21158   2643 
 20260925    04:49:11       0     35     81      -    100      0      0      0      0      0   8001   2550      0      0   7925   8163      -  21791   2508 
 20260925    04:49:12       0     35     80      -    100      0      0      0      0      0   8001   2550      0      0   7925   8163      -  20169   2579 
 20260925    04:49:13       0     58     83      -    100     38      0      0      0      0   8001   2550      0      0   7925   8163      -  16924   6840 
 20260925    04:49:14       0     59     82      -    100     41      0      0      0      0   8001   2550      0      0   7925   8163      -  20057   2654 
 20260925    04:49:16       0     35     81      -    100      0      0      0      0      0   8001   2550      0      0   7925   8163      -  21209   2570 
 20260925    04:49:17       0     35     80      -    100      0      0      0      0      0   8001   2550      0      0   7925   8163      -  13989   6290 
 20260925    04:49:18       0     58     83      -    100     38      0      0      0      0   8001   2550      0      0   7925   8163      -  15524   5138 
 20260925    04:49:19       0     36     81      -    100      0      0      0      0      0   8001   2550      0      0   7925   8163      -  19701   8175 
 20260925    04:49:20       0     35     81      -    100      0      0      0      0      0   8001   2550      0      0   7925   8163      -  20310   2550 
 20260925    04:49:21       0     34     82      -    100      0      0      0      0      0   8001   2550      0      0   7925   8163      -  14829   4726 
 20260925    04:49:22       0     51     83      -    100     38      0      0      0      0   8001   2550      0      0   7925   8163      -  20357   9973 
 20260925    04:49:23       0     50     81      -    100      0      0      0      0      0   8001   2550      0      0   7925   8163      -  20192   2616 
 20260925    04:49:24       0     35     81      -    100      0      0      0      0      0   8001   2550      0      0   7925   8163      -  20251   2560 
 20260925    04:49:25       0     35     81      -    100      0      0      0      0      0   8001   2550      0      0   7925   8163      -  17058   7679 
 20260925    04:49:26       0     60     84      -    100     37      0      0      0      0   8001   2550      0      0   7925   8163      -  14813   6806 
 20260925    04:49:27       0     42     81      -    100      0      0      0      0      0   8001   2550      0      0   7925   8163      -  20370   2522 
 20260925    04:49:28       0     35     82      -    100      0      0      0      0      0   8001   2550      0      0   7925   8163      -  20217   2554 
 20260925    04:49:29       0     59     84      -    100     39      0      0      0      0   8001   2550      0      0   7925   8163      -  19815  10107 
 20260925    04:49:30       0     60     84      -    100     38      0      0      0      0   8001   2430      0      0   7925   8163      -  17988   7585 
 20260925    04:49:32       0     38     81      -    100      0      0      0      0      0   8001   2550      0      0   7925   8163      -  20458   9575 
 20260925    04:49:33       0     35     81      -    100      0      0      0      0      0   8001   2550      0      0   7925   8163      -  18135   2526 
 20260925    04:49:34       0     45     83      -    100     37      0      0      0      0   8001   2340      0      0   7925   8163      -  17932   8265 
 20260925    04:49:35       0     54     84      -    100     37      0      0      0      0   8001   2415      0      0   7925   8163      -  20791   2698 
 20260925    04:49:36       0     35     82      -    100      0      0      0      0      0   8001   2550      0      0   7925   8163      -  18361   2680 
 20260925    04:49:37       0     36     82      -    100      0      0      0      0      0   8001   2550      0      0   7925   8163      -  20231   2601 
 20260925    04:49:38       0     55     84      -    100     41      0      0      0      0   8001   2340      0      0   7925   8163      -  17321   7256 
 20260925    04:49:39       0     53     84      -    100     38      0      0      0      0   8001   2325      0      0   7925   8163      -  20820   2659 
 20260925    04:49:40       0     38     82      -    100      0      0      0      0      0   8001   2550      0      0   7925   8163      -  15382   3892 
 20260925    04:49:41       0     36     82      -    100      0      0      0      0      0   8001   2550      0      0   7925   8163      -  20168   2621 
 20260925    04:49:42       0     45     83      -    100     47      0      0      0      0   8001   2415      0      0   7925   8163      -  17640   7961 
 20260925    04:49:43       0     53     84      -    100     38      0      0      0      0   8001   2310      0      0   7925   8163      -  19040  10080 
 20260925    04:49:44       0     36     82      -    100      0      0      0      0      0   8001   2550      0      0   7925   8163      -  20821   2581 
 20260925    04:49:45       0     35     82      -    100      0      0      0      0      0   8001   2550      0      0   7925   8163      -  20002   2641 
 20260925    04:49:46       0     40     84      -    100     36      0      0      0      0   8001   2550      0      0   7925   8163      -  15732   5876 
 20260925    04:49:48       0     51     83      -    100     48      0      0      0      0   8001   2280      0      0   7925   8163      -  18162   8624 
 20260925    04:49:49       0     36     82      -    100      0      0      0      0      0   8001   2550      0      0   7925   8163      -  20894   2632 
 20260925    04:49:50       0     35     82      -    100      0      0      0      0      0   8001   2550      0      0   7925   8163      -  20591   2566 
 20260925    04:49:51       0     61     85      -    100     46      0      0      0      0   8001   2550      0      0   7925   8163      -  18068   8038 
 20260925    04:49:52       0     52     84      -    100     39      0      0      0      0   8001   2250      0      0   7925   8163      -  19662  10181 
 20260925    04:49:53       0     35     82      -    100      0      0      0      0      0   8001   2550      0      0   7925   8163      -  18269   2597 
 20260925    04:49:54       0     36     82      -    100      0      0      0      0      0   8001   2550      0      0   7925   8163      -  20777   2541 
#Date        Time         gpu    pwr  gtemp  mtemp     sm    mem    enc    dec    jpg    ofa   mclk   pclk  pviol  tviol     fb   bar1   ccpm  rxpci  txpci 
#YYYYMMDD    HH:MM:SS     Idx      W      C      C      %      %      %      %      %      %    MHz    MHz      %   bool     MB     MB     MB   MB/s   MB/s 
 20260925    04:49:55       0     36     82      -    100      0      0      0      0      0   8001   2550      0      0   7925   8163      -  19807   9565 
 20260925    04:49:56       0     49     83      -    100     44      0      0      0      0   8001   2220      0      0   7925   8163      -  16173   5822 
 20260925    04:49:57       0     49     82      -    100     40      0      0      0      0   8001   2190      0      0   7925   8163      -  20348   2681 
 20260925    04:49:58       0     35     82      -    100      0      0      0      0      0   8001   2550      0      0   7925   8163      -  13743   2543 
 20260925    04:49:59       0     36     82      -    100      0      0      0      0      0   8001   2550      0      0   7925   8163      -  20702   2614 
 20260925    04:50:00       0     46     83      -    100     41      0      0      0      0   8001   2220      0      0   7925   8163      -  18352   7948 
 20260925    04:50:01       0     48     83      -    100     38      0      0      0      0   8001   2160      0      0   7925   8163      -  20866   2688 
 20260925    04:50:02       0     36     82      -    100      0      0      0      0      0   8001   2550      0      0   7925   8163      -  20746   2611 
 20260925    04:50:04       0     36     82      -    100      0      0      0      0      0   8001   2550      0      0   7925   8163      -  20137   2638 
 20260925    04:50:05       0     38     85      -    100     46      0      0      0      0   8001   2325      0      0   7925   8163      -  17486   6553 
 20260925    04:50:06       0     51     83      -    100     46      0      0      0      0   8001   2265      0      0   7925   8163      -  15030   5069 
 20260925    04:50:07       0     35     83      -    100      0      0      0      0      0   8001   2550      0      0   7925   8163      -  20066   2588 
 20260925    04:50:08       0     35     83      -    100      0      0      0      0      0   8001   2550      0      0   7925   8163      -  16820   2588 
 20260925    04:50:09       0     36     84      -    100      0      0      0      0      0   8001   2550      0      0   7925   8163      -  18446   7738 
 20260925    04:50:10       0     50     84      -    100     41      0      0      0      0   8001   2235      0      0   7925   8163      -  14548   4277 
 20260925    04:50:11       0     39     83      -    100      2      0      0      0      0   8001   2550      0      0   7925   8163      -  21567   2557 
 20260925    04:50:12       0     39     83      -    100      0      0      0      0      0   8001   2550      0      0   7925   8163      -  20774   2679 
 20260925    04:50:13       0     35     83      -    100      0      0      0      0      0   8001   2550      0      0   7925   8163      -  21199   2535 
 20260925    04:50:14       0     44     83      -    100     43      0      0      0      0   8001   2040      0      0   7925   8163      -  18288   7965 
 20260925    04:50:15       0     43     83      -    100     18      0      0      0      0   8001   2505      0      0   7925   8163      -  20636   2667 
 20260925    04:50:16       0     35     83      -    100      0      0      0      0      0   8001   2550      0      0   7925   8163      -  20429   2557 
 20260925    04:50:17       0     36     83      -    100      0      0      0      0      0   8001   2550      0      0   7925   8163      -  20449   2555 
 20260925    04:50:18       0     39     85      -    100     45      0      0      0      0   8001   2505      0      0   7925   8163      -  16021   6930 
 20260925    04:50:20       0     44     84      -    100     44      0      0      0      0   8001   1980      0      0   7925   8163      -  14729   4659 
 20260925    04:50:21       0     40     83      -    100      2      0      0      0      0   8001   2550      0      0   7925   8163      -  20714   2599 
 20260925    04:50:22       0     36     83      -    100      0      0      0      0      0   8001   2550      0      0   7925   8163      -  20549   2579 
 20260925    04:50:23       0     36     83      -    100      0      0      0      0      0   8001   2550      0      0   7925   8163      -  21054   2585 
 20260925    04:50:24       0     48     84      -    100     38      0      0      0      0   8001   2055      0      0   7925   8163      -  16721   9585 
 20260925    04:50:25       0     43     82      -    100     27      0      0      0      0   8001   2430      0      0   7925   8163      -  20128   2563 
 20260925    04:50:26       0     36     83      -    100      0      0      0      0      0   8001   2550      0      0   7925   8163      -  20517   2543 
 20260925    04:50:27       0     36     83      -    100      0      0      0      0      0   8001   2550      0      0   7925   8163      -  20447   2647 
 20260925    04:50:28       0     36     84      -    100      0      0      0      0      0   8001   2550      0      0   7925   8163      -  16462   8175 
 20260925    04:50:29       0     43     83      -    100     43      0      0      0      0   8001   1890      0      0   7925   8163      -  19599   9997 
 20260925    04:50:30       0     37     83      -    100      0      0      0      0      0   8001   2550      0      0   7925   8163      -  20687   7247 
 20260925    04:50:31       0     36     83      -    100      0      0      0      0      0   8001   2550      0      0   7925   8163      -  24808   2619 
 20260925    04:50:32       0     36     83      -    100      1      0      0      0      0   8001   2520      0      0   7925   8163      -  20458   2598 
 20260925    04:50:33       0     47     84      -    100     51      0      0      0      0   8001   2070      0      0   7925   8163      -  14237   4094 
 20260925    04:50:34       0     41     83      -    100     49      0      0      0      0   8001   1905      0      0   7925   8163      -  20266   2606 
 20260925    04:50:36       0     35     83      -    100      0      0      0      0      0   8001   2535      0      0   7925   8163      -  20343   2599 
 20260925    04:50:37       0     38     83      -    100      0      0      0      0      0   8001   2535      0      0   7925   8163      -  21055   2585 
 20260925    04:50:38       0     35     83      -    100      0      0      0      0      0   8001   2550      0      0   7925   8163      -  14570   4225 
 20260925    04:50:39       0     46     83      -    100     48      0      0      0      0   8001   1935      0      0   7925   8163      -  14945   4069 
 20260925    04:50:40       0     40     84      -    100      2      0      0      0      0   8001   2490      0      0   7925   8163      -  21061   2613 
 20260925    04:50:41       0     37     83      -    100      0      0      0      0      0   8001   2295      0      0   7925   8163      -  20876   2548 
#Date        Time         gpu    pwr  gtemp  mtemp     sm    mem    enc    dec    jpg    ofa   mclk   pclk  pviol  tviol     fb   bar1   ccpm  rxpci  txpci 
#YYYYMMDD    HH:MM:SS     Idx      W      C      C      %      %      %      %      %      %    MHz    MHz      %   bool     MB     MB     MB   MB/s   MB/s 
 20260925    04:50:42       0     35     83      -    100      0      0      0      0      0   8001   2505      0      0   7925   8163      -  20458   9719 
 20260925    04:50:43       0     35     83      -    100      6      0      0      0      0   8001   1920      0      0   7925   8163      -  15715   3975 
 20260925    04:50:44       0     32     83      -    100      5      0      0      0      0   8001   1965      0      0   7925   8163      -  20323   2528 
 20260925    04:50:45       0     33     83      -    100      0      0      0      0      0   8001   2550      0      0   7925   8163      -  20281   2628 
 20260925    04:50:46       0     35     83      -    100      0      0      0      0      0   8001   2550      0      0   7925   8163      -  20816   3472 
 20260925    04:50:47       0     35     82      -     12      2      0      0      0      0   8001   2550      0      0   7925   8163      -      0      0 
 20260925    04:50:48       0     28     82      -      0      0      0      0      0      0   8001   2550      0      0   7925   8163      -      0      0 
 20260925    04:50:49       0     11     81      -      0      0      0      0      0      0    810    540      0      0   7925   8163      -      0      0 
 20260925    04:50:50       0      5     80      -      0      0      0      0      0      0    810    345      0      0   7925   8163      -      0      0 
 20260925    04:50:52       0      2     80      -      0      0      0      0      0      0    405    225      0      0   7925   8163      -      0      0 
 20260925    04:50:53       0      2     79      -      0      0      0      0      0      0    405    210      0      0   7925   8163      -      0      0 
 20260925    04:50:54       0      2     79      -      0      0      0      0      0      0    405    210      0      0   7925   8163      -      0      0 
 20260925    04:50:55       0      2     79      -      0      0      0      0      0      0    405    210      0      0   7925   8163      -      0      0 
 20260925    04:50:56       0      2     79      -      0      0      0      0      0      0    405    210      0      0   7925   8163      -      3      0 
 20260925    04:50:57       0      2     78      -      0      0      0      0      0      0    405    210      0      0   7925   8163      -      0      0 
 20260925    04:50:58       0      2     78      -      0      0      0      0      0      0    405    210      0      0   7925   8163      -      0      0 
 20260925    04:50:59       0      2     78      -      0      0      0      0      0      0    405    210      0      0   7925   8163      -      0      0 
 20260925    04:51:00       0      2     78      -      0      0      0      0      0      0    405    210      0      0   7925   8163      -      0      0 
 20260925    04:51:01       0      2     78      -      0      0      0      0      0      0    405    210      0      0   7925   8163      -      0      0 
 20260925    04:51:02       0      2     77      -      0      0      0      0      0      0    405    210      0      0   7925   8163      -      0      0 
 20260925    04:51:03       0      2     77      -      0      0      0      0      0      0    405    210      0      0   7925   8163      -      0      0 
 20260925    04:51:04       0      2     77      -      0      0      0      0      0      0    405    210      0      0   7925   8163      -      0      0 
 20260925    04:51:05       0      2     77      -      0      0      0      0      0      0    405    210      0      0   7925   8163      -      0      0 
 20260925    04:51:06       0      2     77      -      0      0      0      0      0      0    405    210      0      0   7925   8163      -      0      0 
 20260925    04:51:08       0      2     76      -      0      0      0      0      0      0    405    210      0      0   7925   8163      -      0      0 
 20260925    04:51:09       0      2     76      -      0      0      0      0      0      0    405    210      0      0   7925   8163      -      0      0 
 20260925    04:51:10       0      2     76      -      0      0      0      0      0      0    405    210      0      0   7925   8163      -      0      1 
 20260925    04:51:11       0      2     76      -      0      0      0      0      0      0    405    210      0      0   7925   8163      -      0      0 
 20260925    04:51:12       0      2     76      -      0      0      0      0      0      0    405    210      0      0   7925   8163      -      0      0 
 20260925    04:51:13       0      2     76      -      0      0      0      0      0      0    405    210      0      0   7925   8163      -      0      0 
 20260925    04:51:14       0      2     75      -      0      0      0      0      0      0    405    210      0      0   7925   8163      -      0      2 
 20260925    04:51:15       0      2     75      -      0      0      0      0      0      0    405    210      0      0   7925   8163      -      0      0 
 20260925    04:51:16       0      2     75      -      0      0      0      0      0      0    405    210      0      0   7925   8163      -      0      0 
 20260925    04:51:17       0      2     75      -      0      0      0      0      0      0    405    210      0      0   7925   8163      -      0      0 
 20260925    04:51:18       0      2     75      -      0      0      0      0      0      0    405    210      0      0   7925   8163      -      0      0 
 20260925    04:51:19       0      2     75      -      0      0      0      0      0      0    405    210      0      0   7925   8163      -      0      0 
 20260925    04:51:20       0      2     74      -      0      0      0      0      0      0    405    210      0      0   7925   8163      -      0      0 
 20260925    04:51:21       0      2     74      -      0      0      0      0      0      0    405    210      0      0   7925   8163      -      0      0 
 20260925    04:51:22       0      2     74      -      0      0      0      0      0      0    405    210      0      0   7925   8163      -      0      0 
 20260925    04:51:24       0      2     74      -      0      0      0      0      0      0    405    210      0      0   7925   8163      -      0      0 
 20260925    04:51:25       0      2     74      -      0      0      0      0      0      0    405    210      0      0   7925   8163      -      0      0 
 20260925    04:51:26       0      2     74      -      0      0      0      0      0      0    405    210      0      0   7925   8163      -      0      0 
 20260925    04:51:27       0      2     74      -      0      0      0      0      0      0    405    210      0      0   7925   8163      -      0      0 
 20260925    04:51:28       0      2     73      -      0      0      0      0      0      0    405    210      0      0   7925   8163      -      0      0 
#Date        Time         gpu    pwr  gtemp  mtemp     sm    mem    enc    dec    jpg    ofa   mclk   pclk  pviol  tviol     fb   bar1   ccpm  rxpci  txpci 
#YYYYMMDD    HH:MM:SS     Idx      W      C      C      %      %      %      %      %      %    MHz    MHz      %   bool     MB     MB     MB   MB/s   MB/s 
 20260925    04:51:29       0      2     73      -      0      0      0      0      0      0    405    210      0      0   7925   8163      -      0      0 
 20260925    04:51:30       0      2     73      -      0      0      0      0      0      0    405    210      0      0   7925   8163      -      0      0 
 20260925    04:51:31       0      2     73      -      0      0      0      0      0      0    405    210      0      0   7925   8163      -      0      0 
 20260925    04:51:32       0      2     73      -      0      0      0      0      0      0    405    210      0      0   7925   8163      -      3      0 
 20260925    04:51:33       0      2     73      -      0      0      0      0      0      0    405    210      0      0   7925   8163      -      0      0 
 20260925    04:51:34       0      2     73      -      0      0      0      0      0      0    405    210      0      0   7925   8163      -      0      1 
 20260925    04:51:35       0      2     72      -      0      0      0      0      0      0    405    210      0      0   7925   8163      -      0      0 
 20260925    04:51:36       0      2     72      -      0      0      0      0      0      0    405    210      0      0   7925   8163      -      0      0 
 20260925    04:51:37       0      2     72      -      0      0      0      0      0      0    405    210      0      0   7925   8163      -      0      0 
 20260925    04:51:38       0      2     72      -      0      0      0      0      0      0    405    210      0      0   7925   8163      -      0      0 
 20260925    04:51:40       0      2     72      -      0      0      0      0      0      0    405    210      0      0   7925   8163      -      0      0 
 20260925    04:51:41       0      2     72      -      0      0      0      0      0      0    405    210      0      0   7925   8163      -      0      0 
 20260925    04:51:42       0      2     72      -      0      0      0      0      0      0    405    210      0      0   7925   8163      -      0      0 
 20260925    04:51:43       0      2     72      -      0      0      0      0      0      0    405    210      0      0   7925   8163      -      0      0 
 20260925    04:51:44       0      2     72      -      0      0      0      0      0      0    405    210      0      0   7925   8163      -      0      0 
 20260925    04:51:45       0      2     72      -      0      0      0      0      0      0    405    210      0      0   7925   8163      -      0      0 
 20260925    04:51:46       0      2     72      -      0      0      0      0      0      0    405    210      0      0   7925   8163      -      0      0 
 20260925    04:51:47       0      2     71      -      0      0      0      0      0      0    405    210      0      0   7925   8163      -      0      0 
 20260925    04:51:48       0      2     71      -      0      0      0      0      0      0    405    210      0      0   7925   8163      -      0      0 
 20260925    04:51:49       0      2     71      -      0      0      0      0      0      0    405    210      0      0   7925   8163      -      0      2 
 20260925    04:51:50       0      2     71      -      0      0      0      0      0      0    405    210      0      0   7925   8163      -      3      0 
 20260925    04:51:51       0      2     71      -      0      0      0      0      0      0    405    210      0      0   7925   8163      -      0      0 
 20260925    04:51:52       0      2     71      -      0      0      0      0      0      0    405    210      0      0   7925   8163      -      0      0 
 20260925    04:51:53       0      2     71      -      0      0      0      0      0      0    405    210      0      0   7925   8163      -      0      0 
 20260925    04:51:54       0      2     71      -      0      0      0      0      0      0    405    210      0      0   7925   8163      -      0      0 
 20260925    04:51:55       0      2     71      -      0      0      0      0      0      0    405    210      0      0   7925   8163      -      0      0 
 20260925    04:51:57       0      2     71      -      0      0      0      0      0      0    405    210      0      0   7925   8163      -      0      0 
 20260925    04:51:58       0      2     71      -      0      0      0      0      0      0    405    210      0      0   7925   8163      -      0      0 
 20260925    04:51:59       0      2     70      -      0      0      0      0      0      0    405    210      0      0   7925   8163      -      0      1 
 20260925    04:52:00       0      2     70      -      0      0      0      0      0      0    405    210      0      0   7925   8163      -      0      0 
 20260925    04:52:01       0      2     70      -      0      0      0      0      0      0    405    210      0      0   7925   8163      -      0      0 
 20260925    04:52:02       0      2     70      -      0      0      0      0      0      0    405    210      0      0   7925   8163      -      0      0 
 20260925    04:52:03       0      2     70      -      0      0      0      0      0      0    405    210      0      0   7925   8163      -      0      0 
 20260925    04:52:04       0      2     70      -      0      0      0      0      0      0    405    210      0      0   7925   8163      -      0      0 
 20260925    04:52:05       0      2     70      -      0      0      0      0      0      0    405    210      0      0   7925   8163      -      0      0 
 20260925    04:52:06       0      2     70      -      0      0      0      0      0      0    405    210      0      0   7925   8163      -      0      1 
 20260925    04:52:07       0      2     70      -      0      0      0      0      0      0    405    210      0      0   7925   8163      -      0      2 
 20260925    04:52:08       0      2     70      -      0      0      0      0      0      0    405    210      0      0   7925   8163      -      0      0 
 20260925    04:52:09       0      2     70      -      0      0      0      0      0      0    405    210      0      0   7925   8163      -      0      0 
 20260925    04:52:10       0      2     70      -      0      0      0      0      0      0    405    210      0      0   7925   8163      -      0      0 
 20260925    04:52:11       0      2     69      -      0      0      0      0      0      0    405    210      0      0   7925   8163      -      0      0 
 20260925    04:52:13       0      2     69      -      0      0      0      0      0      0    405    210      0      0   7925   8163      -      0      0 
 20260925    04:52:14       0      2     69      -      0      0      0      0      0      0    405    210      0      0   7925   8163      -      0      0 
 20260925    04:52:15       0      2     69      -      0      0      0      0      0      0    405    210      0      0   7925   8163      -      0      0 
#Date        Time         gpu    pwr  gtemp  mtemp     sm    mem    enc    dec    jpg    ofa   mclk   pclk  pviol  tviol     fb   bar1   ccpm  rxpci  txpci 
#YYYYMMDD    HH:MM:SS     Idx      W      C      C      %      %      %      %      %      %    MHz    MHz      %   bool     MB     MB     MB   MB/s   MB/s 
 20260925    04:52:16       0      2     69      -      0      0      0      0      0      0    405    210      0      0   7925   8163      -      0      0 
 20260925    04:52:17       0      2     69      -      0      0      0      0      0      0    405    210      0      0   7925   8163      -      0      0 
 20260925    04:52:18       0      2     69      -      0      0      0      0      0      0    405    210      0      0   7925   8163      -      0      0 
 20260925    04:52:19       0      2     69      -      0      0      0      0      0      0    405    210      0      0   7925   8163      -      0      0 
 20260925    04:52:20       0      2     69      -      0      0      0      0      0      0    405    210      0      0   7925   8163      -      0      0 
 20260925    04:52:21       0      2     69      -      0      0      0      0      0      0    405    210      0      0   7925   8163      -      0      0 
 20260925    04:52:22       0      2     69      -      0      0      0      0      0      0    405    210      0      0   7925   8163      -      0      1 
 20260925    04:52:23       0      2     69      -      0      0      0      0      0      0    405    210      0      0   7925   8163      -      0      0 
 20260925    04:52:24       0      2     69      -      0      0      0      0      0      0    405    210      0      0   7925   8163      -      0      0 
 20260925    04:52:25       0      2     69      -      0      0      0      0      0      0    405    210      0      0   7925   8163      -      3      0 
 20260925    04:52:26       0      2     68      -      0      0      0      0      0      0    405    210      0      0   7925   8163      -      0      0 
 20260925    04:52:27       0      2     68      -      0      0      0      0      0      0    405    210      0      0   7925   8163      -      0      0 
 20260925    04:52:29       0      2     68      -      0      0      0      0      0      0    405    210      0      0   7925   8163      -      0      0 
 20260925    04:52:30       0      2     68      -      0      0      0      0      0      0    405    210      0      0   7925   8163      -      0      1 
 20260925    04:52:31       0      2     68      -      0      0      0      0      0      0    405    210      0      0   7925   8163      -      0      0 
 20260925    04:52:32       0      2     68      -      0      0      0      0      0      0    405    210      0      0   7925   8163      -      0      0 
 20260925    04:52:33       0      2     68      -      0      0      0      0      0      0    405    210      0      0   7925   8163      -      0      0 
 20260925    04:52:34       0      2     68      -      0      0      0      0      0      0    405    210      0      0   7925   8163      -      0      0 
 20260925    04:52:35       0      2     68      -      0      0      0      0      0      0    405    210      0      0   7925   8163      -      0      0 
 20260925    04:52:36       0      2     68      -      0      0      0      0      0      0    405    210      0      0   7925   8163      -      0      0 
 20260925    04:52:37       0      2     68      -      0      0      0      0      0      0    405    210      0      0   7925   8163      -      0      0 
 20260925    04:52:38       0      2     68      -      0      0      0      0      0      0    405    210      0      0   7925   8163      -      0      0 
 20260925    04:52:39       0      2     68      -      0      0      0      0      0      0    405    210      0      0   7925   8163      -      0      0 
 20260925    04:52:40       0      2     68      -      0      0      0      0      0      0    405    210      0      0   7925   8163      -      0      0 
 20260925    04:52:41       0      2     68      -      0      0      0      0      0      0    405    210      0      0   7925   8163      -      0      2 
 20260925    04:52:42       0      2     68      -      0      0      0      0      0      0    405    210      0      0   7925   8163      -      0      0 
 20260925    04:52:44       0      2     67      -      0      0      0      0      0      0    405    210      0      0   7925   8163      -      0      0 
 20260925    04:52:45       0      2     67      -      0      0      0      0      0      0    405    210      0      0   7925   8163      -      0      0 
 20260925    04:52:46       0      2     67      -      0      0      0      0      0      0    405    210      0      0   7925   8163      -      0      1 
 20260925    04:52:47       0      2     67      -      0      0      0      0      0      0    405    210      0      0   7925   8163      -      0      0 
 20260925    04:52:48       0      2     67      -      0      0      0      0      0      0    405    210      0      0   7925   8163      -      0      0 
 20260925    04:52:49       0      2     67      -      0      0      0      0      0      0    405    210      0      0   7925   8163      -      0      0 
 20260925    04:52:50       0      2     67      -      0      0      0      0      0      0    405    210      0      0   7925   8163      -      0      0 
 20260925    04:52:51       0      2     67      -      0      0      0      0      0      0    405    210      0      0   7925   8163      -      3      0 
 20260925    04:52:52       0      2     67      -      0      0      0      0      0      0    405    210      0      0   7925   8163      -      0      0 
 20260925    04:52:53       0      2     67      -      0      0      0      0      0      0    405    210      0      0   7925   8163      -      0      0 
 20260925    04:52:54       0      2     67      -      0      0      0      0      0      0    405    210      0      0   7925   8163      -      0      0 
 20260925    04:52:55       0      2     67      -      0      0      0      0      0      0    405    210      0      0   7925   8163      -      0      0 
 20260925    04:52:56       0      2     67      -      0      0      0      0      0      0    405    210      0      0   7925   8163      -      0      0 
 20260925    04:52:57       0      2     67      -      0      0      0      0      0      0    405    210      0      0   7925   8163      -      0      0 
 20260925    04:52:58       0      2     67      -      0      0      0      0      0      0    405    210      0      0   7925   8163      -      0      0 
 20260925    04:53:00       0      2     67      -      0      0      0      0      0      0    405    210      0      0   7925   8163      -      3      0 
 20260925    04:53:01       0      2     67      -      0      0      0      0      0      0    405    210      0      0   7925   8163      -      0      0 
 20260925    04:53:02       0      2     67      -      0      0      0      0      0      0    405    210      0      0   7925   8163      -      0      0 
#Date        Time         gpu    pwr  gtemp  mtemp     sm    mem    enc    dec    jpg    ofa   mclk   pclk  pviol  tviol     fb   bar1   ccpm  rxpci  txpci 
#YYYYMMDD    HH:MM:SS     Idx      W      C      C      %      %      %      %      %      %    MHz    MHz      %   bool     MB     MB     MB   MB/s   MB/s 
 20260925    04:53:03       0      2     66      -      0      0      0      0      0      0    405    210      0      0   7925   8163      -      0      0 
 20260925    04:53:04       0      2     66      -      0      0      0      0      0      0    405    210      0      0   7925   8163      -      0      0 
 20260925    04:53:05       0      2     66      -      0      0      0      0      0      0    405    210      0      0   7925   8163      -      0      0 
 20260925    04:53:06       0      2     66      -      0      0      0      0      0      0    405    210      0      0   7925   8163      -      0      0 
 20260925    04:53:07       0      2     66      -      0      0      0      0      0      0    405    210      0      0   7925   8163      -      0      0 
 20260925    04:53:08       0      2     66      -      0      0      0      0      0      0    405    210      0      0   7925   8163      -      0      0 
 20260925    04:53:09       0      2     66      -      0      0      0      0      0      0    405    210      0      0   7925   8163      -      0      0 
 20260925    04:53:10       0      2     66      -      0      0      0      0      0      0    405    210      0      0   7925   8163      -      0      0 
 20260925    04:53:11       0      2     66      -      0      0      0      0      0      0    405    210      0      0   7925   8163      -      3      0 
 20260925    04:53:12       0      2     66      -      0      0      0      0      0      0    405    210      0      0   7925   8163      -      0      0 
 20260925    04:53:13       0      2     66      -      0      0      0      0      0      0    405    210      0      0   7925   8163      -      0      0 
 20260925    04:53:15       0      2     66      -      0      0      0      0      0      0    405    210      0      0   7925   8163      -      0      0 
 20260925    04:53:16       0      2     66      -      0      0      0      0      0      0    405    210      0      0   7925   8163      -      0      1 
 20260925    04:53:17       0      2     66      -      0      0      0      0      0      0    405    210      0      0   7925   8163      -      0      1 
 20260925    04:53:18       0      2     66      -      0      0      0      0      0      0    405    210      0      0   7925   8163      -      0      0 
 20260925    04:53:19       0      2     66      -      0      0      0      0      0      0    405    210      0      0   7925   8163      -      0      0 
 20260925    04:53:20       0      2     66      -      0      0      0      0      0      0    405    210      0      0   7925   8163      -      0      0 
 20260925    04:53:21       0      2     66      -      0      0      0      0      0      0    405    210      0      0   7925   8163      -      0      0 
 20260925    04:53:22       0      2     66      -      0      0      0      0      0      0    405    210      0      0   7925   8163      -      0      0 
 20260925    04:53:23       0      2     65      -      0      0      0      0      0      0    405    210      0      0   7925   8163      -      0      0 
 20260925    04:53:24       0      2     65      -      0      0      0      0      0      0    405    210      0      0   7925   8163      -      0      0 
 20260925    04:53:25       0      2     65      -      0      0      0      0      0      0    405    210      0      0   7925   8163      -      0      0 
 20260925    04:53:26       0      2     65      -      0      0      0      0      0      0    405    210      0      0   7925   8163      -      0      0 
 20260925    04:53:27       0      2     65      -      0      0      0      0      0      0    405    210      0      0   7925   8163      -      0      0 
 20260925    04:53:28       0      2     65      -      0      0      0      0      0      0    405    210      0      0   7925   8163      -      0      0 
 20260925    04:53:29       0      2     65      -      0      0      0      0      0      0    405    210      0      0   7925   8163      -      0      0 
 20260925    04:53:31       0      2     65      -      0      0      0      0      0      0    405    210      0      0   7925   8163      -      0      0 
 20260925    04:53:32       0      2     65      -      0      0      0      0      0      0    405    210      0      0   7925   8163      -      3      0 
 20260925    04:53:33       0      2     65      -      0      0      0      0      0      0    405    210      0      0   7925   8163      -      0      1 
 20260925    04:53:34       0      2     65      -      0      0      0      0      0      0    405    210      0      0   7925   8163      -      3      0 
 20260925    04:53:35       0      2     65      -      0      0      0      0      0      0    405    210      0      0   7925   8163      -      0      0 
 20260925    04:53:36       0      2     65      -      0      0      0      0      0      0    405    210      0      0   7925   8163      -      0      0 
 20260925    04:53:37       0      2     65      -      0      0      0      0      0      0    405    210      0      0   7925   8163      -      0      0 
 20260925    04:53:38       0      2     65      -      0      0      0      0      0      0    405    210      0      0   7925   8163      -      0      0 
 20260925    04:53:39       0      2     65      -      0      0      0      0      0      0    405    210      0      0   7925   8163      -      0      0 
 20260925    04:53:40       0      2     65      -      0      0      0      0      0      0    405    210      0      0   7925   8163      -      0      0 
 20260925    04:53:41       0      2     65      -      0      0      0      0      0      0    405    210      0      0   7925   8163      -      0      0 
 20260925    04:53:42       0      2     65      -      0      0      0      0      0      0    405    210      0      0   7925   8163      -      0      0 
 20260925    04:53:43       0      2     65      -      0      0      0      0      0      0    405    210      0      0   7925   8163      -      0      0 
 20260925    04:53:44       0      2     65      -      0      0      0      0      0      0    405    210      0      0   7925   8163      -      0      0 
 20260925    04:53:46       0      2     65      -      0      0      0      0      0      0    405    210      0      0   7925   8163      -      0      0 
 20260925    04:53:47       0      2     64      -      0      0      0      0      0      0    405    210      0      0   7925   8163      -      0      0 
 20260925    04:53:48       0      2     64      -      0      0      0      0      0      0    405    210      0      0   7925   8163      -      0      0 
 20260925    04:53:49       0      2     64      -      0      0      0      0      0      0    405    210      0      0   7925   8163      -      0      1 
#Date        Time         gpu    pwr  gtemp  mtemp     sm    mem    enc    dec    jpg    ofa   mclk   pclk  pviol  tviol     fb   bar1   ccpm  rxpci  txpci 
#YYYYMMDD    HH:MM:SS     Idx      W      C      C      %      %      %      %      %      %    MHz    MHz      %   bool     MB     MB     MB   MB/s   MB/s 
 20260925    04:53:50       0      2     64      -      0      0      0      0      0      0    405    210      0      0   7925   8163      -      0      0 
 20260925    04:53:51       0      2     64      -      0      0      0      0      0      0    405    210      0      0   7925   8163      -      0      2 
 20260925    04:53:52       0      2     64      -      0      0      0      0      0      0    405    210      0      0   7925   8163      -      3      0 
 20260925    04:53:53       0      2     64      -      0      0      0      0      0      0    405    210      0      0   7925   8163      -      0      0 
 20260925    04:53:54       0      2     64      -      0      0      0      0      0      0    405    210      0      0   7925   8163      -      0      0 
 20260925    04:53:55       0      2     64      -      0      0      0      0      0      0    405    210      0      0   7925   8163      -      0      0 
 20260925    04:53:56       0      2     64      -      0      0      0      0      0      0    405    210      0      0   7925   8163      -      0      0 
 20260925    04:53:57       0      2     64      -      0      0      0      0      0      0    405    210      0      0   7925   8163      -      0      0 
 20260925    04:53:58       0      2     64      -      0      0      0      0      0      0    405    210      0      0   7925   8163      -      0      0 
 20260925    04:53:59       0      2     64      -      0      0      0      0      0      0    405    210      0      0   7925   8163      -      0      0 
 20260925    04:54:00       0      2     64      -      0      0      0      0      0      0    405    210      0      0   7925   8163      -      0      0 
 20260925    04:54:02       0      2     64      -      0      0      0      0      0      0    405    210      0      0   7925   8163      -      0      0 
 20260925    04:54:03       0      2     64      -      0      0      0      0      0      0    405    210      0      0   7925   8163      -      0      0 
 20260925    04:54:04       0      2     64      -      0      0      0      0      0      0    405    210      0      0   7925   8163      -      0      0 
 20260925    04:54:05       0      2     64      -      0      0      0      0      0      0    405    210      0      0   7925   8163      -      0      1 
 20260925    04:54:06       0      2     64      -      0      0      0      0      0      0    405    210      0      0   7925   8163      -      0      0 
 20260925    04:54:07       0      2     64      -      0      0      0      0      0      0    405    210      0      0   7925   8163      -      0      0 
 20260925    04:54:08       0      2     64      -      0      0      0      0      0      0    405    210      0      0   7925   8163      -      0      0 
 20260925    04:54:09       0      2     64      -      0      0      0      0      0      0    405    210      0      0   7925   8163      -      0      2 
 20260925    04:54:10       0      2     64      -      0      0      0      0      0      0    405    210      0      0   7925   8163      -      0      0 
 20260925    04:54:11       0      2     64      -      0      0      0      0      0      0    405    210      0      0   7925   8163      -      0      0 
 20260925    04:54:12       0      2     64      -      0      0      0      0      0      0    405    210      0      0   7925   8163      -      3      0 
 20260925    04:54:13       0      2     64      -      0      0      0      0      0      0    405    210      0      0   7925   8163      -      0      0 
 20260925    04:54:14       0      2     63      -      0      0      0      0      0      0    405    210      0      0   7925   8163      -      0      0 
 20260925    04:54:15       0      2     63      -      0      0      0      0      0      0    405    210      0      0   7925   8163      -      0      0 
 20260925    04:54:16       0      2     63      -      0      0      0      0      0      0    405    210      0      0   7925   8163      -      0      0 
 20260925    04:54:18       0      2     63      -      0      0      0      0      0      0    405    210      0      0   7925   8163      -      0      0 
 20260925    04:54:19       0      2     63      -      0      0      0      0      0      0    405    210      0      0   7925   8163      -      0      0 
 20260925    04:54:20       0      2     63      -      0      0      0      0      0      0    405    210      0      0   7925   8163      -      0      0 
 20260925    04:54:21       0      2     63      -      0      0      0      0      0      0    405    210      0      0   7925   8163      -      0      1 
 20260925    04:54:22       0      2     63      -      0      0      0      0      0      0    405    210      0      0   7925   8163      -      0      0 
 20260925    04:54:23       0      2     63      -      0      0      0      0      0      0    405    210      0      0   7925   8163      -      0      0 
 20260925    04:54:24       0      2     63      -      0      0      0      0      0      0    405    210      0      0   7925   8163      -      0      0 
 20260925    04:54:25       0      2     63      -      0      0      0      0      0      0    405    210      0      0   7925   8163      -      0      0 
 20260925    04:54:26       0      2     63      -      0      0      0      0      0      0    405    210      0      0   7925   8163      -      0      1 
 20260925    04:54:27       0      2     63      -      0      0      0      0      0      0    405    210      0      0   7925   8163      -      0      0 
 20260925    04:54:28       0      2     63      -      0      0      0      0      0      0    405    210      0      0   7925   8163      -      0      0 
 20260925    04:54:29       0      2     63      -      0      0      0      0      0      0    405    210      0      0   7925   8163      -      0      0 
 20260925    04:54:30       0      2     63      -      0      0      0      0      0      0    405    210      0      0   7925   8163      -      0      0 
 20260925    04:54:31       0      2     63      -      0      0      0      0      0      0    405    210      0      0   7925   8163      -      0      0 
 20260925    04:54:32       0      2     63      -      0      0      0      0      0      0    405    210      0      0   7925   8163      -      0      0 
 20260925    04:54:34       0      2     63      -      0      0      0      0      0      0    405    210      0      0   7925   8163      -      0      0 
 20260925    04:54:35       0      2     63      -      0      0      0      0      0      0    405    210      0      0   7925   8163      -      0      0 
 20260925    04:54:36       0      2     63      -      0      0      0      0      0      0    405    210      0      0   7925   8163      -      0      0 
#Date        Time         gpu    pwr  gtemp  mtemp     sm    mem    enc    dec    jpg    ofa   mclk   pclk  pviol  tviol     fb   bar1   ccpm  rxpci  txpci 
#YYYYMMDD    HH:MM:SS     Idx      W      C      C      %      %      %      %      %      %    MHz    MHz      %   bool     MB     MB     MB   MB/s   MB/s 
 20260925    04:54:37       0      2     63      -      0      0      0      0      0      0    405    210      0      0   7925   8163      -      0      0 
 20260925    04:54:38       0      2     63      -      0      0      0      0      0      0    405    210      0      0   7925   8163      -      0      0 
 20260925    04:54:39       0      2     63      -      0      0      0      0      0      0    405    210      0      0   7925   8163      -      0      0 
 20260925    04:54:40       0      2     63      -      0      0      0      0      0      0    405    210      0      0   7925   8163      -      0      0 
 20260925    04:54:41       0      2     63      -      0      0      0      0      0      0    405    210      0      0   7925   8163      -      0      0 
 20260925    04:54:42       0      2     63      -      0      0      0      0      0      0    405    210      0      0   7925   8163      -      0      0 
 20260925    04:54:43       0      2     63      -      0      0      0      0      0      0    405    210      0      0   7925   8163      -      0      0 
 20260925    04:54:44       0      2     63      -      0      0      0      0      0      0    405    210      0      0   7925   8163      -      3      0 
 20260925    04:54:45       0      2     63      -      0      0      0      0      0      0    405    210      0      0   7925   8163      -      0      0 
 20260925    04:54:46       0      4     63      -      0      0      0      0      0      0    405    210      0      0   7925   8163      -      0      0 
 20260925    04:54:47       0      2     63      -      0      0      0      0      0      0    405    210      0      0   7925   8163      -      0      0 
 20260925    04:54:48       0      2     63      -      0      0      0      0      0      0    405    210      0      0   7925   8163      -      0      0 
 20260925    04:54:50       0      2     63      -      0      0      0      0      0      0    405    210      0      0   7925   8163      -      0      0 
 20260925    04:54:51       0      2     62      -      0      0      0      0      0      0    405    210      0      0   7925   8163      -      0      0 
 20260925    04:54:52       0      2     62      -      0      0      0      0      0      0    405    210      0      0   7925   8163      -      0      0 
 20260925    04:54:53       0      2     62      -      0      0      0      0      0      0    405    210      0      0   7925   8163      -      0      1 
 20260925    04:54:54       0      2     62      -      0      0      0      0      0      0    405    210      0      0   7925   8163      -      0      0 
 20260925    04:54:55       0      2     62      -      0      0      0      0      0      0    405    210      0      0   7925   8163      -      0      0 
 20260925    04:54:56       0      2     62      -      0      0      0      0      0      0    405    210      0      0   7925   8163      -      0      0 
 20260925    04:54:57       0      2     62      -      0      0      0      0      0      0    405    210      0      0   7925   8163      -      0      0 
 20260925    04:54:58       0      2     62      -      0      0      0      0      0      0    405    210      0      0   7925   8163      -      0      0 
 20260925    04:54:59       0      2     62      -      0      0      0      0      0      0    405    210      0      0   7925   8163      -      0      0 
 20260925    04:55:00       0      2     62      -      0      0      0      0      0      0    405    210      0      0   7925   8163      -      0      0 
 20260925    04:55:01       0      2     62      -      0      0      0      0      0      0    405    210      0      0   7925   8163      -      0      2 
 20260925    04:55:02       0      2     62      -      0      0      0      0      0      0    405    210      0      0   7925   8163      -      0      0 
 20260925    04:55:03       0      2     62      -      0      0      0      0      0      0    405    210      0      0   7925   8163      -      0      0 
 20260925    04:55:04       0      2     62      -      0      0      0      0      0      0    405    210      0      0   7925   8163      -      0      0 
 20260925    04:55:06       0      2     62      -      0      0      0      0      0      0    405    210      0      0   7925   8163      -      0      0 
 20260925    04:55:07       0      2     62      -      0      0      0      0      0      0    405    210      0      0   7925   8163      -      0      0 
 20260925    04:55:08       0      2     62      -      0      0      0      0      0      0    405    210      0      0   7925   8163      -      0      0 
 20260925    04:55:09       0      2     62      -      0      0      0      0      0      0    405    210      0      0   7925   8163      -      0      0 
 20260925    04:55:10       0      2     62      -      0      0      0      0      0      0    405    210      0      0   7925   8163      -      0      0 
 20260925    04:55:11       0      2     62      -      0      0      0      0      0      0    405    210      0      0   7925   8163      -      0      0 
 20260925    04:55:12       0      2     62      -      0      0      0      0      0      0    405    210      0      0   7925   8163      -      0      0 
 20260925    04:55:13       0      2     62      -      0      0      0      0      0      0    405    210      0      0   7925   8163      -      0      0 
 20260925    04:55:14       0      2     62      -      0      0      0      0      0      0    405    210      0      0   7925   8163      -      0      0 
 20260925    04:55:15       0      2     62      -      0      0      0      0      0      0    405    210      0      0   7925   8163      -      0      0 
 20260925    04:55:16       0      2     62      -      0      0      0      0      0      0    405    210      0      0   7925   8163      -      0      0 
 20260925    04:55:17       0      2     62      -      0      0      0      0      0      0    405    210      0      0   7925   8163      -      0      1 
 20260925    04:55:18       0      2     62      -      0      0      0      0      0      0    405    210      0      0   7925   8163      -      0      0 
 20260925    04:55:19       0      2     62      -      0      0      0      0      0      0    405    210      0      0   7925   8163      -      3      0 
 20260925    04:55:20       0      2     62      -      0      0      0      0      0      0    405    210      0      0   7925   8163      -      0      0 
 20260925    04:55:21       0      2     62      -      0      0      0      0      0      0    405    210      0      0   7925   8163      -      0      0 
 20260925    04:55:23       0      2     62      -      0      0      0      0      0      0    405    210      0      0   7925   8163      -      0      0 
#Date        Time         gpu    pwr  gtemp  mtemp     sm    mem    enc    dec    jpg    ofa   mclk   pclk  pviol  tviol     fb   bar1   ccpm  rxpci  txpci 
#YYYYMMDD    HH:MM:SS     Idx      W      C      C      %      %      %      %      %      %    MHz    MHz      %   bool     MB     MB     MB   MB/s   MB/s 
 20260925    04:55:24       0      2     62      -      0      0      0      0      0      0    405    210      0      0   7925   8163      -      0      0 
 20260925    04:55:25       0      2     62      -      0      0      0      0      0      0    405    210      0      0   7925   8163      -      0      0 
 20260925    04:55:26       0      2     62      -      0      0      0      0      0      0    405    210      0      0   7925   8163      -      0      0 
 20260925    04:55:27       0      2     62      -      0      0      0      0      0      0    405    210      0      0   7925   8163      -      0      0 
 20260925    04:55:28       0      2     62      -      0      0      0      0      0      0    405    210      0      0   7925   8163      -      0      0 
 20260925    04:55:29       0      2     62      -      0      0      0      0      0      0    405    210      0      0   7925   8163      -      0      0 
 20260925    04:55:30       0      2     62      -      0      0      0      0      0      0    405    210      0      0   7925   8163      -      0      0 
 20260925    04:55:31       0      2     62      -      0      0      0      0      0      0    405    210      0      0   7925   8163      -      0      0 
 20260925    04:55:32       0      2     62      -      0      0      0      0      0      0    405    210      0      0   7925   8163      -      0      0 
 20260925    04:55:33       0      2     62      -      0      0      0      0      0      0    405    210      0      0   7925   8163      -      0      0 
 20260925    04:55:34       0      2     62      -      0      0      0      0      0      0    405    210      0      0   7925   8163      -      0      0 
 20260925    04:55:35       0      2     62      -      0      0      0      0      0      0    405    210      0      0   7925   8163      -      0      0 
 20260925    04:55:36       0      2     62      -      0      0      0      0      0      0    405    210      0      0   7925   8163      -      0      2 
 20260925    04:55:37       0      2     62      -      0      0      0      0      0      0    405    210      0      0   7925   8163      -      0      0 
 20260925    04:55:39       0      2     62      -      0      0      0      0      0      0    405    210      0      0   7925   8163      -      0      0 
 20260925    04:55:40       0      2     62      -      0      0      0      0      0      0    405    210      0      0   7925   8163      -      0      0 
 20260925    04:55:41       0      2     62      -      0      0      0      0      0      0    405    210      0      0   7925   8163      -      0      0 
 20260925    04:55:42       0      2     62      -      0      0      0      0      0      0    405    210      0      0   7925   8163      -      0      1 
 20260925    04:55:43       0      2     61      -      0      0      0      0      0      0    405    210      0      0   7925   8163      -      0      0 
 20260925    04:55:44       0      2     61      -      0      0      0      0      0      0    405    210      0      0   7925   8163      -      0      0 
 20260925    04:55:45       0      2     61      -      0      0      0      0      0      0    405    210      0      0   7925   8163      -      0      0 
 20260925    04:55:46       0      2     61      -      0      0      0      0      0      0    405    210      0      0   7925   8163      -      0      0 
 20260925    04:55:47       0      2     61      -      0      0      0      0      0      0    405    210      0      0   7925   8163      -      0      0 
 20260925    04:55:48       0      2     61      -      0      0      0      0      0      0    405    210      0      0   7925   8163      -      0      0 
 20260925    04:55:49       0      2     61      -      0      0      0      0      0      0    405    210      0      0   7925   8163      -      0      0 
 20260925    04:55:50       0      2     61      -      0      0      0      0      0      0    405    210      0      0   7925   8163      -      0      1 
 20260925    04:55:51       0      2     61      -      0      0      0      0      0      0    405    210      0      0   7925   8163      -      0      0 
 20260925    04:55:52       0      2     61      -      0      0      0      0      0      0    405    210      0      0   7925   8163      -      0      0 
 20260925    04:55:53       0      2     61      -      0      0      0      0      0      0    405    210      0      0   7925   8163      -      0      0 
 20260925    04:55:55       0      2     61      -      0      0      0      0      0      0    405    210      0      0   7925   8163      -      0      1 
 20260925    04:55:56       0      2     61      -      1      0      0      0      0      0    405    210      0      0   7925   8163      -      6  18333 
 20260925    04:55:57       0     38     65      -    100      2      0      0      0      0   7001   2565      0      0   7925   8163      -  11796  12511 
 20260925    04:55:58       0     41     66      -    100      2      0      0      0      0   8001   2565      0      0   7925   8163      -  13839  14106 
 20260925    04:55:59       0     40     66      -    100      2      0      0      0      0   8001   2565      0      0   7925   8163      -  12954  12492 
 20260925    04:56:00       0     39     66      -    100      2      0      0      0      0   8001   2565      0      0   7925   8163      -  13285  11575 
 20260925    04:56:01       0     38     67      -    100      2      0      0      0      0   8001   2565      0      0   7925   8163      -  12502  11844 
 20260925    04:56:02       0     39     67      -    100      2      0      0      0      0   8001   2565      0      0   7925   8163      -  14609  12271 
 20260925    04:56:03       0     37     67      -    100      1      0      0      0      0   8001   2565      0      0   7925   8163      -  13003  10932 
 20260925    04:56:04       0     36     66      -    100      1      0      0      0      0   8001   2565      0      0   7925   8163      -  13231  11758 
 20260925    04:56:05       0     34     67      -    100      0      0      0      0      0   8001   2565      0      0   7925   8163      -  19366  10467 
 20260925    04:56:06       0     42     68      -    100      2      0      0      0      0   8001   2565      0      0   7925   8163      -  17842  10687 
 20260925    04:56:07       0     34     67      -    100      0      0      0      0      0   8001   2565      0      0   7925   8163      -  14504   2816 
 20260925    04:56:08       0     42     68      -    100      2      0      0      0      0   8001   2565      0      0   7925   8163      -  15220   3120 
 20260925    04:56:09       0     38     69      -    100      2      0      0      0      0   8001   2565      0      0   7925   8163      -  14690  11575 
#Date        Time         gpu    pwr  gtemp  mtemp     sm    mem    enc    dec    jpg    ofa   mclk   pclk  pviol  tviol     fb   bar1   ccpm  rxpci  txpci 
#YYYYMMDD    HH:MM:SS     Idx      W      C      C      %      %      %      %      %      %    MHz    MHz      %   bool     MB     MB     MB   MB/s   MB/s 
 20260925    04:56:11       0     34     67      -    100      0      0      0      0      0   8001   2565      0      0   7925   8163      -  15155  10408 
 20260925    04:56:12       0     41     68      -    100      0      0      0      0      0   8001   2565      0      0   7925   8163      -  20629   2795 
 20260925    04:56:13       0     43     69      -    100      2      0      0      0      0   8001   2565      0      0   7925   8163      -  18493   2678 
 20260925    04:56:14       0     33     69      -    100      0      0      0      0      0   8001   2565      0      0   7925   8163      -  14258  11342 
 20260925    04:56:15       0     41     69      -    100      0      0      0      0      0   8001   2565      0      0   7925   8163      -  17634  10403 
 20260925    04:56:16       0     41     69      -    100      1      0      0      0      0   8001   2565      0      0   7925   8163      -  18829   2649 
 20260925    04:56:17       0     37     70      -    100      7      0      0      0      0   8001   2565      0      0   7925   8163      -  14948  10273 
 20260925    04:56:18       0     33     69      -    100      0      0      0      0      0   8001   2565      0      0   7925   8163      -  20472   2743 
 20260925    04:56:19       0     41     70      -    100     10      0      0      0      0   8001   2565      0      0   7925   8163      -  19926   2699 
 20260925    04:56:20       0     33     69      -    100      0      0      0      0      0   8001   2565      0      0   7925   8163      -  15425  10336 
 20260925    04:56:21       0     44     70      -    100      2      0      0      0      0   8001   2565      0      0   7925   8163      -  20425   6434 
 20260925    04:56:22       0     36     71      -    100     12      0      0      0      0   8001   2565      0      0   7925   8163      -  14908  19971 
 20260925    04:56:23       0     33     70      -    100      0      0      0      0      0   8001   2565      0      0   7925   8163      -  15850   9706 
 20260925    04:56:24       0     47     71      -    100     15      0      0      0      0   8001   2565      0      0   7925   8163      -  15477   3151 
 20260925    04:56:26       0     35     71      -    100     10      0      0      0      0   8001   2565      0      0   7925   8163      -  14834  10368 
 20260925    04:56:27       0     46     70      -    100      0      0      0      0      0   8001   2550      0      0   7925   8163      -  19394   9746 
 20260925    04:56:28       0     48     72      -    100     17      0      0      0      0   8001   2550      0      0   7925   8163      -  15023  10375 
 20260925    04:56:29       0     34     70      -    100      0      0      0      0      0   8001   2550      0      0   7925   8163      -  14711   2634 
 20260925    04:56:30       0     37     72      -    100     19      0      0      0      0   8001   2550      0      0   7925   8163      -  14828   9716 
 20260925    04:56:31       0     33     71      -    100      0      0      0      0      0   8001   2550      0      0   7925   8163      -  20162   9686 
 20260925    04:56:32       0     49     73      -    100     22      0      0      0      0   8001   2550      0      0   7925   8163      -  15200  10192 
 20260925    04:56:33       0     33     71      -    100      0      0      0      0      0   8001   2550      0      0   7925   8163      -  20472   2702 
 20260925    04:56:34       0     49     73      -    100     21      0      0      0      0   8001   2550      0      0   7925   8163      -  14925   8656 
 20260925    04:56:35       0     39     71      -    100      0      0      0      0      0   8001   2550      0      0   7925   8163      -  20976   2668 
 20260925    04:56:36       0     40     73      -    100     18      0      0      0      0   8001   2550      0      0   7925   8163      -  15101   8722 
 20260925    04:56:37       0     34     72      -    100      0      0      0      0      0   8001   2550      0      0   7925   8163      -  20360   2672 
 20260925    04:56:38       0     50     74      -    100     24      0      0      0      0   8001   2550      0      0   7925   8163      -  14476  10404 
 20260925    04:56:39       0     32     72      -    100      0      0      0      0      0   8001   2550      0      0   7925   8163      -  20457   9721 
 20260925    04:56:40       0     44     74      -    100     21      0      0      0      0   8001   2550      0      0   7925   8163      -  14719   9206 
 20260925    04:56:42       0     41     72      -    100      0      0      0      0      0   8001   2550      0      0   7925   8163      -  18448   2695 
 20260925    04:56:43       0     39     74      -    100     24      0      0      0      0   8001   2550      0      0   7925   8163      -  16640   8427 
 20260925    04:56:44       0     38     73      -    100      0      0      0      0      0   8001   2550      0      0   7925   8163      -  20957   2587 
 20260925    04:56:45       0     43     74      -     99     12      0      0      0      0   8001   2550      0      0   7925   8163      -  17165  10258 
 20260925    04:56:46       0     52     75      -    100     23      0      0      0      0   8001   2550      0      0   7925   8163      -  16999   2605 
 20260925    04:56:47       0     36     75      -    100     28      0      0      0      0   8001   2550      0      0   7925   8163      -  15413   8285 
 20260925    04:56:48       0     49     74      -    100      3      0      0      0      0   8001   2550      0      0   7925   8163      -  19973   2641 
 20260925    04:56:49       0     33     73      -    100      0      0      0      0      0   8001   2550      0      0   7925   8163      -  17745  10300 
 20260925    04:56:50       0     52     76      -    100     29      0      0      0      0   8001   2550      0      0   7925   8163      -  15164   8951 
 20260925    04:56:51       0     33     73      -    100      0      0      0      0      0   8001   2550      0      0   7925   8163      -  20155   2730 
 20260925    04:56:52       0     40     75      -    100     28      0      0      0      0   8001   2550      0      0   7925   8163      -  13199   8382 
 20260925    04:56:53       0     36     74      -    100      1      0      0      0      0   8001   2550      0      0   7925   8163      -  20627   2624 
 20260925    04:56:54       0     33     74      -    100      0      0      0      0      0   8001   2550      0      0   7925   8163      -  17910   9319 
 20260925    04:56:55       0     50     74      -    100      3      0      0      0      0   8001   2550      0      0   7925   8163      -  19949   2598 
 20260925    04:56:56       0     33     74      -    100      0      0      0      0      0   8001   2550      0      0   7925   8163      -  20487   2649 
#Date        Time         gpu    pwr  gtemp  mtemp     sm    mem    enc    dec    jpg    ofa   mclk   pclk  pviol  tviol     fb   bar1   ccpm  rxpci  txpci 
#YYYYMMDD    HH:MM:SS     Idx      W      C      C      %      %      %      %      %      %    MHz    MHz      %   bool     MB     MB     MB   MB/s   MB/s 
 20260925    04:56:57       0     53     76      -    100     31      0      0      0      0   8001   2550      0      0   7925   8163      -  14775   7991 
 20260925    04:56:59       0     32     74      -    100      0      0      0      0      0   8001   2550      0      0   7925   8163      -  20723   2612 
 20260925    04:57:00       0     34     76      -    100     24      0      0      0      0   8001   2550      0      0   7925   8163      -  16615  10159 
 20260925    04:57:01       0     53     77      -    100     35      0      0      0      0   8001   2550      0      0   7925   8163      -  16889   6813 
 20260925    04:57:02       0     33     74      -    100      0      0      0      0      0   8001   2550      0      0   7925   8163      -  20606   2658 
 20260925    04:57:03       0     55     77      -    100     35      0      0      0      0   8001   2550      0      0   7925   8163      -  16417   6882 
 20260925    04:57:04       0     41     75      -    100      0      0      0      0      0   8001   2550      0      0   7925   8163      -  14558   2667 
 20260925    04:57:05       0     36     77      -    100     23      0      0      0      0   8001   2550      0      0   7925   8163      -  14472   8046 
 20260925    04:57:06       0     53     77      -    100     24      0      0      0      0   8001   2550      0      0   7925   8163      -  20622   2587 
 20260925    04:57:07       0     35     75      -    100      0      0      0      0      0   8001   2550      0      0   7925   8163      -  19831   3354 
 20260925    04:57:08       0     40     77      -    100     30      0      0      0      0   8001   2550      0      0   7925   8163      -  17338   8253 
 20260925    04:57:09       0     33     76      -    100      3      0      0      0      0   8001   2550      0      0   7925   8163      -  16355   5832 
 20260925    04:57:10       0     34     75      -    100      0      0      0      0      0   8001   2550      0      0   7925   8163      -  15534   6777 
 20260925    04:57:11       0     50     78      -    100     28      0      0      0      0   8001   2550      0      0   7925   8163      -  15227   6615 
 20260925    04:57:12       0     37     76      -    100      0      0      0      0      0   8001   2550      0      0   7925   8163      -  20901   2572 
 20260925    04:57:13       0     45     78      -    100     27      0      0      0      0   8001   2550      0      0   7925   8163      -  14955   8170 
 20260925    04:57:14       0     54     78      -    100     33      0      0      0      0   8001   2550      0      0   7925   8163      -  20564   2576 
 20260925    04:57:16       0     34     76      -    100      0      0      0      0      0   8001   2550      0      0   7925   8163      -  20620   2646 
 20260925    04:57:17       0     38     78      -    100     36      0      0      0      0   8001   2550      0      0   7925   8163      -  15809   6150 
 20260925    04:57:18       0     55     78      -    100     36      0      0      0      0   8001   2550      0      0   7925   8163      -  19957   2631 
 20260925    04:57:19       0     34     76      -    100      0      0      0      0      0   8001   2550      0      0   7925   8163      -  20166   2673 
 20260925    04:57:20       0     38     78      -    100     37      0      0      0      0   8001   2550      0      0   7925   8163      -  18963  10284 
 20260925    04:57:21       0     39     77      -    100      0      0      0      0      0   8001   2550      0      0   7925   8163      -  21137   2624 
 20260925    04:57:22       0     34     77      -    100      0      0      0      0      0   8001   2550      0      0   7925   8163      -  20379   2626 
 20260925    04:57:23       0     57     79      -    100     36      0      0      0      0   8001   2550      0      0   7925   8163      -  16016  10016 
 20260925    04:57:24       0     41     77      -    100      0      0      0      0      0   8001   2550      0      0   7925   8163      -  20833   2602 
 20260925    04:57:25       0     33     77      -    100      0      0      0      0      0   8001   2550      0      0   7925   8163      -  16941  10074 
 20260925    04:57:26       0     55     79      -    100     37      0      0      0      0   8001   2550      0      0   7925   8163      -  14455   6077 
 20260925    04:57:27       0     50     77      -    100      0      0      0      0      0   8001   2550      0      0   7925   8163      -  21662   2659 
 20260925    04:57:28       0     36     77      -    100      0      0      0      0      0   8001   2550      0      0   7925   8163      -  14425   8212 
 20260925    04:57:29       0     55     80      -    100     31      0      0      0      0   8001   2550      0      0   7925   8163      -  18561  10063 
 20260925    04:57:30       0     33     77      -    100      0      0      0      0      0   8001   2550      0      0   7925   8163      -  20461   2553 
 20260925    04:57:32       0     34     78      -    100      0      0      0      0      0   8001   2550      0      0   7925   8163      -  16876   7542 
 20260925    04:57:33       0     53     80      -    100     33      0      0      0      0   8001   2550      0      0   7925   8163      -  15558   5833 
 20260925    04:57:34       0     48     78      -    100      0      0      0      0      0   8001   2550      0      0   7925   8163      -  21105   2618 
 20260925    04:57:35       0     34     78      -    100      0      0      0      0      0   8001   2550      0      0   7925   8163      -  17891  10208 
 20260925    04:57:36       0     46     80      -    100     37      0      0      0      0   8001   2550      0      0   7925   8163      -  18014  10126 
 20260925    04:57:37       0     41     78      -    100      0      0      0      0      0   8001   2550      0      0   7925   8163      -  17653   2565 
 20260925    04:57:38       0     36     78      -    100      0      0      0      0      0   8001   2550      0      0   7925   8163      -  20743   2618 
 20260925    04:57:39       0     57     81      -    100     38      0      0      0      0   8001   2550      0      0   7925   8163      -  18434  10137 
 20260925    04:57:40       0     41     78      -    100      0      0      0      0      0   8001   2550      0      0   7925   8163      -  20424   2620 
 20260925    04:57:41       0     34     78      -    100      0      0      0      0      0   8001   2550      0      0   7925   8163      -  19230   2621 
 20260925    04:57:42       0     57     80      -    100     37      0      0      0      0   8001   2550      0      0   7925   8163      -  18336   8184 
 20260925    04:57:43       0     54     81      -    100     24      0      0      0      0   8001   2550      0      0   7925   8163      -  20535   7871 
#Date        Time         gpu    pwr  gtemp  mtemp     sm    mem    enc    dec    jpg    ofa   mclk   pclk  pviol  tviol     fb   bar1   ccpm  rxpci  txpci 
#YYYYMMDD    HH:MM:SS     Idx      W      C      C      %      %      %      %      %      %    MHz    MHz      %   bool     MB     MB     MB   MB/s   MB/s 
 20260925    04:57:44       0     34     79      -    100      0      0      0      0      0   8001   2550      0      0   7925   8163      -  20805   2616 
 20260925    04:57:45       0     57     81      -    100     36      0      0      0      0   8001   2550      0      0   7925   8163      -  12857   8230 
 20260925    04:57:46       0     58     80      -    100      3      0      0      0      0   8001   2550      0      0   7925   8163      -  20338   2598 
 20260925    04:57:48       0     34     79      -    100      0      0      0      0      0   8001   2550      0      0   7925   8163      -  20092   2613 
 20260925    04:57:49       0     35     79      -    100      4      0      0      0      0   8001   2550      0      0   7925   8163      -  14351   7405 
 20260925    04:57:50       0     58     82      -    100     36      0      0      0      0   8001   2550      0      0   7925   8163      -  14902   4631 
 20260925    04:57:51       0     35     79      -    100      0      0      0      0      0   8001   2550      0      0   7925   8163      -  21219   2571 
 20260925    04:57:52       0     35     79      -    100      0      0      0      0      0   8001   2550      0      0   7925   8163      -  20411   2620 
 20260925    04:57:53       0     58     82      -    100     37      0      0      0      0   8001   2550      0      0   7925   8163      -  14781   4973 
 20260925    04:57:54       0     47     80      -    100      0      0      0      0      0   8001   2550      0      0   7925   8163      -  20802   2584 
 20260925    04:57:55       0     35     79      -    100      0      0      0      0      0   8001   2550      0      0   7925   8163      -  20115   2642 
 20260925    04:57:56       0     48     82      -    100     38      0      0      0      0   8001   2550      0      0   7925   8163      -  15685   5993 
 20260925    04:57:57       0     58     82      -    100     38      0      0      0      0   8001   2550      0      0   7925   8163      -  20776   2621 
 20260925    04:57:58       0     36     80      -    100      0      0      0      0      0   8001   2550      0      0   7925   8163      -  20762   2666 
 20260925    04:57:59       0     35     80      -    100      0      0      0      0      0   8001   2550      0      0   7925   8163      -  14872   6473 
 20260925    04:58:00       0     51     82      -    100     38      0      0      0      0   8001   2550      0      0   7925   8163      -  19743  10192 
 20260925    04:58:01       0     40     80      -    100      0      0      0      0      0   8001   2550      0      0   7925   8163      -  14709   2940 
 20260925    04:58:02       0     35     80      -    100      0      0      0      0      0   8001   2550      0      0   7925   8163      -  20785   2613 
 20260925    04:58:04       0     50     82      -    100     37      0      0      0      0   8001   2550      0      0   7925   8163      -  18058   8172 
 20260925    04:58:05       0     54     82      -    100      3      0      0      0      0   8001   2550      0      0   7925   8163      -  20506   2586 
 20260925    04:58:06       0     34     80      -    100      0      0      0      0      0   8001   2550      0      0   7925   8163      -  20407   2583 
 20260925    04:58:07       0     35     80      -    100      0      0      0      0      0   8001   2550      0      0   7925   8163      -  15085   4760 
 20260925    04:58:08       0     53     83      -    100     38      0      0      0      0   8001   2550      0      0   7925   8163      -  19225   9333 
 20260925    04:58:09       0     35     81      -    100      0      0      0      0      0   8001   2550      0      0   7925   8163      -  20279   4895 
 20260925    04:58:10       0     35     81      -    100      0      0      0      0      0   8001   2550      0      0   7925   8163      -  20041  10012 
 20260925    04:58:11       0     51     83      -    100     38      0      0      0      0   8001   2550      0      0   7925   8163      -  14126   8702 
 20260925    04:58:12       0     58     84      -    100     22      0      0      0      0   8001   2550      0      0   7925   8163      -  20198   2591 
 20260925    04:58:13       0     35     81      -    100      0      0      0      0      0   8001   2550      0      0   7925   8163      -  20894   2652 
 20260925    04:58:14       0     35     81      -    100      0      0      0      0      0   8001   2550      0      0   7925   8163      -  16757   7342 
 20260925    04:58:15       0     53     84      -    100     38      0      0      0      0   8001   2550      0      0   7925   8163      -  14666   4909 
 20260925    04:58:16       0     56     82      -    100      3      0      0      0      0   8001   2550      0      0   7925   8163      -  20781   2578 
 20260925    04:58:17       0     35     81      -    100      0      0      0      0      0   8001   2550      0      0   7925   8163      -  20548   2662 
 20260925    04:58:18       0     42     83      -    100     38      0      0      0      0   8001   2550      0      0   7925   8163      -  20008  10105 
 20260925    04:58:19       0     57     83      -    100     37      0      0      0      0   8001   2460      0      0   7925   8163      -  18129   7432 
 20260925    04:58:21       0     42     81      -    100      0      0      0      0      0   8001   2550      0      0   7925   8163      -  20354   2588 
 20260925    04:58:22       0     35     81      -    100      0      0      0      0      0   8001   2550      0      0   7925   8163      -  20564   2504 
 20260925    04:58:23       0     59     83      -    100     38      0      0      0      0   8001   2490      0      0   7925   8163      -  18409   8718 
 20260925    04:58:24       0     55     84      -    100     38      0      0      0      0   8001   2385      0      0   7925   8163      -  15550   2639 
 20260925    04:58:25       0     35     82      -    100      0      0      0      0      0   8001   2550      0      0   7925   8163      -  19212   6760 
 20260925    04:58:26       0     35     82      -    100      0      0      0      0      0   8001   2550      0      0   7925   8163      -  20565   7245 
 20260925    04:58:27       0     55     84      -    100     39      0      0      0      0   8001   2415      0      0   7925   8163      -  18145  10009 
 20260925    04:58:28       0     51     82      -    100      2      0      0      0      0   8001   2550      0      0   7925   8163      -  20622   2571 
 20260925    04:58:29       0     35     82      -    100      0      0      0      0      0   8001   2550      0      0   7925   8163      -  20445   2572 
 20260925    04:58:30       0     36     82      -    100      0      0      0      0      0   8001   2550      0      0   7925   8163      -  17613   8210 
#Date        Time         gpu    pwr  gtemp  mtemp     sm    mem    enc    dec    jpg    ofa   mclk   pclk  pviol  tviol     fb   bar1   ccpm  rxpci  txpci 
#YYYYMMDD    HH:MM:SS     Idx      W      C      C      %      %      %      %      %      %    MHz    MHz      %   bool     MB     MB     MB   MB/s   MB/s 
 20260925    04:58:31       0     51     84      -    100     38      0      0      0      0   8001   2385      0      0   7925   8163      -  16257   5926 
 20260925    04:58:32       0     51     82      -    100      3      0      0      0      0   8001   2550      0      0   7925   8163      -  20595   2551 
 20260925    04:58:33       0     36     82      -    100      0      0      0      0      0   8001   2550      0      0   7925   8163      -  14304   3022 
 20260925    04:58:34       0     56     84      -    100     37      0      0      0      0   8001   2550      0      0   7925   8163      -  19041  10177 
 20260925    04:58:36       0     50     83      -    100     38      0      0      0      0   8001   2355      0      0   7925   8163      -  16498   6867 
 20260925    04:58:37       0     35     82      -    100      0      0      0      0      0   8001   2550      0      0   7925   8163      -  20483   2530 
 20260925    04:58:38       0     36     82      -    100      0      0      0      0      0   8001   2550      0      0   7925   8163      -  20403   2560 
 20260925    04:58:39       0     36     82      -     99      5      0      0      0      0   8001   2550      0      0   7925   8163      -  13862   6180 
 20260925    04:58:40       0     50     84      -    100     38      0      0      0      0   8001   2310      0      0   7925   8163      -  19297   9967 
 20260925    04:58:41       0     36     82      -    100      0      0      0      0      0   8001   2550      0      0   7925   8163      -  21191   2642 
 20260925    04:58:42       0     36     82      -    100      0      0      0      0      0   8001   2550      0      0   7925   8163      -  20547   2650 
 20260925    04:58:43       0     41     84      -    100     37      0      0      0      0   8001   2175      0      0   7925   8163      -  14508   4131 
 20260925    04:58:44       0     47     84      -    100     37      0      0      0      0   8001   2205      0      0   7925   8163      -  14714   4211 
 20260925    04:58:45       0     35     83      -    100      0      0      0      0      0   8001   2550      0      0   7925   8163      -  20222   2612 
 20260925    04:58:46       0     36     83      -    100      0      0      0      0      0   8001   2550      0      0   7925   8163      -  21247   2557 
 20260925    04:58:47       0     50     85      -     99     23      0      0      0      0   8001   2550      0      0   7925   8163      -  15597   5400 
 20260925    04:58:48       0     49     83      -    100     38      0      0      0      0   8001   2070      0      0   7925   8163      -  18190   9491 
 20260925    04:58:49       0     36     83      -    100      0      0      0      0      0   8001   2550      0      0   7925   8163      -  24088   2565 
 20260925    04:58:50       0     36     83      -    100      0      0      0      0      0   8001   2550      0      0   7925   8163      -  20354   2594 
 20260925    04:58:51       0     58     85      -    100     43      0      0      0      0   8001   2475      0      0   7925   8163      -  14766   4649 
 20260925    04:58:53       0     48     84      -    100     38      0      0      0      0   8001   2220      0      0   7925   8163      -  19072   8915 
 20260925    04:58:54       0     35     83      -    100      0      0      0      0      0   8001   2550      0      0   7925   8163      -  21007   3050 
 20260925    04:58:55       0     36     83      -    100      0      0      0      0      0   8001   2550      0      0   7925   8163      -  20609   2637 
 20260925    04:58:56       0     36     83      -    100      0      0      0      0      0   8001   2550      0      0   7925   8163      -  19919  10124 
 20260925    04:58:57       0     44     83      -    100     42      0      0      0      0   8001   1950      0      0   7925   8163      -  14249   4548 
 20260925    04:58:58       0     35     83      -    100      0      0      0      0      0   8001   2550      0      0   7925   8163      -  20657   2631 
 20260925    04:58:59       0     35     83      -    100      0      0      0      0      0   8001   2550      0      0   7925   8163      -  21570   2556 
 20260925    04:59:00       0     35     83      -    100      0      0      0      0      0   8001   2550      0      0   7925   8163      -  16379   6388 
 20260925    04:59:01       0     42     84      -    100     39      0      0      0      0   8001   1980      0      0   7925   8163      -  16158   6505 
 20260925    04:59:02       0     39     83      -    100      2      0      0      0      0   8001   2550      0      0   7925   8163      -  20264   2568 
 20260925    04:59:03       0     36     83      -    100      0      0      0      0      0   8001   2550      0      0   7925   8163      -  20640   2605 
 20260925    04:59:04       0     35     83      -    100      0      0      0      0      0   8001   2550      0      0   7925   8163      -  17244  13340 
 20260925    04:59:05       0     42     83      -    100     38      0      0      0      0   8001   1950      0      0   7925   8163      -  14710   4348 
 20260925    04:59:06       0     36     83      -    100      2      0      0      0      0   8001   2550      0      0   7925   8163      -  21169   2599 
 20260925    04:59:08       0     31     83      -    100      0      0      0      0      0   8001   2550      0      0   7925   8163      -  20929   2584 
 20260925    04:59:09       0     35     83      -    100      0      0      0      0      0   8001   2550      0      0   7925   8163      -  21166   2609 
 20260925    04:59:10       0     43     83      -    100     40      0      0      0      0   8001   1845      0      0   7925   8163      -  18693   8826 
 20260925    04:59:11       0     43     84      -    100     38      0      0      0      0   8001   2055      0      0   7925   8163      -  20567   2617 
 20260925    04:59:12       0     35     84      -    100      0      0      0      0      0   8001   2550      0      0   7925   8163      -  20701   2557 
 20260925    04:59:13       0     36     83      -    100      0      0      0      0      0   8001   2550      0      0   7925   8163      -  20543   2552 
 20260925    04:59:14       0     46     84      -    100     38      0      0      0      0   8001   1800      0      0   7925   8163      -  14688   4375 
 20260925    04:59:15       0     27     84      -    100     42      0      0      0      0   8001   1875      0      0   7925   8163      -  15216   5096 
 20260925    04:59:16       0     35     83      -    100      0      0      0      0      0   8001   2550      0      0   7925   8163      -  19760   2566 
 20260925    04:59:17       0     32     83      -    100      0      0      0      0      0   8001   2325      0      0   7925   8163      -  16593   2604 
#Date        Time         gpu    pwr  gtemp  mtemp     sm    mem    enc    dec    jpg    ofa   mclk   pclk  pviol  tviol     fb   bar1   ccpm  rxpci  txpci 
#YYYYMMDD    HH:MM:SS     Idx      W      C      C      %      %      %      %      %      %    MHz    MHz      %   bool     MB     MB     MB   MB/s   MB/s 
 20260925    04:59:18       0     34     83      -    100      0      0      0      0      0   8001   2550      0      0   7925   8163      -  14882   4343 
 20260925    04:59:19       0     38     84      -    100     38      0      0      0      0   8001   1740      0      0   7925   8163      -  20264  10231 
 20260925    04:59:20       0     39     83      -    100     44      0      0      0      0   8001   1875      0      0   7925   8163      -  20968   2596 
 20260925    04:59:21       0     34     83      -    100      0      0      0      0      0   8001   2520      0      0   7925   8163      -  20619   8293 
 20260925    04:59:22       0     30     83      -    100      0      0      0      0      0   8001   2415      0      0   7925   8163      -  20580   2633 
 20260925    04:59:24       0     39     84      -    100     38      0      0      0      0   8001   1770      0      0   7925   8163      -  19825  10017 
 20260925    04:59:25       0     40     83      -    100     50      0      0      0      0   8001   1875      0      0   7925   8163      -  17970   2724 
 20260925    04:59:26       0     35     84      -    100      0      0      0      0      0   8001   2550      0      0   7925   8163      -  20496   2653 
 20260925    04:59:27       0     35     83      -    100      0      0      0      0      0   8001   2490      0      0   7925   8163      -  32632   2224 
 20260925    04:59:28       0     35     84      -    100      0      0      0      0      0   8001   2550      0      0   7925   8163      -  20366   9980 
 20260925    04:59:29       0     41     83      -    100     49      0      0      0      0   8001   2025      0      0   7925   8163      -  14588   3792 
 20260925    04:59:30       0     36     84      -    100      1      0      0      0      0   8001   2535      0      0   7925   8163      -  20150   2456 
 20260925    04:59:31       0     35     84      -    100      0      0      0      0      0   8001   2520      0      0   7925   8163      -  19235   2456 
 20260925    04:59:32       0     35     84      -    100      0      0      0      0      0   8001   2550      0      0   7925   8163      -  12709   2371 
 20260925    04:59:33       0     45     84      -    100     45      0      0      0      0   8001   2010      0      0   7925   8163      -  14878   3639 
 20260925    04:59:34       0     41     83      -    100     36      0      0      0      0   8001   1515      0      0   7925   8163      -  19625   9512 
 20260925    04:59:35       0     29     83      -    100      1      0      0      0      0   8001   2370      0      0   7925   8163      -  20105   2420 
 20260925    04:59:36       0     29     84      -    100      0      0      0      0      0   8001   2550      0      0   7925   8163      -  19973   2566 
 20260925    04:59:37       0     29     83      -    100      0      0      0      0      0   8001   2385      0      0   7925   8163      -  19068   2503 
 20260925    04:59:38       0     23     84      -    100     36      0      0      0      0   8001   1725      0      0   7925   8163      -  17862   7519 
 20260925    04:59:39       0     38     84      -    100     42      0      0      0      0   8001   1830      0      0   7925   8163      -  20917   2489 
 20260925    04:59:41       0     34     83      -    100      0      0      0      0      0   8001   2460      0      0   7925   8163      -  20756   2610 
 20260925    04:59:42       0     31     83      -    100      0      0      0      0      0   8001   2340      0      0   7925   8163      -  14546   2669 
 20260925    04:59:43       0     33     84      -    100      0      0      0      0      0   8001   2520      0      0   7925   8163      -  14771   4988 
 20260925    04:59:44       0     38     84      -    100     45      0      0      0      0   8001   1770      0      0   7925   8163      -  18323   7953 
 20260925    04:59:45       0     38     83      -    100     47      0      0      0      0   8001   1695      0      0   7925   8163      -  19843   2381 
 20260925    04:59:46       0     35     84      -    100      0      0      0      0      0   8001   2325      0      0   7925   8163      -  18594   2534 
 20260925    04:59:47       0     34     83      -    100      0      0      0      0      0   8001   2445      0      0   7925   8163      -  20545   2627 
 20260925    04:59:48       0     36     84      -    100     37      0      0      0      0   8001   1725      0      0   7925   8163      -  13554   2651 
 20260925    04:59:49       0     40     84      -    100     47      0      0      0      0   8001   1815      0      0   7925   8163      -  18709   9857 
 20260925    04:59:50       0     28     83      -    100      2      0      0      0      0   8001   2460      0      0   7925   8163      -  20531   2517 
 20260925    04:59:51       0     33     84      -    100      0      0      0      0      0   8001   2460      0      0   7925   8163      -  20267   2444 
 20260925    04:59:52       0     33     84      -    100      0      0      0      0      0   8001   2460      0      0   7925   8163      -  21226   2368 
 20260925    04:59:53       0     32     83      -    100      5      0      0      0      0   8001   1695      0      0   7925   8163      -  17616   7121 
 20260925    04:59:54       0     27     83      -    100      5      0      0      0      0   8001   1800      0      0   7925   8163      -  18645   8561 
 20260925    04:59:55       0     28     83      -    100      0      0      0      0      0   8001   2265      0      0   7925   8163      -  19182   2594 
 20260925    04:59:57       0     25     83      -    100      0      0      0      0      0   8001   2145      0      0   7925   8163      -  17013   2743 
 20260925    04:59:58       0     31     84      -     96     28      0      0      0      0   8001   1845      0      0   7925   8163      -  10447   1352 
 20260925    04:59:59       0     43     84      -    100      0      0      0      0      0   8001   2550      0      0   7925   8163      -  19021   3549 
 20260925    05:00:00       0     33     84      -     99     40      0      0      0      0   8001   1860      0      0   7925   8163      -  22525   4898 
 20260925    05:00:01       0     28     84      -    100      0      0      0      0      0   8001   2550      0      0   7925   8163      -  13943   1970 
 20260925    05:00:02       0     37     84      -    100      1      0      0      0      0   8001   2355      0      0   7925   8163      -  19225   2396 
 20260925    05:00:03       0     34     83      -    100      1      0      0      0      0   8001   2325      0      0   7925   8163      -  18432   2463 
 20260925    05:00:04       0     36     86      -     99      5      0      0      0      0   8001   1575      0      0   7925   8163      -  19963   2489 
#Date        Time         gpu    pwr  gtemp  mtemp     sm    mem    enc    dec    jpg    ofa   mclk   pclk  pviol  tviol     fb   bar1   ccpm  rxpci  txpci 
#YYYYMMDD    HH:MM:SS     Idx      W      C      C      %      %      %      %      %      %    MHz    MHz      %   bool     MB     MB     MB   MB/s   MB/s 
 20260925    05:00:05       0     32     84      -    100      1      0      0      0      0   8001   2400      0      0   7925   8163      -  20491   2249 
 20260925    05:00:06       0     34     84      -     99     45      0      0      0      0   8001   1680      0      0   7925   8163      -  19627   2167 
 20260925    05:00:07       0     32     83      -    100      1      0      0      0      0   8001   2235      0      0   7925   8163      -  14968   1455 
 20260925    05:00:08       0     32     83      -      0      0      0      0      0      0   8001   2550      0      0   7925   8163      -      0      0 
 20260925    05:00:09       0     28     83      -      0      0      0      0      0      0   8001   2550      0      0   7925   8163      -      0      6 
 20260925    05:00:10       0      1     83      -      0      0      0      0      0      0   8000   1605    100      0      0   8163      -     43      7 
 20260925    05:00:12       0      1     83      -      0      0      0      0      0      0   8000   1605      0      0      0   8163      -     70      7 
 20260925    05:00:14       0      1     83      -      0      0      0      0      0      0   8000   1605    100      0      0   8163      -    103      8 
 20260925    05:00:15       0      1     83      -      0      0      0      0      0      0   8000   1605      0      0      0   8163      -     75      7 
