ts_iso_utc,kind,domain,rc,actual_mhz,request_mhz,tdp_mhz,efficient_mhz,throttle_reasons,energy_uj,timestamp_us,power_w,temp_c
2026-10-01T14:05:23.397754+00:00,freq,0,0,1600.0,1600.0,2500.0,900.0,0,,,,
2026-10-01T14:05:23.397754+00:00,freq,1,0,550.0,550.0,1200.0,550.0,0,,,,
2026-10-01T14:05:23.397754+00:00,power,0,0,,,,,,2291239260930,854765999557,,
2026-10-01T14:05:24.401744+00:00,freq,0,0,1600.0,1600.0,2500.0,900.0,0,,,,
2026-10-01T14:05:24.401744+00:00,freq,1,0,550.0,550.0,1200.0,550.0,0,,,,
2026-10-01T14:05:24.401744+00:00,power,0,0,,,,,,2291239260930,854767001660,0.0,
2026-10-01T14:05:25.402241+00:00,freq,0,0,1600.0,1600.0,2500.0,900.0,0,,,,
2026-10-01T14:05:25.402241+00:00,freq,1,0,550.0,550.0,1200.0,550.0,0,,,,
2026-10-01T14:05:25.402241+00:00,power,0,0,,,,,,2291239260930,854768002414,0.0,
2026-10-01T14:05:26.414537+00:00,freq,0,0,1600.0,1600.0,2500.0,900.0,0,,,,
2026-10-01T14:05:26.414537+00:00,freq,1,0,550.0,550.0,1200.0,550.0,0,,,,
2026-10-01T14:05:26.414537+00:00,power,0,0,,,,,,2291239260930,854769014489,0.0,
2026-10-01T14:05:27.399737+00:00,freq,0,0,1600.0,1600.0,2500.0,900.0,0,,,,
2026-10-01T14:05:27.399737+00:00,freq,1,0,550.0,550.0,1200.0,550.0,0,,,,
2026-10-01T14:05:27.399737+00:00,power,0,0,,,,,,2291239260930,854769999873,0.0,
2026-10-01T14:05:28.409093+00:00,freq,0,0,1600.0,1600.0,2500.0,900.0,0,,,,
2026-10-01T14:05:28.409093+00:00,freq,1,0,550.0,550.0,1200.0,550.0,0,,,,
2026-10-01T14:05:28.409093+00:00,power,0,0,,,,,,2291239260930,854771008970,0.0,
2026-10-01T14:05:29.393190+00:00,freq,0,0,1600.0,1600.0,2500.0,900.0,0,,,,
2026-10-01T14:05:29.393190+00:00,freq,1,0,550.0,550.0,1200.0,550.0,0,,,,
2026-10-01T14:05:29.393190+00:00,power,0,0,,,,,,2291239261235,854771993621,0.0003097544206018173,
2026-10-01T14:05:30.409209+00:00,freq,0,0,1600.0,1600.0,2500.0,900.0,0,,,,
2026-10-01T14:05:30.409209+00:00,freq,1,0,550.0,550.0,1200.0,550.0,0,,,,
2026-10-01T14:05:30.409209+00:00,power,0,0,,,,,,2291239261235,854773008940,0.0,
2026-10-01T14:05:31.394411+00:00,freq,0,0,1600.0,1600.0,2500.0,900.0,0,,,,
2026-10-01T14:05:31.394411+00:00,freq,1,0,550.0,550.0,1200.0,550.0,0,,,,
2026-10-01T14:05:31.394411+00:00,power,0,0,,,,,,2291239261235,854773994238,0.0,
2026-10-01T14:05:32.402896+00:00,freq,0,0,1600.0,1600.0,2500.0,900.0,0,,,,
2026-10-01T14:05:32.402896+00:00,freq,1,0,550.0,550.0,1200.0,550.0,0,,,,
2026-10-01T14:05:32.402896+00:00,power,0,0,,,,,,2291239261235,854775002640,0.0,
2026-10-01T14:05:33.404243+00:00,freq,0,0,1600.0,1600.0,2500.0,900.0,0,,,,
2026-10-01T14:05:33.404243+00:00,freq,1,0,550.0,550.0,1200.0,550.0,0,,,,
2026-10-01T14:05:33.404243+00:00,power,0,0,,,,,,2291239262723,854776003972,0.0014860206205334495,
2026-10-01T14:05:34.417581+00:00,freq,0,0,1600.0,1600.0,2500.0,900.0,0,,,,
2026-10-01T14:05:34.417581+00:00,freq,1,0,550.0,550.0,1200.0,550.0,0,,,,
2026-10-01T14:05:34.417581+00:00,power,0,0,,,,,,2291239262723,854777017228,0.0,
2026-10-01T14:05:35.401883+00:00,freq,0,0,1600.0,1600.0,2500.0,900.0,0,,,,
2026-10-01T14:05:35.401883+00:00,freq,1,0,550.0,550.0,1200.0,550.0,0,,,,
2026-10-01T14:05:35.401883+00:00,power,0,0,,,,,,2291239262723,854778001942,0.0,
2026-10-01T14:05:36.406146+00:00,freq,0,0,1600.0,1600.0,2500.0,900.0,0,,,,
2026-10-01T14:05:36.406146+00:00,freq,1,0,550.0,550.0,1200.0,550.0,0,,,,
2026-10-01T14:05:36.406146+00:00,power,0,0,,,,,,2291239264516,854779005878,0.0017859704204252064,
2026-10-01T14:05:37.399110+00:00,freq,0,0,1600.0,1600.0,2500.0,900.0,0,,,,
2026-10-01T14:05:37.399110+00:00,freq,1,0,550.0,550.0,1200.0,550.0,0,,,,
2026-10-01T14:05:37.399110+00:00,power,0,0,,,,,,2291239264577,854779998630,6.144535593985205e-05,
2026-10-01T14:05:38.403503+00:00,freq,0,0,1600.0,1600.0,2500.0,900.0,0,,,,
2026-10-01T14:05:38.403503+00:00,freq,1,0,550.0,550.0,1200.0,550.0,0,,,,
2026-10-01T14:05:38.403503+00:00,power,0,0,,,,,,2291239264577,854781002971,0.0,
2026-10-01T14:05:39.417909+00:00,freq,0,0,1600.0,1600.0,2500.0,900.0,0,,,,
2026-10-01T14:05:39.417909+00:00,freq,1,0,550.0,550.0,1200.0,550.0,0,,,,
2026-10-01T14:05:39.417909+00:00,power,0,0,,,,,,2291239264577,854782017443,0.0,
2026-10-01T14:05:40.414902+00:00,freq,0,0,1600.0,1600.0,2500.0,900.0,0,,,,
2026-10-01T14:05:40.414902+00:00,freq,1,0,550.0,550.0,1200.0,550.0,0,,,,
2026-10-01T14:05:40.414902+00:00,power,0,0,,,,,,2291239264577,854783014527,0.0,
2026-10-01T14:05:41.414581+00:00,freq,0,0,1600.0,1600.0,2500.0,900.0,0,,,,
2026-10-01T14:05:41.414581+00:00,freq,1,0,550.0,550.0,1200.0,550.0,0,,,,
2026-10-01T14:05:41.414581+00:00,power,0,0,,,,,,2291239264577,854784014122,0.0,
2026-10-01T14:05:42.408143+00:00,freq,0,0,1600.0,1600.0,2500.0,900.0,0,,,,
2026-10-01T14:05:42.408143+00:00,freq,1,0,550.0,550.0,1200.0,550.0,0,,,,
2026-10-01T14:05:42.408143+00:00,power,0,0,,,,,,2291239265004,854785007591,0.0004298070699740002,
2026-10-01T14:05:43.406068+00:00,freq,0,0,1600.0,1600.0,2500.0,900.0,0,,,,
2026-10-01T14:05:43.406068+00:00,freq,1,0,550.0,550.0,1200.0,550.0,0,,,,
2026-10-01T14:05:43.406068+00:00,power,0,0,,,,,,2291239265004,854786005497,0.0,
2026-10-01T14:05:44.391055+00:00,freq,0,0,1600.0,1600.0,2500.0,900.0,0,,,,
2026-10-01T14:05:44.391055+00:00,freq,1,0,550.0,550.0,1200.0,550.0,0,,,,
2026-10-01T14:05:44.391055+00:00,power,0,0,,,,,,2291239266468,854786990593,0.0014861495732395623,
2026-10-01T14:05:45.398722+00:00,freq,0,0,1600.0,1600.0,2500.0,900.0,0,,,,
2026-10-01T14:05:45.398722+00:00,freq,1,0,550.0,550.0,1200.0,550.0,0,,,,
2026-10-01T14:05:45.398722+00:00,power,0,0,,,,,,2291239266468,854787998052,0.0,
2026-10-01T14:05:46.400467+00:00,freq,0,0,1600.0,1600.0,2500.0,900.0,0,,,,
2026-10-01T14:05:46.400467+00:00,freq,1,0,550.0,550.0,1200.0,500.0,0,,,,
2026-10-01T14:05:46.400467+00:00,power,0,0,,,,,,2291239266468,854788999841,0.0,
2026-10-01T14:05:47.400590+00:00,freq,0,0,1600.0,1600.0,2500.0,900.0,0,,,,
2026-10-01T14:05:47.400590+00:00,freq,1,0,550.0,550.0,1200.0,550.0,0,,,,
2026-10-01T14:05:47.400590+00:00,power,0,0,,,,,,2291239266468,854790000648,0.0,
2026-10-01T14:05:48.414073+00:00,freq,0,0,1600.0,1600.0,2500.0,900.0,0,,,,
2026-10-01T14:05:48.414073+00:00,freq,1,0,550.0,550.0,1200.0,550.0,0,,,,
2026-10-01T14:05:48.414073+00:00,power,0,0,,,,,,2291239269360,854791013567,0.0028551147722572093,
2026-10-01T14:05:49.412516+00:00,freq,0,0,1600.0,1600.0,2500.0,900.0,0,,,,
2026-10-01T14:05:49.412516+00:00,freq,1,0,550.0,550.0,1200.0,550.0,0,,,,
2026-10-01T14:05:49.412516+00:00,power,0,0,,,,,,2291239270482,854792011726,0.0011240694117871,
2026-10-01T14:05:50.412037+00:00,freq,0,0,2500.0,4250.0,2500.0,900.0,0,,,,
2026-10-01T14:05:50.412037+00:00,freq,1,0,550.0,550.0,1200.0,550.0,0,,,,
2026-10-01T14:05:50.412037+00:00,power,0,0,,,,,,2291239275364,854793011347,0.004883850979521239,
2026-10-01T14:05:51.410645+00:00,freq,0,0,2500.0,4250.0,2500.0,900.0,0,,,,
2026-10-01T14:05:51.410645+00:00,freq,1,0,550.0,550.0,1200.0,550.0,0,,,,
2026-10-01T14:05:51.410645+00:00,power,0,0,,,,,,2291244937130,854794009897,5.669987481848681,
2026-10-01T14:05:52.397301+00:00,freq,0,0,1750.0,1750.0,2500.0,900.0,0,,,,
2026-10-01T14:05:52.397301+00:00,freq,1,0,550.0,550.0,1200.0,550.0,0,,,,
2026-10-01T14:05:52.397301+00:00,power,0,0,,,,,,2291244937435,854794996627,0.00030910178062894614,
2026-10-01T14:05:53.402578+00:00,freq,0,0,1750.0,1750.0,2500.0,900.0,0,,,,
2026-10-01T14:05:53.402578+00:00,freq,1,0,550.0,550.0,1200.0,550.0,0,,,,
2026-10-01T14:05:53.402578+00:00,power,0,0,,,,,,2291244937435,854796001991,0.0,
2026-10-01T14:05:54.405300+00:00,freq,0,0,1750.0,1750.0,2500.0,900.0,0,,,,
2026-10-01T14:05:54.405300+00:00,freq,1,0,550.0,550.0,1200.0,550.0,0,,,,
2026-10-01T14:05:54.405300+00:00,power,0,0,,,,,,2291244938679,854797004609,0.001240751712017937,
2026-10-01T14:05:55.411696+00:00,freq,0,0,1750.0,1750.0,2500.0,900.0,0,,,,
2026-10-01T14:05:55.411696+00:00,freq,1,0,550.0,550.0,1200.0,550.0,0,,,,
2026-10-01T14:05:55.411696+00:00,power,0,0,,,,,,2291244938679,854798011158,0.0,
2026-10-01T14:05:56.405613+00:00,freq,0,0,1750.0,1750.0,2500.0,900.0,0,,,,
2026-10-01T14:05:56.405613+00:00,freq,1,0,550.0,550.0,1200.0,550.0,0,,,,
2026-10-01T14:05:56.405613+00:00,power,0,0,,,,,,2291244938679,854799004876,0.0,
2026-10-01T14:05:57.398913+00:00,freq,0,0,1750.0,1750.0,2500.0,900.0,0,,,,
2026-10-01T14:05:57.398913+00:00,freq,1,0,550.0,550.0,1200.0,550.0,0,,,,
2026-10-01T14:05:57.398913+00:00,power,0,0,,,,,,2291244938679,854799997924,0.0,
2026-10-01T14:05:58.411259+00:00,freq,0,0,1750.0,1750.0,2500.0,1000.0,0,,,,
2026-10-01T14:05:58.411259+00:00,freq,1,0,550.0,550.0,1200.0,550.0,0,,,,
2026-10-01T14:05:58.411259+00:00,power,0,0,,,,,,2291244938679,854801010334,0.0,
2026-10-01T14:05:59.396678+00:00,freq,0,0,2500.0,4250.0,2500.0,900.0,0,,,,
2026-10-01T14:05:59.396678+00:00,freq,1,0,550.0,550.0,1200.0,550.0,0,,,,
2026-10-01T14:05:59.396678+00:00,power,0,0,,,,,,2291247423359,854801995589,2.5218648979198277,
2026-10-01T14:06:00.397242+00:00,freq,0,0,2500.0,4250.0,2500.0,900.0,0,,,,
2026-10-01T14:06:00.397242+00:00,freq,1,0,550.0,550.0,1200.0,550.0,0,,,,
2026-10-01T14:06:00.397242+00:00,power,0,0,,,,,,2291255124798,854802996460,7.694736884173884,
2026-10-01T14:06:01.399431+00:00,freq,0,0,2500.0,4250.0,2500.0,900.0,0,,,,
2026-10-01T14:06:01.399431+00:00,freq,1,0,550.0,550.0,1200.0,550.0,0,,,,
2026-10-01T14:06:01.399431+00:00,power,0,0,,,,,,2291255147930,854803998559,0.02308354763351725,
2026-10-01T14:06:02.405368+00:00,freq,0,0,2500.0,4250.0,2500.0,900.0,0,,,,
2026-10-01T14:06:02.405368+00:00,freq,1,0,550.0,550.0,1200.0,550.0,0,,,,
2026-10-01T14:06:02.405368+00:00,power,0,0,,,,,,2291255147930,854805004534,0.0,
2026-10-01T14:06:03.410137+00:00,freq,0,0,2500.0,4250.0,2500.0,900.0,0,,,,
2026-10-01T14:06:03.410137+00:00,freq,1,0,550.0,550.0,1200.0,550.0,0,,,,
2026-10-01T14:06:03.410137+00:00,power,0,0,,,,,,2291255147930,854806009273,0.0,
2026-10-01T14:06:04.399103+00:00,freq,0,0,2500.0,4250.0,2500.0,900.0,0,,,,
2026-10-01T14:06:04.399103+00:00,freq,1,0,550.0,550.0,1200.0,550.0,0,,,,
2026-10-01T14:06:04.399103+00:00,power,0,0,,,,,,2291255147930,854806998263,0.0,
2026-10-01T14:06:05.405354+00:00,freq,0,0,2500.0,4250.0,2500.0,900.0,0,,,,
2026-10-01T14:06:05.405354+00:00,freq,1,0,550.0,550.0,1200.0,550.0,0,,,,
2026-10-01T14:06:05.405354+00:00,power,0,0,,,,,,2291255147930,854808004506,0.0,
2026-10-01T14:06:06.410331+00:00,freq,0,0,2500.0,4250.0,2500.0,900.0,0,,,,
2026-10-01T14:06:06.410331+00:00,freq,1,0,550.0,550.0,1200.0,550.0,0,,,,
2026-10-01T14:06:06.410331+00:00,power,0,0,,,,,,2291255147930,854809009356,0.0,
2026-10-01T14:06:07.398479+00:00,freq,0,0,2500.0,4250.0,2500.0,900.0,0,,,,
2026-10-01T14:06:07.398479+00:00,freq,1,0,550.0,550.0,1200.0,550.0,0,,,,
2026-10-01T14:06:07.398479+00:00,power,0,0,,,,,,2291255147930,854809997515,0.0,
2026-10-01T14:06:08.403565+00:00,freq,0,0,2500.0,4250.0,2500.0,900.0,0,,,,
2026-10-01T14:06:08.403565+00:00,freq,1,0,550.0,550.0,1200.0,550.0,0,,,,
2026-10-01T14:06:08.403565+00:00,power,0,0,,,,,,2291255149540,854811002593,0.0016018657258441633,
2026-10-01T14:06:09.408232+00:00,freq,0,0,2500.0,4250.0,2500.0,900.0,0,,,,
2026-10-01T14:06:09.408232+00:00,freq,1,0,550.0,550.0,1200.0,550.0,0,,,,
2026-10-01T14:06:09.408232+00:00,power,0,0,,,,,,2291255149540,854812007222,0.0,
2026-10-01T14:06:10.396619+00:00,freq,0,0,2500.0,4250.0,2500.0,900.0,0,,,,
2026-10-01T14:06:10.396619+00:00,freq,1,0,550.0,550.0,1200.0,550.0,0,,,,
2026-10-01T14:06:10.396619+00:00,power,0,0,,,,,,2291255149540,854812995557,0.0,
2026-10-01T14:06:11.400265+00:00,freq,0,0,2500.0,4250.0,2500.0,900.0,0,,,,
2026-10-01T14:06:11.400265+00:00,freq,1,0,550.0,550.0,1200.0,550.0,0,,,,
2026-10-01T14:06:11.400265+00:00,power,0,0,,,,,,2291255149540,854813999195,0.0,
2026-10-01T14:06:12.404309+00:00,freq,0,0,2500.0,4250.0,2500.0,900.0,0,,,,
2026-10-01T14:06:12.404309+00:00,freq,1,0,550.0,550.0,1200.0,550.0,0,,,,
2026-10-01T14:06:12.404309+00:00,power,0,0,,,,,,2291255149540,854815003105,0.0,
2026-10-01T14:06:13.408139+00:00,freq,0,0,2500.0,4250.0,2500.0,900.0,0,,,,
2026-10-01T14:06:13.408139+00:00,freq,1,0,550.0,550.0,1200.0,550.0,0,,,,
2026-10-01T14:06:13.408139+00:00,power,0,0,,,,,,2291255149540,854816007129,0.0,
2026-10-01T14:06:14.396951+00:00,freq,0,0,2500.0,4250.0,2500.0,900.0,0,,,,
2026-10-01T14:06:14.396951+00:00,freq,1,0,550.0,550.0,1200.0,550.0,0,,,,
2026-10-01T14:06:14.396951+00:00,power,0,0,,,,,,2291255149540,854816995826,0.0,
2026-10-01T14:06:15.401514+00:00,freq,0,0,2500.0,4250.0,2500.0,900.0,0,,,,
2026-10-01T14:06:15.401514+00:00,freq,1,0,550.0,550.0,1200.0,550.0,0,,,,
2026-10-01T14:06:15.401514+00:00,power,0,0,,,,,,2291255149540,854818000245,0.0,
2026-10-01T14:06:16.406174+00:00,freq,0,0,2500.0,4250.0,2500.0,900.0,0,,,,
2026-10-01T14:06:16.406174+00:00,freq,1,0,550.0,550.0,1200.0,550.0,0,,,,
2026-10-01T14:06:16.406174+00:00,power,0,0,,,,,,2291255149540,854819005020,0.0,
2026-10-01T14:06:17.409386+00:00,freq,0,0,2500.0,4250.0,2500.0,900.0,0,,,,
2026-10-01T14:06:17.409386+00:00,freq,1,0,550.0,550.0,1200.0,550.0,0,,,,
2026-10-01T14:06:17.409386+00:00,power,0,0,,,,,,2291255149540,854820008173,0.0,
2026-10-01T14:06:18.399075+00:00,freq,0,0,2500.0,4250.0,2500.0,900.0,0,,,,
2026-10-01T14:06:18.399075+00:00,freq,1,0,550.0,550.0,1200.0,550.0,0,,,,
2026-10-01T14:06:18.399075+00:00,power,0,0,,,,,,2291255149540,854820997884,0.0,
2026-10-01T14:06:19.405189+00:00,freq,0,0,2500.0,4250.0,2500.0,900.0,0,,,,
2026-10-01T14:06:19.405189+00:00,freq,1,0,550.0,550.0,1200.0,550.0,0,,,,
2026-10-01T14:06:19.405189+00:00,power,0,0,,,,,,2291255151187,854822003856,0.0016372225071870788,
2026-10-01T14:06:20.410464+00:00,freq,0,0,2500.0,4250.0,2500.0,900.0,0,,,,
2026-10-01T14:06:20.410464+00:00,freq,1,0,550.0,550.0,1200.0,550.0,0,,,,
2026-10-01T14:06:20.410464+00:00,power,0,0,,,,,,2291255151187,854823009169,0.0,
2026-10-01T14:06:21.399934+00:00,freq,0,0,2500.0,4250.0,2500.0,900.0,0,,,,
2026-10-01T14:06:21.399934+00:00,freq,1,0,550.0,550.0,1200.0,550.0,0,,,,
2026-10-01T14:06:21.399934+00:00,power,0,0,,,,,,2291255151187,854823998566,0.0,
2026-10-01T14:06:22.403141+00:00,freq,0,0,1400.0,1400.0,2500.0,900.0,0,,,,
2026-10-01T14:06:22.403141+00:00,freq,1,0,550.0,550.0,1200.0,500.0,0,,,,
2026-10-01T14:06:22.403141+00:00,power,0,0,,,,,,2291255156581,854825002005,0.005375513608699682,
2026-10-01T14:06:23.409908+00:00,freq,0,0,1400.0,1400.0,2500.0,900.0,0,,,,
2026-10-01T14:06:23.409908+00:00,freq,1,0,500.0,500.0,1200.0,550.0,0,,,,
2026-10-01T14:06:23.409908+00:00,power,0,0,,,,,,2291255156581,854826009065,0.0,
2026-10-01T14:06:24.400353+00:00,freq,0,0,1400.0,1400.0,2500.0,900.0,0,,,,
2026-10-01T14:06:24.400353+00:00,freq,1,0,550.0,550.0,1200.0,550.0,0,,,,
2026-10-01T14:06:24.400353+00:00,power,0,0,,,,,,2291255156581,854826998864,0.0,
2026-10-01T14:06:25.401606+00:00,freq,0,0,2500.0,4250.0,2500.0,900.0,0,,,,
2026-10-01T14:06:25.401606+00:00,freq,1,0,550.0,550.0,1200.0,550.0,0,,,,
2026-10-01T14:06:25.401606+00:00,power,0,0,,,,,,2291266304469,854828000070,11.134459841431234,
2026-10-01T14:06:26.406924+00:00,freq,0,0,2450.0,4250.0,2450.0,900.0,2,,,,
2026-10-01T14:06:26.406924+00:00,freq,1,0,550.0,550.0,1200.0,550.0,0,,,,
2026-10-01T14:06:26.406924+00:00,power,0,0,,,,,,2291301347156,854829005322,34.85960435791225,
2026-10-01T14:06:27.396809+00:00,freq,0,0,2400.0,4250.0,2400.0,900.0,2,,,,
2026-10-01T14:06:27.396809+00:00,freq,1,0,550.0,550.0,1200.0,550.0,0,,,,
2026-10-01T14:06:27.396809+00:00,power,0,0,,,,,,2291333828235,854829995333,32.80880616477999,
2026-10-01T14:06:28.400855+00:00,freq,0,0,2500.0,4250.0,2500.0,900.0,0,,,,
2026-10-01T14:06:28.400855+00:00,freq,1,0,550.0,550.0,1200.0,550.0,0,,,,
2026-10-01T14:06:28.400855+00:00,power,0,0,,,,,,2291364838085,854830999286,30.887750721398312,
2026-10-01T14:06:29.406034+00:00,freq,0,0,2500.0,4250.0,2500.0,900.0,0,,,,
2026-10-01T14:06:29.406034+00:00,freq,1,0,550.0,550.0,1200.0,550.0,0,,,,
2026-10-01T14:06:29.406034+00:00,power,0,0,,,,,,2291394343272,854832004405,29.35491916877504,
2026-10-01T14:06:30.414493+00:00,freq,0,0,2500.0,4250.0,2500.0,900.0,0,,,,
2026-10-01T14:06:30.414493+00:00,freq,1,0,550.0,550.0,1200.0,550.0,0,,,,
2026-10-01T14:06:30.414493+00:00,power,0,0,,,,,,2291423143771,854833012891,28.558154500905317,
2026-10-01T14:06:31.403443+00:00,freq,0,0,2500.0,4250.0,2500.0,900.0,0,,,,
2026-10-01T14:06:31.403443+00:00,freq,1,0,550.0,550.0,1200.0,550.0,0,,,,
2026-10-01T14:06:31.403443+00:00,power,0,0,,,,,,2291450157137,854834001764,27.317325885123772,
2026-10-01T14:06:32.407115+00:00,freq,0,0,2450.0,4250.0,2450.0,900.0,2,,,,
2026-10-01T14:06:32.407115+00:00,freq,1,0,550.0,550.0,1200.0,550.0,0,,,,
2026-10-01T14:06:32.407115+00:00,power,0,0,,,,,,2291476684870,854835005433,26.430758546891454,
2026-10-01T14:06:33.395832+00:00,freq,0,0,2500.0,4250.0,2500.0,900.0,0,,,,
2026-10-01T14:06:33.395832+00:00,freq,1,0,550.0,550.0,1200.0,550.0,0,,,,
2026-10-01T14:06:33.395832+00:00,power,0,0,,,,,,2291501932757,854835993906,25.542313244772494,
2026-10-01T14:06:34.401706+00:00,freq,0,0,2500.0,4250.0,2500.0,900.0,0,,,,
2026-10-01T14:06:34.401706+00:00,freq,1,0,550.0,550.0,1200.0,550.0,0,,,,
2026-10-01T14:06:34.401706+00:00,power,0,0,,,,,,2291527067278,854836999943,24.983694436685727,
2026-10-01T14:06:35.407440+00:00,freq,0,0,2500.0,4250.0,2500.0,900.0,0,,,,
2026-10-01T14:06:35.407440+00:00,freq,1,0,550.0,550.0,1200.0,550.0,0,,,,
2026-10-01T14:06:35.407440+00:00,power,0,0,,,,,,2291551640482,854838005466,24.43823164661574,
2026-10-01T14:06:36.396338+00:00,freq,0,0,2500.0,4250.0,2500.0,900.0,0,,,,
2026-10-01T14:06:36.396338+00:00,freq,1,0,550.0,550.0,1200.0,550.0,0,,,,
2026-10-01T14:06:36.396338+00:00,power,0,0,,,,,,2291576328165,854838994626,24.958230215536414,
2026-10-01T14:06:37.401197+00:00,freq,0,0,2500.0,4250.0,2500.0,900.0,0,,,,
2026-10-01T14:06:37.401197+00:00,freq,1,0,550.0,550.0,1200.0,550.0,0,,,,
2026-10-01T14:06:37.401197+00:00,power,0,0,,,,,,2291595553530,854839999482,19.13245778499606,
2026-10-01T14:06:38.407201+00:00,freq,0,0,2500.0,4250.0,2500.0,900.0,0,,,,
2026-10-01T14:06:38.407201+00:00,freq,1,0,550.0,550.0,1200.0,550.0,0,,,,
2026-10-01T14:06:38.407201+00:00,power,0,0,,,,,,2291595553530,854841005494,0.0,
2026-10-01T14:06:39.394793+00:00,freq,0,0,2500.0,4250.0,2500.0,900.0,0,,,,
2026-10-01T14:06:39.394793+00:00,freq,1,0,550.0,550.0,1200.0,550.0,0,,,,
2026-10-01T14:06:39.394793+00:00,power,0,0,,,,,,2291595553530,854841993106,0.0,
2026-10-01T14:06:40.398933+00:00,freq,0,0,2500.0,4250.0,2500.0,900.0,0,,,,
2026-10-01T14:06:40.398933+00:00,freq,1,0,550.0,550.0,1200.0,550.0,0,,,,
2026-10-01T14:06:40.398933+00:00,power,0,0,,,,,,2291595553530,854842997240,0.0,
2026-10-01T14:06:41.404862+00:00,freq,0,0,2500.0,4250.0,2500.0,900.0,0,,,,
2026-10-01T14:06:41.404862+00:00,freq,1,0,550.0,550.0,1200.0,550.0,0,,,,
2026-10-01T14:06:41.404862+00:00,power,0,0,,,,,,2291595553530,854844003128,0.0,
2026-10-01T14:06:42.409244+00:00,freq,0,0,2500.0,4250.0,2500.0,900.0,0,,,,
2026-10-01T14:06:42.409244+00:00,freq,1,0,550.0,550.0,1200.0,550.0,0,,,,
2026-10-01T14:06:42.409244+00:00,power,0,0,,,,,,2291595553530,854845007473,0.0,
2026-10-01T14:06:43.398942+00:00,freq,0,0,2500.0,4250.0,2500.0,900.0,0,,,,
2026-10-01T14:06:43.398942+00:00,freq,1,0,550.0,550.0,1200.0,550.0,0,,,,
2026-10-01T14:06:43.398942+00:00,power,0,0,,,,,,2291595553530,854845997187,0.0,
2026-10-01T14:06:44.405830+00:00,freq,0,0,2500.0,4250.0,2500.0,900.0,0,,,,
2026-10-01T14:06:44.405830+00:00,freq,1,0,550.0,550.0,1200.0,550.0,0,,,,
2026-10-01T14:06:44.405830+00:00,power,0,0,,,,,,2291595553530,854847003960,0.0,
2026-10-01T14:06:45.411180+00:00,freq,0,0,2500.0,4250.0,2500.0,900.0,0,,,,
2026-10-01T14:06:45.411180+00:00,freq,1,0,550.0,550.0,1200.0,550.0,0,,,,
2026-10-01T14:06:45.411180+00:00,power,0,0,,,,,,2291595553530,854848009355,0.0,
2026-10-01T14:06:46.400804+00:00,freq,0,0,2500.0,4250.0,2500.0,900.0,0,,,,
2026-10-01T14:06:46.400804+00:00,freq,1,0,550.0,550.0,1200.0,550.0,0,,,,
2026-10-01T14:06:46.400804+00:00,power,0,0,,,,,,2291595553530,854848998914,0.0,
2026-10-01T14:06:47.404729+00:00,freq,0,0,2500.0,4250.0,2500.0,900.0,0,,,,
2026-10-01T14:06:47.404729+00:00,freq,1,0,550.0,550.0,1200.0,550.0,0,,,,
2026-10-01T14:06:47.404729+00:00,power,0,0,,,,,,2291595553530,854850002891,0.0,
2026-10-01T14:06:48.411424+00:00,freq,0,0,2500.0,4250.0,2500.0,900.0,0,,,,
2026-10-01T14:06:48.411424+00:00,freq,1,0,550.0,550.0,1200.0,550.0,0,,,,
2026-10-01T14:06:48.411424+00:00,power,0,0,,,,,,2291595553530,854851009682,0.0,
2026-10-01T14:06:49.399664+00:00,freq,0,0,2500.0,4250.0,2500.0,900.0,0,,,,
2026-10-01T14:06:49.399664+00:00,freq,1,0,550.0,550.0,1200.0,550.0,0,,,,
2026-10-01T14:06:49.399664+00:00,power,0,0,,,,,,2291595555544,854851997745,0.002038331563878012,
2026-10-01T14:06:50.405007+00:00,freq,0,0,2500.0,4250.0,2500.0,900.0,0,,,,
2026-10-01T14:06:50.405007+00:00,freq,1,0,550.0,550.0,1200.0,550.0,0,,,,
2026-10-01T14:06:50.405007+00:00,power,0,0,,,,,,2291595555544,854853003081,0.0,
2026-10-01T14:06:51.412078+00:00,freq,0,0,2500.0,4250.0,2500.0,900.0,0,,,,
2026-10-01T14:06:51.412078+00:00,freq,1,0,550.0,550.0,1200.0,550.0,0,,,,
2026-10-01T14:06:51.412078+00:00,power,0,0,,,,,,2291595555544,854854010048,0.0,
2026-10-01T14:06:52.408931+00:00,freq,0,0,1700.0,1700.0,2500.0,900.0,0,,,,
2026-10-01T14:06:52.408931+00:00,freq,1,0,550.0,550.0,1200.0,550.0,0,,,,
2026-10-01T14:06:52.408931+00:00,power,0,0,,,,,,2291595555544,854855006836,0.0,
2026-10-01T14:06:53.393525+00:00,freq,0,0,1700.0,1700.0,2500.0,900.0,0,,,,
2026-10-01T14:06:53.393525+00:00,freq,1,0,550.0,550.0,1200.0,550.0,0,,,,
2026-10-01T14:06:53.393525+00:00,power,0,0,,,,,,2291595555544,854855991437,0.0,
2026-10-01T14:06:54.399909+00:00,freq,0,0,1700.0,1700.0,2500.0,900.0,0,,,,
2026-10-01T14:06:54.399909+00:00,freq,1,0,550.0,550.0,1200.0,550.0,0,,,,
2026-10-01T14:06:54.399909+00:00,power,0,0,,,,,,2291595555544,854856997846,0.0,
2026-10-01T14:06:55.404492+00:00,freq,0,0,1700.0,1700.0,2500.0,900.0,0,,,,
2026-10-01T14:06:55.404492+00:00,freq,1,0,550.0,550.0,1200.0,550.0,0,,,,
2026-10-01T14:06:55.404492+00:00,power,0,0,,,,,,2291595555544,854858002350,0.0,
2026-10-01T14:06:56.408036+00:00,freq,0,0,1700.0,1700.0,2500.0,900.0,0,,,,
2026-10-01T14:06:56.408036+00:00,freq,1,0,550.0,550.0,1200.0,550.0,0,,,,
2026-10-01T14:06:56.408036+00:00,power,0,0,,,,,,2291595555544,854859005858,0.0,
2026-10-01T14:06:57.399055+00:00,freq,0,0,1700.0,1700.0,2500.0,900.0,0,,,,
2026-10-01T14:06:57.399055+00:00,freq,1,0,550.0,550.0,1200.0,550.0,0,,,,
2026-10-01T14:06:57.399055+00:00,power,0,0,,,,,,2291595555544,854859996913,0.0,
2026-10-01T14:06:58.405081+00:00,freq,0,0,1700.0,1700.0,2500.0,900.0,0,,,,
2026-10-01T14:06:58.405081+00:00,freq,1,0,550.0,550.0,1200.0,550.0,0,,,,
2026-10-01T14:06:58.405081+00:00,power,0,0,,,,,,2291595555544,854861002907,0.0,
2026-10-01T14:06:59.407329+00:00,freq,0,0,1700.0,1700.0,2500.0,900.0,0,,,,
2026-10-01T14:06:59.407329+00:00,freq,1,0,550.0,550.0,1200.0,550.0,0,,,,
2026-10-01T14:06:59.407329+00:00,power,0,0,,,,,,2291595555544,854862004923,0.0,
2026-10-01T14:07:00.392257+00:00,freq,0,0,1700.0,1700.0,2500.0,900.0,0,,,,
2026-10-01T14:07:00.392257+00:00,freq,1,0,550.0,550.0,1200.0,550.0,0,,,,
2026-10-01T14:07:00.392257+00:00,power,0,0,,,,,,2291595555544,854862989821,0.0,
2026-10-01T14:07:01.392468+00:00,freq,0,0,1700.0,1700.0,2500.0,900.0,0,,,,
2026-10-01T14:07:01.392468+00:00,freq,1,0,550.0,550.0,1200.0,550.0,0,,,,
2026-10-01T14:07:01.392468+00:00,power,0,0,,,,,,2291595555544,854863990383,0.0,
2026-10-01T14:07:02.394298+00:00,freq,0,0,1700.0,1700.0,2500.0,900.0,0,,,,
2026-10-01T14:07:02.394298+00:00,freq,1,0,550.0,550.0,1200.0,550.0,0,,,,
2026-10-01T14:07:02.394298+00:00,power,0,0,,,,,,2291595555544,854864991837,0.0,
2026-10-01T14:07:03.408346+00:00,freq,0,0,1700.0,1700.0,2500.0,900.0,0,,,,
2026-10-01T14:07:03.408346+00:00,freq,1,0,550.0,550.0,1200.0,550.0,0,,,,
2026-10-01T14:07:03.408346+00:00,power,0,0,,,,,,2291595555544,854866005889,0.0,
2026-10-01T14:07:04.395290+00:00,freq,0,0,2500.0,4250.0,2500.0,900.0,0,,,,
2026-10-01T14:07:04.395290+00:00,freq,1,0,550.0,550.0,1200.0,550.0,0,,,,
2026-10-01T14:07:04.395290+00:00,power,0,0,,,,,,2291627020631,854866992875,31.87997296820826,
2026-10-01T14:07:05.401167+00:00,freq,0,0,2450.0,4250.0,2450.0,900.0,2,,,,
2026-10-01T14:07:05.401167+00:00,freq,1,0,550.0,550.0,1200.0,550.0,0,,,,
2026-10-01T14:07:05.401167+00:00,power,0,0,,,,,,2291660874268,854867998694,33.65778236442143,
2026-10-01T14:07:06.407394+00:00,freq,0,0,2500.0,4250.0,2500.0,900.0,0,,,,
2026-10-01T14:07:06.407394+00:00,freq,1,0,550.0,550.0,1200.0,550.0,0,,,,
2026-10-01T14:07:06.407394+00:00,power,0,0,,,,,,2291692727807,854869004947,31.65559655474319,
2026-10-01T14:07:07.412998+00:00,freq,0,0,2500.0,4250.0,2500.0,900.0,0,,,,
2026-10-01T14:07:07.412998+00:00,freq,1,0,550.0,550.0,1200.0,550.0,0,,,,
2026-10-01T14:07:07.412998+00:00,power,0,0,,,,,,2291723326867,854870010437,30.431988383773085,
2026-10-01T14:07:08.403581+00:00,freq,0,0,2500.0,4250.0,2500.0,900.0,0,,,,
2026-10-01T14:07:08.403581+00:00,freq,1,0,550.0,550.0,1200.0,550.0,0,,,,
2026-10-01T14:07:08.403581+00:00,power,0,0,,,,,,2291751718675,854871001003,28.66220726332218,
2026-10-01T14:07:09.405714+00:00,freq,0,0,2500.0,4250.0,2500.0,900.0,0,,,,
2026-10-01T14:07:09.405714+00:00,freq,1,0,550.0,550.0,1200.0,550.0,0,,,,
2026-10-01T14:07:09.405714+00:00,power,0,0,,,,,,2291779566148,854872003147,27.787895751508763,
2026-10-01T14:07:10.410009+00:00,freq,0,0,2500.0,4250.0,2500.0,900.0,0,,,,
2026-10-01T14:07:10.410009+00:00,freq,1,0,550.0,550.0,1200.0,550.0,0,,,,
2026-10-01T14:07:10.410009+00:00,power,0,0,,,,,,2291806686532,854873007382,27.00601353268906,
2026-10-01T14:07:11.399787+00:00,freq,0,0,2500.0,4250.0,2500.0,900.0,0,,,,
2026-10-01T14:07:11.399787+00:00,freq,1,0,550.0,550.0,1200.0,550.0,0,,,,
2026-10-01T14:07:11.399787+00:00,power,0,0,,,,,,2291832100045,854873997232,25.674105167449614,
2026-10-01T14:07:12.404147+00:00,freq,0,0,2500.0,4250.0,2500.0,900.0,0,,,,
2026-10-01T14:07:12.404147+00:00,freq,1,0,550.0,550.0,1200.0,550.0,0,,,,
2026-10-01T14:07:12.404147+00:00,power,0,0,,,,,,2291857705598,854875001542,25.495666676623753,
2026-10-01T14:07:13.411712+00:00,freq,0,0,2450.0,4250.0,2500.0,900.0,2,,,,
2026-10-01T14:07:13.411712+00:00,freq,1,0,550.0,550.0,1200.0,550.0,0,,,,
2026-10-01T14:07:13.411712+00:00,power,0,0,,,,,,2291882572968,854876009122,24.68029337620834,
2026-10-01T14:07:14.397578+00:00,freq,0,0,2500.0,4250.0,2450.0,900.0,0,,,,
2026-10-01T14:07:14.397578+00:00,freq,1,0,550.0,550.0,1200.0,550.0,0,,,,
2026-10-01T14:07:14.397578+00:00,power,0,0,,,,,,2291906839898,854876994793,24.619705763890792,
2026-10-01T14:07:15.402604+00:00,freq,0,0,2500.0,4250.0,2500.0,900.0,0,,,,
2026-10-01T14:07:15.402604+00:00,freq,1,0,550.0,550.0,1200.0,550.0,0,,,,
2026-10-01T14:07:15.402604+00:00,power,0,0,,,,,,2291930675492,854877999906,23.714342566457702,
2026-10-01T14:07:16.409638+00:00,freq,0,0,2500.0,4250.0,2500.0,900.0,0,,,,
2026-10-01T14:07:16.409638+00:00,freq,1,0,550.0,550.0,1200.0,550.0,0,,,,
2026-10-01T14:07:16.409638+00:00,power,0,0,,,,,,2291938089798,854879007221,7.360464204345215,
2026-10-01T14:07:17.407622+00:00,freq,0,0,2500.0,4250.0,2500.0,900.0,0,,,,
2026-10-01T14:07:17.407622+00:00,freq,1,0,550.0,550.0,1200.0,550.0,0,,,,
2026-10-01T14:07:17.407622+00:00,power,0,0,,,,,,2291938089798,854880004922,0.0,
2026-10-01T14:07:18.406358+00:00,freq,0,0,2500.0,4250.0,2500.0,900.0,0,,,,
2026-10-01T14:07:18.406358+00:00,freq,1,0,550.0,550.0,1200.0,550.0,0,,,,
2026-10-01T14:07:18.406358+00:00,power,0,0,,,,,,2291938089798,854881003664,0.0,
2026-10-01T14:07:19.412423+00:00,freq,0,0,2500.0,4250.0,2500.0,900.0,0,,,,
2026-10-01T14:07:19.412423+00:00,freq,1,0,550.0,550.0,1200.0,550.0,0,,,,
2026-10-01T14:07:19.412423+00:00,power,0,0,,,,,,2291938089798,854882009796,0.0,
2026-10-01T14:07:20.401351+00:00,freq,0,0,2500.0,4250.0,2500.0,900.0,0,,,,
2026-10-01T14:07:20.401351+00:00,freq,1,0,550.0,550.0,1200.0,550.0,0,,,,
2026-10-01T14:07:20.401351+00:00,power,0,0,,,,,,2291938089798,854882998631,0.0,
2026-10-01T14:07:21.406128+00:00,freq,0,0,2500.0,4250.0,2500.0,900.0,0,,,,
2026-10-01T14:07:21.406128+00:00,freq,1,0,550.0,550.0,1200.0,550.0,0,,,,
2026-10-01T14:07:21.406128+00:00,power,0,0,,,,,,2291938089798,854884003411,0.0,
2026-10-01T14:07:22.411541+00:00,freq,0,0,2500.0,4250.0,2500.0,900.0,0,,,,
2026-10-01T14:07:22.411541+00:00,freq,1,0,550.0,550.0,1200.0,550.0,0,,,,
2026-10-01T14:07:22.411541+00:00,power,0,0,,,,,,2291938089798,854885008857,0.0,
2026-10-01T14:07:23.401018+00:00,freq,0,0,1500.0,1500.0,2500.0,900.0,0,,,,
2026-10-01T14:07:23.401018+00:00,freq,1,0,550.0,550.0,1200.0,550.0,0,,,,
2026-10-01T14:07:23.401018+00:00,power,0,0,,,,,,2291938092568,854885998256,0.002799679401333537,
2026-10-01T14:07:24.402670+00:00,freq,0,0,1500.0,1500.0,2500.0,900.0,0,,,,
2026-10-01T14:07:24.402670+00:00,freq,1,0,550.0,550.0,1200.0,550.0,0,,,,
2026-10-01T14:07:24.402670+00:00,power,0,0,,,,,,2291938092568,854886999839,0.0,
2026-10-01T14:07:25.406195+00:00,freq,0,0,1500.0,1500.0,2500.0,900.0,0,,,,
2026-10-01T14:07:25.406195+00:00,freq,1,0,550.0,550.0,1200.0,550.0,0,,,,
2026-10-01T14:07:25.406195+00:00,power,0,0,,,,,,2291938092568,854888003410,0.0,
2026-10-01T14:07:26.407344+00:00,freq,0,0,1500.0,1500.0,2500.0,900.0,0,,,,
2026-10-01T14:07:26.407344+00:00,freq,1,0,550.0,550.0,1200.0,550.0,0,,,,
2026-10-01T14:07:26.407344+00:00,power,0,0,,,,,,2291938092568,854889004511,0.0,
2026-10-01T14:07:27.409997+00:00,freq,0,0,1500.0,1500.0,2500.0,900.0,0,,,,
2026-10-01T14:07:27.409997+00:00,freq,1,0,550.0,550.0,1200.0,550.0,0,,,,
2026-10-01T14:07:27.409997+00:00,power,0,0,,,,,,2291938092568,854890007127,0.0,
2026-10-01T14:07:28.397232+00:00,freq,0,0,1500.0,1500.0,2500.0,900.0,0,,,,
2026-10-01T14:07:28.397232+00:00,freq,1,0,550.0,550.0,1200.0,550.0,0,,,,
2026-10-01T14:07:28.397232+00:00,power,0,0,,,,,,2291938092568,854890994530,0.0,
2026-10-01T14:07:29.401155+00:00,freq,0,0,1500.0,1500.0,2500.0,900.0,0,,,,
2026-10-01T14:07:29.401155+00:00,freq,1,0,550.0,550.0,1200.0,550.0,0,,,,
2026-10-01T14:07:29.401155+00:00,power,0,0,,,,,,2291938092568,854891998245,0.0,
2026-10-01T14:07:30.405951+00:00,freq,0,0,1500.0,1500.0,2500.0,900.0,0,,,,
2026-10-01T14:07:30.405951+00:00,freq,1,0,550.0,550.0,1200.0,550.0,0,,,,
2026-10-01T14:07:30.405951+00:00,power,0,0,,,,,,2291938092568,854893003021,0.0,
2026-10-01T14:07:31.410070+00:00,freq,0,0,1500.0,1500.0,2500.0,900.0,0,,,,
2026-10-01T14:07:31.410070+00:00,freq,1,0,550.0,550.0,1200.0,550.0,0,,,,
2026-10-01T14:07:31.410070+00:00,power,0,0,,,,,,2291938092568,854894007185,0.0,
2026-10-01T14:07:32.399523+00:00,freq,0,0,1500.0,1500.0,2500.0,900.0,0,,,,
2026-10-01T14:07:32.399523+00:00,freq,1,0,550.0,550.0,1200.0,550.0,0,,,,
2026-10-01T14:07:32.399523+00:00,power,0,0,,,,,,2291938092568,854894996511,0.0,
2026-10-01T14:07:33.405938+00:00,freq,0,0,1500.0,1500.0,2500.0,900.0,0,,,,
2026-10-01T14:07:33.405938+00:00,freq,1,0,550.0,550.0,1200.0,550.0,0,,,,
2026-10-01T14:07:33.405938+00:00,power,0,0,,,,,,2291938092568,854896002923,0.0,
2026-10-01T14:07:34.410173+00:00,freq,0,0,1500.0,1500.0,2500.0,900.0,0,,,,
2026-10-01T14:07:34.410173+00:00,freq,1,0,550.0,550.0,1200.0,550.0,0,,,,
2026-10-01T14:07:34.410173+00:00,power,0,0,,,,,,2291938092568,854897007134,0.0,
2026-10-01T14:07:35.399764+00:00,freq,0,0,1500.0,1500.0,2500.0,900.0,0,,,,
2026-10-01T14:07:35.399764+00:00,freq,1,0,550.0,550.0,1200.0,550.0,0,,,,
2026-10-01T14:07:35.399764+00:00,power,0,0,,,,,,2291938092568,854897996768,0.0,
2026-10-01T14:07:36.406507+00:00,freq,0,0,1500.0,1500.0,2500.0,900.0,0,,,,
2026-10-01T14:07:36.406507+00:00,freq,1,0,550.0,550.0,1200.0,550.0,0,,,,
2026-10-01T14:07:36.406507+00:00,power,0,0,,,,,,2291938092568,854899003365,0.0,
2026-10-01T14:07:37.407090+00:00,freq,0,0,2450.0,4250.0,2450.0,900.0,2,,,,
2026-10-01T14:07:37.407090+00:00,freq,1,0,550.0,550.0,1200.0,550.0,0,,,,
2026-10-01T14:07:37.407090+00:00,power,0,0,,,,,,2291940584816,854900004000,2.49066642681897,
2026-10-01T14:07:38.411667+00:00,freq,0,0,2450.0,4250.0,2450.0,900.0,2,,,,
2026-10-01T14:07:38.411667+00:00,freq,1,0,550.0,550.0,1200.0,550.0,0,,,,
2026-10-01T14:07:38.411667+00:00,power,0,0,,,,,,2291975900978,854901008403,35.16134659096,
2026-10-01T14:07:39.401340+00:00,freq,0,0,2500.0,4250.0,2500.0,900.0,0,,,,
2026-10-01T14:07:39.401340+00:00,freq,1,0,550.0,550.0,1200.0,550.0,0,,,,
2026-10-01T14:07:39.401340+00:00,power,0,0,,,,,,2292008898560,854901998045,33.34294825805696,
2026-10-01T14:07:40.404874+00:00,freq,0,0,2500.0,4250.0,2500.0,900.0,0,,,,
2026-10-01T14:07:40.404874+00:00,freq,1,0,550.0,550.0,1200.0,550.0,0,,,,
2026-10-01T14:07:40.404874+00:00,power,0,0,,,,,,2292040504394,854903001581,31.494469555651218,
2026-10-01T14:07:41.409334+00:00,freq,0,0,2500.0,4250.0,2500.0,900.0,0,,,,
2026-10-01T14:07:41.409334+00:00,freq,1,0,550.0,550.0,1200.0,550.0,0,,,,
2026-10-01T14:07:41.409334+00:00,power,0,0,,,,,,2292070439476,854904006186,29.797862841614364,
2026-10-01T14:07:42.399802+00:00,freq,0,0,2500.0,4250.0,2500.0,900.0,0,,,,
2026-10-01T14:07:42.399802+00:00,freq,1,0,550.0,550.0,1200.0,550.0,0,,,,
2026-10-01T14:07:42.399802+00:00,power,0,0,,,,,,2292099156394,854904996222,29.005933117583602,
2026-10-01T14:07:43.408468+00:00,freq,0,0,2450.0,4250.0,2450.0,900.0,2,,,,
2026-10-01T14:07:43.408468+00:00,freq,1,0,550.0,550.0,1200.0,550.0,0,,,,
2026-10-01T14:07:43.408468+00:00,power,0,0,,,,,,2292126176413,854906004945,26.78636156804197,
2026-10-01T14:07:44.394023+00:00,freq,0,0,2500.0,4250.0,2500.0,900.0,0,,,,
2026-10-01T14:07:44.394023+00:00,freq,1,0,550.0,550.0,1200.0,550.0,0,,,,
2026-10-01T14:07:44.394023+00:00,power,0,0,,,,,,2292152487166,854906990642,26.692536347376528,
2026-10-01T14:07:45.399766+00:00,freq,0,0,2500.0,4250.0,2500.0,900.0,0,,,,
2026-10-01T14:07:45.399766+00:00,freq,1,0,550.0,550.0,1200.0,550.0,0,,,,
2026-10-01T14:07:45.399766+00:00,power,0,0,,,,,,2292178529486,854907996372,25.893947679794778,
2026-10-01T14:07:46.402947+00:00,freq,0,0,2500.0,4250.0,2500.0,900.0,0,,,,
2026-10-01T14:07:46.402947+00:00,freq,1,0,550.0,550.0,1200.0,550.0,0,,,,
2026-10-01T14:07:46.402947+00:00,power,0,0,,,,,,2292203736578,854908999543,25.127412973461155,
2026-10-01T14:07:47.409544+00:00,freq,0,0,2500.0,4250.0,2500.0,900.0,0,,,,
2026-10-01T14:07:47.409544+00:00,freq,1,0,550.0,550.0,1200.0,550.0,0,,,,
2026-10-01T14:07:47.409544+00:00,power,0,0,,,,,,2292228470708,854910006168,24.571344840432136,
2026-10-01T14:07:48.398694+00:00,freq,0,0,2500.0,4250.0,2500.0,900.0,0,,,,
2026-10-01T14:07:48.398694+00:00,freq,1,0,550.0,550.0,1200.0,550.0,0,,,,
2026-10-01T14:07:48.398694+00:00,power,0,0,,,,,,2292252944157,854910995163,24.74577626782744,
2026-10-01T14:07:49.406312+00:00,freq,0,0,2500.0,4250.0,2500.0,900.0,0,,,,
2026-10-01T14:07:49.406312+00:00,freq,1,0,550.0,550.0,1200.0,550.0,0,,,,
2026-10-01T14:07:49.406312+00:00,power,0,0,,,,,,2292276021084,854912002855,22.90077424451122,
2026-10-01T14:07:50.410938+00:00,freq,0,0,2500.0,4250.0,2500.0,900.0,0,,,,
2026-10-01T14:07:50.410938+00:00,freq,1,0,550.0,550.0,1200.0,550.0,0,,,,
2026-10-01T14:07:50.410938+00:00,power,0,0,,,,,,2292280004017,854913007586,3.9641784716506208,
2026-10-01T14:07:51.401027+00:00,freq,0,0,2500.0,4250.0,2500.0,900.0,0,,,,
2026-10-01T14:07:51.401027+00:00,freq,1,0,550.0,550.0,1200.0,550.0,0,,,,
2026-10-01T14:07:51.401027+00:00,power,0,0,,,,,,2292280004017,854913997572,0.0,
2026-10-01T14:07:52.404971+00:00,freq,0,0,2500.0,4250.0,2500.0,900.0,0,,,,
2026-10-01T14:07:52.404971+00:00,freq,1,0,550.0,550.0,1200.0,550.0,0,,,,
2026-10-01T14:07:52.404971+00:00,power,0,0,,,,,,2292280004017,854915001457,0.0,
2026-10-01T14:07:53.415300+00:00,freq,0,0,2350.0,2350.0,2500.0,900.0,0,,,,
2026-10-01T14:07:53.415300+00:00,freq,1,0,550.0,550.0,1200.0,550.0,0,,,,
2026-10-01T14:07:53.415300+00:00,power,0,0,,,,,,2292280004017,854916011770,0.0,
2026-10-01T14:07:54.403734+00:00,freq,0,0,2350.0,2350.0,2500.0,900.0,0,,,,
2026-10-01T14:07:54.403734+00:00,freq,1,0,550.0,550.0,1200.0,550.0,0,,,,
2026-10-01T14:07:54.403734+00:00,power,0,0,,,,,,2292280004017,854917000213,0.0,
2026-10-01T14:07:55.407713+00:00,freq,0,0,2350.0,2350.0,2500.0,900.0,0,,,,
2026-10-01T14:07:55.407713+00:00,freq,1,0,550.0,550.0,1200.0,550.0,0,,,,
2026-10-01T14:07:55.407713+00:00,power,0,0,,,,,,2292280004017,854918004231,0.0,
2026-10-01T14:07:56.412124+00:00,freq,0,0,2350.0,2350.0,2500.0,900.0,0,,,,
2026-10-01T14:07:56.412124+00:00,freq,1,0,550.0,550.0,1200.0,550.0,0,,,,
2026-10-01T14:07:56.412124+00:00,power,0,0,,,,,,2292280004017,854919008585,0.0,
2026-10-01T14:07:57.398873+00:00,freq,0,0,2350.0,2350.0,2500.0,900.0,0,,,,
2026-10-01T14:07:57.398873+00:00,freq,1,0,550.0,550.0,1200.0,550.0,0,,,,
2026-10-01T14:07:57.398873+00:00,power,0,0,,,,,,2292280004017,854919995265,0.0,
2026-10-01T14:07:58.403692+00:00,freq,0,0,2350.0,2350.0,2500.0,900.0,0,,,,
2026-10-01T14:07:58.403692+00:00,freq,1,0,550.0,550.0,1200.0,550.0,0,,,,
2026-10-01T14:07:58.403692+00:00,power,0,0,,,,,,2292280004017,854921000060,0.0,
2026-10-01T14:07:59.408498+00:00,freq,0,0,2350.0,2350.0,2500.0,900.0,0,,,,
2026-10-01T14:07:59.408498+00:00,freq,1,0,550.0,550.0,1200.0,550.0,0,,,,
2026-10-01T14:07:59.408498+00:00,power,0,0,,,,,,2292280004017,854922004867,0.0,
2026-10-01T14:08:00.413059+00:00,freq,0,0,2350.0,2350.0,2500.0,900.0,0,,,,
2026-10-01T14:08:00.413059+00:00,freq,1,0,550.0,550.0,1200.0,550.0,0,,,,
2026-10-01T14:08:00.413059+00:00,power,0,0,,,,,,2292280004017,854923009406,0.0,
2026-10-01T14:08:01.402107+00:00,freq,0,0,2350.0,2350.0,2500.0,900.0,0,,,,
2026-10-01T14:08:01.402107+00:00,freq,1,0,550.0,550.0,1200.0,550.0,0,,,,
2026-10-01T14:08:01.402107+00:00,power,0,0,,,,,,2292280004017,854923998478,0.0,
2026-10-01T14:08:02.407062+00:00,freq,0,0,2350.0,2350.0,2500.0,900.0,0,,,,
2026-10-01T14:08:02.407062+00:00,freq,1,0,550.0,550.0,1200.0,550.0,0,,,,
2026-10-01T14:08:02.407062+00:00,power,0,0,,,,,,2292280004017,854925003337,0.0,
2026-10-01T14:08:03.414119+00:00,freq,0,0,2350.0,2350.0,2500.0,900.0,0,,,,
2026-10-01T14:08:03.414119+00:00,freq,1,0,550.0,550.0,1200.0,550.0,0,,,,
2026-10-01T14:08:03.414119+00:00,power,0,0,,,,,,2292280004017,854926010401,0.0,
2026-10-01T14:08:04.400237+00:00,freq,0,0,2350.0,2350.0,2500.0,900.0,0,,,,
2026-10-01T14:08:04.400237+00:00,freq,1,0,550.0,550.0,1200.0,550.0,0,,,,
2026-10-01T14:08:04.400237+00:00,power,0,0,,,,,,2292280004017,854926996470,0.0,
2026-10-01T14:08:05.405085+00:00,freq,0,0,2350.0,2350.0,2500.0,900.0,0,,,,
2026-10-01T14:08:05.405085+00:00,freq,1,0,550.0,550.0,1200.0,550.0,0,,,,
2026-10-01T14:08:05.405085+00:00,power,0,0,,,,,,2292280004017,854928001294,0.0,
2026-10-01T14:08:06.410271+00:00,freq,0,0,2350.0,2350.0,2500.0,900.0,0,,,,
2026-10-01T14:08:06.410271+00:00,freq,1,0,550.0,550.0,1200.0,550.0,0,,,,
2026-10-01T14:08:06.410271+00:00,power,0,0,,,,,,2292280004017,854929006496,0.0,
2026-10-01T14:08:07.397321+00:00,freq,0,0,2350.0,2350.0,2500.0,900.0,0,,,,
2026-10-01T14:08:07.397321+00:00,freq,1,0,550.0,550.0,1200.0,550.0,0,,,,
2026-10-01T14:08:07.397321+00:00,power,0,0,,,,,,2292280004017,854929993511,0.0,
2026-10-01T14:08:08.401958+00:00,freq,0,0,2350.0,2350.0,2500.0,900.0,0,,,,
2026-10-01T14:08:08.401958+00:00,freq,1,0,550.0,550.0,1200.0,550.0,0,,,,
2026-10-01T14:08:08.401958+00:00,power,0,0,,,,,,2292280004017,854930998190,0.0,
2026-10-01T14:08:09.406192+00:00,freq,0,0,2350.0,2350.0,2500.0,900.0,0,,,,
2026-10-01T14:08:09.406192+00:00,freq,1,0,550.0,550.0,1200.0,550.0,0,,,,
2026-10-01T14:08:09.406192+00:00,power,0,0,,,,,,2292280004017,854932002365,0.0,
2026-10-01T14:08:10.414981+00:00,freq,0,0,2350.0,2350.0,2500.0,900.0,0,,,,
2026-10-01T14:08:10.414981+00:00,freq,1,0,550.0,550.0,1200.0,550.0,0,,,,
2026-10-01T14:08:10.414981+00:00,power,0,0,,,,,,2292280004017,854933011090,0.0,
2026-10-01T14:08:11.402137+00:00,freq,0,0,2450.0,4250.0,2500.0,900.0,2,,,,
2026-10-01T14:08:11.402137+00:00,freq,1,0,550.0,550.0,1200.0,550.0,0,,,,
2026-10-01T14:08:11.402137+00:00,power,0,0,,,,,,2292287950756,854933998120,8.051162578645027,
2026-10-01T14:08:12.407018+00:00,freq,0,0,2500.0,4250.0,2500.0,900.0,0,,,,
2026-10-01T14:08:12.407018+00:00,freq,1,0,550.0,550.0,1200.0,550.0,0,,,,
2026-10-01T14:08:12.407018+00:00,power,0,0,,,,,,2292323083080,854935002967,34.962859022318824,
2026-10-01T14:08:13.413129+00:00,freq,0,0,2450.0,4250.0,2450.0,900.0,2,,,,
2026-10-01T14:08:13.413129+00:00,freq,1,0,550.0,550.0,1200.0,550.0,0,,,,
2026-10-01T14:08:13.413129+00:00,power,0,0,,,,,,2292356290012,854936009050,33.00615555575435,
2026-10-01T14:08:14.400814+00:00,freq,0,0,2500.0,4250.0,2500.0,900.0,0,,,,
2026-10-01T14:08:14.400814+00:00,freq,1,0,550.0,550.0,1200.0,550.0,0,,,,
2026-10-01T14:08:14.400814+00:00,power,0,0,,,,,,2292387163303,854936996673,31.260198476544186,
2026-10-01T14:08:15.407063+00:00,freq,0,0,2450.0,4250.0,2450.0,900.0,2,,,,
2026-10-01T14:08:15.407063+00:00,freq,1,0,550.0,550.0,1200.0,550.0,0,,,,
2026-10-01T14:08:15.407063+00:00,power,0,0,,,,,,2292417063839,854938002880,29.716088240292503,
2026-10-01T14:08:16.412544+00:00,freq,0,0,2500.0,4250.0,2500.0,900.0,0,,,,
2026-10-01T14:08:16.412544+00:00,freq,1,0,550.0,550.0,1200.0,550.0,0,,,,
2026-10-01T14:08:16.412544+00:00,power,0,0,,,,,,2292445866390,854939008232,28.649220372566027,
2026-10-01T14:08:17.400084+00:00,freq,0,0,2450.0,4250.0,2450.0,900.0,2,,,,
2026-10-01T14:08:17.400084+00:00,freq,1,0,550.0,550.0,1200.0,550.0,0,,,,
2026-10-01T14:08:17.400084+00:00,power,0,0,,,,,,2292472861591,854939996014,27.329108042057864,
2026-10-01T14:08:18.405997+00:00,freq,0,0,2450.0,4250.0,2450.0,900.0,2,,,,
2026-10-01T14:08:18.405997+00:00,freq,1,0,550.0,550.0,1200.0,550.0,0,,,,
2026-10-01T14:08:18.405997+00:00,power,0,0,,,,,,2292499506511,854941001763,26.492613962330562,
2026-10-01T14:08:19.410632+00:00,freq,0,0,2500.0,4250.0,2500.0,900.0,0,,,,
2026-10-01T14:08:19.410632+00:00,freq,1,0,550.0,550.0,1200.0,600.0,0,,,,
2026-10-01T14:08:19.410632+00:00,power,0,0,,,,,,2292525458598,854942006439,25.831299841939092,
2026-10-01T14:08:20.398349+00:00,freq,0,0,2500.0,4250.0,2500.0,900.0,0,,,,
2026-10-01T14:08:20.398349+00:00,freq,1,0,600.0,600.0,1200.0,550.0,0,,,,
2026-10-01T14:08:20.398349+00:00,power,0,0,,,,,,2292549979960,854942994056,24.828817243931606,
2026-10-01T14:08:21.403567+00:00,freq,0,0,2400.0,4250.0,2400.0,900.0,2,,,,
2026-10-01T14:08:21.403567+00:00,freq,1,0,550.0,550.0,1200.0,550.0,0,,,,
2026-10-01T14:08:21.403567+00:00,power,0,0,,,,,,2292574694644,854943999556,24.579496767777226,
2026-10-01T14:08:22.406839+00:00,freq,0,0,2500.0,4250.0,2500.0,900.0,0,,,,
2026-10-01T14:08:22.406839+00:00,freq,1,0,550.0,550.0,1200.0,550.0,0,,,,
2026-10-01T14:08:22.406839+00:00,power,0,0,,,,,,2292599529788,854945002516,24.76184892717556,
2026-10-01T14:08:23.410149+00:00,freq,0,0,2500.0,4250.0,2500.0,900.0,0,,,,
2026-10-01T14:08:23.410149+00:00,freq,1,0,550.0,550.0,1200.0,550.0,0,,,,
2026-10-01T14:08:23.410149+00:00,power,0,0,,,,,,2292621630129,854946005805,22.027891265627353,
2026-10-01T14:08:24.400200+00:00,freq,0,0,2500.0,4250.0,2500.0,900.0,0,,,,
2026-10-01T14:08:24.400200+00:00,freq,1,0,550.0,550.0,1200.0,550.0,0,,,,
2026-10-01T14:08:24.400200+00:00,power,0,0,,,,,,2292622336366,854946995861,0.7133303570707111,
2026-10-01T14:08:25.405580+00:00,freq,0,0,2500.0,4250.0,2500.0,900.0,0,,,,
2026-10-01T14:08:25.405580+00:00,freq,1,0,550.0,550.0,1200.0,550.0,0,,,,
2026-10-01T14:08:25.405580+00:00,power,0,0,,,,,,2292622336366,854948001321,0.0,
2026-10-01T14:08:26.408076+00:00,freq,0,0,2500.0,4250.0,2500.0,900.0,0,,,,
2026-10-01T14:08:26.408076+00:00,freq,1,0,550.0,550.0,1200.0,550.0,0,,,,
2026-10-01T14:08:26.408076+00:00,power,0,0,,,,,,2292622336366,854949003766,0.0,
2026-10-01T14:08:27.411352+00:00,freq,0,0,2500.0,4250.0,2500.0,900.0,0,,,,
2026-10-01T14:08:27.411352+00:00,freq,1,0,550.0,550.0,1200.0,550.0,0,,,,
2026-10-01T14:08:27.411352+00:00,power,0,0,,,,,,2292622336366,854950007018,0.0,
2026-10-01T14:08:28.399029+00:00,freq,0,0,2500.0,4250.0,2500.0,900.0,0,,,,
2026-10-01T14:08:28.399029+00:00,freq,1,0,550.0,550.0,1200.0,550.0,0,,,,
2026-10-01T14:08:28.399029+00:00,power,0,0,,,,,,2292622336366,854950994924,0.0,
2026-10-01T14:08:29.403761+00:00,freq,0,0,2500.0,4250.0,2500.0,900.0,0,,,,
2026-10-01T14:08:29.403761+00:00,freq,1,0,550.0,550.0,1200.0,550.0,0,,,,
2026-10-01T14:08:29.403761+00:00,power,0,0,,,,,,2292622336366,854951999463,0.0,
2026-10-01T14:08:30.407225+00:00,freq,0,0,2500.0,4250.0,2500.0,900.0,0,,,,
2026-10-01T14:08:30.407225+00:00,freq,1,0,550.0,550.0,1200.0,550.0,0,,,,
2026-10-01T14:08:30.407225+00:00,power,0,0,,,,,,2292622336366,854953002850,0.0,
2026-10-01T14:08:31.410260+00:00,freq,0,0,2500.0,4250.0,2500.0,900.0,0,,,,
2026-10-01T14:08:31.410260+00:00,freq,1,0,550.0,550.0,1200.0,550.0,0,,,,
2026-10-01T14:08:31.410260+00:00,power,0,0,,,,,,2292622336366,854954005846,0.0,
2026-10-01T14:08:32.398332+00:00,freq,0,0,2500.0,4250.0,2500.0,900.0,0,,,,
2026-10-01T14:08:32.398332+00:00,freq,1,0,550.0,550.0,1200.0,550.0,0,,,,
2026-10-01T14:08:32.398332+00:00,power,0,0,,,,,,2292622336366,854954993911,0.0,
2026-10-01T14:08:33.402701+00:00,freq,0,0,2500.0,4250.0,2500.0,900.0,0,,,,
2026-10-01T14:08:33.402701+00:00,freq,1,0,550.0,550.0,1200.0,550.0,0,,,,
2026-10-01T14:08:33.402701+00:00,power,0,0,,,,,,2292622336366,854955998234,0.0,
2026-10-01T14:08:34.408751+00:00,freq,0,0,2500.0,4250.0,2500.0,900.0,0,,,,
2026-10-01T14:08:34.408751+00:00,freq,1,0,550.0,550.0,1200.0,550.0,0,,,,
2026-10-01T14:08:34.408751+00:00,power,0,0,,,,,,2292622336366,854957004297,0.0,
2026-10-01T14:08:35.414630+00:00,freq,0,0,2500.0,4250.0,2500.0,900.0,0,,,,
2026-10-01T14:08:35.414630+00:00,freq,1,0,550.0,550.0,1200.0,550.0,0,,,,
2026-10-01T14:08:35.414630+00:00,power,0,0,,,,,,2292622336366,854958010109,0.0,
2026-10-01T14:08:36.399667+00:00,freq,0,0,2500.0,4250.0,2500.0,900.0,0,,,,
2026-10-01T14:08:36.399667+00:00,freq,1,0,550.0,550.0,1200.0,550.0,0,,,,
2026-10-01T14:08:36.399667+00:00,power,0,0,,,,,,2292622336366,854958995154,0.0,
2026-10-01T14:08:37.404705+00:00,freq,0,0,2500.0,4250.0,2500.0,900.0,0,,,,
2026-10-01T14:08:37.404705+00:00,freq,1,0,550.0,550.0,1200.0,550.0,0,,,,
2026-10-01T14:08:37.404705+00:00,power,0,0,,,,,,2292622336366,854960000240,0.0,
2026-10-01T14:08:38.410125+00:00,freq,0,0,2500.0,4250.0,2500.0,900.0,0,,,,
2026-10-01T14:08:38.410125+00:00,freq,1,0,550.0,550.0,1200.0,550.0,0,,,,
2026-10-01T14:08:38.410125+00:00,power,0,0,,,,,,2292622336366,854961005610,0.0,
2026-10-01T14:08:39.400703+00:00,freq,0,0,2500.0,4250.0,2500.0,900.0,0,,,,
2026-10-01T14:08:39.400703+00:00,freq,1,0,550.0,550.0,1200.0,550.0,0,,,,
2026-10-01T14:08:39.400703+00:00,power,0,0,,,,,,2292622336366,854961996014,0.0,
2026-10-01T14:08:40.403615+00:00,freq,0,0,2500.0,4250.0,2500.0,900.0,0,,,,
2026-10-01T14:08:40.403615+00:00,freq,1,0,550.0,550.0,1200.0,550.0,0,,,,
2026-10-01T14:08:40.403615+00:00,power,0,0,,,,,,2292622336366,854962999049,0.0,
2026-10-01T14:08:41.409323+00:00,freq,0,0,2500.0,4250.0,2500.0,900.0,0,,,,
2026-10-01T14:08:41.409323+00:00,freq,1,0,550.0,550.0,1200.0,550.0,0,,,,
2026-10-01T14:08:41.409323+00:00,power,0,0,,,,,,2292622338037,854964004757,0.001661516066293596,
2026-10-01T14:08:42.413193+00:00,freq,0,0,2500.0,4250.0,2500.0,900.0,0,,,,
2026-10-01T14:08:42.413193+00:00,freq,1,0,550.0,550.0,1200.0,550.0,0,,,,
2026-10-01T14:08:42.413193+00:00,power,0,0,,,,,,2292622339830,854965008588,0.0017861572316455658,
2026-10-01T14:08:43.402157+00:00,freq,0,0,2500.0,4250.0,2500.0,900.0,0,,,,
2026-10-01T14:08:43.402157+00:00,freq,1,0,550.0,550.0,1200.0,550.0,0,,,,
2026-10-01T14:08:43.402157+00:00,power,0,0,,,,,,2292622339830,854965997478,0.0,
2026-10-01T14:08:44.404408+00:00,freq,0,0,2500.0,4250.0,2500.0,900.0,0,,,,
2026-10-01T14:08:44.404408+00:00,freq,1,0,550.0,550.0,1200.0,550.0,0,,,,
2026-10-01T14:08:44.404408+00:00,power,0,0,,,,,,2292622341684,854966999706,0.001849878470767131,
2026-10-01T14:08:45.406137+00:00,freq,0,0,2500.0,4250.0,2500.0,900.0,0,,,,
2026-10-01T14:08:45.406137+00:00,freq,1,0,550.0,550.0,1200.0,550.0,0,,,,
2026-10-01T14:08:45.406137+00:00,power,0,0,,,,,,2292622341684,854968001201,0.0,
2026-10-01T14:08:46.421093+00:00,freq,0,0,2500.0,4250.0,2500.0,900.0,0,,,,
2026-10-01T14:08:46.421093+00:00,freq,1,0,550.0,550.0,1200.0,550.0,0,,,,
2026-10-01T14:08:46.421093+00:00,power,0,0,,,,,,2292622341684,854969016106,0.0,
2026-10-01T14:08:47.419657+00:00,freq,0,0,2500.0,4250.0,2500.0,900.0,0,,,,
2026-10-01T14:08:47.419657+00:00,freq,1,0,550.0,550.0,1200.0,550.0,0,,,,
2026-10-01T14:08:47.419657+00:00,power,0,0,,,,,,2292622341684,854970014653,0.0,
2026-10-01T14:08:48.404361+00:00,freq,0,0,2500.0,4250.0,2500.0,900.0,0,,,,
2026-10-01T14:08:48.404361+00:00,freq,1,0,550.0,550.0,1200.0,550.0,0,,,,
2026-10-01T14:08:48.404361+00:00,power,0,0,,,,,,2292622341684,854970999338,0.0,
2026-10-01T14:08:49.404643+00:00,freq,0,0,2500.0,4250.0,2500.0,900.0,0,,,,
2026-10-01T14:08:49.404643+00:00,freq,1,0,550.0,550.0,1200.0,550.0,0,,,,
2026-10-01T14:08:49.404643+00:00,power,0,0,,,,,,2292622341684,854971999955,0.0,
2026-10-01T14:08:50.406441+00:00,freq,0,0,2500.0,4250.0,2500.0,900.0,0,,,,
2026-10-01T14:08:50.406441+00:00,freq,1,0,550.0,550.0,1200.0,550.0,0,,,,
2026-10-01T14:08:50.406441+00:00,power,0,0,,,,,,2292649520822,854973001370,27.140733861585858,
2026-10-01T14:08:51.411691+00:00,freq,0,0,2400.0,4250.0,2450.0,900.0,2,,,,
2026-10-01T14:08:51.411691+00:00,freq,1,0,550.0,550.0,1200.0,550.0,0,,,,
2026-10-01T14:08:51.411691+00:00,power,0,0,,,,,,2292683627938,854974006693,33.926525106856204,
2026-10-01T14:08:52.402818+00:00,freq,0,0,2500.0,4250.0,2450.0,900.0,0,,,,
2026-10-01T14:08:52.402818+00:00,freq,1,0,550.0,550.0,1200.0,550.0,0,,,,
2026-10-01T14:08:52.402818+00:00,power,0,0,,,,,,2292715435578,854974997718,32.09569889760601,
2026-10-01T14:08:53.406531+00:00,freq,0,0,2500.0,4250.0,2500.0,900.0,0,,,,
2026-10-01T14:08:53.406531+00:00,freq,1,0,550.0,550.0,1200.0,550.0,0,,,,
2026-10-01T14:08:53.406531+00:00,power,0,0,,,,,,2292746119843,854976001271,30.57562978736549,
2026-10-01T14:08:54.415397+00:00,freq,0,0,2400.0,4250.0,2400.0,900.0,2,,,,
2026-10-01T14:08:54.415397+00:00,freq,1,0,550.0,550.0,1200.0,550.0,0,,,,
2026-10-01T14:08:54.415397+00:00,power,0,0,,,,,,2292775164337,854977010389,28.78205918435703,
2026-10-01T14:08:55.404616+00:00,freq,0,0,2500.0,4250.0,2500.0,900.0,0,,,,
2026-10-01T14:08:55.404616+00:00,freq,1,0,550.0,550.0,1200.0,550.0,0,,,,
2026-10-01T14:08:55.404616+00:00,power,0,0,,,,,,2292802632255,854977999507,27.77011236273124,
2026-10-01T14:08:56.411530+00:00,freq,0,0,2450.0,4250.0,2450.0,900.0,2,,,,
2026-10-01T14:08:56.411530+00:00,freq,1,0,550.0,550.0,1200.0,600.0,0,,,,
2026-10-01T14:08:56.411530+00:00,power,0,0,,,,,,2292830156363,854979006206,27.340950969455616,
2026-10-01T14:08:57.402414+00:00,freq,0,0,2450.0,4250.0,2450.0,900.0,2,,,,
2026-10-01T14:08:57.402414+00:00,freq,1,0,600.0,600.0,1200.0,550.0,0,,,,
2026-10-01T14:08:57.402414+00:00,power,0,0,,,,,,2292855715773,854979997266,25.78997235283434,
2026-10-01T14:08:58.407072+00:00,freq,0,0,2500.0,4250.0,2500.0,900.0,0,,,,
2026-10-01T14:08:58.407072+00:00,freq,1,0,550.0,550.0,1200.0,550.0,0,,,,
2026-10-01T14:08:58.407072+00:00,power,0,0,,,,,,2292881096472,854981001881,25.264105154711007,
2026-10-01T14:08:59.411876+00:00,freq,0,0,2500.0,4250.0,2500.0,900.0,0,,,,
2026-10-01T14:08:59.411876+00:00,freq,1,0,550.0,550.0,1200.0,550.0,0,,,,
2026-10-01T14:08:59.411876+00:00,power,0,0,,,,,,2292905993749,854982006662,24.778809511724447,
2026-10-01T14:09:00.400833+00:00,freq,0,0,2500.0,4250.0,2500.0,900.0,0,,,,
2026-10-01T14:09:00.400833+00:00,freq,1,0,550.0,550.0,1200.0,550.0,0,,,,
2026-10-01T14:09:00.400833+00:00,power,0,0,,,,,,2292930070615,854982995604,24.34608500801867,
2026-10-01T14:09:01.405626+00:00,freq,0,0,2500.0,4250.0,2500.0,900.0,0,,,,
2026-10-01T14:09:01.405626+00:00,freq,1,0,550.0,550.0,1200.0,550.0,0,,,,
2026-10-01T14:09:01.405626+00:00,power,0,0,,,,,,2292954370724,854984000358,24.185132878296578,
2026-10-01T14:09:02.408104+00:00,freq,0,0,2500.0,4250.0,2500.0,900.0,0,,,,
2026-10-01T14:09:02.408104+00:00,freq,1,0,550.0,550.0,1200.0,550.0,0,,,,
2026-10-01T14:09:02.408104+00:00,power,0,0,,,,,,2292964567707,854985002968,10.170438156411766,
2026-10-01T14:09:03.413294+00:00,freq,0,0,2500.0,4250.0,2500.0,900.0,0,,,,
2026-10-01T14:09:03.413294+00:00,freq,1,0,550.0,550.0,1200.0,550.0,0,,,,
2026-10-01T14:09:03.413294+00:00,power,0,0,,,,,,2292964567707,854986008208,0.0,
2026-10-01T14:09:04.400579+00:00,freq,0,0,2500.0,4250.0,2500.0,900.0,0,,,,
2026-10-01T14:09:04.400579+00:00,freq,1,0,550.0,550.0,1200.0,550.0,0,,,,
2026-10-01T14:09:04.400579+00:00,power,0,0,,,,,,2292964567707,854986995391,0.0,
2026-10-01T14:09:05.406695+00:00,freq,0,0,2500.0,4250.0,2500.0,900.0,0,,,,
2026-10-01T14:09:05.406695+00:00,freq,1,0,550.0,550.0,1200.0,550.0,0,,,,
2026-10-01T14:09:05.406695+00:00,power,0,0,,,,,,2292964567707,854988001483,0.0,
2026-10-01T14:09:06.411381+00:00,freq,0,0,2500.0,4250.0,2500.0,900.0,0,,,,
2026-10-01T14:09:06.411381+00:00,freq,1,0,550.0,550.0,1200.0,550.0,0,,,,
2026-10-01T14:09:06.411381+00:00,power,0,0,,,,,,2292964567707,854989006226,0.0,
2026-10-01T14:09:07.400065+00:00,freq,0,0,2500.0,4250.0,2500.0,900.0,0,,,,
2026-10-01T14:09:07.400065+00:00,freq,1,0,550.0,550.0,1200.0,550.0,0,,,,
2026-10-01T14:09:07.400065+00:00,power,0,0,,,,,,2292964567707,854989994835,0.0,
2026-10-01T14:09:08.413126+00:00,freq,0,0,2500.0,4250.0,2500.0,900.0,0,,,,
2026-10-01T14:09:08.413126+00:00,freq,1,0,550.0,550.0,1200.0,550.0,0,,,,
2026-10-01T14:09:08.413126+00:00,power,0,0,,,,,,2292964568439,854991007682,0.0007227152768384563,
2026-10-01T14:09:09.399447+00:00,freq,0,0,2500.0,4250.0,2500.0,900.0,0,,,,
2026-10-01T14:09:09.399447+00:00,freq,1,0,550.0,550.0,1200.0,550.0,0,,,,
2026-10-01T14:09:09.399447+00:00,power,0,0,,,,,,2292964568439,854991994223,0.0,
2026-10-01T14:09:10.406379+00:00,freq,0,0,2500.0,4250.0,2500.0,900.0,0,,,,
2026-10-01T14:09:10.406379+00:00,freq,1,0,550.0,550.0,1200.0,550.0,0,,,,
2026-10-01T14:09:10.406379+00:00,power,0,0,,,,,,2292964568439,854993001095,0.0,
2026-10-01T14:09:11.410465+00:00,freq,0,0,2500.0,4250.0,2500.0,900.0,0,,,,
2026-10-01T14:09:11.410465+00:00,freq,1,0,550.0,550.0,1200.0,550.0,0,,,,
2026-10-01T14:09:11.410465+00:00,power,0,0,,,,,,2292964568439,854994005130,0.0,
2026-10-01T14:09:12.399928+00:00,freq,0,0,2500.0,4250.0,2500.0,900.0,0,,,,
2026-10-01T14:09:12.399928+00:00,freq,1,0,550.0,550.0,1200.0,550.0,0,,,,
2026-10-01T14:09:12.399928+00:00,power,0,0,,,,,,2292964568439,854994994547,0.0,
2026-10-01T14:09:13.403421+00:00,freq,0,0,2500.0,4250.0,2500.0,900.0,0,,,,
2026-10-01T14:09:13.403421+00:00,freq,1,0,550.0,550.0,1200.0,550.0,0,,,,
2026-10-01T14:09:13.403421+00:00,power,0,0,,,,,,2292964568439,854995998051,0.0,
2026-10-01T14:09:14.408059+00:00,freq,0,0,2500.0,4250.0,2500.0,900.0,0,,,,
2026-10-01T14:09:14.408059+00:00,freq,1,0,550.0,550.0,1200.0,550.0,0,,,,
2026-10-01T14:09:14.408059+00:00,power,0,0,,,,,,2292964569927,854997002656,0.0014811791699225068,
2026-10-01T14:09:15.412123+00:00,freq,0,0,2500.0,4250.0,2500.0,900.0,0,,,,
2026-10-01T14:09:15.412123+00:00,freq,1,0,550.0,550.0,1200.0,550.0,0,,,,
2026-10-01T14:09:15.412123+00:00,power,0,0,,,,,,2292964571720,854998006708,0.0017857640839319079,
2026-10-01T14:09:16.400645+00:00,freq,0,0,2500.0,4250.0,2500.0,900.0,0,,,,
2026-10-01T14:09:16.400645+00:00,freq,1,0,550.0,550.0,1200.0,550.0,0,,,,
2026-10-01T14:09:16.400645+00:00,power,0,0,,,,,,2292964571720,854998995185,0.0,
2026-10-01T14:09:17.405133+00:00,freq,0,0,2500.0,4250.0,2500.0,900.0,0,,,,
2026-10-01T14:09:17.405133+00:00,freq,1,0,550.0,550.0,1200.0,550.0,0,,,,
2026-10-01T14:09:17.405133+00:00,power,0,0,,,,,,2292964573513,854999999678,0.0017849800844804294,
2026-10-01T14:09:18.410771+00:00,freq,0,0,2500.0,4250.0,2500.0,900.0,0,,,,
2026-10-01T14:09:18.410771+00:00,freq,1,0,550.0,550.0,1200.0,550.0,0,,,,
2026-10-01T14:09:18.410771+00:00,power,0,0,,,,,,2292964573513,855001005256,0.0,
2026-10-01T14:09:19.399711+00:00,freq,0,0,2500.0,4250.0,2500.0,900.0,0,,,,
2026-10-01T14:09:19.399711+00:00,freq,1,0,550.0,550.0,1200.0,550.0,0,,,,
2026-10-01T14:09:19.399711+00:00,power,0,0,,,,,,2292964573513,855001994135,0.0,
2026-10-01T14:09:20.404770+00:00,freq,0,0,2500.0,4250.0,2500.0,900.0,0,,,,
2026-10-01T14:09:20.404770+00:00,freq,1,0,550.0,550.0,1200.0,550.0,0,,,,
2026-10-01T14:09:20.404770+00:00,power,0,0,,,,,,2292964573513,855002999205,0.0,
2026-10-01T14:09:21.410745+00:00,freq,0,0,2500.0,4250.0,2500.0,900.0,0,,,,
2026-10-01T14:09:21.410745+00:00,freq,1,0,550.0,550.0,1200.0,550.0,0,,,,
2026-10-01T14:09:21.410745+00:00,power,0,0,,,,,,2292964573513,855004005160,0.0,
2026-10-01T14:09:22.399257+00:00,freq,0,0,2500.0,4250.0,2500.0,900.0,0,,,,
2026-10-01T14:09:22.399257+00:00,freq,1,0,550.0,550.0,1200.0,550.0,0,,,,
2026-10-01T14:09:22.399257+00:00,power,0,0,,,,,,2292964573513,855004993624,0.0,
2026-10-01T14:09:23.404041+00:00,freq,0,0,900.0,900.0,2500.0,900.0,0,,,,
2026-10-01T14:09:23.404041+00:00,freq,1,0,550.0,550.0,1200.0,550.0,0,,,,
2026-10-01T14:09:23.404041+00:00,power,0,0,,,,,,2292964573635,855005998414,0.00012141840583604535,
2026-10-01T14:09:24.405668+00:00,freq,0,0,2450.0,4250.0,2450.0,900.0,2,,,,
2026-10-01T14:09:24.405668+00:00,freq,1,0,550.0,550.0,1200.0,550.0,0,,,,
2026-10-01T14:09:24.405668+00:00,power,0,0,,,,,,2292997359547,855006999863,32.73847395124464,
2026-10-01T14:09:25.410395+00:00,freq,0,0,2450.0,4250.0,2450.0,900.0,2,,,,
2026-10-01T14:09:25.410395+00:00,freq,1,0,550.0,550.0,1200.0,550.0,0,,,,
2026-10-01T14:09:25.410395+00:00,power,0,0,,,,,,2293031079541,855008004396,33.567831021977376,
2026-10-01T14:09:26.415360+00:00,freq,0,0,2500.0,4250.0,2500.0,900.0,0,,,,
2026-10-01T14:09:26.415360+00:00,freq,1,0,550.0,550.0,1200.0,550.0,0,,,,
2026-10-01T14:09:26.415360+00:00,power,0,0,,,,,,2293062923497,855009009499,31.68228131843204,
2026-10-01T14:09:27.404616+00:00,freq,0,0,2500.0,4250.0,2500.0,900.0,0,,,,
2026-10-01T14:09:27.404616+00:00,freq,1,0,550.0,550.0,1200.0,550.0,0,,,,
2026-10-01T14:09:27.404616+00:00,power,0,0,,,,,,2293092855870,855009999014,30.249539420827375,
2026-10-01T14:09:28.409069+00:00,freq,0,0,2500.0,4250.0,2500.0,900.0,0,,,,
2026-10-01T14:09:28.409069+00:00,freq,1,0,550.0,550.0,1200.0,550.0,0,,,,
2026-10-01T14:09:28.409069+00:00,power,0,0,,,,,,2293121856053,855011003171,28.88012830662934,
2026-10-01T14:09:29.415159+00:00,freq,0,0,2450.0,4250.0,2450.0,900.0,2,,,,
2026-10-01T14:09:29.415159+00:00,freq,1,0,550.0,550.0,1200.0,550.0,0,,,,
2026-10-01T14:09:29.415159+00:00,power,0,0,,,,,,2293149485325,855012009253,27.462246616080996,
2026-10-01T14:09:30.405134+00:00,freq,0,0,2500.0,4250.0,2500.0,900.0,0,,,,
2026-10-01T14:09:30.405134+00:00,freq,1,0,550.0,550.0,1200.0,550.0,0,,,,
2026-10-01T14:09:30.405134+00:00,power,0,0,,,,,,2293176031063,855012999244,26.81412053240888,
2026-10-01T14:09:31.411759+00:00,freq,0,0,2500.0,4250.0,2500.0,900.0,0,,,,
2026-10-01T14:09:31.411759+00:00,freq,1,0,550.0,550.0,1200.0,600.0,0,,,,
2026-10-01T14:09:31.411759+00:00,power,0,0,,,,,,2293201995747,855014005780,25.79608081578801,
2026-10-01T14:09:32.401261+00:00,freq,0,0,2500.0,4250.0,2500.0,900.0,0,,,,
2026-10-01T14:09:32.401261+00:00,freq,1,0,600.0,600.0,1200.0,550.0,0,,,,
2026-10-01T14:09:32.401261+00:00,power,0,0,,,,,,2293226874226,855014995283,25.142398759781425,
2026-10-01T14:09:33.415521+00:00,freq,0,0,2350.0,4250.0,2400.0,900.0,2,,,,
2026-10-01T14:09:33.415521+00:00,freq,1,0,550.0,550.0,1200.0,550.0,0,,,,
2026-10-01T14:09:33.415521+00:00,power,0,0,,,,,,2293251531598,855016009240,24.31796614649339,
2026-10-01T14:09:34.399854+00:00,freq,0,0,2500.0,4250.0,2500.0,900.0,0,,,,
2026-10-01T14:09:34.399854+00:00,freq,1,0,550.0,550.0,1200.0,600.0,0,,,,
2026-10-01T14:09:34.399854+00:00,power,0,0,,,,,,2293275481671,855016993793,24.32583416027375,
2026-10-01T14:09:35.402632+00:00,freq,0,0,2500.0,4250.0,2500.0,900.0,0,,,,
2026-10-01T14:09:35.402632+00:00,freq,1,0,600.0,600.0,1200.0,600.0,0,,,,
2026-10-01T14:09:35.402632+00:00,power,0,0,,,,,,2293299072247,855017996456,23.527921145988234,
2026-10-01T14:09:36.408599+00:00,freq,0,0,2500.0,4250.0,2500.0,900.0,0,,,,
2026-10-01T14:09:36.408599+00:00,freq,1,0,600.0,600.0,1200.0,550.0,0,,,,
2026-10-01T14:09:36.408599+00:00,power,0,0,,,,,,2293306487553,855019002692,7.369350728854861,
2026-10-01T14:09:37.413088+00:00,freq,0,0,2500.0,4250.0,2500.0,900.0,0,,,,
2026-10-01T14:09:37.413088+00:00,freq,1,0,550.0,550.0,1200.0,550.0,0,,,,
2026-10-01T14:09:37.413088+00:00,power,0,0,,,,,,2293306487553,855020007130,0.0,
2026-10-01T14:09:38.402328+00:00,freq,0,0,2500.0,4250.0,2500.0,900.0,0,,,,
2026-10-01T14:09:38.402328+00:00,freq,1,0,550.0,550.0,1200.0,550.0,0,,,,
2026-10-01T14:09:38.402328+00:00,power,0,0,,,,,,2293306487553,855020996350,0.0,
2026-10-01T14:09:39.409249+00:00,freq,0,0,2500.0,4250.0,2500.0,900.0,0,,,,
2026-10-01T14:09:39.409249+00:00,freq,1,0,550.0,550.0,1200.0,550.0,0,,,,
2026-10-01T14:09:39.409249+00:00,power,0,0,,,,,,2293306487553,855022003227,0.0,
2026-10-01T14:09:40.412308+00:00,freq,0,0,2500.0,4250.0,2500.0,900.0,0,,,,
2026-10-01T14:09:40.412308+00:00,freq,1,0,550.0,550.0,1200.0,550.0,0,,,,
2026-10-01T14:09:40.412308+00:00,power,0,0,,,,,,2293306487553,855023006283,0.0,
2026-10-01T14:09:41.401906+00:00,freq,0,0,2500.0,4250.0,2500.0,900.0,0,,,,
2026-10-01T14:09:41.401906+00:00,freq,1,0,550.0,550.0,1200.0,550.0,0,,,,
2026-10-01T14:09:41.401906+00:00,power,0,0,,,,,,2293306487553,855023995839,0.0,
2026-10-01T14:09:42.405520+00:00,freq,0,0,2500.0,4250.0,2500.0,900.0,0,,,,
2026-10-01T14:09:42.405520+00:00,freq,1,0,550.0,550.0,1200.0,550.0,0,,,,
2026-10-01T14:09:42.405520+00:00,power,0,0,,,,,,2293306487553,855024999479,0.0,
2026-10-01T14:09:43.410810+00:00,freq,0,0,2500.0,4250.0,2500.0,900.0,0,,,,
2026-10-01T14:09:43.410810+00:00,freq,1,0,550.0,550.0,1200.0,550.0,0,,,,
2026-10-01T14:09:43.410810+00:00,power,0,0,,,,,,2293306488712,855026004679,0.0011530043772383606,
2026-10-01T14:09:44.416227+00:00,freq,0,0,2500.0,4250.0,2500.0,900.0,0,,,,
2026-10-01T14:09:44.416227+00:00,freq,1,0,550.0,550.0,1200.0,550.0,0,,,,
2026-10-01T14:09:44.416227+00:00,power,0,0,,,,,,2293306488712,855027010086,0.0,
2026-10-01T14:09:45.406785+00:00,freq,0,0,2500.0,4250.0,2500.0,900.0,0,,,,
2026-10-01T14:09:45.406785+00:00,freq,1,0,550.0,550.0,1200.0,550.0,0,,,,
2026-10-01T14:09:45.406785+00:00,power,0,0,,,,,,2293306488895,855028000638,0.00018474547525016354,
2026-10-01T14:09:46.411946+00:00,freq,0,0,2500.0,4250.0,2500.0,900.0,0,,,,
2026-10-01T14:09:46.411946+00:00,freq,1,0,550.0,550.0,1200.0,550.0,0,,,,
2026-10-01T14:09:46.411946+00:00,power,0,0,,,,,,2293306488895,855029005800,0.0,
2026-10-01T14:09:47.400028+00:00,freq,0,0,2500.0,4250.0,2500.0,900.0,0,,,,
2026-10-01T14:09:47.400028+00:00,freq,1,0,550.0,550.0,1200.0,550.0,0,,,,
2026-10-01T14:09:47.400028+00:00,power,0,0,,,,,,2293306488895,855029993818,0.0,
2026-10-01T14:09:48.404516+00:00,freq,0,0,2500.0,4250.0,2500.0,900.0,0,,,,
2026-10-01T14:09:48.404516+00:00,freq,1,0,550.0,550.0,1200.0,550.0,0,,,,
2026-10-01T14:09:48.404516+00:00,power,0,0,,,,,,2293306488895,855030998295,0.0,
2026-10-01T14:09:49.407183+00:00,freq,0,0,2500.0,4250.0,2500.0,900.0,0,,,,
2026-10-01T14:09:49.407183+00:00,freq,1,0,550.0,550.0,1200.0,550.0,0,,,,
2026-10-01T14:09:49.407183+00:00,power,0,0,,,,,,2293306488895,855032000903,0.0,
2026-10-01T14:09:50.410929+00:00,freq,0,0,2500.0,4250.0,2500.0,900.0,0,,,,
2026-10-01T14:09:50.410929+00:00,freq,1,0,550.0,550.0,1200.0,550.0,0,,,,
2026-10-01T14:09:50.410929+00:00,power,0,0,,,,,,2293306488956,855033004701,6.076919858377881e-05,
2026-10-01T14:09:51.418247+00:00,freq,0,0,2500.0,4250.0,2500.0,900.0,0,,,,
2026-10-01T14:09:51.418247+00:00,freq,1,0,550.0,550.0,1200.0,550.0,0,,,,
2026-10-01T14:09:51.418247+00:00,power,0,0,,,,,,2293306488956,855034011921,0.0,
2026-10-01T14:09:52.407361+00:00,freq,0,0,2500.0,4250.0,2500.0,900.0,0,,,,
2026-10-01T14:09:52.407361+00:00,freq,1,0,550.0,550.0,1200.0,550.0,0,,,,
2026-10-01T14:09:52.407361+00:00,power,0,0,,,,,,2293306488956,855035001061,0.0,
2026-10-01T14:09:53.412561+00:00,freq,0,0,1200.0,1200.0,2500.0,900.0,0,,,,
2026-10-01T14:09:53.412561+00:00,freq,1,0,550.0,550.0,1200.0,550.0,0,,,,
2026-10-01T14:09:53.412561+00:00,power,0,0,,,,,,2293306488956,855036006214,0.0,
2026-10-01T14:09:54.398419+00:00,freq,0,0,1200.0,1200.0,2500.0,900.0,0,,,,
2026-10-01T14:09:54.398419+00:00,freq,1,0,550.0,550.0,1200.0,550.0,0,,,,
2026-10-01T14:09:54.398419+00:00,power,0,0,,,,,,2293306488956,855036992060,0.0,
2026-10-01T14:09:55.404591+00:00,freq,0,0,1200.0,1200.0,2500.0,900.0,0,,,,
2026-10-01T14:09:55.404591+00:00,freq,1,0,550.0,550.0,1200.0,550.0,0,,,,
2026-10-01T14:09:55.404591+00:00,power,0,0,,,,,,2293306488956,855037998192,0.0,
2026-10-01T14:09:56.411243+00:00,freq,0,0,1200.0,1200.0,2500.0,900.0,0,,,,
2026-10-01T14:09:56.411243+00:00,freq,1,0,550.0,550.0,1200.0,550.0,0,,,,
2026-10-01T14:09:56.411243+00:00,power,0,0,,,,,,2293306488956,855039004828,0.0,
2026-10-01T14:09:57.414756+00:00,freq,0,0,2450.0,4250.0,2450.0,900.0,2,,,,
2026-10-01T14:09:57.414756+00:00,freq,1,0,550.0,550.0,1200.0,550.0,0,,,,
2026-10-01T14:09:57.414756+00:00,power,0,0,,,,,,2293309179470,855040008214,2.6814346622336767,
2026-10-01T14:09:58.404145+00:00,freq,0,0,2500.0,4250.0,2450.0,900.0,0,,,,
2026-10-01T14:09:58.404145+00:00,freq,1,0,550.0,550.0,1200.0,550.0,0,,,,
2026-10-01T14:09:58.404145+00:00,power,0,0,,,,,,2293343975452,855040997574,35.17019285194469,
2026-10-01T14:09:59.409272+00:00,freq,0,0,2500.0,4250.0,2500.0,900.0,0,,,,
2026-10-01T14:09:59.409272+00:00,freq,1,0,550.0,550.0,1200.0,550.0,0,,,,
2026-10-01T14:09:59.409272+00:00,power,0,0,,,,,,2293377409595,855042002628,33.26601655234445,
2026-10-01T14:10:00.415156+00:00,freq,0,0,2500.0,4250.0,2500.0,900.0,0,,,,
2026-10-01T14:10:00.415156+00:00,freq,1,0,550.0,550.0,1200.0,550.0,0,,,,
2026-10-01T14:10:00.415156+00:00,power,0,0,,,,,,2293409100536,855043008565,31.503902331855773,
2026-10-01T14:10:01.405763+00:00,freq,0,0,2500.0,4250.0,2500.0,900.0,0,,,,
2026-10-01T14:10:01.405763+00:00,freq,1,0,550.0,550.0,1200.0,550.0,0,,,,
2026-10-01T14:10:01.405763+00:00,power,0,0,,,,,,2293438780650,855043999008,29.96650387755782,
2026-10-01T14:10:02.408836+00:00,freq,0,0,2500.0,4250.0,2450.0,900.0,0,,,,
2026-10-01T14:10:02.408836+00:00,freq,1,0,550.0,550.0,1200.0,550.0,0,,,,
2026-10-01T14:10:02.408836+00:00,power,0,0,,,,,,2293467704905,855045003230,28.80265021080996,
2026-10-01T14:10:03.420588+00:00,freq,0,0,2500.0,4250.0,2500.0,900.0,0,,,,
2026-10-01T14:10:03.420588+00:00,freq,1,0,550.0,550.0,1200.0,550.0,0,,,,
2026-10-01T14:10:03.420588+00:00,power,0,0,,,,,,2293494800913,855046013752,26.813872434246854,
2026-10-01T14:10:04.410394+00:00,freq,0,0,2500.0,4250.0,2500.0,900.0,0,,,,
2026-10-01T14:10:04.410394+00:00,freq,1,0,550.0,550.0,1200.0,550.0,0,,,,
2026-10-01T14:10:04.410394+00:00,power,0,0,,,,,,2293521100229,855047003600,26.56904494427427,
2026-10-01T14:10:05.418227+00:00,freq,0,0,2500.0,4250.0,2500.0,900.0,0,,,,
2026-10-01T14:10:05.418227+00:00,freq,1,0,550.0,550.0,1200.0,550.0,0,,,,
2026-10-01T14:10:05.418227+00:00,power,0,0,,,,,,2293547004061,855048011437,25.702402273383495,
2026-10-01T14:10:06.407037+00:00,freq,0,0,2500.0,4250.0,2500.0,900.0,0,,,,
2026-10-01T14:10:06.407037+00:00,freq,1,0,550.0,550.0,1200.0,550.0,0,,,,
2026-10-01T14:10:06.407037+00:00,power,0,0,,,,,,2293571872675,855049000227,25.15055168438192,
2026-10-01T14:10:07.412058+00:00,freq,0,0,2500.0,4250.0,2500.0,900.0,0,,,,
2026-10-01T14:10:07.412058+00:00,freq,1,0,550.0,550.0,1200.0,600.0,0,,,,
2026-10-01T14:10:07.412058+00:00,power,0,0,,,,,,2293596421258,855050005202,24.427058384536927,
2026-10-01T14:10:08.398488+00:00,freq,0,0,2500.0,4250.0,2500.0,900.0,0,,,,
2026-10-01T14:10:08.398488+00:00,freq,1,0,600.0,600.0,1200.0,550.0,0,,,,
2026-10-01T14:10:08.398488+00:00,power,0,0,,,,,,2293620827165,855050991774,24.738090073507053,
2026-10-01T14:10:09.404597+00:00,freq,0,0,2500.0,4250.0,2500.0,900.0,0,,,,
2026-10-01T14:10:09.404597+00:00,freq,1,0,550.0,550.0,1200.0,600.0,0,,,,
2026-10-01T14:10:09.404597+00:00,power,0,0,,,,,,2293643843400,855051997644,22.881918140515175,
2026-10-01T14:10:10.412000+00:00,freq,0,0,2500.0,4250.0,2500.0,900.0,0,,,,
2026-10-01T14:10:10.412000+00:00,freq,1,0,600.0,600.0,1200.0,550.0,0,,,,
2026-10-01T14:10:10.412000+00:00,power,0,0,,,,,,2293648295266,855053005226,4.4183659493718626,
2026-10-01T14:10:11.402685+00:00,freq,0,0,2500.0,4250.0,2500.0,900.0,0,,,,
2026-10-01T14:10:11.402685+00:00,freq,1,0,550.0,550.0,1200.0,550.0,0,,,,
2026-10-01T14:10:11.402685+00:00,power,0,0,,,,,,2293648295266,855053995883,0.0,
2026-10-01T14:10:12.408532+00:00,freq,0,0,2500.0,4250.0,2500.0,900.0,0,,,,
2026-10-01T14:10:12.408532+00:00,freq,1,0,550.0,550.0,1200.0,550.0,0,,,,
2026-10-01T14:10:12.408532+00:00,power,0,0,,,,,,2293648296510,855055001724,0.001236775991434034,
2026-10-01T14:10:13.413862+00:00,freq,0,0,2500.0,4250.0,2500.0,900.0,0,,,,
2026-10-01T14:10:13.413862+00:00,freq,1,0,550.0,550.0,1200.0,550.0,0,,,,
2026-10-01T14:10:13.413862+00:00,power,0,0,,,,,,2293648296510,855056007029,0.0,
2026-10-01T14:10:14.403578+00:00,freq,0,0,2500.0,4250.0,2500.0,900.0,0,,,,
2026-10-01T14:10:14.403578+00:00,freq,1,0,550.0,550.0,1200.0,550.0,0,,,,
2026-10-01T14:10:14.403578+00:00,power,0,0,,,,,,2293648296510,855056996692,0.0,
2026-10-01T14:10:15.408959+00:00,freq,0,0,2500.0,4250.0,2500.0,900.0,0,,,,
2026-10-01T14:10:15.408959+00:00,freq,1,0,550.0,550.0,1200.0,550.0,0,,,,
2026-10-01T14:10:15.408959+00:00,power,0,0,,,,,,2293648296510,855058002078,0.0,
2026-10-01T14:10:16.413686+00:00,freq,0,0,2500.0,4250.0,2500.0,900.0,0,,,,
2026-10-01T14:10:16.413686+00:00,freq,1,0,550.0,550.0,1200.0,550.0,0,,,,
2026-10-01T14:10:16.413686+00:00,power,0,0,,,,,,2293648296510,855059006771,0.0,
2026-10-01T14:10:17.403741+00:00,freq,0,0,2500.0,4250.0,2500.0,900.0,0,,,,
2026-10-01T14:10:17.403741+00:00,freq,1,0,550.0,550.0,1200.0,550.0,0,,,,
2026-10-01T14:10:17.403741+00:00,power,0,0,,,,,,2293648296510,855059996793,0.0,
2026-10-01T14:10:18.409225+00:00,freq,0,0,2500.0,4250.0,2500.0,900.0,0,,,,
2026-10-01T14:10:18.409225+00:00,freq,1,0,550.0,550.0,1200.0,550.0,0,,,,
2026-10-01T14:10:18.409225+00:00,power,0,0,,,,,,2293648296510,855061002283,0.0,
2026-10-01T14:10:19.414081+00:00,freq,0,0,2500.0,4250.0,2500.0,900.0,0,,,,
2026-10-01T14:10:19.414081+00:00,freq,1,0,550.0,550.0,1200.0,550.0,0,,,,
2026-10-01T14:10:19.414081+00:00,power,0,0,,,,,,2293648296510,855062007157,0.0,
2026-10-01T14:10:20.403430+00:00,freq,0,0,2500.0,4250.0,2500.0,900.0,0,,,,
2026-10-01T14:10:20.403430+00:00,freq,1,0,550.0,550.0,1200.0,550.0,0,,,,
2026-10-01T14:10:20.403430+00:00,power,0,0,,,,,,2293648296510,855062996441,0.0,
2026-10-01T14:10:21.409219+00:00,freq,0,0,2500.0,4250.0,2500.0,900.0,0,,,,
2026-10-01T14:10:21.409219+00:00,freq,1,0,550.0,550.0,1200.0,550.0,0,,,,
2026-10-01T14:10:21.409219+00:00,power,0,0,,,,,,2293648296510,855064002244,0.0,
2026-10-01T14:10:22.411699+00:00,freq,0,0,2500.0,4250.0,2500.0,900.0,0,,,,
2026-10-01T14:10:22.411699+00:00,freq,1,0,550.0,550.0,1200.0,550.0,0,,,,
2026-10-01T14:10:22.411699+00:00,power,0,0,,,,,,2293648296510,855065004721,0.0,
2026-10-01T14:10:23.416113+00:00,freq,0,0,1300.0,1300.0,2500.0,900.0,0,,,,
2026-10-01T14:10:23.416113+00:00,freq,1,0,550.0,550.0,1200.0,550.0,0,,,,
2026-10-01T14:10:23.416113+00:00,power,0,0,,,,,,2293648299463,855066009126,0.002940049083785923,
2026-10-01T14:10:24.404701+00:00,freq,0,0,1300.0,1300.0,2500.0,900.0,0,,,,
2026-10-01T14:10:24.404701+00:00,freq,1,0,550.0,550.0,1200.0,550.0,0,,,,
2026-10-01T14:10:24.404701+00:00,power,0,0,,,,,,2293648299463,855066997520,0.0,
2026-10-01T14:10:25.407031+00:00,freq,0,0,1300.0,1300.0,2500.0,900.0,0,,,,
2026-10-01T14:10:25.407031+00:00,freq,1,0,550.0,550.0,1200.0,550.0,0,,,,
2026-10-01T14:10:25.407031+00:00,power,0,0,,,,,,2293648299463,855068000020,0.0,
2026-10-01T14:10:26.412143+00:00,freq,0,0,1300.0,1300.0,2500.0,900.0,0,,,,
2026-10-01T14:10:26.412143+00:00,freq,1,0,550.0,550.0,1200.0,550.0,0,,,,
2026-10-01T14:10:26.412143+00:00,power,0,0,,,,,,2293648299463,855069005310,0.0,
2026-10-01T14:10:27.415533+00:00,freq,0,0,1300.0,1300.0,2500.0,900.0,0,,,,
2026-10-01T14:10:27.415533+00:00,freq,1,0,550.0,550.0,1200.0,550.0,0,,,,
2026-10-01T14:10:27.415533+00:00,power,0,0,,,,,,2293648299463,855070008345,0.0,
2026-10-01T14:10:28.414169+00:00,freq,0,0,1300.0,1300.0,2500.0,900.0,0,,,,
2026-10-01T14:10:28.414169+00:00,freq,1,0,550.0,550.0,1200.0,550.0,0,,,,
2026-10-01T14:10:28.414169+00:00,power,0,0,,,,,,2293648299463,855071006825,0.0,
2026-10-01T14:10:29.414693+00:00,freq,0,0,1300.0,1300.0,2500.0,900.0,0,,,,
2026-10-01T14:10:29.414693+00:00,freq,1,0,550.0,550.0,1200.0,550.0,0,,,,
2026-10-01T14:10:29.414693+00:00,power,0,0,,,,,,2293648299463,855072007459,0.0,
2026-10-01T14:10:30.401025+00:00,freq,0,0,1300.0,1300.0,2500.0,900.0,0,,,,
2026-10-01T14:10:30.401025+00:00,freq,1,0,550.0,550.0,1200.0,550.0,0,,,,
2026-10-01T14:10:30.401025+00:00,power,0,0,,,,,,2293648299646,855072993682,0.0001855564106697978,
2026-10-01T14:10:31.403698+00:00,freq,0,0,1300.0,1300.0,2500.0,900.0,0,,,,
2026-10-01T14:10:31.403698+00:00,freq,1,0,550.0,550.0,1200.0,550.0,0,,,,
2026-10-01T14:10:31.403698+00:00,power,0,0,,,,,,2293648299646,855073996244,0.0,
2026-10-01T14:10:32.418927+00:00,freq,0,0,1300.0,1300.0,2500.0,900.0,0,,,,
2026-10-01T14:10:32.418927+00:00,freq,1,0,550.0,550.0,1200.0,550.0,0,,,,
2026-10-01T14:10:32.418927+00:00,power,0,0,,,,,,2293648299646,855075011434,0.0,
2026-10-01T14:10:33.418657+00:00,freq,0,0,1300.0,1300.0,2500.0,900.0,0,,,,
2026-10-01T14:10:33.418657+00:00,freq,1,0,550.0,550.0,1200.0,550.0,0,,,,
2026-10-01T14:10:33.418657+00:00,power,0,0,,,,,,2293648299646,855076011163,0.0,
2026-10-01T14:10:34.417816+00:00,freq,0,0,1300.0,1300.0,2500.0,900.0,0,,,,
2026-10-01T14:10:34.417816+00:00,freq,1,0,550.0,550.0,1200.0,550.0,0,,,,
2026-10-01T14:10:34.417816+00:00,power,0,0,,,,,,2293648299646,855077010283,0.0,
2026-10-01T14:10:35.402014+00:00,freq,0,0,1300.0,1300.0,2500.0,900.0,0,,,,
2026-10-01T14:10:35.402014+00:00,freq,1,0,550.0,550.0,1200.0,550.0,0,,,,
2026-10-01T14:10:35.402014+00:00,power,0,0,,,,,,2293648299646,855077994888,0.0,
2026-10-01T14:10:36.404332+00:00,freq,0,0,2450.0,4250.0,2450.0,900.0,2,,,,
2026-10-01T14:10:36.404332+00:00,freq,1,0,550.0,550.0,1200.0,550.0,0,,,,
2026-10-01T14:10:36.404332+00:00,power,0,0,,,,,,2293667482690,855078996862,19.145251273985153,
2026-10-01T14:10:37.410250+00:00,freq,0,0,2450.0,4250.0,2400.0,900.0,2,,,,
2026-10-01T14:10:37.410250+00:00,freq,1,0,550.0,550.0,1200.0,550.0,0,,,,
2026-10-01T14:10:37.410250+00:00,power,0,0,,,,,,2293702083092,855080002530,34.40539223680181,
2026-10-01T14:10:38.416243+00:00,freq,0,0,2450.0,4250.0,2450.0,900.0,2,,,,
2026-10-01T14:10:38.416243+00:00,freq,1,0,550.0,550.0,1200.0,550.0,0,,,,
2026-10-01T14:10:38.416243+00:00,power,0,0,,,,,,2293734687546,855081008500,32.41096056542442,
2026-10-01T14:10:39.406117+00:00,freq,0,0,2500.0,4250.0,2500.0,900.0,0,,,,
2026-10-01T14:10:39.406117+00:00,freq,1,0,550.0,550.0,1200.0,550.0,0,,,,
2026-10-01T14:10:39.406117+00:00,power,0,0,,,,,,2293764886703,855081998548,30.502720070138015,
2026-10-01T14:10:40.411124+00:00,freq,0,0,2500.0,4250.0,2500.0,900.0,0,,,,
2026-10-01T14:10:40.411124+00:00,freq,1,0,550.0,550.0,1200.0,550.0,0,,,,
2026-10-01T14:10:40.411124+00:00,power,0,0,,,,,,2293794162948,855083003474,29.13273713686381,
2026-10-01T14:10:41.416393+00:00,freq,0,0,2500.0,4250.0,2500.0,900.0,0,,,,
2026-10-01T14:10:41.416393+00:00,freq,1,0,550.0,550.0,1200.0,550.0,0,,,,
2026-10-01T14:10:41.416393+00:00,power,0,0,,,,,,2293822500434,855084008755,28.188621887810474,
2026-10-01T14:10:42.408126+00:00,freq,0,0,2450.0,4250.0,2450.0,900.0,2,,,,
2026-10-01T14:10:42.408126+00:00,freq,1,0,550.0,550.0,1200.0,600.0,0,,,,
2026-10-01T14:10:42.408126+00:00,power,0,0,,,,,,2293849486151,855085000290,27.216101297483196,
2026-10-01T14:10:43.414812+00:00,freq,0,0,2500.0,4250.0,2450.0,900.0,0,,,,
2026-10-01T14:10:43.414812+00:00,freq,1,0,600.0,600.0,1200.0,550.0,0,,,,
2026-10-01T14:10:43.414812+00:00,power,0,0,,,,,,2293875740691,855086007127,26.076256633397463,
2026-10-01T14:10:44.403400+00:00,freq,0,0,2500.0,4250.0,2500.0,900.0,0,,,,
2026-10-01T14:10:44.403400+00:00,freq,1,0,600.0,600.0,1200.0,550.0,0,,,,
2026-10-01T14:10:44.403400+00:00,power,0,0,,,,,,2293900988310,855086995510,25.544367922151636,
2026-10-01T14:10:45.408004+00:00,freq,0,0,2500.0,4250.0,2500.0,900.0,0,,,,
2026-10-01T14:10:45.408004+00:00,freq,1,0,550.0,550.0,1200.0,600.0,0,,,,
2026-10-01T14:10:45.408004+00:00,power,0,0,,,,,,2293925649832,855088000161,24.547352264617267,
2026-10-01T14:10:46.413584+00:00,freq,0,0,2450.0,4250.0,2400.0,900.0,2,,,,
2026-10-01T14:10:46.413584+00:00,freq,1,0,550.0,550.0,1200.0,550.0,0,,,,
2026-10-01T14:10:46.413584+00:00,power,0,0,,,,,,2293950352346,855089005648,24.567710969908113,
2026-10-01T14:10:47.403681+00:00,freq,0,0,2500.0,4250.0,2500.0,900.0,0,,,,
2026-10-01T14:10:47.403681+00:00,freq,1,0,550.0,550.0,1200.0,550.0,0,,,,
2026-10-01T14:10:47.403681+00:00,power,0,0,,,,,,2293975120985,855089996136,25.00650083595157,
2026-10-01T14:10:48.408806+00:00,freq,0,0,2500.0,4250.0,2500.0,900.0,0,,,,
2026-10-01T14:10:48.408806+00:00,freq,1,0,550.0,550.0,1200.0,550.0,0,,,,
2026-10-01T14:10:48.408806+00:00,power,0,0,,,,,,2293975146765,855091001227,0.025649418808844176,
2026-10-01T14:10:49.414757+00:00,freq,0,0,2500.0,4250.0,2500.0,900.0,0,,,,
2026-10-01T14:10:49.414757+00:00,freq,1,0,550.0,550.0,1200.0,550.0,0,,,,
2026-10-01T14:10:49.414757+00:00,power,0,0,,,,,,2293975146765,855092007133,0.0,
2026-10-01T14:10:50.404139+00:00,freq,0,0,2500.0,4250.0,2500.0,900.0,0,,,,
2026-10-01T14:10:50.404139+00:00,freq,1,0,550.0,550.0,1200.0,550.0,0,,,,
2026-10-01T14:10:50.404139+00:00,power,0,0,,,,,,2293975146765,855092996484,0.0,
2026-10-01T14:10:51.408577+00:00,freq,0,0,2500.0,4250.0,2500.0,900.0,0,,,,
2026-10-01T14:10:51.408577+00:00,freq,1,0,550.0,550.0,1200.0,550.0,0,,,,
2026-10-01T14:10:51.408577+00:00,power,0,0,,,,,,2293975146765,855094000883,0.0,
2026-10-01T14:10:52.414341+00:00,freq,0,0,2500.0,4250.0,2500.0,900.0,0,,,,
2026-10-01T14:10:52.414341+00:00,freq,1,0,550.0,550.0,1200.0,550.0,0,,,,
2026-10-01T14:10:52.414341+00:00,power,0,0,,,,,,2293975146765,855095006602,0.0,
2026-10-01T14:10:53.403518+00:00,freq,0,0,1600.0,1600.0,2500.0,900.0,0,,,,
2026-10-01T14:10:53.403518+00:00,freq,1,0,550.0,550.0,1200.0,550.0,0,,,,
2026-10-01T14:10:53.403518+00:00,power,0,0,,,,,,2293975147863,855095995762,0.0011100327550649036,
2026-10-01T14:10:54.409668+00:00,freq,0,0,1600.0,1600.0,2500.0,900.0,0,,,,
2026-10-01T14:10:54.409668+00:00,freq,1,0,550.0,550.0,1200.0,550.0,0,,,,
2026-10-01T14:10:54.409668+00:00,power,0,0,,,,,,2293975147863,855097001834,0.0,
2026-10-01T14:10:55.425228+00:00,freq,0,0,1600.0,1600.0,2500.0,900.0,0,,,,
2026-10-01T14:10:55.425228+00:00,freq,1,0,550.0,550.0,1200.0,550.0,0,,,,
2026-10-01T14:10:55.425228+00:00,power,0,0,,,,,,2293975147863,855098017228,0.0,
2026-10-01T14:10:56.423168+00:00,freq,0,0,1600.0,1600.0,2500.0,900.0,0,,,,
2026-10-01T14:10:56.423168+00:00,freq,1,0,550.0,550.0,1200.0,550.0,0,,,,
2026-10-01T14:10:56.423168+00:00,power,0,0,,,,,,2293975147863,855099015284,0.0,
2026-10-01T14:10:57.410350+00:00,freq,0,0,1600.0,1600.0,2500.0,900.0,0,,,,
2026-10-01T14:10:57.410350+00:00,freq,1,0,550.0,550.0,1200.0,550.0,0,,,,
2026-10-01T14:10:57.410350+00:00,power,0,0,,,,,,2293975147863,855100002482,0.0,
2026-10-01T14:10:58.415589+00:00,freq,0,0,1600.0,1600.0,2500.0,900.0,0,,,,
2026-10-01T14:10:58.415589+00:00,freq,1,0,550.0,550.0,1200.0,550.0,0,,,,
2026-10-01T14:10:58.415589+00:00,power,0,0,,,,,,2293975147863,855101007707,0.0,
2026-10-01T14:10:59.407317+00:00,freq,0,0,1600.0,1600.0,2500.0,900.0,0,,,,
2026-10-01T14:10:59.407317+00:00,freq,1,0,550.0,550.0,1200.0,550.0,0,,,,
2026-10-01T14:10:59.407317+00:00,power,0,0,,,,,,2293975147863,855101999348,0.0,
2026-10-01T14:11:00.410905+00:00,freq,0,0,1600.0,1600.0,2500.0,900.0,0,,,,
2026-10-01T14:11:00.410905+00:00,freq,1,0,550.0,550.0,1200.0,550.0,0,,,,
2026-10-01T14:11:00.410905+00:00,power,0,0,,,,,,2293975147863,855103002967,0.0,
2026-10-01T14:11:01.415204+00:00,freq,0,0,1600.0,1600.0,2500.0,900.0,0,,,,
2026-10-01T14:11:01.415204+00:00,freq,1,0,550.0,550.0,1200.0,550.0,0,,,,
2026-10-01T14:11:01.415204+00:00,power,0,0,,,,,,2293975147863,855104007272,0.0,
2026-10-01T14:11:02.404711+00:00,freq,0,0,1600.0,1600.0,2500.0,900.0,0,,,,
2026-10-01T14:11:02.404711+00:00,freq,1,0,550.0,550.0,1200.0,550.0,0,,,,
2026-10-01T14:11:02.404711+00:00,power,0,0,,,,,,2293975147863,855104996737,0.0,
2026-10-01T14:11:03.409339+00:00,freq,0,0,1600.0,1600.0,2500.0,900.0,0,,,,
2026-10-01T14:11:03.409339+00:00,freq,1,0,550.0,550.0,1200.0,550.0,0,,,,
2026-10-01T14:11:03.409339+00:00,power,0,0,,,,,,2293975147863,855106001310,0.0,
2026-10-01T14:11:04.413783+00:00,freq,0,0,1600.0,1600.0,2500.0,900.0,0,,,,
2026-10-01T14:11:04.413783+00:00,freq,1,0,550.0,550.0,1200.0,550.0,0,,,,
2026-10-01T14:11:04.413783+00:00,power,0,0,,,,,,2293975148107,855107005809,0.0002429071606840823,
2026-10-01T14:11:05.402731+00:00,freq,0,0,1600.0,1600.0,2500.0,900.0,0,,,,
2026-10-01T14:11:05.402731+00:00,freq,1,0,550.0,550.0,1200.0,550.0,0,,,,
2026-10-01T14:11:05.402731+00:00,power,0,0,,,,,,2293975148290,855107994644,0.00018506626484701694,
2026-10-01T14:11:06.406966+00:00,freq,0,0,1600.0,1600.0,2500.0,900.0,0,,,,
2026-10-01T14:11:06.406966+00:00,freq,1,0,550.0,550.0,1200.0,550.0,0,,,,
2026-10-01T14:11:06.406966+00:00,power,0,0,,,,,,2293975148290,855108998872,0.0,
2026-10-01T14:11:07.411756+00:00,freq,0,0,1600.0,1600.0,2500.0,900.0,0,,,,
2026-10-01T14:11:07.411756+00:00,freq,1,0,550.0,550.0,1200.0,550.0,0,,,,
2026-10-01T14:11:07.411756+00:00,power,0,0,,,,,,2293975148290,855110003690,0.0,
2026-10-01T14:11:08.417922+00:00,freq,0,0,1600.0,1600.0,2500.0,900.0,0,,,,
2026-10-01T14:11:08.417922+00:00,freq,1,0,550.0,550.0,1200.0,550.0,0,,,,
2026-10-01T14:11:08.417922+00:00,power,0,0,,,,,,2293975148290,855111009763,0.0,
2026-10-01T14:11:09.407039+00:00,freq,0,0,2500.0,4250.0,2500.0,900.0,0,,,,
2026-10-01T14:11:09.407039+00:00,freq,1,0,550.0,550.0,1200.0,550.0,0,,,,
2026-10-01T14:11:09.407039+00:00,power,0,0,,,,,,2293991890416,855111998827,16.927242322033763,
2026-10-01T14:11:10.412831+00:00,freq,0,0,2450.0,4250.0,2450.0,900.0,2,,,,
2026-10-01T14:11:10.412831+00:00,freq,1,0,550.0,550.0,1200.0,550.0,0,,,,
2026-10-01T14:11:10.412831+00:00,power,0,0,,,,,,2294026683774,855113004345,34.60242183630726,
2026-10-01T14:11:11.417773+00:00,freq,0,0,2500.0,4250.0,2500.0,900.0,0,,,,
2026-10-01T14:11:11.417773+00:00,freq,1,0,550.0,550.0,1200.0,550.0,0,,,,
2026-10-01T14:11:11.417773+00:00,power,0,0,,,,,,2294059358212,855114009215,32.51608466766845,
2026-10-01T14:11:12.409232+00:00,freq,0,0,2500.0,4250.0,2500.0,900.0,0,,,,
2026-10-01T14:11:12.409232+00:00,freq,1,0,550.0,550.0,1200.0,550.0,0,,,,
2026-10-01T14:11:12.409232+00:00,power,0,0,,,,,,2294089757771,855115000850,30.655996409969394,
2026-10-01T14:11:13.415087+00:00,freq,0,0,2500.0,4250.0,2500.0,900.0,0,,,,
2026-10-01T14:11:13.415087+00:00,freq,1,0,550.0,550.0,1200.0,550.0,0,,,,
2026-10-01T14:11:13.415087+00:00,power,0,0,,,,,,2294119224201,855116006683,29.29554906231949,
2026-10-01T14:11:14.404951+00:00,freq,0,0,2450.0,4250.0,2450.0,900.0,2,,,,
2026-10-01T14:11:14.404951+00:00,freq,1,0,550.0,550.0,1200.0,550.0,0,,,,
2026-10-01T14:11:14.404951+00:00,power,0,0,,,,,,2294147245258,855116996558,28.307672180830913,
2026-10-01T14:11:15.410539+00:00,freq,0,0,2500.0,4250.0,2500.0,900.0,0,,,,
2026-10-01T14:11:15.410539+00:00,freq,1,0,550.0,550.0,1200.0,550.0,0,,,,
2026-10-01T14:11:15.410539+00:00,power,0,0,,,,,,2294174563213,855118002133,27.16650175272854,
2026-10-01T14:11:16.415544+00:00,freq,0,0,2500.0,4250.0,2500.0,900.0,0,,,,
2026-10-01T14:11:16.415544+00:00,freq,1,0,550.0,550.0,1200.0,550.0,0,,,,
2026-10-01T14:11:16.415544+00:00,power,0,0,,,,,,2294200684367,855119007152,25.99070664335699,
2026-10-01T14:11:17.401543+00:00,freq,0,0,2450.0,4250.0,2450.0,900.0,2,,,,
2026-10-01T14:11:17.401543+00:00,freq,1,0,550.0,550.0,1200.0,600.0,0,,,,
2026-10-01T14:11:17.401543+00:00,power,0,0,,,,,,2294226119449,855119992860,25.80387092323487,
2026-10-01T14:11:18.406880+00:00,freq,0,0,2500.0,4250.0,2500.0,900.0,0,,,,
2026-10-01T14:11:18.406880+00:00,freq,1,0,550.0,550.0,1200.0,550.0,0,,,,
2026-10-01T14:11:18.406880+00:00,power,0,0,,,,,,2294250809024,855120998371,24.55425649247,
2026-10-01T14:11:19.411084+00:00,freq,0,0,2500.0,4250.0,2500.0,900.0,0,,,,
2026-10-01T14:11:19.411084+00:00,freq,1,0,550.0,550.0,1200.0,600.0,0,,,,
2026-10-01T14:11:19.411084+00:00,power,0,0,,,,,,2294275274928,855122002359,24.368721538504445,
2026-10-01T14:11:20.414241+00:00,freq,0,0,2500.0,4250.0,2500.0,900.0,0,,,,
2026-10-01T14:11:20.414241+00:00,freq,1,0,600.0,600.0,1200.0,600.0,0,,,,
2026-10-01T14:11:20.414241+00:00,power,0,0,,,,,,2294301797083,855123005695,26.43397127183715,
2026-10-01T14:11:21.404630+00:00,freq,0,0,2500.0,4250.0,2500.0,900.0,0,,,,
2026-10-01T14:11:21.404630+00:00,freq,1,0,600.0,600.0,1200.0,550.0,0,,,,
2026-10-01T14:11:21.404630+00:00,power,0,0,,,,,,2294301986559,855123996185,0.1912952175186019,
2026-10-01T14:11:22.405477+00:00,freq,0,0,2500.0,4250.0,2500.0,900.0,0,,,,
2026-10-01T14:11:22.405477+00:00,freq,1,0,550.0,550.0,1200.0,550.0,0,,,,
2026-10-01T14:11:22.405477+00:00,power,0,0,,,,,,2294301986559,855124997038,0.0,
2026-10-01T14:11:23.415313+00:00,freq,0,0,1200.0,1200.0,2500.0,900.0,0,,,,
2026-10-01T14:11:23.415313+00:00,freq,1,0,550.0,550.0,1200.0,550.0,0,,,,
2026-10-01T14:11:23.415313+00:00,power,0,0,,,,,,2294301987352,855126006838,0.0007853040205981382,
2026-10-01T14:11:24.405189+00:00,freq,0,0,1200.0,1200.0,2500.0,900.0,0,,,,
2026-10-01T14:11:24.405189+00:00,freq,1,0,550.0,550.0,1200.0,550.0,0,,,,
2026-10-01T14:11:24.405189+00:00,power,0,0,,,,,,2294301987352,855126996700,0.0,
2026-10-01T14:11:25.407779+00:00,freq,0,0,1200.0,1200.0,2500.0,900.0,0,,,,
2026-10-01T14:11:25.407779+00:00,freq,1,0,550.0,550.0,1200.0,550.0,0,,,,
2026-10-01T14:11:25.407779+00:00,power,0,0,,,,,,2294301987352,855127999266,0.0,
2026-10-01T14:11:26.414558+00:00,freq,0,0,1200.0,1200.0,2500.0,900.0,0,,,,
2026-10-01T14:11:26.414558+00:00,freq,1,0,550.0,550.0,1200.0,550.0,0,,,,
2026-10-01T14:11:26.414558+00:00,power,0,0,,,,,,2294301987352,855129005984,0.0,
2026-10-01T14:11:27.402904+00:00,freq,0,0,1200.0,1200.0,2500.0,900.0,0,,,,
2026-10-01T14:11:27.402904+00:00,freq,1,0,550.0,550.0,1200.0,550.0,0,,,,
2026-10-01T14:11:27.402904+00:00,power,0,0,,,,,,2294301987352,855129994445,0.0,
2026-10-01T14:11:28.407586+00:00,freq,0,0,1200.0,1200.0,2500.0,900.0,0,,,,
2026-10-01T14:11:28.407586+00:00,freq,1,0,550.0,550.0,1200.0,550.0,0,,,,
2026-10-01T14:11:28.407586+00:00,power,0,0,,,,,,2294301988962,855130999063,0.0016025991969086757,
2026-10-01T14:11:29.413773+00:00,freq,0,0,1200.0,1200.0,2500.0,900.0,0,,,,
2026-10-01T14:11:29.413773+00:00,freq,1,0,550.0,550.0,1200.0,550.0,0,,,,
2026-10-01T14:11:29.413773+00:00,power,0,0,,,,,,2294301988962,855132005284,0.0,
2026-10-01T14:11:30.403079+00:00,freq,0,0,1200.0,1200.0,2500.0,900.0,0,,,,
2026-10-01T14:11:30.403079+00:00,freq,1,0,550.0,550.0,1200.0,550.0,0,,,,
2026-10-01T14:11:30.403079+00:00,power,0,0,,,,,,2294301988962,855132994343,0.0,
2026-10-01T14:11:31.406966+00:00,freq,0,0,1200.0,1200.0,2500.0,900.0,0,,,,
2026-10-01T14:11:31.406966+00:00,freq,1,0,550.0,550.0,1200.0,550.0,0,,,,
2026-10-01T14:11:31.406966+00:00,power,0,0,,,,,,2294301988962,855133998443,0.0,
2026-10-01T14:11:32.410967+00:00,freq,0,0,1200.0,1200.0,2500.0,900.0,0,,,,
2026-10-01T14:11:32.410967+00:00,freq,1,0,550.0,550.0,1200.0,550.0,0,,,,
2026-10-01T14:11:32.410967+00:00,power,0,0,,,,,,2294301988962,855135002381,0.0,
2026-10-01T14:11:33.415997+00:00,freq,0,0,1200.0,1200.0,2500.0,900.0,0,,,,
2026-10-01T14:11:33.415997+00:00,freq,1,0,550.0,550.0,1200.0,550.0,0,,,,
2026-10-01T14:11:33.415997+00:00,power,0,0,,,,,,2294301988962,855136007319,0.0,
2026-10-01T14:11:34.403542+00:00,freq,0,0,1200.0,1200.0,2500.0,900.0,0,,,,
2026-10-01T14:11:34.403542+00:00,freq,1,0,550.0,550.0,1200.0,550.0,0,,,,
2026-10-01T14:11:34.403542+00:00,power,0,0,,,,,,2294301989084,855136994828,0.0001235431778343286,
2026-10-01T14:11:35.408801+00:00,freq,0,0,1200.0,1200.0,2500.0,900.0,0,,,,
2026-10-01T14:11:35.408801+00:00,freq,1,0,550.0,550.0,1200.0,550.0,0,,,,
2026-10-01T14:11:35.408801+00:00,power,0,0,,,,,,2294301989084,855138000118,0.0,
2026-10-01T14:11:36.414884+00:00,freq,0,0,1200.0,1200.0,2500.0,900.0,0,,,,
2026-10-01T14:11:36.414884+00:00,freq,1,0,550.0,550.0,1200.0,550.0,0,,,,
2026-10-01T14:11:36.414884+00:00,power,0,0,,,,,,2294301989084,855139006150,0.0,
2026-10-01T14:11:37.403395+00:00,freq,0,0,1200.0,1200.0,2500.0,900.0,0,,,,
2026-10-01T14:11:37.403395+00:00,freq,1,0,550.0,550.0,1200.0,550.0,0,,,,
2026-10-01T14:11:37.403395+00:00,power,0,0,,,,,,2294301989084,855139994593,0.0,
2026-10-01T14:11:38.409462+00:00,freq,0,0,1200.0,1200.0,2500.0,900.0,0,,,,
2026-10-01T14:11:38.409462+00:00,freq,1,0,550.0,550.0,1200.0,550.0,0,,,,
2026-10-01T14:11:38.409462+00:00,power,0,0,,,,,,2294301989145,855141000620,6.06345555337978e-05,
2026-10-01T14:11:39.416023+00:00,freq,0,0,1200.0,1200.0,2500.0,900.0,0,,,,
2026-10-01T14:11:39.416023+00:00,freq,1,0,550.0,550.0,1200.0,550.0,0,,,,
2026-10-01T14:11:39.416023+00:00,power,0,0,,,,,,2294301989145,855142007176,0.0,
2026-10-01T14:11:40.406352+00:00,freq,0,0,1200.0,1200.0,2500.0,900.0,0,,,,
2026-10-01T14:11:40.406352+00:00,freq,1,0,550.0,550.0,1200.0,550.0,0,,,,
2026-10-01T14:11:40.406352+00:00,power,0,0,,,,,,2294301989145,855142997500,0.0,
2026-10-01T14:11:41.409102+00:00,freq,0,0,1200.0,1200.0,2500.0,900.0,0,,,,
2026-10-01T14:11:41.409102+00:00,freq,1,0,550.0,550.0,1200.0,550.0,0,,,,
2026-10-01T14:11:41.409102+00:00,power,0,0,,,,,,2294301989145,855144000250,0.0,
2026-10-01T14:11:42.412941+00:00,freq,0,0,2500.0,4250.0,2450.0,900.0,0,,,,
2026-10-01T14:11:42.412941+00:00,freq,1,0,550.0,550.0,1200.0,550.0,0,,,,
2026-10-01T14:11:42.412941+00:00,power,0,0,,,,,,2294316463533,855145003873,14.422136599101455,
2026-10-01T14:11:43.417675+00:00,freq,0,0,2450.0,4250.0,2450.0,900.0,2,,,,
2026-10-01T14:11:43.417675+00:00,freq,1,0,550.0,550.0,1200.0,550.0,0,,,,
2026-10-01T14:11:43.417675+00:00,power,0,0,,,,,,2294351375337,855146008637,34.746272756587615,
2026-10-01T14:11:44.408689+00:00,freq,0,0,2500.0,4250.0,2500.0,900.0,0,,,,
2026-10-01T14:11:44.408689+00:00,freq,1,0,550.0,550.0,1200.0,550.0,0,,,,
2026-10-01T14:11:44.408689+00:00,power,0,0,,,,,,2294383696039,855146999543,32.617323943946246,
2026-10-01T14:11:45.416016+00:00,freq,0,0,2500.0,4250.0,2500.0,900.0,0,,,,
2026-10-01T14:11:45.416016+00:00,freq,1,0,550.0,550.0,1200.0,550.0,0,,,,
2026-10-01T14:11:45.416016+00:00,power,0,0,,,,,,2294414737054,855148006821,30.816730832997443,
2026-10-01T14:11:46.406709+00:00,freq,0,0,2450.0,4250.0,2450.0,900.0,2,,,,
2026-10-01T14:11:46.406709+00:00,freq,1,0,550.0,550.0,1200.0,550.0,0,,,,
2026-10-01T14:11:46.406709+00:00,power,0,0,,,,,,2294443813225,855148997537,29.348643809123907,
2026-10-01T14:11:47.409846+00:00,freq,0,0,2500.0,4250.0,2500.0,900.0,0,,,,
2026-10-01T14:11:47.409846+00:00,freq,1,0,550.0,550.0,1200.0,550.0,0,,,,
2026-10-01T14:11:47.409846+00:00,power,0,0,,,,,,2294472209282,855150000577,28.309994616366247,
2026-10-01T14:11:48.417519+00:00,freq,0,0,2500.0,4250.0,2500.0,900.0,0,,,,
2026-10-01T14:11:48.417519+00:00,freq,1,0,550.0,550.0,1200.0,550.0,0,,,,
2026-10-01T14:11:48.417519+00:00,power,0,0,,,,,,2294499515457,855151008272,27.09765851770625,
2026-10-01T14:11:49.404668+00:00,freq,0,0,2500.0,4250.0,2500.0,900.0,0,,,,
2026-10-01T14:11:49.404668+00:00,freq,1,0,550.0,550.0,1200.0,600.0,0,,,,
2026-10-01T14:11:49.404668+00:00,power,0,0,,,,,,2294525331924,855151995401,26.15308333561267,
2026-10-01T14:11:50.414826+00:00,freq,0,0,2500.0,4250.0,2500.0,900.0,0,,,,
2026-10-01T14:11:50.414826+00:00,freq,1,0,600.0,600.0,1200.0,550.0,0,,,,
2026-10-01T14:11:50.414826+00:00,power,0,0,,,,,,2294550740127,855153005547,25.153000655350812,
2026-10-01T14:11:51.402228+00:00,freq,0,0,2500.0,4250.0,2500.0,900.0,0,,,,
2026-10-01T14:11:51.402228+00:00,freq,1,0,550.0,550.0,1200.0,600.0,0,,,,
2026-10-01T14:11:51.402228+00:00,power,0,0,,,,,,2294574995948,855153992898,24.566563461220984,
2026-10-01T14:11:52.407435+00:00,freq,0,0,2500.0,4250.0,2500.0,900.0,0,,,,
2026-10-01T14:11:52.407435+00:00,freq,1,0,600.0,600.0,1200.0,550.0,0,,,,
2026-10-01T14:11:52.407435+00:00,power,0,0,,,,,,2294599426879,855154997893,24.309505022413045,
2026-10-01T14:11:53.411208+00:00,freq,0,0,2500.0,4250.0,2500.0,900.0,0,,,,
2026-10-01T14:11:53.411208+00:00,freq,1,0,550.0,550.0,1200.0,600.0,0,,,,
2026-10-01T14:11:53.411208+00:00,power,0,0,,,,,,2294626338584,855156001759,26.808065020630245,
2026-10-01T14:11:54.416305+00:00,freq,0,0,2500.0,4250.0,2500.0,900.0,0,,,,
2026-10-01T14:11:54.416305+00:00,freq,1,0,600.0,600.0,1200.0,550.0,0,,,,
2026-10-01T14:11:54.416305+00:00,power,0,0,,,,,,2294628683249,855157007070,2.332278270107459,
2026-10-01T14:11:55.406416+00:00,freq,0,0,2500.0,4250.0,2500.0,900.0,0,,,,
2026-10-01T14:11:55.406416+00:00,freq,1,0,550.0,550.0,1200.0,550.0,0,,,,
2026-10-01T14:11:55.406416+00:00,power,0,0,,,,,,2294628683249,855157997150,0.0,
2026-10-01T14:11:56.412186+00:00,freq,0,0,2500.0,4250.0,2500.0,900.0,0,,,,
2026-10-01T14:11:56.412186+00:00,freq,1,0,550.0,550.0,1200.0,550.0,0,,,,
2026-10-01T14:11:56.412186+00:00,power,0,0,,,,,,2294628683249,855159002889,0.0,
2026-10-01T14:11:57.415424+00:00,freq,0,0,2500.0,4250.0,2500.0,900.0,0,,,,
2026-10-01T14:11:57.415424+00:00,freq,1,0,550.0,550.0,1200.0,550.0,0,,,,
2026-10-01T14:11:57.415424+00:00,power,0,0,,,,,,2294628683249,855160006143,0.0,
2026-10-01T14:11:58.405103+00:00,freq,0,0,2500.0,4250.0,2500.0,900.0,0,,,,
2026-10-01T14:11:58.405103+00:00,freq,1,0,550.0,550.0,1200.0,550.0,0,,,,
2026-10-01T14:11:58.405103+00:00,power,0,0,,,,,,2294628683249,855160995803,0.0,
2026-10-01T14:11:59.411653+00:00,freq,0,0,2500.0,4250.0,2500.0,900.0,0,,,,
2026-10-01T14:11:59.411653+00:00,freq,1,0,550.0,550.0,1200.0,550.0,0,,,,
2026-10-01T14:11:59.411653+00:00,power,0,0,,,,,,2294628683249,855162002367,0.0,
2026-10-01T14:12:00.418101+00:00,freq,0,0,2500.0,4250.0,2500.0,900.0,0,,,,
2026-10-01T14:12:00.418101+00:00,freq,1,0,550.0,550.0,1200.0,550.0,0,,,,
2026-10-01T14:12:00.418101+00:00,power,0,0,,,,,,2294628684798,855163008699,0.0015392534471725036,
2026-10-01T14:12:01.407040+00:00,freq,0,0,2500.0,4250.0,2500.0,900.0,0,,,,
2026-10-01T14:12:01.407040+00:00,freq,1,0,550.0,550.0,1200.0,550.0,0,,,,
2026-10-01T14:12:01.407040+00:00,power,0,0,,,,,,2294628684981,855163997624,0.00018504942235255455,
2026-10-01T14:12:02.412351+00:00,freq,0,0,2500.0,4250.0,2500.0,900.0,0,,,,
2026-10-01T14:12:02.412351+00:00,freq,1,0,550.0,550.0,1200.0,550.0,0,,,,
2026-10-01T14:12:02.412351+00:00,power,0,0,,,,,,2294628684981,855165002904,0.0,
2026-10-01T14:12:03.418386+00:00,freq,0,0,2500.0,4250.0,2500.0,900.0,0,,,,
2026-10-01T14:12:03.418386+00:00,freq,1,0,550.0,550.0,1200.0,550.0,0,,,,
2026-10-01T14:12:03.418386+00:00,power,0,0,,,,,,2294628684981,855166008925,0.0,
2026-10-01T14:12:04.406554+00:00,freq,0,0,2500.0,4250.0,2500.0,900.0,0,,,,
2026-10-01T14:12:04.406554+00:00,freq,1,0,550.0,550.0,1200.0,550.0,0,,,,
2026-10-01T14:12:04.406554+00:00,power,0,0,,,,,,2294628684981,855166996997,0.0,
2026-10-01T14:12:05.412023+00:00,freq,0,0,2500.0,4250.0,2500.0,900.0,0,,,,
2026-10-01T14:12:05.412023+00:00,freq,1,0,550.0,550.0,1200.0,550.0,0,,,,
2026-10-01T14:12:05.412023+00:00,power,0,0,,,,,,2294628684981,855168002970,0.0,
2026-10-01T14:12:06.417010+00:00,freq,0,0,2500.0,4250.0,2500.0,900.0,0,,,,
2026-10-01T14:12:06.417010+00:00,freq,1,0,550.0,550.0,1200.0,550.0,0,,,,
2026-10-01T14:12:06.417010+00:00,power,0,0,,,,,,2294628684981,855169007552,0.0,
2026-10-01T14:12:07.406497+00:00,freq,0,0,2500.0,4250.0,2500.0,900.0,0,,,,
2026-10-01T14:12:07.406497+00:00,freq,1,0,550.0,550.0,1200.0,550.0,0,,,,
2026-10-01T14:12:07.406497+00:00,power,0,0,,,,,,2294628684981,855169996975,0.0,
2026-10-01T14:12:08.409562+00:00,freq,0,0,2500.0,4250.0,2500.0,900.0,0,,,,
2026-10-01T14:12:08.409562+00:00,freq,1,0,550.0,550.0,1200.0,550.0,0,,,,
2026-10-01T14:12:08.409562+00:00,power,0,0,,,,,,2294628684981,855171000005,0.0,
2026-10-01T14:12:09.414762+00:00,freq,0,0,2500.0,4250.0,2500.0,900.0,0,,,,
2026-10-01T14:12:09.414762+00:00,freq,1,0,550.0,550.0,1200.0,550.0,0,,,,
2026-10-01T14:12:09.414762+00:00,power,0,0,,,,,,2294628684981,855172005154,0.0,
2026-10-01T14:12:10.404784+00:00,freq,0,0,2500.0,4250.0,2500.0,900.0,0,,,,
2026-10-01T14:12:10.404784+00:00,freq,1,0,550.0,550.0,1200.0,550.0,0,,,,
2026-10-01T14:12:10.404784+00:00,power,0,0,,,,,,2294628684981,855172995210,0.0,
2026-10-01T14:12:11.407210+00:00,freq,0,0,2500.0,4250.0,2500.0,900.0,0,,,,
2026-10-01T14:12:11.407210+00:00,freq,1,0,550.0,550.0,1200.0,550.0,0,,,,
2026-10-01T14:12:11.407210+00:00,power,0,0,,,,,,2294628684981,855173997590,0.0,
2026-10-01T14:12:12.410955+00:00,freq,0,0,2500.0,4250.0,2500.0,900.0,0,,,,
2026-10-01T14:12:12.410955+00:00,freq,1,0,550.0,550.0,1200.0,550.0,0,,,,
2026-10-01T14:12:12.410955+00:00,power,0,0,,,,,,2294628684981,855175001277,0.0,
2026-10-01T14:12:13.412725+00:00,freq,0,0,2500.0,4250.0,2500.0,900.0,0,,,,
2026-10-01T14:12:13.412725+00:00,freq,1,0,550.0,550.0,1200.0,550.0,0,,,,
2026-10-01T14:12:13.412725+00:00,power,0,0,,,,,,2294628684981,855176003062,0.0,
2026-10-01T14:12:14.420901+00:00,freq,0,0,2500.0,4250.0,2500.0,900.0,0,,,,
2026-10-01T14:12:14.420901+00:00,freq,1,0,550.0,550.0,1200.0,550.0,0,,,,
2026-10-01T14:12:14.420901+00:00,power,0,0,,,,,,2294628684981,855177011192,0.0,
2026-10-01T14:12:15.409177+00:00,freq,0,0,2500.0,4250.0,2500.0,900.0,0,,,,
2026-10-01T14:12:15.409177+00:00,freq,1,0,550.0,550.0,1200.0,550.0,0,,,,
2026-10-01T14:12:15.409177+00:00,power,0,0,,,,,,2294628684981,855177999253,0.0,
2026-10-01T14:12:16.418952+00:00,freq,0,0,2500.0,4250.0,2500.0,900.0,0,,,,
2026-10-01T14:12:16.418952+00:00,freq,1,0,550.0,550.0,1200.0,550.0,0,,,,
2026-10-01T14:12:16.418952+00:00,power,0,0,,,,,,2294628684981,855179009005,0.0,
2026-10-01T14:12:17.417371+00:00,freq,0,0,2500.0,4250.0,2500.0,900.0,0,,,,
2026-10-01T14:12:17.417371+00:00,freq,1,0,550.0,550.0,1200.0,550.0,0,,,,
2026-10-01T14:12:17.417371+00:00,power,0,0,,,,,,2294628684981,855180007434,0.0,
2026-10-01T14:12:18.403713+00:00,freq,0,0,2500.0,4250.0,2500.0,900.0,0,,,,
2026-10-01T14:12:18.403713+00:00,freq,1,0,550.0,550.0,1200.0,550.0,0,,,,
2026-10-01T14:12:18.403713+00:00,power,0,0,,,,,,2294628685103,855180993704,0.00012369837874010158,
2026-10-01T14:12:19.405412+00:00,freq,0,0,2500.0,4250.0,2500.0,900.0,0,,,,
2026-10-01T14:12:19.405412+00:00,freq,1,0,550.0,550.0,1200.0,550.0,0,,,,
2026-10-01T14:12:19.405412+00:00,power,0,0,,,,,,2294628685103,855181995395,0.0,
2026-10-01T14:12:20.407938+00:00,freq,0,0,2450.0,4250.0,2400.0,900.0,2,,,,
2026-10-01T14:12:20.407938+00:00,freq,1,0,550.0,550.0,1200.0,550.0,0,,,,
2026-10-01T14:12:20.407938+00:00,power,0,0,,,,,,2294655204779,855182997757,26.457184131082382,
2026-10-01T14:12:21.413331+00:00,freq,0,0,2400.0,4250.0,2400.0,900.0,2,,,,
2026-10-01T14:12:21.413331+00:00,freq,1,0,550.0,550.0,1200.0,550.0,0,,,,
2026-10-01T14:12:21.413331+00:00,power,0,0,,,,,,2294689187933,855184003511,33.7887336267119,
2026-10-01T14:12:22.418003+00:00,freq,0,0,2500.0,4250.0,2500.0,900.0,0,,,,
2026-10-01T14:12:22.418003+00:00,freq,1,0,550.0,550.0,1200.0,550.0,0,,,,
2026-10-01T14:12:22.418003+00:00,power,0,0,,,,,,2294721339056,855185008182,32.00164332403344,
2026-10-01T14:12:23.407000+00:00,freq,0,0,2500.0,4250.0,2500.0,900.0,0,,,,
2026-10-01T14:12:23.407000+00:00,freq,1,0,550.0,550.0,1200.0,550.0,0,,,,
2026-10-01T14:12:23.407000+00:00,power,0,0,,,,,,2294751609770,855185996726,30.621514065130132,
2026-10-01T14:12:24.413456+00:00,freq,0,0,2450.0,4250.0,2450.0,900.0,2,,,,
2026-10-01T14:12:24.413456+00:00,freq,1,0,550.0,550.0,1200.0,600.0,0,,,,
2026-10-01T14:12:24.413456+00:00,power,0,0,,,,,,2294780590177,855187003430,28.78741616204962,
2026-10-01T14:12:25.417395+00:00,freq,0,0,2500.0,4250.0,2500.0,900.0,0,,,,
2026-10-01T14:12:25.417395+00:00,freq,1,0,600.0,600.0,1200.0,550.0,0,,,,
2026-10-01T14:12:25.417395+00:00,power,0,0,,,,,,2294808465871,855188007306,27.768064980136987,
2026-10-01T14:12:26.406452+00:00,freq,0,0,2400.0,4250.0,2400.0,900.0,2,,,,
2026-10-01T14:12:26.406452+00:00,freq,1,0,550.0,550.0,1200.0,600.0,0,,,,
2026-10-01T14:12:26.406452+00:00,power,0,0,,,,,,2294835346974,855188996372,27.178270206437183,
2026-10-01T14:12:27.412515+00:00,freq,0,0,2500.0,4250.0,2500.0,900.0,0,,,,
2026-10-01T14:12:27.412515+00:00,freq,1,0,600.0,600.0,1200.0,600.0,0,,,,
2026-10-01T14:12:27.412515+00:00,power,0,0,,,,,,2294861234509,855190002417,25.731985149769642,
2026-10-01T14:12:28.416835+00:00,freq,0,0,2500.0,4250.0,2500.0,900.0,0,,,,
2026-10-01T14:12:28.416835+00:00,freq,1,0,600.0,600.0,1200.0,600.0,0,,,,
2026-10-01T14:12:28.416835+00:00,power,0,0,,,,,,2294886827526,855191006635,25.485519080518372,
2026-10-01T14:12:29.406366+00:00,freq,0,0,2500.0,4250.0,2500.0,900.0,0,,,,
2026-10-01T14:12:29.406366+00:00,freq,1,0,600.0,600.0,1200.0,600.0,0,,,,
2026-10-01T14:12:29.406366+00:00,power,0,0,,,,,,2294911114940,855191996122,24.545460425452784,
2026-10-01T14:12:30.411252+00:00,freq,0,0,2500.0,4250.0,2500.0,900.0,0,,,,
2026-10-01T14:12:30.411252+00:00,freq,1,0,600.0,600.0,1200.0,600.0,0,,,,
2026-10-01T14:12:30.411252+00:00,power,0,0,,,,,,2294935736667,855193001007,24.502034561168692,
2026-10-01T14:12:31.418286+00:00,freq,0,0,2500.0,4250.0,2500.0,900.0,0,,,,
2026-10-01T14:12:31.418286+00:00,freq,1,0,600.0,600.0,1200.0,600.0,0,,,,
2026-10-01T14:12:31.418286+00:00,power,0,0,,,,,,2294955624850,855194008147,19.747188077129298,
2026-10-01T14:12:32.406944+00:00,freq,0,0,2500.0,4250.0,2500.0,900.0,0,,,,
2026-10-01T14:12:32.406944+00:00,freq,1,0,600.0,600.0,1200.0,550.0,0,,,,
2026-10-01T14:12:32.406944+00:00,power,0,0,,,,,,2294955624850,855194996855,0.0,
2026-10-01T14:12:33.410298+00:00,freq,0,0,2500.0,4250.0,2500.0,900.0,0,,,,
2026-10-01T14:12:33.410298+00:00,freq,1,0,550.0,550.0,1200.0,550.0,0,,,,
2026-10-01T14:12:33.410298+00:00,power,0,0,,,,,,2294955624850,855196000183,0.0,
2026-10-01T14:12:34.415008+00:00,freq,0,0,2500.0,4250.0,2500.0,900.0,0,,,,
2026-10-01T14:12:34.415008+00:00,freq,1,0,550.0,550.0,1200.0,550.0,0,,,,
2026-10-01T14:12:34.415008+00:00,power,0,0,,,,,,2294955624850,855197004838,0.0,
2026-10-01T14:12:35.418207+00:00,freq,0,0,2500.0,4250.0,2500.0,900.0,0,,,,
2026-10-01T14:12:35.418207+00:00,freq,1,0,550.0,550.0,1200.0,550.0,0,,,,
2026-10-01T14:12:35.418207+00:00,power,0,0,,,,,,2294955625033,855198007830,0.00018245409734075647,
2026-10-01T14:12:36.407133+00:00,freq,0,0,2500.0,4250.0,2500.0,900.0,0,,,,
2026-10-01T14:12:36.407133+00:00,freq,1,0,550.0,550.0,1200.0,550.0,0,,,,
2026-10-01T14:12:36.407133+00:00,power,0,0,,,,,,2294955625033,855198996886,0.0,
2026-10-01T14:12:37.411413+00:00,freq,0,0,2500.0,4250.0,2500.0,900.0,0,,,,
2026-10-01T14:12:37.411413+00:00,freq,1,0,550.0,550.0,1200.0,550.0,0,,,,
2026-10-01T14:12:37.411413+00:00,power,0,0,,,,,,2294955625033,855200001197,0.0,
2026-10-01T14:12:38.417943+00:00,freq,0,0,2500.0,4250.0,2500.0,900.0,0,,,,
2026-10-01T14:12:38.417943+00:00,freq,1,0,550.0,550.0,1200.0,550.0,0,,,,
2026-10-01T14:12:38.417943+00:00,power,0,0,,,,,,2294955626948,855201007640,0.001902740642043315,
2026-10-01T14:12:39.406991+00:00,freq,0,0,2500.0,4250.0,2500.0,900.0,0,,,,
2026-10-01T14:12:39.406991+00:00,freq,1,0,550.0,550.0,1200.0,550.0,0,,,,
2026-10-01T14:12:39.406991+00:00,power,0,0,,,,,,2294955627375,855201996686,0.00043172916123213685,
2026-10-01T14:12:40.410789+00:00,freq,0,0,2500.0,4250.0,2500.0,900.0,0,,,,
2026-10-01T14:12:40.410789+00:00,freq,1,0,550.0,550.0,1200.0,550.0,0,,,,
2026-10-01T14:12:40.410789+00:00,power,0,0,,,,,,2294955627375,855203000498,0.0,
2026-10-01T14:12:41.417974+00:00,freq,0,0,2500.0,4250.0,2500.0,900.0,0,,,,
2026-10-01T14:12:41.417974+00:00,freq,1,0,550.0,550.0,1200.0,550.0,0,,,,
2026-10-01T14:12:41.417974+00:00,power,0,0,,,,,,2294955628680,855204007609,0.0012957856681140411,
2026-10-01T14:12:42.407833+00:00,freq,0,0,2500.0,4250.0,2500.0,900.0,0,,,,
2026-10-01T14:12:42.407833+00:00,freq,1,0,550.0,550.0,1200.0,550.0,0,,,,
2026-10-01T14:12:42.407833+00:00,power,0,0,,,,,,2294955628680,855204997473,0.0,
2026-10-01T14:12:43.408794+00:00,freq,0,0,2500.0,4250.0,2500.0,900.0,0,,,,
2026-10-01T14:12:43.408794+00:00,freq,1,0,550.0,550.0,1200.0,550.0,0,,,,
2026-10-01T14:12:43.408794+00:00,power,0,0,,,,,,2294955628680,855205998433,0.0,
2026-10-01T14:12:44.418758+00:00,freq,0,0,2500.0,4250.0,2500.0,900.0,0,,,,
2026-10-01T14:12:44.418758+00:00,freq,1,0,550.0,550.0,1200.0,550.0,0,,,,
2026-10-01T14:12:44.418758+00:00,power,0,0,,,,,,2294955628680,855207008204,0.0,
2026-10-01T14:12:45.406822+00:00,freq,0,0,2500.0,4250.0,2500.0,900.0,0,,,,
2026-10-01T14:12:45.406822+00:00,freq,1,0,550.0,550.0,1200.0,550.0,0,,,,
2026-10-01T14:12:45.406822+00:00,power,0,0,,,,,,2294955628680,855207996406,0.0,
2026-10-01T14:12:46.411914+00:00,freq,0,0,2500.0,4250.0,2500.0,900.0,0,,,,
2026-10-01T14:12:46.411914+00:00,freq,1,0,550.0,550.0,1200.0,550.0,0,,,,
2026-10-01T14:12:46.411914+00:00,power,0,0,,,,,,2294955628680,855209001466,0.0,
2026-10-01T14:12:47.417420+00:00,freq,0,0,2500.0,4250.0,2500.0,900.0,0,,,,
2026-10-01T14:12:47.417420+00:00,freq,1,0,550.0,550.0,1200.0,550.0,0,,,,
2026-10-01T14:12:47.417420+00:00,power,0,0,,,,,,2294955628680,855210006916,0.0,
2026-10-01T14:12:48.405680+00:00,freq,0,0,2500.0,4250.0,2500.0,900.0,0,,,,
2026-10-01T14:12:48.405680+00:00,freq,1,0,550.0,550.0,1200.0,550.0,0,,,,
2026-10-01T14:12:48.405680+00:00,power,0,0,,,,,,2294955628680,855210995199,0.0,
2026-10-01T14:12:49.411277+00:00,freq,0,0,2500.0,4250.0,2500.0,900.0,0,,,,
2026-10-01T14:12:49.411277+00:00,freq,1,0,550.0,550.0,1200.0,550.0,0,,,,
2026-10-01T14:12:49.411277+00:00,power,0,0,,,,,,2294955628924,855212000766,0.00024264917205914674,
2026-10-01T14:12:50.415050+00:00,freq,0,0,2500.0,4250.0,2500.0,900.0,0,,,,
2026-10-01T14:12:50.415050+00:00,freq,1,0,550.0,550.0,1200.0,550.0,0,,,,
2026-10-01T14:12:50.415050+00:00,power,0,0,,,,,,2294955628924,855213004456,0.0,
2026-10-01T14:12:51.419991+00:00,freq,0,0,2500.0,4250.0,2500.0,900.0,0,,,,
2026-10-01T14:12:51.419991+00:00,freq,1,0,550.0,550.0,1200.0,550.0,0,,,,
2026-10-01T14:12:51.419991+00:00,power,0,0,,,,,,2294955628924,855214009403,0.0,
2026-10-01T14:12:52.408316+00:00,freq,0,0,2500.0,4250.0,2500.0,900.0,0,,,,
2026-10-01T14:12:52.408316+00:00,freq,1,0,550.0,550.0,1200.0,550.0,0,,,,
2026-10-01T14:12:52.408316+00:00,power,0,0,,,,,,2294955629168,855214997675,0.00024689559149707773,
2026-10-01T14:12:53.413007+00:00,freq,0,0,2450.0,4250.0,2450.0,900.0,2,,,,
2026-10-01T14:12:53.413007+00:00,freq,1,0,550.0,550.0,1200.0,550.0,0,,,,
2026-10-01T14:12:53.413007+00:00,power,0,0,,,,,,2294979943705,855216002035,24.208985821816878,
2026-10-01T14:12:54.418141+00:00,freq,0,0,2500.0,4250.0,2500.0,900.0,0,,,,
2026-10-01T14:12:54.418141+00:00,freq,1,0,550.0,550.0,1200.0,550.0,0,,,,
2026-10-01T14:12:54.418141+00:00,power,0,0,,,,,,2295014102419,855217007324,33.97899907389815,
2026-10-01T14:12:55.407836+00:00,freq,0,0,2500.0,4250.0,2500.0,900.0,0,,,,
2026-10-01T14:12:55.407836+00:00,freq,1,0,550.0,550.0,1200.0,550.0,0,,,,
2026-10-01T14:12:55.407836+00:00,power,0,0,,,,,,2295046042116,855217997004,32.27275179856115,
2026-10-01T14:12:56.411873+00:00,freq,0,0,2500.0,4250.0,2500.0,900.0,0,,,,
2026-10-01T14:12:56.411873+00:00,freq,1,0,550.0,550.0,1200.0,550.0,0,,,,
2026-10-01T14:12:56.411873+00:00,power,0,0,,,,,,2295076631067,855219000813,30.472879800838605,
2026-10-01T14:12:57.416001+00:00,freq,0,0,2450.0,4250.0,2450.0,900.0,2,,,,
2026-10-01T14:12:57.416001+00:00,freq,1,0,550.0,550.0,1200.0,550.0,0,,,,
2026-10-01T14:12:57.416001+00:00,power,0,0,,,,,,2295105593858,855220005116,28.838698082152497,
2026-10-01T14:12:58.405178+00:00,freq,0,0,2450.0,4250.0,2450.0,900.0,2,,,,
2026-10-01T14:12:58.405178+00:00,freq,1,0,550.0,550.0,1200.0,550.0,0,,,,
2026-10-01T14:12:58.405178+00:00,power,0,0,,,,,,2295133215989,855220994407,27.921138471895528,
2026-10-01T14:12:59.411544+00:00,freq,0,0,2500.0,4250.0,2500.0,900.0,0,,,,
2026-10-01T14:12:59.411544+00:00,freq,1,0,550.0,550.0,1200.0,550.0,0,,,,
2026-10-01T14:12:59.411544+00:00,power,0,0,,,,,,2295160605393,855222000435,27.22528995216833,
2026-10-01T14:13:00.417928+00:00,freq,0,0,2450.0,4250.0,2450.0,900.0,2,,,,
2026-10-01T14:13:00.417928+00:00,freq,1,0,550.0,550.0,1200.0,550.0,0,,,,
2026-10-01T14:13:00.417928+00:00,power,0,0,,,,,,2295186661996,855223006970,25.887428653747758,
2026-10-01T14:13:01.406469+00:00,freq,0,0,2500.0,4250.0,2500.0,900.0,0,,,,
2026-10-01T14:13:01.406469+00:00,freq,1,0,550.0,550.0,1200.0,550.0,0,,,,
2026-10-01T14:13:01.406469+00:00,power,0,0,,,,,,2295211659455,855223995563,25.285895206621937,
2026-10-01T14:13:02.411713+00:00,freq,0,0,2500.0,4250.0,2450.0,900.0,0,,,,
2026-10-01T14:13:02.411713+00:00,freq,1,0,550.0,550.0,1200.0,600.0,0,,,,
2026-10-01T14:13:02.411713+00:00,power,0,0,,,,,,2295236563385,855225000723,24.776085399339408,
2026-10-01T14:13:03.426396+00:00,freq,0,0,2500.0,4250.0,2500.0,900.0,0,,,,
2026-10-01T14:13:03.426396+00:00,freq,1,0,600.0,600.0,1200.0,600.0,0,,,,
2026-10-01T14:13:03.426396+00:00,power,0,0,,,,,,2295261378532,855226015256,24.45967454976822,
2026-10-01T14:13:04.410724+00:00,freq,0,0,2500.0,4250.0,2500.0,1000.0,0,,,,
2026-10-01T14:13:04.410724+00:00,freq,1,0,600.0,600.0,1200.0,550.0,0,,,,
2026-10-01T14:13:04.410724+00:00,power,0,0,,,,,,2295282984183,855226999856,21.943582165346335,
2026-10-01T14:13:05.411302+00:00,freq,0,0,2500.0,4250.0,2500.0,900.0,0,,,,
2026-10-01T14:13:05.411302+00:00,freq,1,0,550.0,550.0,1200.0,550.0,0,,,,
2026-10-01T14:13:05.411302+00:00,power,0,0,,,,,,2295282984183,855228000494,0.0,
2026-10-01T14:13:06.415074+00:00,freq,0,0,2500.0,4250.0,2500.0,900.0,0,,,,
2026-10-01T14:13:06.415074+00:00,freq,1,0,550.0,550.0,1200.0,550.0,0,,,,
2026-10-01T14:13:06.415074+00:00,power,0,0,,,,,,2295282984183,855229004153,0.0,
2026-10-01T14:13:07.419119+00:00,freq,0,0,2500.0,4250.0,2500.0,900.0,0,,,,
2026-10-01T14:13:07.419119+00:00,freq,1,0,550.0,550.0,1200.0,550.0,0,,,,
2026-10-01T14:13:07.419119+00:00,power,0,0,,,,,,2295282984183,855230008184,0.0,
2026-10-01T14:13:08.409891+00:00,freq,0,0,2500.0,4250.0,2500.0,900.0,0,,,,
2026-10-01T14:13:08.409891+00:00,freq,1,0,550.0,550.0,1200.0,550.0,0,,,,
2026-10-01T14:13:08.409891+00:00,power,0,0,,,,,,2295282984183,855230998861,0.0,
2026-10-01T14:13:09.413824+00:00,freq,0,0,2500.0,4250.0,2500.0,900.0,0,,,,
2026-10-01T14:13:09.413824+00:00,freq,1,0,550.0,550.0,1200.0,550.0,0,,,,
2026-10-01T14:13:09.413824+00:00,power,0,0,,,,,,2295282985793,855232002772,0.0016037278204940478,
2026-10-01T14:13:10.416516+00:00,freq,0,0,2500.0,4250.0,2500.0,900.0,0,,,,
2026-10-01T14:13:10.416516+00:00,freq,1,0,550.0,550.0,1200.0,550.0,0,,,,
2026-10-01T14:13:10.416516+00:00,power,0,0,,,,,,2295282985793,855233005456,0.0,
2026-10-01T14:13:11.405401+00:00,freq,0,0,2500.0,4250.0,2500.0,900.0,0,,,,
2026-10-01T14:13:11.405401+00:00,freq,1,0,550.0,550.0,1200.0,550.0,0,,,,
2026-10-01T14:13:11.405401+00:00,power,0,0,,,,,,2295282985793,855233994326,0.0,
2026-10-01T14:13:12.410193+00:00,freq,0,0,2500.0,4250.0,2500.0,900.0,0,,,,
2026-10-01T14:13:12.410193+00:00,freq,1,0,550.0,550.0,1200.0,550.0,0,,,,
2026-10-01T14:13:12.410193+00:00,power,0,0,,,,,,2295282985793,855234999088,0.0,
2026-10-01T14:13:13.417626+00:00,freq,0,0,2500.0,4250.0,2500.0,900.0,0,,,,
2026-10-01T14:13:13.417626+00:00,freq,1,0,550.0,550.0,1200.0,550.0,0,,,,
2026-10-01T14:13:13.417626+00:00,power,0,0,,,,,,2295282985793,855236006380,0.0,
2026-10-01T14:13:14.406235+00:00,freq,0,0,2500.0,4250.0,2500.0,900.0,0,,,,
2026-10-01T14:13:14.406235+00:00,freq,1,0,550.0,550.0,1200.0,550.0,0,,,,
2026-10-01T14:13:14.406235+00:00,power,0,0,,,,,,2295282985793,855236995173,0.0,
2026-10-01T14:13:15.409339+00:00,freq,0,0,2500.0,4250.0,2500.0,900.0,0,,,,
2026-10-01T14:13:15.409339+00:00,freq,1,0,550.0,550.0,1200.0,550.0,0,,,,
2026-10-01T14:13:15.409339+00:00,power,0,0,,,,,,2295282985793,855237998088,0.0,
2026-10-01T14:13:16.411633+00:00,freq,0,0,2500.0,4250.0,2500.0,900.0,0,,,,
2026-10-01T14:13:16.411633+00:00,freq,1,0,550.0,550.0,1200.0,550.0,0,,,,
2026-10-01T14:13:16.411633+00:00,power,0,0,,,,,,2295282988746,855239000570,0.0029456888003974134,
2026-10-01T14:13:17.415771+00:00,freq,0,0,2500.0,4250.0,2500.0,900.0,0,,,,
2026-10-01T14:13:17.415771+00:00,freq,1,0,550.0,550.0,1200.0,550.0,0,,,,
2026-10-01T14:13:17.415771+00:00,power,0,0,,,,,,2295282988746,855240004589,0.0,
2026-10-01T14:13:18.420562+00:00,freq,0,0,2500.0,4250.0,2500.0,900.0,0,,,,
2026-10-01T14:13:18.420562+00:00,freq,1,0,550.0,550.0,1200.0,550.0,0,,,,
2026-10-01T14:13:18.420562+00:00,power,0,0,,,,,,2295282988746,855241009408,0.0,
2026-10-01T14:13:19.410215+00:00,freq,0,0,2500.0,4250.0,2500.0,900.0,0,,,,
2026-10-01T14:13:19.410215+00:00,freq,1,0,550.0,550.0,1200.0,550.0,0,,,,
2026-10-01T14:13:19.410215+00:00,power,0,0,,,,,,2295282988746,855241998987,0.0,
2026-10-01T14:13:20.413359+00:00,freq,0,0,2500.0,4250.0,2500.0,900.0,0,,,,
2026-10-01T14:13:20.413359+00:00,freq,1,0,550.0,550.0,1200.0,550.0,0,,,,
2026-10-01T14:13:20.413359+00:00,power,0,0,,,,,,2295282988746,855243002108,0.0,
2026-10-01T14:13:21.417654+00:00,freq,0,0,2500.0,4250.0,2500.0,900.0,0,,,,
2026-10-01T14:13:21.417654+00:00,freq,1,0,550.0,550.0,1200.0,550.0,0,,,,
2026-10-01T14:13:21.417654+00:00,power,0,0,,,,,,2295282988746,855244006377,0.0,
2026-10-01T14:13:22.407710+00:00,freq,0,0,2500.0,4250.0,2500.0,900.0,0,,,,
2026-10-01T14:13:22.407710+00:00,freq,1,0,550.0,550.0,1200.0,550.0,0,,,,
2026-10-01T14:13:22.407710+00:00,power,0,0,,,,,,2295282988746,855244996441,0.0,
2026-10-01T14:13:23.411655+00:00,freq,0,0,900.0,900.0,2500.0,900.0,0,,,,
2026-10-01T14:13:23.411655+00:00,freq,1,0,550.0,550.0,1200.0,550.0,0,,,,
2026-10-01T14:13:23.411655+00:00,power,0,0,,,,,,2295282988746,855246000273,0.0,
2026-10-01T14:13:24.415058+00:00,freq,0,0,900.0,900.0,2500.0,900.0,0,,,,
2026-10-01T14:13:24.415058+00:00,freq,1,0,550.0,550.0,1200.0,550.0,0,,,,
2026-10-01T14:13:24.415058+00:00,power,0,0,,,,,,2295282989112,855247003712,0.00036474563974491723,
2026-10-01T14:13:25.419884+00:00,freq,0,0,900.0,900.0,2500.0,900.0,0,,,,
2026-10-01T14:13:25.419884+00:00,freq,1,0,550.0,550.0,1200.0,550.0,0,,,,
2026-10-01T14:13:25.419884+00:00,power,0,0,,,,,,2295282989112,855248008469,0.0,
2026-10-01T14:13:26.409231+00:00,freq,0,0,2500.0,4250.0,2500.0,900.0,0,,,,
2026-10-01T14:13:26.409231+00:00,freq,1,0,550.0,550.0,1200.0,550.0,0,,,,
2026-10-01T14:13:26.409231+00:00,power,0,0,,,,,,2295305168372,855248997954,22.414953233247598,
2026-10-01T14:13:27.415743+00:00,freq,0,0,2500.0,4250.0,2500.0,900.0,0,,,,
2026-10-01T14:13:27.415743+00:00,freq,1,0,550.0,550.0,1200.0,550.0,0,,,,
2026-10-01T14:13:27.415743+00:00,power,0,0,,,,,,2295340524901,855250003959,35.14548039025651,
2026-10-01T14:13:28.424385+00:00,freq,0,0,2400.0,4250.0,2400.0,900.0,2,,,,
2026-10-01T14:13:28.424385+00:00,freq,1,0,550.0,550.0,1200.0,550.0,0,,,,
2026-10-01T14:13:28.424385+00:00,power,0,0,,,,,,2295373187827,855251012586,32.38355308751402,
2026-10-01T14:13:29.413475+00:00,freq,0,0,2500.0,4250.0,2500.0,900.0,0,,,,
2026-10-01T14:13:29.413475+00:00,freq,1,0,550.0,550.0,1200.0,550.0,0,,,,
2026-10-01T14:13:29.413475+00:00,power,0,0,,,,,,2295403212813,855252001667,30.356448056327036,
2026-10-01T14:13:30.420311+00:00,freq,0,0,2500.0,4250.0,2500.0,900.0,0,,,,
2026-10-01T14:13:30.420311+00:00,freq,1,0,550.0,550.0,1200.0,550.0,0,,,,
2026-10-01T14:13:30.420311+00:00,power,0,0,,,,,,2295432293646,855253008683,28.878223384732717,
2026-10-01T14:13:31.408186+00:00,freq,0,0,2500.0,4250.0,2500.0,900.0,0,,,,
2026-10-01T14:13:31.408186+00:00,freq,1,0,550.0,550.0,1200.0,550.0,0,,,,
2026-10-01T14:13:31.408186+00:00,power,0,0,,,,,,2295459961736,855253996512,28.008987385468537,
2026-10-01T14:13:32.413968+00:00,freq,0,0,2450.0,4250.0,2450.0,900.0,2,,,,
2026-10-01T14:13:32.413968+00:00,freq,1,0,550.0,550.0,1200.0,550.0,0,,,,
2026-10-01T14:13:32.413968+00:00,power,0,0,,,,,,2295487494718,855255002094,27.38014602488907,
2026-10-01T14:13:33.419584+00:00,freq,0,0,2500.0,4250.0,2500.0,900.0,0,,,,
2026-10-01T14:13:33.419584+00:00,freq,1,0,550.0,550.0,1200.0,600.0,0,,,,
2026-10-01T14:13:33.419584+00:00,power,0,0,,,,,,2295513421560,855256007887,25.77751286795593,
2026-10-01T14:13:34.409158+00:00,freq,0,0,2500.0,4250.0,2500.0,900.0,0,,,,
2026-10-01T14:13:34.409158+00:00,freq,1,0,600.0,600.0,1200.0,550.0,0,,,,
2026-10-01T14:13:34.409158+00:00,power,0,0,,,,,,2295538889272,855256997196,25.742929661005814,
2026-10-01T14:13:35.414289+00:00,freq,0,0,2450.0,4250.0,2450.0,900.0,2,,,,
2026-10-01T14:13:35.414289+00:00,freq,1,0,550.0,550.0,1200.0,550.0,0,,,,
2026-10-01T14:13:35.414289+00:00,power,0,0,,,,,,2295563371045,855258002562,24.35110497072708,
2026-10-01T14:13:36.417902+00:00,freq,0,0,2500.0,4250.0,2500.0,900.0,0,,,,
2026-10-01T14:13:36.417902+00:00,freq,1,0,550.0,550.0,1200.0,600.0,0,,,,
2026-10-01T14:13:36.417902+00:00,power,0,0,,,,,,2295587916844,855259005883,24.464552222070505,
2026-10-01T14:13:37.406472+00:00,freq,0,0,2500.0,4250.0,2500.0,900.0,0,,,,
2026-10-01T14:13:37.406472+00:00,freq,1,0,600.0,600.0,1200.0,550.0,0,,,,
2026-10-01T14:13:37.406472+00:00,power,0,0,,,,,,2295610986752,855259994795,23.328575242286473,
2026-10-01T14:13:38.412207+00:00,freq,0,0,2500.0,4250.0,2500.0,900.0,0,,,,
2026-10-01T14:13:38.412207+00:00,freq,1,0,550.0,550.0,1200.0,550.0,0,,,,
2026-10-01T14:13:38.412207+00:00,power,0,0,,,,,,2295610986752,855261000522,0.0,
2026-10-01T14:13:39.416395+00:00,freq,0,0,2500.0,4250.0,2500.0,900.0,0,,,,
2026-10-01T14:13:39.416395+00:00,freq,1,0,550.0,550.0,1200.0,550.0,0,,,,
2026-10-01T14:13:39.416395+00:00,power,0,0,,,,,,2295610987118,855262004742,0.0003644619704845552,
2026-10-01T14:13:40.420587+00:00,freq,0,0,2500.0,4250.0,2500.0,900.0,0,,,,
2026-10-01T14:13:40.420587+00:00,freq,1,0,550.0,550.0,1200.0,550.0,0,,,,
2026-10-01T14:13:40.420587+00:00,power,0,0,,,,,,2295610987118,855263008820,0.0,
2026-10-01T14:13:41.408465+00:00,freq,0,0,2500.0,4250.0,2500.0,900.0,0,,,,
2026-10-01T14:13:41.408465+00:00,freq,1,0,550.0,550.0,1200.0,550.0,0,,,,
2026-10-01T14:13:41.408465+00:00,power,0,0,,,,,,2295610987118,855263996753,0.0,
2026-10-01T14:13:42.412540+00:00,freq,0,0,2500.0,4250.0,2500.0,900.0,0,,,,
2026-10-01T14:13:42.412540+00:00,freq,1,0,550.0,550.0,1200.0,550.0,0,,,,
2026-10-01T14:13:42.412540+00:00,power,0,0,,,,,,2295610987118,855265000858,0.0,
2026-10-01T14:13:43.417196+00:00,freq,0,0,2500.0,4250.0,2500.0,900.0,0,,,,
2026-10-01T14:13:43.417196+00:00,freq,1,0,550.0,550.0,1200.0,550.0,0,,,,
2026-10-01T14:13:43.417196+00:00,power,0,0,,,,,,2295610987118,855266006868,0.0,
2026-10-01T14:13:44.409262+00:00,freq,0,0,2500.0,4250.0,2500.0,900.0,0,,,,
2026-10-01T14:13:44.409262+00:00,freq,1,0,550.0,550.0,1200.0,550.0,0,,,,
2026-10-01T14:13:44.409262+00:00,power,0,0,,,,,,2295610987118,855266997434,0.0,
2026-10-01T14:13:45.414048+00:00,freq,0,0,2500.0,4250.0,2500.0,900.0,0,,,,
2026-10-01T14:13:45.414048+00:00,freq,1,0,550.0,550.0,1200.0,550.0,0,,,,
2026-10-01T14:13:45.414048+00:00,power,0,0,,,,,,2295610987118,855268002253,0.0,
2026-10-01T14:13:46.420218+00:00,freq,0,0,2500.0,4250.0,2500.0,900.0,0,,,,
2026-10-01T14:13:46.420218+00:00,freq,1,0,550.0,550.0,1200.0,550.0,0,,,,
2026-10-01T14:13:46.420218+00:00,power,0,0,,,,,,2295610987118,855269008397,0.0,
2026-10-01T14:13:47.408805+00:00,freq,0,0,2500.0,4250.0,2500.0,900.0,0,,,,
2026-10-01T14:13:47.408805+00:00,freq,1,0,550.0,550.0,1200.0,550.0,0,,,,
2026-10-01T14:13:47.408805+00:00,power,0,0,,,,,,2295610987118,855269996859,0.0,
2026-10-01T14:13:48.414239+00:00,freq,0,0,2500.0,4250.0,2500.0,900.0,0,,,,
2026-10-01T14:13:48.414239+00:00,freq,1,0,550.0,550.0,1200.0,550.0,0,,,,
2026-10-01T14:13:48.414239+00:00,power,0,0,,,,,,2295610987118,855271002302,0.0,
2026-10-01T14:13:49.419807+00:00,freq,0,0,2500.0,4250.0,2500.0,900.0,0,,,,
2026-10-01T14:13:49.419807+00:00,freq,1,0,550.0,550.0,1200.0,550.0,0,,,,
2026-10-01T14:13:49.419807+00:00,power,0,0,,,,,,2295610987118,855272007813,0.0,
2026-10-01T14:13:50.408940+00:00,freq,0,0,2500.0,4250.0,2500.0,900.0,0,,,,
2026-10-01T14:13:50.408940+00:00,freq,1,0,550.0,550.0,1200.0,550.0,0,,,,
2026-10-01T14:13:50.408940+00:00,power,0,0,,,,,,2295610987118,855272997037,0.0,
2026-10-01T14:13:51.412495+00:00,freq,0,0,2500.0,4250.0,2500.0,900.0,0,,,,
2026-10-01T14:13:51.412495+00:00,freq,1,0,550.0,550.0,1200.0,550.0,0,,,,
2026-10-01T14:13:51.412495+00:00,power,0,0,,,,,,2295610987118,855274000493,0.0,
2026-10-01T14:13:52.414773+00:00,freq,0,0,2500.0,4250.0,2500.0,900.0,0,,,,
2026-10-01T14:13:52.414773+00:00,freq,1,0,550.0,550.0,1200.0,550.0,0,,,,
2026-10-01T14:13:52.414773+00:00,power,0,0,,,,,,2295610987301,855275002748,0.00018258826346588444,
2026-10-01T14:13:53.422113+00:00,freq,0,0,900.0,900.0,2500.0,900.0,0,,,,
2026-10-01T14:13:53.422113+00:00,freq,1,0,550.0,550.0,1200.0,550.0,0,,,,
2026-10-01T14:13:53.422113+00:00,power,0,0,,,,,,2295610990437,855276010065,0.0031132205651249805,
2026-10-01T14:13:54.409211+00:00,freq,0,0,900.0,900.0,2500.0,900.0,0,,,,
2026-10-01T14:13:54.409211+00:00,freq,1,0,550.0,550.0,1200.0,550.0,0,,,,
2026-10-01T14:13:54.409211+00:00,power,0,0,,,,,,2295610990437,855276997120,0.0,
2026-10-01T14:13:55.411804+00:00,freq,0,0,900.0,900.0,2500.0,900.0,0,,,,
2026-10-01T14:13:55.411804+00:00,freq,1,0,550.0,550.0,1200.0,550.0,0,,,,
2026-10-01T14:13:55.411804+00:00,power,0,0,,,,,,2295610990498,855277999735,6.084090104377054e-05,
2026-10-01T14:13:56.414183+00:00,freq,0,0,900.0,900.0,2500.0,900.0,0,,,,
2026-10-01T14:13:56.414183+00:00,freq,1,0,550.0,550.0,1200.0,550.0,0,,,,
2026-10-01T14:13:56.414183+00:00,power,0,0,,,,,,2295610990498,855279002066,0.0,
2026-10-01T14:13:57.416139+00:00,freq,0,0,900.0,900.0,2500.0,900.0,0,,,,
2026-10-01T14:13:57.416139+00:00,freq,1,0,550.0,550.0,1200.0,550.0,0,,,,
2026-10-01T14:13:57.416139+00:00,power,0,0,,,,,,2295610990498,855280004027,0.0,
2026-10-01T14:13:58.421468+00:00,freq,0,0,900.0,900.0,2500.0,900.0,0,,,,
2026-10-01T14:13:58.421468+00:00,freq,1,0,550.0,550.0,1200.0,550.0,0,,,,
2026-10-01T14:13:58.421468+00:00,power,0,0,,,,,,2295610990498,855281009282,0.0,
2026-10-01T14:13:59.408246+00:00,freq,0,0,900.0,900.0,2500.0,900.0,0,,,,
2026-10-01T14:13:59.408246+00:00,freq,1,0,550.0,550.0,1200.0,550.0,0,,,,
2026-10-01T14:13:59.408246+00:00,power,0,0,,,,,,2295610991779,855281995825,0.0012984735586791453,
2026-10-01T14:14:00.412797+00:00,freq,0,0,900.0,900.0,2500.0,900.0,0,,,,
2026-10-01T14:14:00.412797+00:00,freq,1,0,550.0,550.0,1200.0,550.0,0,,,,
2026-10-01T14:14:00.412797+00:00,power,0,0,,,,,,2295610991779,855283000383,0.0,
2026-10-01T14:14:01.414785+00:00,freq,0,0,900.0,900.0,2500.0,900.0,0,,,,
2026-10-01T14:14:01.414785+00:00,freq,1,0,550.0,550.0,1200.0,550.0,0,,,,
2026-10-01T14:14:01.414785+00:00,power,0,0,,,,,,2295610991779,855284002318,0.0,
2026-10-01T14:14:02.415431+00:00,freq,0,0,900.0,900.0,2500.0,900.0,0,,,,
2026-10-01T14:14:02.415431+00:00,freq,1,0,550.0,550.0,1200.0,550.0,0,,,,
2026-10-01T14:14:02.415431+00:00,power,0,0,,,,,,2295610991779,855285002945,0.0,
2026-10-01T14:14:03.417149+00:00,freq,0,0,900.0,900.0,2500.0,900.0,0,,,,
2026-10-01T14:14:03.417149+00:00,freq,1,0,550.0,550.0,1200.0,550.0,0,,,,
2026-10-01T14:14:03.417149+00:00,power,0,0,,,,,,2295610991779,855286004694,0.0,
2026-10-01T14:14:04.422800+00:00,freq,0,0,2450.0,4250.0,2450.0,900.0,2,,,,
2026-10-01T14:14:04.422800+00:00,freq,1,0,550.0,550.0,1200.0,550.0,0,,,,
2026-10-01T14:14:04.422800+00:00,power,0,0,,,,,,2295645077167,855287010346,33.89382012863297,
2026-10-01T14:14:05.411218+00:00,freq,0,0,2450.0,4250.0,2450.0,900.0,2,,,,
2026-10-01T14:14:05.411218+00:00,freq,1,0,550.0,550.0,1200.0,550.0,0,,,,
2026-10-01T14:14:05.411218+00:00,power,0,0,,,,,,2295678243816,855287998739,33.55613505963721,
2026-10-01T14:14:06.416702+00:00,freq,0,0,2500.0,4250.0,2500.0,900.0,0,,,,
2026-10-01T14:14:06.416702+00:00,freq,1,0,550.0,550.0,1200.0,550.0,0,,,,
2026-10-01T14:14:06.416702+00:00,power,0,0,,,,,,2295709957927,855289004207,31.541641305342388,
2026-10-01T14:14:07.422664+00:00,freq,0,0,2500.0,4250.0,2500.0,900.0,0,,,,
2026-10-01T14:14:07.422664+00:00,freq,1,0,550.0,550.0,1200.0,550.0,0,,,,
2026-10-01T14:14:07.422664+00:00,power,0,0,,,,,,2295740259647,855290010199,30.1212335684578,
2026-10-01T14:14:08.411362+00:00,freq,0,0,2450.0,4250.0,2450.0,900.0,2,,,,
2026-10-01T14:14:08.411362+00:00,freq,1,0,550.0,550.0,1200.0,550.0,0,,,,
2026-10-01T14:14:08.411362+00:00,power,0,0,,,,,,2295768817264,855290998806,28.88672344015367,
2026-10-01T14:14:09.413600+00:00,freq,0,0,2500.0,4250.0,2500.0,900.0,0,,,,
2026-10-01T14:14:09.413600+00:00,freq,1,0,550.0,550.0,1200.0,550.0,0,,,,
2026-10-01T14:14:09.413600+00:00,power,0,0,,,,,,2295796284206,855292001029,27.406018421050007,
2026-10-01T14:14:10.419458+00:00,freq,0,0,2500.0,4250.0,2500.0,900.0,0,,,,
2026-10-01T14:14:10.419458+00:00,freq,1,0,550.0,550.0,1200.0,550.0,0,,,,
2026-10-01T14:14:10.419458+00:00,power,0,0,,,,,,2295823234180,855293006858,26.79379298071541,
2026-10-01T14:14:11.407131+00:00,freq,0,0,2500.0,4250.0,2500.0,900.0,0,,,,
2026-10-01T14:14:11.407131+00:00,freq,1,0,550.0,550.0,1200.0,550.0,0,,,,
2026-10-01T14:14:11.407131+00:00,power,0,0,,,,,,2295848214855,855293994334,25.297500901287727,
2026-10-01T14:14:12.420682+00:00,freq,0,0,2450.0,4250.0,2450.0,900.0,2,,,,
2026-10-01T14:14:12.420682+00:00,freq,1,0,550.0,550.0,1200.0,550.0,0,,,,
2026-10-01T14:14:12.420682+00:00,power,0,0,,,,,,2295873411998,855295007888,24.86018801168956,
2026-10-01T14:14:13.411550+00:00,freq,0,0,2500.0,4250.0,2500.0,900.0,0,,,,
2026-10-01T14:14:13.411550+00:00,freq,1,0,550.0,550.0,1200.0,550.0,0,,,,
2026-10-01T14:14:13.411550+00:00,power,0,0,,,,,,2295897633823,855295998881,24.441973858543903,
2026-10-01T14:14:14.416436+00:00,freq,0,0,2500.0,4250.0,2450.0,900.0,0,,,,
2026-10-01T14:14:14.416436+00:00,freq,1,0,550.0,550.0,1200.0,600.0,0,,,,
2026-10-01T14:14:14.416436+00:00,power,0,0,,,,,,2295922952853,855297003720,25.197101227161763,
2026-10-01T14:14:15.422489+00:00,freq,0,0,2500.0,4250.0,2500.0,900.0,0,,,,
2026-10-01T14:14:15.422489+00:00,freq,1,0,600.0,600.0,1200.0,550.0,0,,,,
2026-10-01T14:14:15.422489+00:00,power,0,0,,,,,,2295946631770,855298009794,23.535959581501956,
2026-10-01T14:14:16.412982+00:00,freq,0,0,2500.0,4250.0,2500.0,900.0,0,,,,
2026-10-01T14:14:16.412982+00:00,freq,1,0,550.0,550.0,1200.0,600.0,0,,,,
2026-10-01T14:14:16.412982+00:00,power,0,0,,,,,,2295949194598,855299000337,2.58729605882834,
2026-10-01T14:14:17.416530+00:00,freq,0,0,2500.0,4250.0,2500.0,900.0,0,,,,
2026-10-01T14:14:17.416530+00:00,freq,1,0,600.0,600.0,1200.0,550.0,0,,,,
2026-10-01T14:14:17.416530+00:00,power,0,0,,,,,,2295949194598,855300003866,0.0,
2026-10-01T14:14:18.419521+00:00,freq,0,0,2500.0,4250.0,2500.0,900.0,0,,,,
2026-10-01T14:14:18.419521+00:00,freq,1,0,550.0,550.0,1200.0,550.0,0,,,,
2026-10-01T14:14:18.419521+00:00,power,0,0,,,,,,2295949194598,855301006866,0.0,
2026-10-01T14:14:19.409440+00:00,freq,0,0,2500.0,4250.0,2500.0,900.0,0,,,,
2026-10-01T14:14:19.409440+00:00,freq,1,0,550.0,550.0,1200.0,550.0,0,,,,
2026-10-01T14:14:19.409440+00:00,power,0,0,,,,,,2295949194598,855301996737,0.0,
2026-10-01T14:14:20.414133+00:00,freq,0,0,2500.0,4250.0,2500.0,900.0,0,,,,
2026-10-01T14:14:20.414133+00:00,freq,1,0,550.0,550.0,1200.0,550.0,0,,,,
2026-10-01T14:14:20.414133+00:00,power,0,0,,,,,,2295949194598,855303001397,0.0,
2026-10-01T14:14:21.417480+00:00,freq,0,0,2500.0,4250.0,2500.0,900.0,0,,,,
2026-10-01T14:14:21.417480+00:00,freq,1,0,550.0,550.0,1200.0,550.0,0,,,,
2026-10-01T14:14:21.417480+00:00,power,0,0,,,,,,2295949194903,855304004731,0.0003039865089790638,
2026-10-01T14:14:22.421479+00:00,freq,0,0,2500.0,4250.0,2500.0,900.0,0,,,,
2026-10-01T14:14:22.421479+00:00,freq,1,0,550.0,550.0,1200.0,550.0,0,,,,
2026-10-01T14:14:22.421479+00:00,power,0,0,,,,,,2295949194903,855305008755,0.0,
2026-10-01T14:14:23.410563+00:00,freq,0,0,1450.0,1450.0,2500.0,900.0,0,,,,
2026-10-01T14:14:23.410563+00:00,freq,1,0,550.0,550.0,1200.0,550.0,0,,,,
2026-10-01T14:14:23.410563+00:00,power,0,0,,,,,,2295949196184,855305997787,0.0012952058174053014,
2026-10-01T14:14:24.416628+00:00,freq,0,0,1450.0,1450.0,2500.0,900.0,0,,,,
2026-10-01T14:14:24.416628+00:00,freq,1,0,550.0,550.0,1200.0,550.0,0,,,,
2026-10-01T14:14:24.416628+00:00,power,0,0,,,,,,2295949197672,855307003836,0.00147905320714995,
2026-10-01T14:14:25.422026+00:00,freq,0,0,1450.0,1450.0,2500.0,900.0,0,,,,
2026-10-01T14:14:25.422026+00:00,freq,1,0,550.0,550.0,1200.0,550.0,0,,,,
2026-10-01T14:14:25.422026+00:00,power,0,0,,,,,,2295949197672,855308009284,0.0,
2026-10-01T14:14:26.411104+00:00,freq,0,0,1450.0,1450.0,2500.0,900.0,0,,,,
2026-10-01T14:14:26.411104+00:00,freq,1,0,550.0,550.0,1200.0,550.0,0,,,,
2026-10-01T14:14:26.411104+00:00,power,0,0,,,,,,2295949197672,855308998226,0.0,
2026-10-01T14:14:27.415676+00:00,freq,0,0,1450.0,1450.0,2500.0,900.0,0,,,,
2026-10-01T14:14:27.415676+00:00,freq,1,0,550.0,550.0,1200.0,550.0,0,,,,
2026-10-01T14:14:27.415676+00:00,power,0,0,,,,,,2295949197672,855310002774,0.0,
2026-10-01T14:14:28.421315+00:00,freq,0,0,1450.0,1450.0,2500.0,900.0,0,,,,
2026-10-01T14:14:28.421315+00:00,freq,1,0,550.0,550.0,1200.0,550.0,0,,,,
2026-10-01T14:14:28.421315+00:00,power,0,0,,,,,,2295949197672,855311008412,0.0,
2026-10-01T14:14:29.410935+00:00,freq,0,0,1450.0,1450.0,2500.0,900.0,0,,,,
2026-10-01T14:14:29.410935+00:00,freq,1,0,550.0,550.0,1200.0,550.0,0,,,,
2026-10-01T14:14:29.410935+00:00,power,0,0,,,,,,2295949197672,855311998009,0.0,
2026-10-01T14:14:30.412874+00:00,freq,0,0,1450.0,1450.0,2500.0,900.0,0,,,,
2026-10-01T14:14:30.412874+00:00,freq,1,0,550.0,550.0,1200.0,550.0,0,,,,
2026-10-01T14:14:30.412874+00:00,power,0,0,,,,,,2295949197672,855312999948,0.0,
2026-10-01T14:14:31.415669+00:00,freq,0,0,1450.0,1450.0,2500.0,900.0,0,,,,
2026-10-01T14:14:31.415669+00:00,freq,1,0,550.0,550.0,1200.0,550.0,0,,,,
2026-10-01T14:14:31.415669+00:00,power,0,0,,,,,,2295949198099,855314002721,0.0004258192033491129,
2026-10-01T14:14:32.419239+00:00,freq,0,0,1450.0,1450.0,2500.0,900.0,0,,,,
2026-10-01T14:14:32.419239+00:00,freq,1,0,550.0,550.0,1200.0,550.0,0,,,,
2026-10-01T14:14:32.419239+00:00,power,0,0,,,,,,2295949198099,855315006278,0.0,
2026-10-01T14:14:33.409396+00:00,freq,0,0,1450.0,1450.0,2500.0,900.0,0,,,,
2026-10-01T14:14:33.409396+00:00,freq,1,0,550.0,550.0,1200.0,550.0,0,,,,
2026-10-01T14:14:33.409396+00:00,power,0,0,,,,,,2295949198099,855315996351,0.0,
2026-10-01T14:14:34.412803+00:00,freq,0,0,1450.0,1450.0,2500.0,900.0,0,,,,
2026-10-01T14:14:34.412803+00:00,freq,1,0,550.0,550.0,1200.0,550.0,0,,,,
2026-10-01T14:14:34.412803+00:00,power,0,0,,,,,,2295949199892,855316999726,0.0017869689796935343,
2026-10-01T14:14:35.418352+00:00,freq,0,0,1450.0,1450.0,2500.0,900.0,0,,,,
2026-10-01T14:14:35.418352+00:00,freq,1,0,550.0,550.0,1200.0,550.0,0,,,,
2026-10-01T14:14:35.418352+00:00,power,0,0,,,,,,2295949199892,855318005272,0.0,
2026-10-01T14:14:36.407304+00:00,freq,0,0,1450.0,1450.0,2500.0,900.0,0,,,,
2026-10-01T14:14:36.407304+00:00,freq,1,0,550.0,550.0,1200.0,550.0,0,,,,
2026-10-01T14:14:36.407304+00:00,power,0,0,,,,,,2295949199892,855318994193,0.0,
2026-10-01T14:14:37.410404+00:00,freq,0,0,2500.0,4250.0,2500.0,900.0,0,,,,
2026-10-01T14:14:37.410404+00:00,freq,1,0,550.0,550.0,1200.0,550.0,0,,,,
2026-10-01T14:14:37.410404+00:00,power,0,0,,,,,,2295958939600,855319997209,9.710421369150641,
2026-10-01T14:14:38.412297+00:00,freq,0,0,2400.0,4250.0,2400.0,900.0,2,,,,
2026-10-01T14:14:38.412297+00:00,freq,1,0,550.0,550.0,1200.0,550.0,0,,,,
2026-10-01T14:14:38.412297+00:00,power,0,0,,,,,,2295993947961,855320999041,34.94434296369052,
2026-10-01T14:14:39.418061+00:00,freq,0,0,2500.0,4250.0,2500.0,900.0,0,,,,
2026-10-01T14:14:39.418061+00:00,freq,1,0,550.0,550.0,1200.0,550.0,0,,,,
2026-10-01T14:14:39.418061+00:00,power,0,0,,,,,,2296027020921,855322004685,32.88734383141549,
2026-10-01T14:14:40.419335+00:00,freq,0,0,2450.0,4250.0,2450.0,900.0,2,,,,
2026-10-01T14:14:40.419335+00:00,freq,1,0,550.0,550.0,1200.0,550.0,0,,,,
2026-10-01T14:14:40.419335+00:00,power,0,0,,,,,,2296057280076,855323005884,30.22291772165174,
2026-10-01T14:14:41.412491+00:00,freq,0,0,2450.0,4250.0,2450.0,900.0,2,,,,
2026-10-01T14:14:41.412491+00:00,freq,1,0,550.0,550.0,1200.0,550.0,0,,,,
2026-10-01T14:14:41.412491+00:00,power,0,0,,,,,,2296086278244,855323999175,29.194030752317296,
2026-10-01T14:14:42.415291+00:00,freq,0,0,2500.0,4250.0,2500.0,900.0,0,,,,
2026-10-01T14:14:42.415291+00:00,freq,1,0,550.0,550.0,1200.0,550.0,0,,,,
2026-10-01T14:14:42.415291+00:00,power,0,0,,,,,,2296114857063,855325001937,28.50010171905198,
2026-10-01T14:14:43.421892+00:00,freq,0,0,2450.0,4250.0,2450.0,900.0,2,,,,
2026-10-01T14:14:43.421892+00:00,freq,1,0,550.0,550.0,1200.0,600.0,0,,,,
2026-10-01T14:14:43.421892+00:00,power,0,0,,,,,,2296142265655,855326008516,27.22944945205493,
2026-10-01T14:14:44.413043+00:00,freq,0,0,2500.0,4250.0,2500.0,900.0,0,,,,
2026-10-01T14:14:44.413043+00:00,freq,1,0,600.0,600.0,1200.0,550.0,0,,,,
2026-10-01T14:14:44.413043+00:00,power,0,0,,,,,,2296168272796,855326999634,26.240206514259654,
2026-10-01T14:14:45.420271+00:00,freq,0,0,2500.0,4250.0,2500.0,900.0,0,,,,
2026-10-01T14:14:45.420271+00:00,freq,1,0,550.0,550.0,1200.0,550.0,0,,,,
2026-10-01T14:14:45.420271+00:00,power,0,0,,,,,,2296194160125,855328007089,25.6957670565931,
2026-10-01T14:14:46.408584+00:00,freq,0,0,2500.0,4250.0,2500.0,900.0,0,,,,
2026-10-01T14:14:46.408584+00:00,freq,1,0,550.0,550.0,1200.0,600.0,0,,,,
2026-10-01T14:14:46.408584+00:00,power,0,0,,,,,,2296218554984,855328995075,24.691502713601206,
2026-10-01T14:14:47.414274+00:00,freq,0,0,2500.0,4250.0,2500.0,900.0,0,,,,
2026-10-01T14:14:47.414274+00:00,freq,1,0,600.0,600.0,1200.0,550.0,0,,,,
2026-10-01T14:14:47.414274+00:00,power,0,0,,,,,,2296243414687,855330000742,24.719616930852858,
2026-10-01T14:14:48.420598+00:00,freq,0,0,2450.0,4250.0,2450.0,900.0,2,,,,
2026-10-01T14:14:48.420598+00:00,freq,1,0,550.0,550.0,1200.0,600.0,0,,,,
2026-10-01T14:14:48.420598+00:00,power,0,0,,,,,,2296270085608,855331006862,26.508687830477477,
2026-10-01T14:14:49.409532+00:00,freq,0,0,2500.0,4250.0,2500.0,900.0,0,,,,
2026-10-01T14:14:49.409532+00:00,freq,1,0,600.0,600.0,1200.0,550.0,0,,,,
2026-10-01T14:14:49.409532+00:00,power,0,0,,,,,,2296287402929,855331996176,17.504372726960298,
2026-10-01T14:14:50.412998+00:00,freq,0,0,2500.0,4250.0,2500.0,900.0,0,,,,
2026-10-01T14:14:50.412998+00:00,freq,1,0,550.0,550.0,1200.0,550.0,0,,,,
2026-10-01T14:14:50.412998+00:00,power,0,0,,,,,,2296287402929,855332999583,0.0,
2026-10-01T14:14:51.417612+00:00,freq,0,0,2500.0,4250.0,2500.0,900.0,0,,,,
2026-10-01T14:14:51.417612+00:00,freq,1,0,550.0,550.0,1200.0,550.0,0,,,,
2026-10-01T14:14:51.417612+00:00,power,0,0,,,,,,2296287402929,855334004199,0.0,
2026-10-01T14:14:52.422449+00:00,freq,0,0,2500.0,4250.0,2500.0,900.0,0,,,,
2026-10-01T14:14:52.422449+00:00,freq,1,0,550.0,550.0,1200.0,550.0,0,,,,
2026-10-01T14:14:52.422449+00:00,power,0,0,,,,,,2296287402929,855335008988,0.0,
2026-10-01T14:14:53.410898+00:00,freq,0,0,1150.0,1150.0,2500.0,900.0,0,,,,
2026-10-01T14:14:53.410898+00:00,freq,1,0,550.0,550.0,1200.0,550.0,0,,,,
2026-10-01T14:14:53.410898+00:00,power,0,0,,,,,,2296287404783,855335997568,0.001875417265168221,
2026-10-01T14:14:54.418514+00:00,freq,0,0,1150.0,1150.0,2500.0,900.0,0,,,,
2026-10-01T14:14:54.418514+00:00,freq,1,0,550.0,550.0,1200.0,550.0,0,,,,
2026-10-01T14:14:54.418514+00:00,power,0,0,,,,,,2296287404783,855337005098,0.0,
2026-10-01T14:14:55.423582+00:00,freq,0,0,1150.0,1150.0,2500.0,900.0,0,,,,
2026-10-01T14:14:55.423582+00:00,freq,1,0,550.0,550.0,1200.0,550.0,0,,,,
2026-10-01T14:14:55.423582+00:00,power,0,0,,,,,,2296287404783,855338009998,0.0,
2026-10-01T14:14:56.410977+00:00,freq,0,0,1150.0,1150.0,2500.0,900.0,0,,,,
2026-10-01T14:14:56.410977+00:00,freq,1,0,550.0,550.0,1200.0,550.0,0,,,,
2026-10-01T14:14:56.410977+00:00,power,0,0,,,,,,2296287404783,855338997462,0.0,
2026-10-01T14:14:57.414613+00:00,freq,0,0,1150.0,1150.0,2500.0,900.0,0,,,,
2026-10-01T14:14:57.414613+00:00,freq,1,0,550.0,550.0,1200.0,550.0,0,,,,
2026-10-01T14:14:57.414613+00:00,power,0,0,,,,,,2296287404783,855340000996,0.0,
2026-10-01T14:14:58.418226+00:00,freq,0,0,1150.0,1150.0,2500.0,900.0,0,,,,
2026-10-01T14:14:58.418226+00:00,freq,1,0,550.0,550.0,1200.0,550.0,0,,,,
2026-10-01T14:14:58.418226+00:00,power,0,0,,,,,,2296287406759,855341004588,0.001968927612017633,
2026-10-01T14:14:59.420488+00:00,freq,0,0,1150.0,1150.0,2500.0,900.0,0,,,,
2026-10-01T14:14:59.420488+00:00,freq,1,0,550.0,550.0,1200.0,550.0,0,,,,
2026-10-01T14:14:59.420488+00:00,power,0,0,,,,,,2296287406759,855342006826,0.0,
2026-10-01T14:15:00.408901+00:00,freq,0,0,1150.0,1150.0,2500.0,900.0,0,,,,
2026-10-01T14:15:00.408901+00:00,freq,1,0,550.0,550.0,1200.0,550.0,0,,,,
2026-10-01T14:15:00.408901+00:00,power,0,0,,,,,,2296287406759,855342995250,0.0,
2026-10-01T14:15:01.414803+00:00,freq,0,0,1150.0,1150.0,2500.0,900.0,0,,,,
2026-10-01T14:15:01.414803+00:00,freq,1,0,550.0,550.0,1200.0,550.0,0,,,,
2026-10-01T14:15:01.414803+00:00,power,0,0,,,,,,2296287406759,855344001101,0.0,
2026-10-01T14:15:02.419069+00:00,freq,0,0,1150.0,1150.0,2500.0,900.0,0,,,,
2026-10-01T14:15:02.419069+00:00,freq,1,0,550.0,550.0,1200.0,550.0,0,,,,
2026-10-01T14:15:02.419069+00:00,power,0,0,,,,,,2296287406759,855345005458,0.0,
2026-10-01T14:15:03.408178+00:00,freq,0,0,1150.0,1150.0,2500.0,900.0,0,,,,
2026-10-01T14:15:03.408178+00:00,freq,1,0,550.0,550.0,1200.0,550.0,0,,,,
2026-10-01T14:15:03.408178+00:00,power,0,0,,,,,,2296287406759,855345994502,0.0,
2026-10-01T14:15:04.412168+00:00,freq,0,0,1150.0,1150.0,2500.0,900.0,0,,,,
2026-10-01T14:15:04.412168+00:00,freq,1,0,550.0,550.0,1200.0,550.0,0,,,,
2026-10-01T14:15:04.412168+00:00,power,0,0,,,,,,2296287406759,855346998391,0.0,
2026-10-01T14:15:05.416560+00:00,freq,0,0,1150.0,1150.0,2500.0,900.0,0,,,,
2026-10-01T14:15:05.416560+00:00,freq,1,0,550.0,550.0,1200.0,550.0,0,,,,
2026-10-01T14:15:05.416560+00:00,power,0,0,,,,,,2296287406759,855348002796,0.0,
2026-10-01T14:15:06.421232+00:00,freq,0,0,1150.0,1150.0,2500.0,900.0,0,,,,
2026-10-01T14:15:06.421232+00:00,freq,1,0,550.0,550.0,1200.0,550.0,0,,,,
2026-10-01T14:15:06.421232+00:00,power,0,0,,,,,,2296287406759,855349007457,0.0,
2026-10-01T14:15:07.411169+00:00,freq,0,0,1150.0,1150.0,2500.0,900.0,0,,,,
2026-10-01T14:15:07.411169+00:00,freq,1,0,550.0,550.0,1200.0,550.0,0,,,,
2026-10-01T14:15:07.411169+00:00,power,0,0,,,,,,2296287406759,855349997362,0.0,
2026-10-01T14:15:08.417262+00:00,freq,0,0,1150.0,1150.0,2500.0,900.0,0,,,,
2026-10-01T14:15:08.417262+00:00,freq,1,0,550.0,550.0,1200.0,550.0,0,,,,
2026-10-01T14:15:08.417262+00:00,power,0,0,,,,,,2296287406759,855351003366,0.0,
2026-10-01T14:15:09.422944+00:00,freq,0,0,1150.0,1150.0,2500.0,900.0,0,,,,
2026-10-01T14:15:09.422944+00:00,freq,1,0,550.0,550.0,1200.0,550.0,0,,,,
2026-10-01T14:15:09.422944+00:00,power,0,0,,,,,,2296287406759,855352009065,0.0,
2026-10-01T14:15:10.412371+00:00,freq,0,0,1150.0,1150.0,2500.0,900.0,0,,,,
2026-10-01T14:15:10.412371+00:00,freq,1,0,550.0,550.0,1200.0,550.0,0,,,,
2026-10-01T14:15:10.412371+00:00,power,0,0,,,,,,2296287406759,855352998492,0.0,
2026-10-01T14:15:11.417658+00:00,freq,0,0,2400.0,4250.0,2400.0,900.0,2,,,,
2026-10-01T14:15:11.417658+00:00,freq,1,0,550.0,550.0,1200.0,600.0,0,,,,
2026-10-01T14:15:11.417658+00:00,power,0,0,,,,,,2296308388326,855354003515,20.87670331922752,
2026-10-01T14:15:12.425003+00:00,freq,0,0,2500.0,4250.0,2500.0,900.0,0,,,,
2026-10-01T14:15:12.425003+00:00,freq,1,0,600.0,600.0,1200.0,550.0,0,,,,
2026-10-01T14:15:12.425003+00:00,power,0,0,,,,,,2296343057111,855355010800,34.41804950932457,
2026-10-01T14:15:13.413671+00:00,freq,0,0,2500.0,4250.0,2500.0,900.0,0,,,,
2026-10-01T14:15:13.413671+00:00,freq,1,0,550.0,550.0,1200.0,600.0,0,,,,
2026-10-01T14:15:13.413671+00:00,power,0,0,,,,,,2296374993413,855355999347,32.30630612403861,
2026-10-01T14:15:14.419334+00:00,freq,0,0,2500.0,4250.0,2500.0,900.0,0,,,,
2026-10-01T14:15:14.419334+00:00,freq,1,0,600.0,600.0,1200.0,550.0,0,,,,
2026-10-01T14:15:14.419334+00:00,power,0,0,,,,,,2296405683049,855357005191,30.511327800334843,
2026-10-01T14:15:15.408763+00:00,freq,0,0,2500.0,4250.0,2500.0,900.0,0,,,,
2026-10-01T14:15:15.408763+00:00,freq,1,0,600.0,600.0,1200.0,550.0,0,,,,
2026-10-01T14:15:15.408763+00:00,power,0,0,,,,,,2296434430241,855357994634,29.053914171912883,
2026-10-01T14:15:16.414251+00:00,freq,0,0,2450.0,4250.0,2500.0,900.0,2,,,,
2026-10-01T14:15:16.414251+00:00,freq,1,0,550.0,550.0,1200.0,550.0,0,,,,
2026-10-01T14:15:16.414251+00:00,power,0,0,,,,,,2296462530728,855359000107,27.947530167393854,
2026-10-01T14:15:17.419644+00:00,freq,0,0,2450.0,4250.0,2450.0,900.0,2,,,,
2026-10-01T14:15:17.419644+00:00,freq,1,0,550.0,550.0,1200.0,600.0,0,,,,
2026-10-01T14:15:17.419644+00:00,power,0,0,,,,,,2296489873402,855360005260,27.202499519973575,
2026-10-01T14:15:18.408676+00:00,freq,0,0,2500.0,4250.0,2500.0,900.0,0,,,,
2026-10-01T14:15:18.408676+00:00,freq,1,0,600.0,600.0,1200.0,600.0,0,,,,
2026-10-01T14:15:18.408676+00:00,power,0,0,,,,,,2296515438099,855360994432,25.844541697500535,
2026-10-01T14:15:19.412934+00:00,freq,0,0,2500.0,4250.0,2500.0,900.0,0,,,,
2026-10-01T14:15:19.412934+00:00,freq,1,0,600.0,600.0,1200.0,600.0,0,,,,
2026-10-01T14:15:19.412934+00:00,power,0,0,,,,,,2296541323864,855361998468,25.781710018365875,
2026-10-01T14:15:20.419903+00:00,freq,0,0,2500.0,4250.0,2500.0,900.0,0,,,,
2026-10-01T14:15:20.419903+00:00,freq,1,0,600.0,600.0,1200.0,600.0,0,,,,
2026-10-01T14:15:20.419903+00:00,power,0,0,,,,,,2296566022045,855363005636,24.52240440522336,
2026-10-01T14:15:21.406703+00:00,freq,0,0,2500.0,4250.0,2500.0,900.0,0,,,,
2026-10-01T14:15:21.406703+00:00,freq,1,0,600.0,600.0,1200.0,600.0,0,,,,
2026-10-01T14:15:21.406703+00:00,power,0,0,,,,,,2296590175388,855363992180,24.482783332522423,
2026-10-01T14:15:22.412837+00:00,freq,0,0,2500.0,4250.0,2500.0,900.0,0,,,,
2026-10-01T14:15:22.412837+00:00,freq,1,0,600.0,600.0,1200.0,600.0,0,,,,
2026-10-01T14:15:22.412837+00:00,power,0,0,,,,,,2296616073764,855364998581,25.7336548751442,
2026-10-01T14:15:23.418655+00:00,freq,0,0,2050.0,2050.0,2500.0,900.0,0,,,,
2026-10-01T14:15:23.418655+00:00,freq,1,0,600.0,600.0,1200.0,550.0,0,,,,
2026-10-01T14:15:23.418655+00:00,power,0,0,,,,,,2296626344943,855366004468,10.211066451798263,
2026-10-01T14:15:24.423185+00:00,freq,0,0,2050.0,2050.0,2500.0,900.0,0,,,,
2026-10-01T14:15:24.423185+00:00,freq,1,0,550.0,550.0,1200.0,550.0,0,,,,
2026-10-01T14:15:24.423185+00:00,power,0,0,,,,,,2296626344943,855367009074,0.0,
2026-10-01T14:15:25.411897+00:00,freq,0,0,2050.0,2050.0,2500.0,900.0,0,,,,
2026-10-01T14:15:25.411897+00:00,freq,1,0,550.0,550.0,1200.0,550.0,0,,,,
2026-10-01T14:15:25.411897+00:00,power,0,0,,,,,,2296626344943,855367997655,0.0,
2026-10-01T14:15:26.415737+00:00,freq,0,0,2050.0,2050.0,2500.0,900.0,0,,,,
2026-10-01T14:15:26.415737+00:00,freq,1,0,550.0,550.0,1200.0,550.0,0,,,,
2026-10-01T14:15:26.415737+00:00,power,0,0,,,,,,2296626344943,855369001419,0.0,
2026-10-01T14:15:27.418769+00:00,freq,0,0,2050.0,2050.0,2500.0,900.0,0,,,,
2026-10-01T14:15:27.418769+00:00,freq,1,0,550.0,550.0,1200.0,550.0,0,,,,
2026-10-01T14:15:27.418769+00:00,power,0,0,,,,,,2296626344943,855370004431,0.0,
2026-10-01T14:15:28.422373+00:00,freq,0,0,2050.0,2050.0,2500.0,900.0,0,,,,
2026-10-01T14:15:28.422373+00:00,freq,1,0,550.0,550.0,1200.0,550.0,0,,,,
2026-10-01T14:15:28.422373+00:00,power,0,0,,,,,,2296626344943,855371008013,0.0,
2026-10-01T14:15:29.411988+00:00,freq,0,0,2050.0,2050.0,2500.0,900.0,0,,,,
2026-10-01T14:15:29.411988+00:00,freq,1,0,550.0,550.0,1200.0,550.0,0,,,,
2026-10-01T14:15:29.411988+00:00,power,0,0,,,,,,2296626344943,855371997646,0.0,
2026-10-01T14:15:30.416235+00:00,freq,0,0,2050.0,2050.0,2500.0,900.0,0,,,,
2026-10-01T14:15:30.416235+00:00,freq,1,0,550.0,550.0,1200.0,550.0,0,,,,
2026-10-01T14:15:30.416235+00:00,power,0,0,,,,,,2296626344943,855373001844,0.0,
2026-10-01T14:15:31.422999+00:00,freq,0,0,2050.0,2050.0,2500.0,900.0,0,,,,
2026-10-01T14:15:31.422999+00:00,freq,1,0,550.0,550.0,1200.0,550.0,0,,,,
2026-10-01T14:15:31.422999+00:00,power,0,0,,,,,,2296626344943,855374008598,0.0,
2026-10-01T14:15:32.411680+00:00,freq,0,0,2050.0,2050.0,2500.0,900.0,0,,,,
2026-10-01T14:15:32.411680+00:00,freq,1,0,550.0,550.0,1200.0,550.0,0,,,,
2026-10-01T14:15:32.411680+00:00,power,0,0,,,,,,2296626344943,855374997241,0.0,
2026-10-01T14:15:33.417155+00:00,freq,0,0,2050.0,2050.0,2500.0,900.0,0,,,,
2026-10-01T14:15:33.417155+00:00,freq,1,0,550.0,550.0,1200.0,550.0,0,,,,
2026-10-01T14:15:33.417155+00:00,power,0,0,,,,,,2296626346041,855376002710,0.001092027700505933,
2026-10-01T14:15:34.422552+00:00,freq,0,0,2050.0,2050.0,2500.0,900.0,0,,,,
2026-10-01T14:15:34.422552+00:00,freq,1,0,550.0,550.0,1200.0,550.0,0,,,,
2026-10-01T14:15:34.422552+00:00,power,0,0,,,,,,2296626346041,855377008083,0.0,
2026-10-01T14:15:35.412147+00:00,freq,0,0,2050.0,2050.0,2500.0,900.0,0,,,,
2026-10-01T14:15:35.412147+00:00,freq,1,0,550.0,550.0,1200.0,550.0,0,,,,
2026-10-01T14:15:35.412147+00:00,power,0,0,,,,,,2296626346163,855377997629,0.0001232888617608479,
2026-10-01T14:15:36.416027+00:00,freq,0,0,2050.0,2050.0,2500.0,900.0,0,,,,
2026-10-01T14:15:36.416027+00:00,freq,1,0,550.0,550.0,1200.0,550.0,0,,,,
2026-10-01T14:15:36.416027+00:00,power,0,0,,,,,,2296626346163,855379001421,0.0,
2026-10-01T14:15:37.423681+00:00,freq,0,0,2050.0,2050.0,2500.0,900.0,0,,,,
2026-10-01T14:15:37.423681+00:00,freq,1,0,550.0,550.0,1200.0,550.0,0,,,,
2026-10-01T14:15:37.423681+00:00,power,0,0,,,,,,2296626346163,855380009073,0.0,
2026-10-01T14:15:38.412352+00:00,freq,0,0,2050.0,2050.0,2500.0,900.0,0,,,,
2026-10-01T14:15:38.412352+00:00,freq,1,0,550.0,550.0,1200.0,550.0,0,,,,
2026-10-01T14:15:38.412352+00:00,power,0,0,,,,,,2296626346163,855380997687,0.0,
2026-10-01T14:15:39.412611+00:00,freq,0,0,2050.0,2050.0,2500.0,900.0,0,,,,
2026-10-01T14:15:39.412611+00:00,freq,1,0,550.0,550.0,1200.0,550.0,0,,,,
2026-10-01T14:15:39.412611+00:00,power,0,0,,,,,,2296626346163,855381998296,0.0,
2026-10-01T14:15:40.414562+00:00,freq,0,0,2050.0,2050.0,2500.0,900.0,0,,,,
2026-10-01T14:15:40.414562+00:00,freq,1,0,550.0,550.0,1200.0,550.0,0,,,,
2026-10-01T14:15:40.414562+00:00,power,0,0,,,,,,2296626346163,855382999849,0.0,
2026-10-01T14:15:41.418964+00:00,freq,0,0,2050.0,2050.0,2500.0,900.0,0,,,,
2026-10-01T14:15:41.418964+00:00,freq,1,0,550.0,550.0,1200.0,550.0,0,,,,
2026-10-01T14:15:41.418964+00:00,power,0,0,,,,,,2296626346163,855384004208,0.0,
2026-10-01T14:15:42.421091+00:00,freq,0,0,2050.0,2050.0,2500.0,900.0,0,,,,
2026-10-01T14:15:42.421091+00:00,freq,1,0,550.0,550.0,1200.0,550.0,0,,,,
2026-10-01T14:15:42.421091+00:00,power,0,0,,,,,,2296626346163,855385006694,0.0,
2026-10-01T14:15:43.406725+00:00,freq,0,0,2050.0,2050.0,2500.0,900.0,0,,,,
2026-10-01T14:15:43.406725+00:00,freq,1,0,550.0,550.0,1200.0,550.0,0,,,,
2026-10-01T14:15:43.406725+00:00,power,0,0,,,,,,2296626346163,855385992065,0.0,
2026-10-01T14:15:44.409894+00:00,freq,0,0,2050.0,2050.0,2500.0,900.0,0,,,,
2026-10-01T14:15:44.409894+00:00,freq,1,0,550.0,550.0,1200.0,550.0,0,,,,
2026-10-01T14:15:44.409894+00:00,power,0,0,,,,,,2296626346163,855386995233,0.0,
2026-10-01T14:15:45.424628+00:00,freq,0,0,2050.0,2050.0,2500.0,900.0,0,,,,
2026-10-01T14:15:45.424628+00:00,freq,1,0,550.0,550.0,1200.0,550.0,0,,,,
2026-10-01T14:15:45.424628+00:00,power,0,0,,,,,,2296626347407,855388009702,0.0012262572833669635,
2026-10-01T14:15:46.424781+00:00,freq,0,0,2050.0,2050.0,2500.0,900.0,0,,,,
2026-10-01T14:15:46.424781+00:00,freq,1,0,550.0,550.0,1200.0,550.0,0,,,,
2026-10-01T14:15:46.424781+00:00,power,0,0,,,,,,2296626347895,855389009813,0.00048794583801198065,
2026-10-01T14:15:47.411227+00:00,freq,0,0,2050.0,2050.0,2500.0,900.0,0,,,,
2026-10-01T14:15:47.411227+00:00,freq,1,0,550.0,550.0,1200.0,550.0,0,,,,
2026-10-01T14:15:47.411227+00:00,power,0,0,,,,,,2296626347895,855389996287,0.0,
2026-10-01T14:15:48.411878+00:00,freq,0,0,2050.0,2050.0,2500.0,900.0,0,,,,
2026-10-01T14:15:48.411878+00:00,freq,1,0,550.0,550.0,1200.0,550.0,0,,,,
2026-10-01T14:15:48.411878+00:00,power,0,0,,,,,,2296626347895,855390996866,0.0,
2026-10-01T14:15:49.414024+00:00,freq,0,0,2450.0,4250.0,2450.0,900.0,2,,,,
2026-10-01T14:15:49.414024+00:00,freq,1,0,550.0,550.0,1200.0,550.0,0,,,,
2026-10-01T14:15:49.414024+00:00,power,0,0,,,,,,2296639389337,855391999098,13.012398326934283,
2026-10-01T14:15:50.419190+00:00,freq,0,0,2450.0,4250.0,2450.0,900.0,2,,,,
2026-10-01T14:15:50.419190+00:00,freq,1,0,550.0,550.0,1200.0,550.0,0,,,,
2026-10-01T14:15:50.419190+00:00,power,0,0,,,,,,2296674355241,855393004223,34.78761746051486,
2026-10-01T14:15:51.425442+00:00,freq,0,0,2500.0,4250.0,2500.0,900.0,0,,,,
2026-10-01T14:15:51.425442+00:00,freq,1,0,550.0,550.0,1200.0,550.0,0,,,,
2026-10-01T14:15:51.425442+00:00,power,0,0,,,,,,2296707255326,855394010481,32.69547670676904,
2026-10-01T14:15:52.415087+00:00,freq,0,0,2450.0,4250.0,2400.0,900.0,2,,,,
2026-10-01T14:15:52.415087+00:00,freq,1,0,550.0,550.0,1200.0,550.0,0,,,,
2026-10-01T14:15:52.415087+00:00,power,0,0,,,,,,2296737894448,855395000136,30.959396961567414,
2026-10-01T14:15:53.420540+00:00,freq,0,0,2500.0,4250.0,2500.0,900.0,0,,,,
2026-10-01T14:15:53.420540+00:00,freq,1,0,550.0,550.0,1200.0,550.0,0,,,,
2026-10-01T14:15:53.420540+00:00,power,0,0,,,,,,2296767484535,855396005477,29.432885956108425,
2026-10-01T14:15:54.409016+00:00,freq,0,0,2500.0,4250.0,2500.0,900.0,0,,,,
2026-10-01T14:15:54.409016+00:00,freq,1,0,550.0,550.0,1200.0,550.0,0,,,,
2026-10-01T14:15:54.409016+00:00,power,0,0,,,,,,2296795525672,855396993918,28.36905490565446,
2026-10-01T14:15:55.416645+00:00,freq,0,0,2500.0,4250.0,2500.0,900.0,0,,,,
2026-10-01T14:15:55.416645+00:00,freq,1,0,550.0,550.0,1200.0,600.0,0,,,,
2026-10-01T14:15:55.416645+00:00,power,0,0,,,,,,2296822821532,855398001547,27.08919651975082,
2026-10-01T14:15:56.421581+00:00,freq,0,0,2500.0,4250.0,2500.0,900.0,0,,,,
2026-10-01T14:15:56.421581+00:00,freq,1,0,600.0,600.0,1200.0,600.0,0,,,,
2026-10-01T14:15:56.421581+00:00,power,0,0,,,,,,2296849368223,855399006447,26.417246492188276,
2026-10-01T14:15:57.411055+00:00,freq,0,0,2500.0,4250.0,2500.0,900.0,0,,,,
2026-10-01T14:15:57.411055+00:00,freq,1,0,600.0,600.0,1200.0,550.0,0,,,,
2026-10-01T14:15:57.411055+00:00,power,0,0,,,,,,2296874640158,855399995721,25.545940760598175,
2026-10-01T14:15:58.417005+00:00,freq,0,0,2500.0,4250.0,2500.0,900.0,0,,,,
2026-10-01T14:15:58.417005+00:00,freq,1,0,550.0,550.0,1200.0,600.0,0,,,,
2026-10-01T14:15:58.417005+00:00,power,0,0,,,,,,2296899707686,855401001825,24.915444129036363,
2026-10-01T14:15:59.425326+00:00,freq,0,0,2500.0,4250.0,2500.0,900.0,0,,,,
2026-10-01T14:15:59.425326+00:00,freq,1,0,600.0,600.0,1200.0,550.0,0,,,,
2026-10-01T14:15:59.425326+00:00,power,0,0,,,,,,2296924285749,855402009909,24.380967260664786,
2026-10-01T14:16:00.411655+00:00,freq,0,0,2500.0,4250.0,2500.0,900.0,0,,,,
2026-10-01T14:16:00.411655+00:00,freq,1,0,550.0,550.0,1200.0,600.0,0,,,,
2026-10-01T14:16:00.411655+00:00,power,0,0,,,,,,2296950590314,855402996415,26.664374063614414,
2026-10-01T14:16:01.416329+00:00,freq,0,0,2500.0,4250.0,2500.0,900.0,0,,,,
2026-10-01T14:16:01.416329+00:00,freq,1,0,600.0,600.0,1200.0,550.0,0,,,,
2026-10-01T14:16:01.416329+00:00,power,0,0,,,,,,2296965372136,855404001220,14.711134996342574,
2026-10-01T14:16:02.419903+00:00,freq,0,0,2500.0,4250.0,2500.0,900.0,0,,,,
2026-10-01T14:16:02.419903+00:00,freq,1,0,550.0,550.0,1200.0,550.0,0,,,,
2026-10-01T14:16:02.419903+00:00,power,0,0,,,,,,2296965373234,855405004743,0.001094145326016444,
2026-10-01T14:16:03.427214+00:00,freq,0,0,2500.0,4250.0,2500.0,900.0,0,,,,
2026-10-01T14:16:03.427214+00:00,freq,1,0,550.0,550.0,1200.0,550.0,0,,,,
2026-10-01T14:16:03.427214+00:00,power,0,0,,,,,,2296965373234,855406012075,0.0,
2026-10-01T14:16:04.416471+00:00,freq,0,0,2500.0,4250.0,2500.0,900.0,0,,,,
2026-10-01T14:16:04.416471+00:00,freq,1,0,550.0,550.0,1200.0,550.0,0,,,,
2026-10-01T14:16:04.416471+00:00,power,0,0,,,,,,2296965373234,855407001410,0.0,
2026-10-01T14:16:05.421885+00:00,freq,0,0,2500.0,4250.0,2500.0,900.0,0,,,,
2026-10-01T14:16:05.421885+00:00,freq,1,0,550.0,550.0,1200.0,550.0,0,,,,
2026-10-01T14:16:05.421885+00:00,power,0,0,,,,,,2296965373234,855408006577,0.0,
2026-10-01T14:16:06.409212+00:00,freq,0,0,2500.0,4250.0,2500.0,900.0,0,,,,
2026-10-01T14:16:06.409212+00:00,freq,1,0,550.0,550.0,1200.0,550.0,0,,,,
2026-10-01T14:16:06.409212+00:00,power,0,0,,,,,,2296965373234,855408993975,0.0,
2026-10-01T14:16:07.415916+00:00,freq,0,0,2500.0,4250.0,2500.0,900.0,0,,,,
2026-10-01T14:16:07.415916+00:00,freq,1,0,550.0,550.0,1200.0,550.0,0,,,,
2026-10-01T14:16:07.415916+00:00,power,0,0,,,,,,2296965374271,855410000638,0.0010301362024828567,
2026-10-01T14:16:08.420896+00:00,freq,0,0,2500.0,4250.0,2500.0,900.0,0,,,,
2026-10-01T14:16:08.420896+00:00,freq,1,0,550.0,550.0,1200.0,550.0,0,,,,
2026-10-01T14:16:08.420896+00:00,power,0,0,,,,,,2296965374271,855411005628,0.0,
2026-10-01T14:16:09.410522+00:00,freq,0,0,2500.0,4250.0,2500.0,900.0,0,,,,
2026-10-01T14:16:09.410522+00:00,freq,1,0,550.0,550.0,1200.0,550.0,0,,,,
2026-10-01T14:16:09.410522+00:00,power,0,0,,,,,,2296965374271,855411995330,0.0,
2026-10-01T14:16:10.413634+00:00,freq,0,0,2500.0,4250.0,2500.0,900.0,0,,,,
2026-10-01T14:16:10.413634+00:00,freq,1,0,550.0,550.0,1200.0,550.0,0,,,,
2026-10-01T14:16:10.413634+00:00,power,0,0,,,,,,2296965374271,855412998274,0.0,
2026-10-01T14:16:11.417776+00:00,freq,0,0,2500.0,4250.0,2500.0,900.0,0,,,,
2026-10-01T14:16:11.417776+00:00,freq,1,0,550.0,550.0,1200.0,550.0,0,,,,
2026-10-01T14:16:11.417776+00:00,power,0,0,,,,,,2296965374271,855414002398,0.0,
2026-10-01T14:16:12.422939+00:00,freq,0,0,2500.0,4250.0,2500.0,900.0,0,,,,
2026-10-01T14:16:12.422939+00:00,freq,1,0,550.0,550.0,1200.0,550.0,0,,,,
2026-10-01T14:16:12.422939+00:00,power,0,0,,,,,,2296965376003,855415007559,0.001723107044543113,
2026-10-01T14:16:13.409698+00:00,freq,0,0,2500.0,4250.0,2500.0,900.0,0,,,,
2026-10-01T14:16:13.409698+00:00,freq,1,0,550.0,550.0,1200.0,550.0,0,,,,
2026-10-01T14:16:13.409698+00:00,power,0,0,,,,,,2296965376003,855415994352,0.0,
2026-10-01T14:16:14.413304+00:00,freq,0,0,2500.0,4250.0,2500.0,900.0,0,,,,
2026-10-01T14:16:14.413304+00:00,freq,1,0,550.0,550.0,1200.0,550.0,0,,,,
2026-10-01T14:16:14.413304+00:00,power,0,0,,,,,,2296965376003,855416997964,0.0,
2026-10-01T14:16:15.417680+00:00,freq,0,0,2500.0,4250.0,2500.0,900.0,0,,,,
2026-10-01T14:16:15.417680+00:00,freq,1,0,550.0,550.0,1200.0,550.0,0,,,,
2026-10-01T14:16:15.417680+00:00,power,0,0,,,,,,2296965376003,855418002285,0.0,
2026-10-01T14:16:16.421919+00:00,freq,0,0,2500.0,4250.0,2500.0,900.0,0,,,,
2026-10-01T14:16:16.421919+00:00,freq,1,0,550.0,550.0,1200.0,550.0,0,,,,
2026-10-01T14:16:16.421919+00:00,power,0,0,,,,,,2296965376003,855419006568,0.0,
2026-10-01T14:16:17.409637+00:00,freq,0,0,2500.0,4250.0,2500.0,900.0,0,,,,
2026-10-01T14:16:17.409637+00:00,freq,1,0,550.0,550.0,1200.0,550.0,0,,,,
2026-10-01T14:16:17.409637+00:00,power,0,0,,,,,,2296965376003,855419994174,0.0,
2026-10-01T14:16:18.412915+00:00,freq,0,0,2500.0,4250.0,2500.0,900.0,0,,,,
2026-10-01T14:16:18.412915+00:00,freq,1,0,550.0,550.0,1200.0,550.0,0,,,,
2026-10-01T14:16:18.412915+00:00,power,0,0,,,,,,2296965376003,855420997367,0.0,
2026-10-01T14:16:19.418533+00:00,freq,0,0,2500.0,4250.0,2500.0,900.0,0,,,,
2026-10-01T14:16:19.418533+00:00,freq,1,0,550.0,550.0,1200.0,550.0,0,,,,
2026-10-01T14:16:19.418533+00:00,power,0,0,,,,,,2296965376003,855422003038,0.0,
2026-10-01T14:16:20.422870+00:00,freq,0,0,2500.0,4250.0,2500.0,900.0,0,,,,
2026-10-01T14:16:20.422870+00:00,freq,1,0,550.0,550.0,1200.0,550.0,0,,,,
2026-10-01T14:16:20.422870+00:00,power,0,0,,,,,,2296965376003,855423007318,0.0,
2026-10-01T14:16:21.411691+00:00,freq,0,0,2500.0,4250.0,2500.0,900.0,0,,,,
2026-10-01T14:16:21.411691+00:00,freq,1,0,550.0,550.0,1200.0,550.0,0,,,,
2026-10-01T14:16:21.411691+00:00,power,0,0,,,,,,2296965376003,855423996130,0.0,
2026-10-01T14:16:22.415370+00:00,freq,0,0,2500.0,4250.0,2500.0,900.0,0,,,,
2026-10-01T14:16:22.415370+00:00,freq,1,0,550.0,550.0,1200.0,550.0,0,,,,
2026-10-01T14:16:22.415370+00:00,power,0,0,,,,,,2296965376003,855424999778,0.0,
2026-10-01T14:16:23.416947+00:00,freq,0,0,2450.0,4250.0,2450.0,900.0,2,,,,
2026-10-01T14:16:23.416947+00:00,freq,1,0,550.0,550.0,1200.0,550.0,0,,,,
2026-10-01T14:16:23.416947+00:00,power,0,0,,,,,,2296990590114,855426000979,25.183865177921316,
2026-10-01T14:16:24.424087+00:00,freq,0,0,2500.0,4250.0,2500.0,900.0,0,,,,
2026-10-01T14:16:24.424087+00:00,freq,1,0,550.0,550.0,1200.0,550.0,0,,,,
2026-10-01T14:16:24.424087+00:00,power,0,0,,,,,,2297024740100,855427008293,33.90202657761135,
2026-10-01T14:16:25.414417+00:00,freq,0,0,2450.0,4250.0,2450.0,900.0,2,,,,
2026-10-01T14:16:25.414417+00:00,freq,1,0,550.0,550.0,1200.0,550.0,0,,,,
2026-10-01T14:16:25.414417+00:00,power,0,0,,,,,,2297056654369,855427998654,32.22488466326925,
2026-10-01T14:16:26.421564+00:00,freq,0,0,2500.0,4250.0,2500.0,900.0,0,,,,
2026-10-01T14:16:26.421564+00:00,freq,1,0,550.0,550.0,1200.0,550.0,0,,,,
2026-10-01T14:16:26.421564+00:00,power,0,0,,,,,,2297087384044,855429005538,30.519578223509363,
2026-10-01T14:16:27.411530+00:00,freq,0,0,2500.0,4250.0,2500.0,900.0,0,,,,
2026-10-01T14:16:27.411530+00:00,freq,1,0,550.0,550.0,1200.0,550.0,0,,,,
2026-10-01T14:16:27.411530+00:00,power,0,0,,,,,,2297115842173,855429995661,28.742013871003905,
2026-10-01T14:16:28.416464+00:00,freq,0,0,2450.0,4250.0,2450.0,900.0,2,,,,
2026-10-01T14:16:28.416464+00:00,freq,1,0,550.0,550.0,1200.0,550.0,0,,,,
2026-10-01T14:16:28.416464+00:00,power,0,0,,,,,,2297143950961,855431000565,27.97161519906379,
2026-10-01T14:16:29.420144+00:00,freq,0,0,2450.0,4250.0,2450.0,900.0,2,,,,
2026-10-01T14:16:29.420144+00:00,freq,1,0,550.0,550.0,1200.0,600.0,0,,,,
2026-10-01T14:16:29.420144+00:00,power,0,0,,,,,,2297171284335,855432004021,27.239235203137955,
2026-10-01T14:16:30.425636+00:00,freq,0,0,2500.0,4250.0,2500.0,900.0,0,,,,
2026-10-01T14:16:30.425636+00:00,freq,1,0,600.0,600.0,1200.0,550.0,0,,,,
2026-10-01T14:16:30.425636+00:00,power,0,0,,,,,,2297197018855,855433009712,25.58889360648549,
2026-10-01T14:16:31.413420+00:00,freq,0,0,2500.0,4250.0,2500.0,900.0,0,,,,
2026-10-01T14:16:31.413420+00:00,freq,1,0,550.0,550.0,1200.0,600.0,0,,,,
2026-10-01T14:16:31.413420+00:00,power,0,0,,,,,,2297222248553,855433997522,25.54104331804699,
2026-10-01T14:16:32.419040+00:00,freq,0,0,2500.0,4250.0,2500.0,900.0,0,,,,
2026-10-01T14:16:32.419040+00:00,freq,1,0,600.0,600.0,1200.0,550.0,0,,,,
2026-10-01T14:16:32.419040+00:00,power,0,0,,,,,,2297246840655,855435003079,24.456198902697707,
2026-10-01T14:16:33.428340+00:00,freq,0,0,2500.0,4250.0,2500.0,900.0,0,,,,
2026-10-01T14:16:33.428340+00:00,freq,1,0,600.0,600.0,1200.0,600.0,0,,,,
2026-10-01T14:16:33.428340+00:00,power,0,0,,,,,,2297270972636,855436012150,23.91504760319145,
2026-10-01T14:16:34.415810+00:00,freq,0,0,2500.0,4250.0,2500.0,900.0,0,,,,
2026-10-01T14:16:34.415810+00:00,freq,1,0,600.0,600.0,1200.0,600.0,0,,,,
2026-10-01T14:16:34.415810+00:00,power,0,0,,,,,,2297296195780,855436999738,25.54014832095975,
2026-10-01T14:16:35.419316+00:00,freq,0,0,2500.0,4250.0,2500.0,900.0,0,,,,
2026-10-01T14:16:35.419316+00:00,freq,1,0,600.0,600.0,1200.0,550.0,0,,,,
2026-10-01T14:16:35.419316+00:00,power,0,0,,,,,,2297304103128,855438003369,7.8787402939925135,
2026-10-01T14:16:36.426379+00:00,freq,0,0,2500.0,4250.0,2500.0,900.0,0,,,,
2026-10-01T14:16:36.426379+00:00,freq,1,0,550.0,550.0,1200.0,550.0,0,,,,
2026-10-01T14:16:36.426379+00:00,power,0,0,,,,,,2297304103128,855439010418,0.0,
2026-10-01T14:16:37.414218+00:00,freq,0,0,2500.0,4250.0,2500.0,900.0,0,,,,
2026-10-01T14:16:37.414218+00:00,freq,1,0,550.0,550.0,1200.0,550.0,0,,,,
2026-10-01T14:16:37.414218+00:00,power,0,0,,,,,,2297304103128,855439998233,0.0,
2026-10-01T14:16:38.418145+00:00,freq,0,0,2500.0,4250.0,2500.0,900.0,0,,,,
2026-10-01T14:16:38.418145+00:00,freq,1,0,550.0,550.0,1200.0,550.0,0,,,,
2026-10-01T14:16:38.418145+00:00,power,0,0,,,,,,2297304103128,855441002206,0.0,
2026-10-01T14:16:39.423086+00:00,freq,0,0,2500.0,4250.0,2500.0,900.0,0,,,,
2026-10-01T14:16:39.423086+00:00,freq,1,0,550.0,550.0,1200.0,550.0,0,,,,
2026-10-01T14:16:39.423086+00:00,power,0,0,,,,,,2297304103128,855442007136,0.0,
2026-10-01T14:16:40.410676+00:00,freq,0,0,2500.0,4250.0,2500.0,900.0,0,,,,
2026-10-01T14:16:40.410676+00:00,freq,1,0,550.0,550.0,1200.0,550.0,0,,,,
2026-10-01T14:16:40.410676+00:00,power,0,0,,,,,,2297304103128,855442994550,0.0,
2026-10-01T14:16:41.416442+00:00,freq,0,0,2500.0,4250.0,2500.0,900.0,0,,,,
2026-10-01T14:16:41.416442+00:00,freq,1,0,550.0,550.0,1200.0,550.0,0,,,,
2026-10-01T14:16:41.416442+00:00,power,0,0,,,,,,2297304103128,855444000377,0.0,
2026-10-01T14:16:42.422505+00:00,freq,0,0,2500.0,4250.0,2500.0,900.0,0,,,,
2026-10-01T14:16:42.422505+00:00,freq,1,0,550.0,550.0,1200.0,550.0,0,,,,
2026-10-01T14:16:42.422505+00:00,power,0,0,,,,,,2297304103128,855445006554,0.0,
2026-10-01T14:16:43.410824+00:00,freq,0,0,2500.0,4250.0,2500.0,900.0,0,,,,
2026-10-01T14:16:43.410824+00:00,freq,1,0,550.0,550.0,1200.0,550.0,0,,,,
2026-10-01T14:16:43.410824+00:00,power,0,0,,,,,,2297304103128,855445994726,0.0,
2026-10-01T14:16:44.415565+00:00,freq,0,0,2500.0,4250.0,2500.0,900.0,0,,,,
2026-10-01T14:16:44.415565+00:00,freq,1,0,550.0,550.0,1200.0,550.0,0,,,,
2026-10-01T14:16:44.415565+00:00,power,0,0,,,,,,2297304103128,855446999405,0.0,
2026-10-01T14:16:45.420446+00:00,freq,0,0,2500.0,4250.0,2500.0,900.0,0,,,,
2026-10-01T14:16:45.420446+00:00,freq,1,0,550.0,550.0,1200.0,550.0,0,,,,
2026-10-01T14:16:45.420446+00:00,power,0,0,,,,,,2297304103128,855448004271,0.0,
2026-10-01T14:16:46.424091+00:00,freq,0,0,2500.0,4250.0,2500.0,900.0,0,,,,
2026-10-01T14:16:46.424091+00:00,freq,1,0,550.0,550.0,1200.0,550.0,0,,,,
2026-10-01T14:16:46.424091+00:00,power,0,0,,,,,,2297304103128,855449007920,0.0,
2026-10-01T14:16:47.415169+00:00,freq,0,0,2500.0,4250.0,2500.0,900.0,0,,,,
2026-10-01T14:16:47.415169+00:00,freq,1,0,550.0,550.0,1200.0,550.0,0,,,,
2026-10-01T14:16:47.415169+00:00,power,0,0,,,,,,2297304103128,855449999198,0.0,
2026-10-01T14:16:48.420219+00:00,freq,0,0,2500.0,4250.0,2500.0,900.0,0,,,,
2026-10-01T14:16:48.420219+00:00,freq,1,0,550.0,550.0,1200.0,550.0,0,,,,
2026-10-01T14:16:48.420219+00:00,power,0,0,,,,,,2297304103128,855451003983,0.0,
2026-10-01T14:16:49.424599+00:00,freq,0,0,2500.0,4250.0,2500.0,900.0,0,,,,
2026-10-01T14:16:49.424599+00:00,freq,1,0,550.0,550.0,1200.0,550.0,0,,,,
2026-10-01T14:16:49.424599+00:00,power,0,0,,,,,,2297304103128,855452008360,0.0,
2026-10-01T14:16:50.412677+00:00,freq,0,0,2500.0,4250.0,2500.0,900.0,0,,,,
2026-10-01T14:16:50.412677+00:00,freq,1,0,550.0,550.0,1200.0,550.0,0,,,,
2026-10-01T14:16:50.412677+00:00,power,0,0,,,,,,2297304103128,855452996413,0.0,
2026-10-01T14:16:51.417289+00:00,freq,0,0,2500.0,4250.0,2500.0,900.0,0,,,,
2026-10-01T14:16:51.417289+00:00,freq,1,0,550.0,550.0,1200.0,550.0,0,,,,
2026-10-01T14:16:51.417289+00:00,power,0,0,,,,,,2297304103128,855454000994,0.0,
2026-10-01T14:16:52.422598+00:00,freq,0,0,2500.0,4250.0,2500.0,900.0,0,,,,
2026-10-01T14:16:52.422598+00:00,freq,1,0,550.0,550.0,1200.0,550.0,0,,,,
2026-10-01T14:16:52.422598+00:00,power,0,0,,,,,,2297304103128,855455006288,0.0,
2026-10-01T14:16:53.409672+00:00,freq,0,0,900.0,900.0,2500.0,900.0,0,,,,
2026-10-01T14:16:53.409672+00:00,freq,1,0,550.0,550.0,1200.0,550.0,0,,,,
2026-10-01T14:16:53.409672+00:00,power,0,0,,,,,,2297304104494,855455993282,0.001384000308005925,
2026-10-01T14:16:54.414399+00:00,freq,0,0,900.0,900.0,2500.0,900.0,0,,,,
2026-10-01T14:16:54.414399+00:00,freq,1,0,550.0,550.0,1200.0,550.0,0,,,,
2026-10-01T14:16:54.414399+00:00,power,0,0,,,,,,2297304104494,855456998014,0.0,
2026-10-01T14:16:55.419821+00:00,freq,0,0,900.0,900.0,2500.0,900.0,0,,,,
2026-10-01T14:16:55.419821+00:00,freq,1,0,550.0,550.0,1200.0,550.0,0,,,,
2026-10-01T14:16:55.419821+00:00,power,0,0,,,,,,2297304104494,855458003451,0.0,
2026-10-01T14:16:56.422969+00:00,freq,0,0,2450.0,4250.0,2450.0,900.0,2,,,,
2026-10-01T14:16:56.422969+00:00,freq,1,0,550.0,550.0,1200.0,550.0,0,,,,
2026-10-01T14:16:56.422969+00:00,power,0,0,,,,,,2297305588197,855459006436,1.4792873273279261,
2026-10-01T14:16:57.409073+00:00,freq,0,0,2500.0,4250.0,2500.0,900.0,0,,,,
2026-10-01T14:16:57.409073+00:00,freq,1,0,550.0,550.0,1200.0,550.0,0,,,,
2026-10-01T14:16:57.409073+00:00,power,0,0,,,,,,2297340366723,855459992642,35.264971010113506,
2026-10-01T14:16:58.415548+00:00,freq,0,0,2450.0,4250.0,2450.0,900.0,2,,,,
2026-10-01T14:16:58.415548+00:00,freq,1,0,550.0,550.0,1200.0,550.0,0,,,,
2026-10-01T14:16:58.415548+00:00,power,0,0,,,,,,2297374054223,855460999019,33.47403607196905,
2026-10-01T14:16:59.422036+00:00,freq,0,0,2450.0,4250.0,2450.0,900.0,2,,,,
2026-10-01T14:16:59.422036+00:00,freq,1,0,550.0,550.0,1200.0,550.0,0,,,,
2026-10-01T14:16:59.422036+00:00,power,0,0,,,,,,2297405773606,855462005424,31.51751332713967,
2026-10-01T14:17:00.419556+00:00,freq,0,0,2300.0,4250.0,2300.0,900.0,2,,,,
2026-10-01T14:17:00.419556+00:00,freq,1,0,550.0,550.0,1200.0,550.0,0,,,,
2026-10-01T14:17:00.419556+00:00,power,0,0,,,,,,2297434988083,855463002897,29.288489011732647,
2026-10-01T14:17:01.420716+00:00,freq,0,0,2450.0,4250.0,2500.0,900.0,2,,,,
2026-10-01T14:17:01.420716+00:00,freq,1,0,550.0,550.0,1200.0,550.0,0,,,,
2026-10-01T14:17:01.420716+00:00,power,0,0,,,,,,2297463346504,855464003910,28.329722990610513,
2026-10-01T14:17:02.423965+00:00,freq,0,0,2450.0,4250.0,2450.0,900.0,2,,,,
2026-10-01T14:17:02.423965+00:00,freq,1,0,550.0,550.0,1200.0,550.0,0,,,,
2026-10-01T14:17:02.423965+00:00,power,0,0,,,,,,2297490859870,855465007346,27.419153787585856,
2026-10-01T14:17:03.412669+00:00,freq,0,0,2500.0,4250.0,2500.0,900.0,0,,,,
2026-10-01T14:17:03.412669+00:00,freq,1,0,550.0,550.0,1200.0,600.0,0,,,,
2026-10-01T14:17:03.412669+00:00,power,0,0,,,,,,2297517347113,855465995981,26.791731023077272,
2026-10-01T14:17:04.419003+00:00,freq,0,0,2500.0,4250.0,2500.0,900.0,0,,,,
2026-10-01T14:17:04.419003+00:00,freq,1,0,600.0,600.0,1200.0,600.0,0,,,,
2026-10-01T14:17:04.419003+00:00,power,0,0,,,,,,2297543223906,855467002305,25.714176547513524,
2026-10-01T14:17:05.423270+00:00,freq,0,0,2500.0,4250.0,2500.0,900.0,0,,,,
2026-10-01T14:17:05.423270+00:00,freq,1,0,600.0,600.0,1200.0,600.0,0,,,,
2026-10-01T14:17:05.423270+00:00,power,0,0,,,,,,2297568401480,855468006502,25.072345366496812,
2026-10-01T14:17:06.412505+00:00,freq,0,0,2500.0,4250.0,2500.0,900.0,0,,,,
2026-10-01T14:17:06.412505+00:00,freq,1,0,600.0,600.0,1200.0,600.0,0,,,,
2026-10-01T14:17:06.412505+00:00,power,0,0,,,,,,2297592613478,855468995828,24.473225205847214,
2026-10-01T14:17:07.415056+00:00,freq,0,0,2450.0,4250.0,2450.0,900.0,2,,,,
2026-10-01T14:17:07.415056+00:00,freq,1,0,600.0,600.0,1200.0,600.0,0,,,,
2026-10-01T14:17:07.415056+00:00,power,0,0,,,,,,2297618286512,855469998335,25.60883265653008,
2026-10-01T14:17:08.420269+00:00,freq,0,0,2500.0,4250.0,2500.0,900.0,0,,,,
2026-10-01T14:17:08.420269+00:00,freq,1,0,600.0,600.0,1200.0,600.0,0,,,,
2026-10-01T14:17:08.420269+00:00,power,0,0,,,,,,2297641554273,855471003684,23.143963936901514,
2026-10-01T14:17:09.427234+00:00,freq,0,0,2500.0,4250.0,2500.0,900.0,0,,,,
2026-10-01T14:17:09.427234+00:00,freq,1,0,600.0,600.0,1200.0,550.0,0,,,,
2026-10-01T14:17:09.427234+00:00,power,0,0,,,,,,2297642761754,855472010603,1.199183846962864,
2026-10-01T14:17:10.416800+00:00,freq,0,0,2500.0,4250.0,2500.0,900.0,0,,,,
2026-10-01T14:17:10.416800+00:00,freq,1,0,550.0,550.0,1200.0,550.0,0,,,,
2026-10-01T14:17:10.416800+00:00,power,0,0,,,,,,2297642761754,855473000047,0.0,
2026-10-01T14:17:11.421961+00:00,freq,0,0,2500.0,4250.0,2500.0,900.0,0,,,,
2026-10-01T14:17:11.421961+00:00,freq,1,0,550.0,550.0,1200.0,550.0,0,,,,
2026-10-01T14:17:11.421961+00:00,power,0,0,,,,,,2297642761754,855474005209,0.0,
2026-10-01T14:17:12.409451+00:00,freq,0,0,2500.0,4250.0,2500.0,900.0,0,,,,
2026-10-01T14:17:12.409451+00:00,freq,1,0,550.0,550.0,1200.0,550.0,0,,,,
2026-10-01T14:17:12.409451+00:00,power,0,0,,,,,,2297642763608,855474992647,0.0018775862383258494,
2026-10-01T14:17:13.414754+00:00,freq,0,0,2500.0,4250.0,2500.0,900.0,0,,,,
2026-10-01T14:17:13.414754+00:00,freq,1,0,550.0,550.0,1200.0,550.0,0,,,,
2026-10-01T14:17:13.414754+00:00,power,0,0,,,,,,2297642763608,855475997946,0.0,
2026-10-01T14:17:14.420163+00:00,freq,0,0,2500.0,4250.0,2500.0,900.0,0,,,,
2026-10-01T14:17:14.420163+00:00,freq,1,0,550.0,550.0,1200.0,550.0,0,,,,
2026-10-01T14:17:14.420163+00:00,power,0,0,,,,,,2297642763608,855477003300,0.0,
2026-10-01T14:17:15.425502+00:00,freq,0,0,2500.0,4250.0,2500.0,900.0,0,,,,
2026-10-01T14:17:15.425502+00:00,freq,1,0,550.0,550.0,1200.0,550.0,0,,,,
2026-10-01T14:17:15.425502+00:00,power,0,0,,,,,,2297642763608,855478008649,0.0,
2026-10-01T14:17:16.414224+00:00,freq,0,0,2500.0,4250.0,2500.0,900.0,0,,,,
2026-10-01T14:17:16.414224+00:00,freq,1,0,550.0,550.0,1200.0,550.0,0,,,,
2026-10-01T14:17:16.414224+00:00,power,0,0,,,,,,2297642763608,855478997345,0.0,
2026-10-01T14:17:17.419758+00:00,freq,0,0,2500.0,4250.0,2500.0,900.0,0,,,,
2026-10-01T14:17:17.419758+00:00,freq,1,0,550.0,550.0,1200.0,550.0,0,,,,
2026-10-01T14:17:17.419758+00:00,power,0,0,,,,,,2297642763608,855480002849,0.0,
2026-10-01T14:17:18.423829+00:00,freq,0,0,2500.0,4250.0,2500.0,900.0,0,,,,
2026-10-01T14:17:18.423829+00:00,freq,1,0,550.0,550.0,1200.0,550.0,0,,,,
2026-10-01T14:17:18.423829+00:00,power,0,0,,,,,,2297642763608,855481006874,0.0,
2026-10-01T14:17:19.411417+00:00,freq,0,0,2500.0,4250.0,2500.0,900.0,0,,,,
2026-10-01T14:17:19.411417+00:00,freq,1,0,550.0,550.0,1200.0,550.0,0,,,,
2026-10-01T14:17:19.411417+00:00,power,0,0,,,,,,2297642763608,855481994425,0.0,
2026-10-01T14:17:20.415470+00:00,freq,0,0,2500.0,4250.0,2500.0,900.0,0,,,,
2026-10-01T14:17:20.415470+00:00,freq,1,0,550.0,550.0,1200.0,550.0,0,,,,
2026-10-01T14:17:20.415470+00:00,power,0,0,,,,,,2297642763608,855482998528,0.0,
2026-10-01T14:17:21.420527+00:00,freq,0,0,2500.0,4250.0,2500.0,900.0,0,,,,
2026-10-01T14:17:21.420527+00:00,freq,1,0,550.0,550.0,1200.0,550.0,0,,,,
2026-10-01T14:17:21.420527+00:00,power,0,0,,,,,,2297642763608,855484003578,0.0,
2026-10-01T14:17:22.423417+00:00,freq,0,0,2500.0,4250.0,2500.0,900.0,0,,,,
2026-10-01T14:17:22.423417+00:00,freq,1,0,550.0,550.0,1200.0,550.0,0,,,,
2026-10-01T14:17:22.423417+00:00,power,0,0,,,,,,2297642763608,855485006430,0.0,
2026-10-01T14:17:23.410875+00:00,freq,0,0,1750.0,1750.0,2500.0,900.0,0,,,,
2026-10-01T14:17:23.410875+00:00,freq,1,0,550.0,550.0,1200.0,550.0,0,,,,
2026-10-01T14:17:23.410875+00:00,power,0,0,,,,,,2297642765622,855485993836,0.0020396878285122836,
2026-10-01T14:17:24.417158+00:00,freq,0,0,1750.0,1750.0,2500.0,900.0,0,,,,
2026-10-01T14:17:24.417158+00:00,freq,1,0,550.0,550.0,1200.0,550.0,0,,,,
2026-10-01T14:17:24.417158+00:00,power,0,0,,,,,,2297642765622,855487000104,0.0,
2026-10-01T14:17:25.421045+00:00,freq,0,0,1750.0,1750.0,2500.0,900.0,0,,,,
2026-10-01T14:17:25.421045+00:00,freq,1,0,550.0,550.0,1200.0,550.0,0,,,,
2026-10-01T14:17:25.421045+00:00,power,0,0,,,,,,2297642765622,855488003964,0.0,
2026-10-01T14:17:26.431152+00:00,freq,0,0,1750.0,1750.0,2500.0,900.0,0,,,,
2026-10-01T14:17:26.431152+00:00,freq,1,0,550.0,550.0,1200.0,550.0,0,,,,
2026-10-01T14:17:26.431152+00:00,power,0,0,,,,,,2297642765622,855489013785,0.0,
2026-10-01T14:17:27.421372+00:00,freq,0,0,1750.0,1750.0,2500.0,900.0,0,,,,
2026-10-01T14:17:27.421372+00:00,freq,1,0,550.0,550.0,1200.0,550.0,0,,,,
2026-10-01T14:17:27.421372+00:00,power,0,0,,,,,,2297642765622,855490004269,0.0,
2026-10-01T14:17:28.409899+00:00,freq,0,0,1750.0,1750.0,2500.0,900.0,0,,,,
2026-10-01T14:17:28.409899+00:00,freq,1,0,550.0,550.0,1200.0,550.0,0,,,,
2026-10-01T14:17:28.409899+00:00,power,0,0,,,,,,2297642765622,855490992739,0.0,
2026-10-01T14:17:29.413370+00:00,freq,0,0,1750.0,1750.0,2500.0,900.0,0,,,,
2026-10-01T14:17:29.413370+00:00,freq,1,0,550.0,550.0,1200.0,550.0,0,,,,
2026-10-01T14:17:29.413370+00:00,power,0,0,,,,,,2297642765622,855491996256,0.0,
2026-10-01T14:17:30.416213+00:00,freq,0,0,1750.0,1750.0,2500.0,900.0,0,,,,
2026-10-01T14:17:30.416213+00:00,freq,1,0,550.0,550.0,1200.0,550.0,0,,,,
2026-10-01T14:17:30.416213+00:00,power,0,0,,,,,,2297642765927,855492998796,0.00030422726275260837,
2026-10-01T14:17:31.418354+00:00,freq,0,0,1750.0,1750.0,2500.0,900.0,0,,,,
2026-10-01T14:17:31.418354+00:00,freq,1,0,550.0,550.0,1200.0,550.0,0,,,,
2026-10-01T14:17:31.418354+00:00,power,0,0,,,,,,2297642765927,855494000904,0.0,
2026-10-01T14:17:32.433524+00:00,freq,0,0,1750.0,1750.0,2500.0,900.0,0,,,,
2026-10-01T14:17:32.433524+00:00,freq,1,0,550.0,550.0,1200.0,550.0,0,,,,
2026-10-01T14:17:32.433524+00:00,power,0,0,,,,,,2297642765927,855495016072,0.0,
2026-10-01T14:17:33.418147+00:00,freq,0,0,1750.0,1750.0,2500.0,900.0,0,,,,
2026-10-01T14:17:33.418147+00:00,freq,1,0,550.0,550.0,1200.0,550.0,0,,,,
2026-10-01T14:17:33.418147+00:00,power,0,0,,,,,,2297642766049,855496000679,0.0001239073051481454,
2026-10-01T14:17:34.418992+00:00,freq,0,0,1750.0,1750.0,2500.0,900.0,0,,,,
2026-10-01T14:17:34.418992+00:00,freq,1,0,550.0,550.0,1200.0,550.0,0,,,,
2026-10-01T14:17:34.418992+00:00,power,0,0,,,,,,2297642766049,855497001496,0.0,
2026-10-01T14:17:35.423512+00:00,freq,0,0,2500.0,4250.0,2500.0,900.0,0,,,,
2026-10-01T14:17:35.423512+00:00,freq,1,0,550.0,550.0,1200.0,550.0,0,,,,
2026-10-01T14:17:35.423512+00:00,power,0,0,,,,,,2297671247029,855498006064,28.35147048283441,
2026-10-01T14:17:36.413380+00:00,freq,0,0,2500.0,4250.0,2500.0,900.0,0,,,,
2026-10-01T14:17:36.413380+00:00,freq,1,0,550.0,550.0,1200.0,550.0,0,,,,
2026-10-01T14:17:36.413380+00:00,power,0,0,,,,,,2297704665509,855498995896,33.761769674045695,
2026-10-01T14:17:37.420542+00:00,freq,0,0,2450.0,4250.0,2500.0,900.0,2,,,,
2026-10-01T14:17:37.420542+00:00,freq,1,0,550.0,550.0,1200.0,550.0,0,,,,
2026-10-01T14:17:37.420542+00:00,power,0,0,,,,,,2297737040349,855500003062,32.14449256627011,
2026-10-01T14:17:38.425046+00:00,freq,0,0,2500.0,4250.0,2500.0,900.0,0,,,,
2026-10-01T14:17:38.425046+00:00,freq,1,0,550.0,550.0,1200.0,550.0,0,,,,
2026-10-01T14:17:38.425046+00:00,power,0,0,,,,,,2297767619267,855501007283,30.450386916824087,
2026-10-01T14:17:39.413561+00:00,freq,0,0,2500.0,4250.0,2500.0,900.0,0,,,,
2026-10-01T14:17:39.413561+00:00,freq,1,0,550.0,550.0,1200.0,550.0,0,,,,
2026-10-01T14:17:39.413561+00:00,power,0,0,,,,,,2297795936612,855501995962,28.64159651413654,
2026-10-01T14:17:40.418641+00:00,freq,0,0,2500.0,4250.0,2500.0,900.0,0,,,,
2026-10-01T14:17:40.418641+00:00,freq,1,0,550.0,550.0,1200.0,600.0,0,,,,
2026-10-01T14:17:40.418641+00:00,power,0,0,,,,,,2297823863576,855503000921,27.789157567622162,
2026-10-01T14:17:41.423750+00:00,freq,0,0,2500.0,4250.0,2500.0,900.0,0,,,,
2026-10-01T14:17:41.423750+00:00,freq,1,0,600.0,600.0,1200.0,600.0,0,,,,
2026-10-01T14:17:41.423750+00:00,power,0,0,,,,,,2297851172047,855504005902,27.1731216809074,
2026-10-01T14:17:42.412107+00:00,freq,0,0,2500.0,4250.0,2500.0,900.0,0,,,,
2026-10-01T14:17:42.412107+00:00,freq,1,0,600.0,600.0,1200.0,600.0,0,,,,
2026-10-01T14:17:42.412107+00:00,power,0,0,,,,,,2297877115673,855504994435,26.24457251300665,
2026-10-01T14:17:43.416172+00:00,freq,0,0,2500.0,4250.0,2500.0,900.0,0,,,,
2026-10-01T14:17:43.416172+00:00,freq,1,0,600.0,600.0,1200.0,600.0,0,,,,
2026-10-01T14:17:43.416172+00:00,power,0,0,,,,,,2297901750926,855505998414,24.537617818699395,
2026-10-01T14:17:44.423515+00:00,freq,0,0,2500.0,4250.0,2500.0,900.0,0,,,,
2026-10-01T14:17:44.423515+00:00,freq,1,0,600.0,600.0,1200.0,550.0,0,,,,
2026-10-01T14:17:44.423515+00:00,power,0,0,,,,,,2297906148325,855507005928,4.364603370275748,
2026-10-01T14:17:45.411378+00:00,freq,0,0,2500.0,4250.0,2500.0,900.0,0,,,,
2026-10-01T14:17:45.411378+00:00,freq,1,0,550.0,550.0,1200.0,550.0,0,,,,
2026-10-01T14:17:45.411378+00:00,power,0,0,,,,,,2297906148325,855507994095,0.0,
2026-10-01T14:17:46.416512+00:00,freq,0,0,2500.0,4250.0,2500.0,900.0,0,,,,
2026-10-01T14:17:46.416512+00:00,freq,1,0,550.0,550.0,1200.0,600.0,0,,,,
2026-10-01T14:17:46.416512+00:00,power,0,0,,,,,,2297906148325,855508999211,0.0,
2026-10-01T14:17:47.420789+00:00,freq,0,0,2500.0,4250.0,2500.0,900.0,0,,,,
2026-10-01T14:17:47.420789+00:00,freq,1,0,600.0,600.0,1200.0,550.0,0,,,,
2026-10-01T14:17:47.420789+00:00,power,0,0,,,,,,2297906148325,855510003224,0.0,
2026-10-01T14:17:48.425060+00:00,freq,0,0,2500.0,4250.0,2500.0,900.0,0,,,,
2026-10-01T14:17:48.425060+00:00,freq,1,0,550.0,550.0,1200.0,550.0,0,,,,
2026-10-01T14:17:48.425060+00:00,power,0,0,,,,,,2297906148325,855511007396,0.0,
2026-10-01T14:17:49.415607+00:00,freq,0,0,2500.0,4250.0,2500.0,900.0,0,,,,
2026-10-01T14:17:49.415607+00:00,freq,1,0,550.0,550.0,1200.0,550.0,0,,,,
2026-10-01T14:17:49.415607+00:00,power,0,0,,,,,,2297906148325,855511997910,0.0,
2026-10-01T14:17:50.420236+00:00,freq,0,0,2500.0,4250.0,2500.0,900.0,0,,,,
2026-10-01T14:17:50.420236+00:00,freq,1,0,550.0,550.0,1200.0,550.0,0,,,,
2026-10-01T14:17:50.420236+00:00,power,0,0,,,,,,2297906148325,855513002537,0.0,
2026-10-01T14:17:51.424265+00:00,freq,0,0,2500.0,4250.0,2500.0,900.0,0,,,,
2026-10-01T14:17:51.424265+00:00,freq,1,0,550.0,550.0,1200.0,550.0,0,,,,
2026-10-01T14:17:51.424265+00:00,power,0,0,,,,,,2297906148325,855514006530,0.0,
2026-10-01T14:17:52.414861+00:00,freq,0,0,2500.0,4250.0,2500.0,900.0,0,,,,
2026-10-01T14:17:52.414861+00:00,freq,1,0,550.0,550.0,1200.0,550.0,0,,,,
2026-10-01T14:17:52.414861+00:00,power,0,0,,,,,,2297906148325,855514997084,0.0,
2026-10-01T14:17:53.419581+00:00,freq,0,0,2000.0,2000.0,2500.0,900.0,0,,,,
2026-10-01T14:17:53.419581+00:00,freq,1,0,550.0,550.0,1200.0,550.0,0,,,,
2026-10-01T14:17:53.419581+00:00,power,0,0,,,,,,2297906148325,855516001776,0.0,
2026-10-01T14:17:54.422204+00:00,freq,0,0,2000.0,2000.0,2500.0,900.0,0,,,,
2026-10-01T14:17:54.422204+00:00,freq,1,0,550.0,550.0,1200.0,550.0,0,,,,
2026-10-01T14:17:54.422204+00:00,power,0,0,,,,,,2297906148325,855517004453,0.0,
2026-10-01T14:17:55.425229+00:00,freq,0,0,2000.0,2000.0,2500.0,900.0,0,,,,
2026-10-01T14:17:55.425229+00:00,freq,1,0,550.0,550.0,1200.0,550.0,0,,,,
2026-10-01T14:17:55.425229+00:00,power,0,0,,,,,,2297906148325,855518007437,0.0,
2026-10-01T14:17:56.415675+00:00,freq,0,0,2000.0,2000.0,2500.0,900.0,0,,,,
2026-10-01T14:17:56.415675+00:00,freq,1,0,550.0,550.0,1200.0,550.0,0,,,,
2026-10-01T14:17:56.415675+00:00,power,0,0,,,,,,2297906148325,855518997810,0.0,
2026-10-01T14:17:57.424825+00:00,freq,0,0,2000.0,2000.0,2500.0,900.0,0,,,,
2026-10-01T14:17:57.424825+00:00,freq,1,0,550.0,550.0,1200.0,550.0,0,,,,
2026-10-01T14:17:57.424825+00:00,power,0,0,,,,,,2297906149386,855520006844,0.001051500742294115,
2026-10-01T14:17:58.412746+00:00,freq,0,0,2000.0,2000.0,2500.0,900.0,0,,,,
2026-10-01T14:17:58.412746+00:00,freq,1,0,550.0,550.0,1200.0,550.0,0,,,,
2026-10-01T14:17:58.412746+00:00,power,0,0,,,,,,2297906149386,855520994844,0.0,
2026-10-01T14:17:59.417610+00:00,freq,0,0,2000.0,2000.0,2500.0,900.0,0,,,,
2026-10-01T14:17:59.417610+00:00,freq,1,0,550.0,550.0,1200.0,550.0,0,,,,
2026-10-01T14:17:59.417610+00:00,power,0,0,,,,,,2297906150301,855521999656,0.0009106181056754895,
2026-10-01T14:18:00.424076+00:00,freq,0,0,2000.0,2000.0,2500.0,900.0,0,,,,
2026-10-01T14:18:00.424076+00:00,freq,1,0,550.0,550.0,1200.0,550.0,0,,,,
2026-10-01T14:18:00.424076+00:00,power,0,0,,,,,,2297906150301,855523006163,0.0,
2026-10-01T14:18:01.410681+00:00,freq,0,0,2000.0,2000.0,2500.0,900.0,0,,,,
2026-10-01T14:18:01.410681+00:00,freq,1,0,550.0,550.0,1200.0,550.0,0,,,,
2026-10-01T14:18:01.410681+00:00,power,0,0,,,,,,2297906151545,855523992744,0.0012609202893629616,
2026-10-01T14:18:02.414604+00:00,freq,0,0,2000.0,2000.0,2500.0,900.0,0,,,,
2026-10-01T14:18:02.414604+00:00,freq,1,0,550.0,550.0,1200.0,550.0,0,,,,
2026-10-01T14:18:02.414604+00:00,power,0,0,,,,,,2297906151545,855524996711,0.0,
2026-10-01T14:18:03.417804+00:00,freq,0,0,2000.0,2000.0,2500.0,900.0,0,,,,
2026-10-01T14:18:03.417804+00:00,freq,1,0,550.0,550.0,1200.0,550.0,0,,,,
2026-10-01T14:18:03.417804+00:00,power,0,0,,,,,,2297906152582,855525999793,0.0010338137859118197,
2026-10-01T14:18:04.422364+00:00,freq,0,0,2000.0,2000.0,2500.0,900.0,0,,,,
2026-10-01T14:18:04.422364+00:00,freq,1,0,550.0,550.0,1200.0,550.0,0,,,,
2026-10-01T14:18:04.422364+00:00,power,0,0,,,,,,2297906152582,855527004376,0.0,
2026-10-01T14:18:05.429176+00:00,freq,0,0,2450.0,4250.0,2500.0,900.0,2,,,,
2026-10-01T14:18:05.429176+00:00,freq,1,0,550.0,550.0,1200.0,550.0,0,,,,
2026-10-01T14:18:05.429176+00:00,power,0,0,,,,,,2297914047380,855528011030,7.842613251425018,
2026-10-01T14:18:06.417833+00:00,freq,0,0,2400.0,4250.0,2400.0,900.0,2,,,,
2026-10-01T14:18:06.417833+00:00,freq,1,0,550.0,550.0,1200.0,550.0,0,,,,
2026-10-01T14:18:06.417833+00:00,power,0,0,,,,,,2297948683488,855528999690,35.03338660409039,
2026-10-01T14:18:07.421731+00:00,freq,0,0,2450.0,4250.0,2450.0,900.0,2,,,,
2026-10-01T14:18:07.421731+00:00,freq,1,0,550.0,550.0,1200.0,550.0,0,,,,
2026-10-01T14:18:07.421731+00:00,power,0,0,,,,,,2297981808328,855530003500,32.999113378029705,
2026-10-01T14:18:08.428548+00:00,freq,0,0,2450.0,4250.0,2450.0,900.0,2,,,,
2026-10-01T14:18:08.428548+00:00,freq,1,0,550.0,550.0,1200.0,550.0,0,,,,
2026-10-01T14:18:08.428548+00:00,power,0,0,,,,,,2298013244180,855531010287,31.223935152122543,
2026-10-01T14:18:09.417591+00:00,freq,0,0,2500.0,4250.0,2500.0,900.0,0,,,,
2026-10-01T14:18:09.417591+00:00,freq,1,0,550.0,550.0,1200.0,550.0,0,,,,
2026-10-01T14:18:09.417591+00:00,power,0,0,,,,,,2298042477357,855531999274,29.558707040638552,
2026-10-01T14:18:10.422352+00:00,freq,0,0,2500.0,4250.0,2500.0,900.0,0,,,,
2026-10-01T14:18:10.422352+00:00,freq,1,0,550.0,550.0,1200.0,600.0,0,,,,
2026-10-01T14:18:10.422352+00:00,power,0,0,,,,,,2298071479554,855533003824,28.87083470210542,
2026-10-01T14:18:11.427911+00:00,freq,0,0,2500.0,4250.0,2500.0,900.0,0,,,,
2026-10-01T14:18:11.427911+00:00,freq,1,0,600.0,600.0,1200.0,600.0,0,,,,
2026-10-01T14:18:11.427911+00:00,power,0,0,,,,,,2298098483361,855534009575,26.849396122897218,
2026-10-01T14:18:12.417431+00:00,freq,0,0,2500.0,4250.0,2500.0,900.0,0,,,,
2026-10-01T14:18:12.417431+00:00,freq,1,0,600.0,600.0,1200.0,550.0,0,,,,
2026-10-01T14:18:12.417431+00:00,power,0,0,,,,,,2298125036949,855534999083,26.835142313149564,
2026-10-01T14:18:13.424714+00:00,freq,0,0,2500.0,4250.0,2500.0,900.0,0,,,,
2026-10-01T14:18:13.424714+00:00,freq,1,0,550.0,550.0,1200.0,600.0,0,,,,
2026-10-01T14:18:13.424714+00:00,power,0,0,,,,,,2298151534836,855536006263,26.308988462836833,
2026-10-01T14:18:14.414830+00:00,freq,0,0,2500.0,4250.0,2500.0,900.0,0,,,,
2026-10-01T14:18:14.414830+00:00,freq,1,0,600.0,600.0,1200.0,550.0,0,,,,
2026-10-01T14:18:14.414830+00:00,power,0,0,,,,,,2298169518624,855536996624,18.158820874408423,
2026-10-01T14:18:15.419504+00:00,freq,0,0,2500.0,4250.0,2500.0,900.0,0,,,,
2026-10-01T14:18:15.419504+00:00,freq,1,0,550.0,550.0,1200.0,550.0,0,,,,
2026-10-01T14:18:15.419504+00:00,power,0,0,,,,,,2298169518624,855538001190,0.0,
2026-10-01T14:18:16.424278+00:00,freq,0,0,2500.0,4250.0,2500.0,900.0,0,,,,
2026-10-01T14:18:16.424278+00:00,freq,1,0,550.0,550.0,1200.0,550.0,0,,,,
2026-10-01T14:18:16.424278+00:00,power,0,0,,,,,,2298169518624,855539005990,0.0,
2026-10-01T14:18:17.414726+00:00,freq,0,0,2500.0,4250.0,2500.0,900.0,0,,,,
2026-10-01T14:18:17.414726+00:00,freq,1,0,550.0,550.0,1200.0,550.0,0,,,,
2026-10-01T14:18:17.414726+00:00,power,0,0,,,,,,2298169518624,855539996391,0.0,
2026-10-01T14:18:18.420738+00:00,freq,0,0,2500.0,4250.0,2500.0,900.0,0,,,,
2026-10-01T14:18:18.420738+00:00,freq,1,0,550.0,550.0,1200.0,550.0,0,,,,
2026-10-01T14:18:18.420738+00:00,power,0,0,,,,,,2298169518624,855541002356,0.0,
2026-10-01T14:18:19.426961+00:00,freq,0,0,2500.0,4250.0,2500.0,900.0,0,,,,
2026-10-01T14:18:19.426961+00:00,freq,1,0,550.0,550.0,1200.0,550.0,0,,,,
2026-10-01T14:18:19.426961+00:00,power,0,0,,,,,,2298169518624,855542008581,0.0,
2026-10-01T14:18:20.415368+00:00,freq,0,0,2500.0,4250.0,2500.0,900.0,0,,,,
2026-10-01T14:18:20.415368+00:00,freq,1,0,550.0,550.0,1200.0,550.0,0,,,,
2026-10-01T14:18:20.415368+00:00,power,0,0,,,,,,2298169518624,855542996918,0.0,
2026-10-01T14:18:21.419226+00:00,freq,0,0,2500.0,4250.0,2500.0,900.0,0,,,,
2026-10-01T14:18:21.419226+00:00,freq,1,0,550.0,550.0,1200.0,550.0,0,,,,
2026-10-01T14:18:21.419226+00:00,power,0,0,,,,,,2298169518624,855544000805,0.0,
2026-10-01T14:18:22.424712+00:00,freq,0,0,2500.0,4250.0,2500.0,900.0,0,,,,
2026-10-01T14:18:22.424712+00:00,freq,1,0,550.0,550.0,1200.0,550.0,0,,,,
2026-10-01T14:18:22.424712+00:00,power,0,0,,,,,,2298169518624,855545006211,0.0,
2026-10-01T14:18:23.411097+00:00,freq,0,0,1000.0,1000.0,2500.0,900.0,0,,,,
2026-10-01T14:18:23.411097+00:00,freq,1,0,550.0,550.0,1200.0,550.0,0,,,,
2026-10-01T14:18:23.411097+00:00,power,0,0,,,,,,2298169519844,855545992682,0.0012367317437613472,
2026-10-01T14:18:24.414534+00:00,freq,0,0,1000.0,1000.0,2500.0,900.0,0,,,,
2026-10-01T14:18:24.414534+00:00,freq,1,0,550.0,550.0,1200.0,550.0,0,,,,
2026-10-01T14:18:24.414534+00:00,power,0,0,,,,,,2298169519844,855546996029,0.0,
2026-10-01T14:18:25.419730+00:00,freq,0,0,1000.0,1000.0,2500.0,900.0,0,,,,
2026-10-01T14:18:25.419730+00:00,freq,1,0,550.0,550.0,1200.0,550.0,0,,,,
2026-10-01T14:18:25.419730+00:00,power,0,0,,,,,,2298169519844,855548001220,0.0,
2026-10-01T14:18:26.430222+00:00,freq,0,0,1000.0,1000.0,2500.0,900.0,0,,,,
2026-10-01T14:18:26.430222+00:00,freq,1,0,550.0,550.0,1200.0,550.0,0,,,,
2026-10-01T14:18:26.430222+00:00,power,0,0,,,,,,2298169519844,855549011516,0.0,
2026-10-01T14:18:27.418946+00:00,freq,0,0,1000.0,1000.0,2500.0,900.0,0,,,,
2026-10-01T14:18:27.418946+00:00,freq,1,0,550.0,550.0,1200.0,550.0,0,,,,
2026-10-01T14:18:27.418946+00:00,power,0,0,,,,,,2298169519844,855550000372,0.0,
2026-10-01T14:18:28.422733+00:00,freq,0,0,1000.0,1000.0,2500.0,900.0,0,,,,
2026-10-01T14:18:28.422733+00:00,freq,1,0,550.0,550.0,1200.0,550.0,0,,,,
2026-10-01T14:18:28.422733+00:00,power,0,0,,,,,,2298169519844,855551004167,0.0,
2026-10-01T14:18:29.425747+00:00,freq,0,0,1000.0,1000.0,2500.0,900.0,0,,,,
2026-10-01T14:18:29.425747+00:00,freq,1,0,550.0,550.0,1200.0,550.0,0,,,,
2026-10-01T14:18:29.425747+00:00,power,0,0,,,,,,2298169519844,855552007166,0.0,
2026-10-01T14:18:30.416003+00:00,freq,0,0,1000.0,1000.0,2500.0,900.0,0,,,,
2026-10-01T14:18:30.416003+00:00,freq,1,0,550.0,550.0,1200.0,550.0,0,,,,
2026-10-01T14:18:30.416003+00:00,power,0,0,,,,,,2298169519844,855552997391,0.0,
2026-10-01T14:18:31.421105+00:00,freq,0,0,1000.0,1000.0,2500.0,900.0,0,,,,
2026-10-01T14:18:31.421105+00:00,freq,1,0,550.0,550.0,1200.0,550.0,0,,,,
2026-10-01T14:18:31.421105+00:00,power,0,0,,,,,,2298169519844,855554002455,0.0,
2026-10-01T14:18:32.425925+00:00,freq,0,0,1000.0,1000.0,2500.0,900.0,0,,,,
2026-10-01T14:18:32.425925+00:00,freq,1,0,550.0,550.0,1200.0,550.0,0,,,,
2026-10-01T14:18:32.425925+00:00,power,0,0,,,,,,2298169519844,855555007198,0.0,
2026-10-01T14:18:33.412489+00:00,freq,0,0,1000.0,1000.0,2500.0,900.0,0,,,,
2026-10-01T14:18:33.412489+00:00,freq,1,0,550.0,550.0,1200.0,550.0,0,,,,
2026-10-01T14:18:33.412489+00:00,power,0,0,,,,,,2298169519844,855555993752,0.0,
2026-10-01T14:18:34.414712+00:00,freq,0,0,1000.0,1000.0,2500.0,900.0,0,,,,
2026-10-01T14:18:34.414712+00:00,freq,1,0,550.0,550.0,1200.0,550.0,0,,,,
2026-10-01T14:18:34.414712+00:00,power,0,0,,,,,,2298169519844,855556995951,0.0,
2026-10-01T14:18:35.419737+00:00,freq,0,0,1000.0,1000.0,2500.0,900.0,0,,,,
2026-10-01T14:18:35.419737+00:00,freq,1,0,550.0,550.0,1200.0,550.0,0,,,,
2026-10-01T14:18:35.419737+00:00,power,0,0,,,,,,2298169519844,855558000984,0.0,
2026-10-01T14:18:36.423156+00:00,freq,0,0,2450.0,4250.0,2450.0,900.0,2,,,,
2026-10-01T14:18:36.423156+00:00,freq,1,0,550.0,550.0,1200.0,600.0,0,,,,
2026-10-01T14:18:36.423156+00:00,power,0,0,,,,,,2298192016815,855559004056,22.42807196292988,
2026-10-01T14:18:37.427866+00:00,freq,0,0,2500.0,4250.0,2500.0,900.0,0,,,,
2026-10-01T14:18:37.427866+00:00,freq,1,0,600.0,600.0,1200.0,550.0,0,,,,
2026-10-01T14:18:37.427866+00:00,power,0,0,,,,,,2298226330681,855560008798,34.151917606708984,
2026-10-01T14:18:38.419182+00:00,freq,0,0,2350.0,4250.0,2350.0,900.0,2,,,,
2026-10-01T14:18:38.419182+00:00,freq,1,0,550.0,550.0,1200.0,550.0,0,,,,
2026-10-01T14:18:38.419182+00:00,power,0,0,,,,,,2298258516838,855561000229,32.46434396342257,
2026-10-01T14:18:39.424450+00:00,freq,0,0,2500.0,4250.0,2500.0,900.0,0,,,,
2026-10-01T14:18:39.424450+00:00,freq,1,0,550.0,550.0,1200.0,550.0,0,,,,
2026-10-01T14:18:39.424450+00:00,power,0,0,,,,,,2298289118095,855562005251,30.44834540935422,
2026-10-01T14:18:40.413204+00:00,freq,0,0,2500.0,4250.0,2500.0,900.0,0,,,,
2026-10-01T14:18:40.413204+00:00,freq,1,0,550.0,550.0,1200.0,550.0,0,,,,
2026-10-01T14:18:40.413204+00:00,power,0,0,,,,,,2298317708084,855562994050,28.9138530682171,
2026-10-01T14:18:41.416616+00:00,freq,0,0,2450.0,4250.0,2450.0,900.0,2,,,,
2026-10-01T14:18:41.416616+00:00,freq,1,0,550.0,550.0,1200.0,550.0,0,,,,
2026-10-01T14:18:41.416616+00:00,power,0,0,,,,,,2298345773269,855563997506,27.96852577492187,
2026-10-01T14:18:42.421911+00:00,freq,0,0,2450.0,4250.0,2450.0,900.0,2,,,,
2026-10-01T14:18:42.421911+00:00,freq,1,0,550.0,550.0,1200.0,600.0,0,,,,
2026-10-01T14:18:42.421911+00:00,power,0,0,,,,,,2298373207191,855565002639,27.293822807528954,
2026-10-01T14:18:43.427739+00:00,freq,0,0,2500.0,4250.0,2500.0,900.0,0,,,,
2026-10-01T14:18:43.427739+00:00,freq,1,0,600.0,600.0,1200.0,600.0,0,,,,
2026-10-01T14:18:43.427739+00:00,power,0,0,,,,,,2298399679138,855566008580,26.31560598484404,
2026-10-01T14:18:44.416619+00:00,freq,0,0,2500.0,4250.0,2500.0,900.0,0,,,,
2026-10-01T14:18:44.416619+00:00,freq,1,0,600.0,600.0,1200.0,600.0,0,,,,
2026-10-01T14:18:44.416619+00:00,power,0,0,,,,,,2298424845214,855566997577,25.446058987034338,
2026-10-01T14:18:45.422002+00:00,freq,0,0,2500.0,4250.0,2500.0,900.0,0,,,,
2026-10-01T14:18:45.422002+00:00,freq,1,0,600.0,600.0,1200.0,550.0,0,,,,
2026-10-01T14:18:45.422002+00:00,power,0,0,,,,,,2298432915000,855568003022,8.026083972768276,
2026-10-01T14:18:46.427934+00:00,freq,0,0,2500.0,4250.0,2500.0,900.0,0,,,,
2026-10-01T14:18:46.427934+00:00,freq,1,0,550.0,550.0,1200.0,550.0,0,,,,
2026-10-01T14:18:46.427934+00:00,power,0,0,,,,,,2298432915000,855569008971,0.0,
2026-10-01T14:18:47.416889+00:00,freq,0,0,2500.0,4250.0,2500.0,900.0,0,,,,
2026-10-01T14:18:47.416889+00:00,freq,1,0,550.0,550.0,1200.0,550.0,0,,,,
2026-10-01T14:18:47.416889+00:00,power,0,0,,,,,,2298432915000,855569997876,0.0,
2026-10-01T14:18:48.421342+00:00,freq,0,0,2500.0,4250.0,2500.0,900.0,0,,,,
2026-10-01T14:18:48.421342+00:00,freq,1,0,550.0,550.0,1200.0,550.0,0,,,,
2026-10-01T14:18:48.421342+00:00,power,0,0,,,,,,2298432915000,855571002239,0.0,
2026-10-01T14:18:49.425532+00:00,freq,0,0,2500.0,4250.0,2500.0,900.0,0,,,,
2026-10-01T14:18:49.425532+00:00,freq,1,0,550.0,550.0,1200.0,550.0,0,,,,
2026-10-01T14:18:49.425532+00:00,power,0,0,,,,,,2298432915000,855572006442,0.0,
2026-10-01T14:18:50.416526+00:00,freq,0,0,2500.0,4250.0,2500.0,900.0,0,,,,
2026-10-01T14:18:50.416526+00:00,freq,1,0,550.0,550.0,1200.0,550.0,0,,,,
2026-10-01T14:18:50.416526+00:00,power,0,0,,,,,,2298432915000,855572997445,0.0,
2026-10-01T14:18:51.420341+00:00,freq,0,0,2500.0,4250.0,2500.0,900.0,0,,,,
2026-10-01T14:18:51.420341+00:00,freq,1,0,550.0,550.0,1200.0,550.0,0,,,,
2026-10-01T14:18:51.420341+00:00,power,0,0,,,,,,2298432915000,855574001282,0.0,
2026-10-01T14:18:52.425277+00:00,freq,0,0,2500.0,4250.0,2500.0,900.0,0,,,,
2026-10-01T14:18:52.425277+00:00,freq,1,0,550.0,550.0,1200.0,550.0,0,,,,
2026-10-01T14:18:52.425277+00:00,power,0,0,,,,,,2298432915000,855575006154,0.0,
2026-10-01T14:18:53.414038+00:00,freq,0,0,2050.0,2050.0,2500.0,900.0,0,,,,
2026-10-01T14:18:53.414038+00:00,freq,1,0,550.0,550.0,1200.0,550.0,0,,,,
2026-10-01T14:18:53.414038+00:00,power,0,0,,,,,,2298432915000,855575994930,0.0,
2026-10-01T14:18:54.416939+00:00,freq,0,0,2050.0,2050.0,2500.0,900.0,0,,,,
2026-10-01T14:18:54.416939+00:00,freq,1,0,550.0,550.0,1200.0,550.0,0,,,,
2026-10-01T14:18:54.416939+00:00,power,0,0,,,,,,2298432915000,855576997815,0.0,
2026-10-01T14:18:55.424216+00:00,freq,0,0,2050.0,2050.0,2500.0,900.0,0,,,,
2026-10-01T14:18:55.424216+00:00,freq,1,0,550.0,550.0,1200.0,550.0,0,,,,
2026-10-01T14:18:55.424216+00:00,power,0,0,,,,,,2298432915000,855578004926,0.0,
2026-10-01T14:18:56.425361+00:00,freq,0,0,2050.0,2050.0,2500.0,900.0,0,,,,
2026-10-01T14:18:56.425361+00:00,freq,1,0,550.0,550.0,1200.0,550.0,0,,,,
2026-10-01T14:18:56.425361+00:00,power,0,0,,,,,,2298432915000,855579006102,0.0,
2026-10-01T14:18:57.412221+00:00,freq,0,0,2050.0,2050.0,2500.0,900.0,0,,,,
2026-10-01T14:18:57.412221+00:00,freq,1,0,550.0,550.0,1200.0,550.0,0,,,,
2026-10-01T14:18:57.412221+00:00,power,0,0,,,,,,2298432915000,855579992917,0.0,
2026-10-01T14:18:58.417997+00:00,freq,0,0,2050.0,2050.0,2500.0,900.0,0,,,,
2026-10-01T14:18:58.417997+00:00,freq,1,0,550.0,550.0,1200.0,550.0,0,,,,
2026-10-01T14:18:58.417997+00:00,power,0,0,,,,,,2298432916671,855580998633,0.0016615028497110516,
2026-10-01T14:18:59.422456+00:00,freq,0,0,2050.0,2050.0,2500.0,900.0,0,,,,
2026-10-01T14:18:59.422456+00:00,freq,1,0,550.0,550.0,1200.0,550.0,0,,,,
2026-10-01T14:18:59.422456+00:00,power,0,0,,,,,,2298432916671,855582003132,0.0,
2026-10-01T14:19:00.428476+00:00,freq,0,0,2050.0,2050.0,2500.0,900.0,0,,,,
2026-10-01T14:19:00.428476+00:00,freq,1,0,550.0,550.0,1200.0,550.0,0,,,,
2026-10-01T14:19:00.428476+00:00,power,0,0,,,,,,2298432916671,855583009063,0.0,
2026-10-01T14:19:01.417125+00:00,freq,0,0,2050.0,2050.0,2500.0,900.0,0,,,,
2026-10-01T14:19:01.417125+00:00,freq,1,0,550.0,550.0,1200.0,550.0,0,,,,
2026-10-01T14:19:01.417125+00:00,power,0,0,,,,,,2298432916976,855583997781,0.0003084802744564173,
2026-10-01T14:19:02.423434+00:00,freq,0,0,2050.0,2050.0,2500.0,900.0,0,,,,
2026-10-01T14:19:02.423434+00:00,freq,1,0,550.0,550.0,1200.0,550.0,0,,,,
2026-10-01T14:19:02.423434+00:00,power,0,0,,,,,,2298432916976,855585003991,0.0,
2026-10-01T14:19:03.428980+00:00,freq,0,0,2050.0,2050.0,2500.0,900.0,0,,,,
2026-10-01T14:19:03.428980+00:00,freq,1,0,550.0,550.0,1200.0,550.0,0,,,,
2026-10-01T14:19:03.428980+00:00,power,0,0,,,,,,2298432916976,855586009556,0.0,
2026-10-01T14:19:04.416535+00:00,freq,0,0,2050.0,2050.0,2500.0,900.0,0,,,,
2026-10-01T14:19:04.416535+00:00,freq,1,0,550.0,550.0,1200.0,550.0,0,,,,
2026-10-01T14:19:04.416535+00:00,power,0,0,,,,,,2298432916976,855586997141,0.0,
2026-10-01T14:19:05.422302+00:00,freq,0,0,2050.0,2050.0,2500.0,900.0,0,,,,
2026-10-01T14:19:05.422302+00:00,freq,1,0,550.0,550.0,1200.0,550.0,0,,,,
2026-10-01T14:19:05.422302+00:00,power,0,0,,,,,,2298432916976,855588002895,0.0,
2026-10-01T14:19:06.425514+00:00,freq,0,0,2050.0,2050.0,2500.0,900.0,0,,,,
2026-10-01T14:19:06.425514+00:00,freq,1,0,550.0,550.0,1200.0,550.0,0,,,,
2026-10-01T14:19:06.425514+00:00,power,0,0,,,,,,2298432917159,855589005848,0.0001824611920997295,
2026-10-01T14:19:07.410161+00:00,freq,0,0,2050.0,2050.0,2500.0,900.0,0,,,,
2026-10-01T14:19:07.410161+00:00,freq,1,0,550.0,550.0,1200.0,550.0,0,,,,
2026-10-01T14:19:07.410161+00:00,power,0,0,,,,,,2298432917159,855589990433,0.0,
2026-10-01T14:19:08.410864+00:00,freq,0,0,2050.0,2050.0,2500.0,900.0,0,,,,
2026-10-01T14:19:08.410864+00:00,freq,1,0,550.0,550.0,1200.0,550.0,0,,,,
2026-10-01T14:19:08.410864+00:00,power,0,0,,,,,,2298432917159,855590991114,0.0,
2026-10-01T14:19:09.411831+00:00,freq,0,0,2050.0,2050.0,2500.0,900.0,0,,,,
2026-10-01T14:19:09.411831+00:00,freq,1,0,550.0,550.0,1200.0,550.0,0,,,,
2026-10-01T14:19:09.411831+00:00,power,0,0,,,,,,2298432917159,855591992041,0.0,
2026-10-01T14:19:10.413314+00:00,freq,0,0,2450.0,4250.0,2450.0,900.0,2,,,,
2026-10-01T14:19:10.413314+00:00,freq,1,0,550.0,550.0,1200.0,550.0,0,,,,
2026-10-01T14:19:10.413314+00:00,power,0,0,,,,,,2298440380683,855592993581,7.452047846316672,
2026-10-01T14:19:11.416958+00:00,freq,0,0,2400.0,4250.0,2400.0,900.0,2,,,,
2026-10-01T14:19:11.416958+00:00,freq,1,0,550.0,550.0,1200.0,550.0,0,,,,
2026-10-01T14:19:11.416958+00:00,power,0,0,,,,,,2298475396918,855593997241,34.88854293286571,
2026-10-01T14:19:12.422774+00:00,freq,0,0,2500.0,4250.0,2450.0,900.0,0,,,,
2026-10-01T14:19:12.422774+00:00,freq,1,0,550.0,550.0,1200.0,600.0,0,,,,
2026-10-01T14:19:12.422774+00:00,power,0,0,,,,,,2298508682708,855595002972,33.0961161582968,
2026-10-01T14:19:13.429302+00:00,freq,0,0,2500.0,4250.0,2500.0,900.0,0,,,,
2026-10-01T14:19:13.429302+00:00,freq,1,0,600.0,600.0,1200.0,600.0,0,,,,
2026-10-01T14:19:13.429302+00:00,power,0,0,,,,,,2298540015166,855596009512,31.128875156476642,
2026-10-01T14:19:14.417231+00:00,freq,0,0,2500.0,4250.0,2500.0,900.0,0,,,,
2026-10-01T14:19:14.417231+00:00,freq,1,0,600.0,600.0,1200.0,550.0,0,,,,
2026-10-01T14:19:14.417231+00:00,power,0,0,,,,,,2298569203666,855596997424,29.54564779049146,
2026-10-01T14:19:15.421639+00:00,freq,0,0,2500.0,4250.0,2500.0,900.0,0,,,,
2026-10-01T14:19:15.421639+00:00,freq,1,0,550.0,550.0,1200.0,550.0,0,,,,
2026-10-01T14:19:15.421639+00:00,power,0,0,,,,,,2298598165824,855598001546,28.843266057311762,
2026-10-01T14:19:16.427868+00:00,freq,0,0,2450.0,4250.0,2450.0,900.0,2,,,,
2026-10-01T14:19:16.427868+00:00,freq,1,0,550.0,550.0,1200.0,550.0,0,,,,
2026-10-01T14:19:16.427868+00:00,power,0,0,,,,,,2298625366080,855599007976,27.026475760857686,
2026-10-01T14:19:17.416199+00:00,freq,0,0,2450.0,4250.0,2450.0,900.0,2,,,,
2026-10-01T14:19:17.416199+00:00,freq,1,0,550.0,550.0,1200.0,600.0,0,,,,
2026-10-01T14:19:17.416199+00:00,power,0,0,,,,,,2298652091994,855599996279,27.042226928381275,
2026-10-01T14:19:18.423671+00:00,freq,0,0,2450.0,4250.0,2450.0,900.0,2,,,,
2026-10-01T14:19:18.423671+00:00,freq,1,0,600.0,600.0,1200.0,600.0,0,,,,
2026-10-01T14:19:18.423671+00:00,power,0,0,,,,,,2298679139380,855601003532,26.85262391871754,
2026-10-01T14:19:19.427013+00:00,freq,0,0,2500.0,4250.0,2500.0,900.0,0,,,,
2026-10-01T14:19:19.427013+00:00,freq,1,0,600.0,600.0,1200.0,550.0,0,,,,
2026-10-01T14:19:19.427013+00:00,power,0,0,,,,,,2298691624426,855602007266,12.4386002666045,
2026-10-01T14:19:20.413651+00:00,freq,0,0,2500.0,4250.0,2500.0,900.0,0,,,,
2026-10-01T14:19:20.413651+00:00,freq,1,0,550.0,550.0,1200.0,550.0,0,,,,
2026-10-01T14:19:20.413651+00:00,power,0,0,,,,,,2298691624853,855602993861,0.00043280170688073626,
2026-10-01T14:19:21.416334+00:00,freq,0,0,2500.0,4250.0,2500.0,900.0,0,,,,
2026-10-01T14:19:21.416334+00:00,freq,1,0,550.0,550.0,1200.0,550.0,0,,,,
2026-10-01T14:19:21.416334+00:00,power,0,0,,,,,,2298691624853,855603996513,0.0,
2026-10-01T14:19:22.421998+00:00,freq,0,0,2500.0,4250.0,2500.0,900.0,0,,,,
2026-10-01T14:19:22.421998+00:00,freq,1,0,550.0,550.0,1200.0,550.0,0,,,,
2026-10-01T14:19:22.421998+00:00,power,0,0,,,,,,2298691624853,855605002154,0.0,
2026-10-01T14:19:23.426214+00:00,freq,0,0,1650.0,1650.0,2500.0,900.0,0,,,,
2026-10-01T14:19:23.426214+00:00,freq,1,0,550.0,550.0,1200.0,550.0,0,,,,
2026-10-01T14:19:23.426214+00:00,power,0,0,,,,,,2298691626012,855606006361,0.001154144514029478,
2026-10-01T14:19:24.414321+00:00,freq,0,0,1650.0,1650.0,2500.0,900.0,0,,,,
2026-10-01T14:19:24.414321+00:00,freq,1,0,550.0,550.0,1200.0,550.0,0,,,,
2026-10-01T14:19:24.414321+00:00,power,0,0,,,,,,2298691626012,855606994362,0.0,
2026-10-01T14:19:25.421567+00:00,freq,0,0,1650.0,1650.0,2500.0,900.0,0,,,,
2026-10-01T14:19:25.421567+00:00,freq,1,0,550.0,550.0,1200.0,550.0,0,,,,
2026-10-01T14:19:25.421567+00:00,power,0,0,,,,,,2298691626012,855608001507,0.0,
2026-10-01T14:19:26.425472+00:00,freq,0,0,1650.0,1650.0,2500.0,900.0,0,,,,
2026-10-01T14:19:26.425472+00:00,freq,1,0,550.0,550.0,1200.0,550.0,0,,,,
2026-10-01T14:19:26.425472+00:00,power,0,0,,,,,,2298691626012,855609005491,0.0,
2026-10-01T14:19:27.415269+00:00,freq,0,0,1650.0,1650.0,2500.0,900.0,0,,,,
2026-10-01T14:19:27.415269+00:00,freq,1,0,550.0,550.0,1200.0,550.0,0,,,,
2026-10-01T14:19:27.415269+00:00,power,0,0,,,,,,2298691626012,855609995249,0.0,
2026-10-01T14:19:28.420026+00:00,freq,0,0,1650.0,1650.0,2500.0,900.0,0,,,,
2026-10-01T14:19:28.420026+00:00,freq,1,0,550.0,550.0,1200.0,550.0,0,,,,
2026-10-01T14:19:28.420026+00:00,power,0,0,,,,,,2298691626012,855611000000,0.0,
2026-10-01T14:19:29.423314+00:00,freq,0,0,1650.0,1650.0,2500.0,900.0,0,,,,
2026-10-01T14:19:29.423314+00:00,freq,1,0,550.0,550.0,1200.0,550.0,0,,,,
2026-10-01T14:19:29.423314+00:00,power,0,0,,,,,,2298691626012,855612003236,0.0,
2026-10-01T14:19:30.426632+00:00,freq,0,0,1650.0,1650.0,2500.0,900.0,0,,,,
2026-10-01T14:19:30.426632+00:00,freq,1,0,550.0,550.0,1200.0,550.0,0,,,,
2026-10-01T14:19:30.426632+00:00,power,0,0,,,,,,2298691626012,855613006544,0.0,
2026-10-01T14:19:31.413662+00:00,freq,0,0,1650.0,1650.0,2500.0,900.0,0,,,,
2026-10-01T14:19:31.413662+00:00,freq,1,0,550.0,550.0,1200.0,550.0,0,,,,
2026-10-01T14:19:31.413662+00:00,power,0,0,,,,,,2298691626012,855613993549,0.0,
2026-10-01T14:19:32.418189+00:00,freq,0,0,1650.0,1650.0,2500.0,900.0,0,,,,
2026-10-01T14:19:32.418189+00:00,freq,1,0,550.0,550.0,1200.0,550.0,0,,,,
2026-10-01T14:19:32.418189+00:00,power,0,0,,,,,,2298691626012,855614998055,0.0,
2026-10-01T14:19:33.422366+00:00,freq,0,0,1650.0,1650.0,2500.0,900.0,0,,,,
2026-10-01T14:19:33.422366+00:00,freq,1,0,550.0,550.0,1200.0,550.0,0,,,,
2026-10-01T14:19:33.422366+00:00,power,0,0,,,,,,2298691626012,855616002190,0.0,
2026-10-01T14:19:34.426451+00:00,freq,0,0,1650.0,1650.0,2500.0,900.0,0,,,,
2026-10-01T14:19:34.426451+00:00,freq,1,0,550.0,550.0,1200.0,550.0,0,,,,
2026-10-01T14:19:34.426451+00:00,power,0,0,,,,,,2298691626012,855617006346,0.0,
2026-10-01T14:19:35.413269+00:00,freq,0,0,1650.0,1650.0,2500.0,900.0,0,,,,
2026-10-01T14:19:35.413269+00:00,freq,1,0,550.0,550.0,1200.0,550.0,0,,,,
2026-10-01T14:19:35.413269+00:00,power,0,0,,,,,,2298691626012,855617993055,0.0,
2026-10-01T14:19:36.418826+00:00,freq,0,0,1650.0,1650.0,2500.0,900.0,0,,,,
2026-10-01T14:19:36.418826+00:00,freq,1,0,550.0,550.0,1200.0,550.0,0,,,,
2026-10-01T14:19:36.418826+00:00,power,0,0,,,,,,2298691627622,855618998647,0.001601046945480871,
2026-10-01T14:19:37.423243+00:00,freq,0,0,1650.0,1650.0,2500.0,900.0,0,,,,
2026-10-01T14:19:37.423243+00:00,freq,1,0,550.0,550.0,1200.0,550.0,0,,,,
2026-10-01T14:19:37.423243+00:00,power,0,0,,,,,,2298691627622,855620003003,0.0,
2026-10-01T14:19:38.426469+00:00,freq,0,0,1650.0,1650.0,2500.0,900.0,0,,,,
2026-10-01T14:19:38.426469+00:00,freq,1,0,550.0,550.0,1200.0,550.0,0,,,,
2026-10-01T14:19:38.426469+00:00,power,0,0,,,,,,2298691627622,855621006205,0.0,
2026-10-01T14:19:39.415115+00:00,freq,0,0,1650.0,1650.0,2500.0,900.0,0,,,,
2026-10-01T14:19:39.415115+00:00,freq,1,0,550.0,550.0,1200.0,550.0,0,,,,
2026-10-01T14:19:39.415115+00:00,power,0,0,,,,,,2298691627622,855621994774,0.0,
2026-10-01T14:19:40.420034+00:00,freq,0,0,1650.0,1650.0,2500.0,900.0,0,,,,
2026-10-01T14:19:40.420034+00:00,freq,1,0,550.0,550.0,1200.0,550.0,0,,,,
2026-10-01T14:19:40.420034+00:00,power,0,0,,,,,,2298691627622,855622999687,0.0,
2026-10-01T14:19:41.424173+00:00,freq,0,0,2500.0,4250.0,2500.0,900.0,0,,,,
2026-10-01T14:19:41.424173+00:00,freq,1,0,550.0,550.0,1200.0,550.0,0,,,,
2026-10-01T14:19:41.424173+00:00,power,0,0,,,,,,2298721746541,855624003703,29.998445243900495,
2026-10-01T14:19:42.429962+00:00,freq,0,0,2450.0,4250.0,2450.0,900.0,2,,,,
2026-10-01T14:19:42.429962+00:00,freq,1,0,550.0,550.0,1200.0,550.0,0,,,,
2026-10-01T14:19:42.429962+00:00,power,0,0,,,,,,2298755743451,855625009429,33.80335200641129,
2026-10-01T14:19:43.418226+00:00,freq,0,0,2500.0,4250.0,2500.0,900.0,0,,,,
2026-10-01T14:19:43.418226+00:00,freq,1,0,550.0,550.0,1200.0,550.0,0,,,,
2026-10-01T14:19:43.418226+00:00,power,0,0,,,,,,2298787186505,855625997723,31.815486080053102,
2026-10-01T14:19:44.424336+00:00,freq,0,0,2500.0,4250.0,2500.0,900.0,0,,,,
2026-10-01T14:19:44.424336+00:00,freq,1,0,550.0,550.0,1200.0,550.0,0,,,,
2026-10-01T14:19:44.424336+00:00,power,0,0,,,,,,2298817751408,855627003712,30.38293957488601,
2026-10-01T14:19:45.431761+00:00,freq,0,0,2500.0,4250.0,2500.0,900.0,0,,,,
2026-10-01T14:19:45.431761+00:00,freq,1,0,550.0,550.0,1200.0,550.0,0,,,,
2026-10-01T14:19:45.431761+00:00,power,0,0,,,,,,2298846741276,855628011172,28.77520497091696,
2026-10-01T14:19:46.420970+00:00,freq,0,0,2500.0,4250.0,2500.0,900.0,0,,,,
2026-10-01T14:19:46.420970+00:00,freq,1,0,550.0,550.0,1200.0,550.0,0,,,,
2026-10-01T14:19:46.420970+00:00,power,0,0,,,,,,2298873962063,855629000310,27.51970604708342,
2026-10-01T14:19:47.423667+00:00,freq,0,0,2500.0,4250.0,2500.0,900.0,0,,,,
2026-10-01T14:19:47.423667+00:00,freq,1,0,550.0,550.0,1200.0,550.0,0,,,,
2026-10-01T14:19:47.423667+00:00,power,0,0,,,,,,2298900932972,855630002995,26.89868602801478,
2026-10-01T14:19:48.428736+00:00,freq,0,0,2500.0,4250.0,2500.0,900.0,0,,,,
2026-10-01T14:19:48.428736+00:00,freq,1,0,550.0,550.0,1200.0,550.0,0,,,,
2026-10-01T14:19:48.428736+00:00,power,0,0,,,,,,2298927988659,855631008052,26.91955481131916,
2026-10-01T14:19:49.418747+00:00,freq,0,0,2500.0,4250.0,2500.0,900.0,0,,,,
2026-10-01T14:19:49.418747+00:00,freq,1,0,600.0,600.0,1200.0,600.0,0,,,,
2026-10-01T14:19:49.418747+00:00,power,0,0,,,,,,2298950453587,855631998270,22.686850774273946,
2026-10-01T14:19:50.425513+00:00,freq,0,0,2500.0,4250.0,2500.0,900.0,0,,,,
2026-10-01T14:19:50.425513+00:00,freq,1,0,550.0,550.0,1200.0,550.0,0,,,,
2026-10-01T14:19:50.425513+00:00,power,0,0,,,,,,2298950478573,855633005014,0.024818623205104775,
2026-10-01T14:19:51.430745+00:00,freq,0,0,2500.0,4250.0,2500.0,900.0,0,,,,
2026-10-01T14:19:51.430745+00:00,freq,1,0,550.0,550.0,1200.0,550.0,0,,,,
2026-10-01T14:19:51.430745+00:00,power,0,0,,,,,,2298950478573,855634010181,0.0,
2026-10-01T14:19:52.417983+00:00,freq,0,0,2500.0,4250.0,2500.0,900.0,0,,,,
2026-10-01T14:19:52.417983+00:00,freq,1,0,550.0,550.0,1200.0,550.0,0,,,,
2026-10-01T14:19:52.417983+00:00,power,0,0,,,,,,2298950478573,855634997272,0.0,
2026-10-01T14:19:53.424357+00:00,freq,0,0,2300.0,2300.0,2500.0,900.0,0,,,,
2026-10-01T14:19:53.424357+00:00,freq,1,0,550.0,550.0,1200.0,550.0,0,,,,
2026-10-01T14:19:53.424357+00:00,power,0,0,,,,,,2298950481404,855636003925,0.0028122898357229352,
2026-10-01T14:19:54.431577+00:00,freq,0,0,2300.0,2300.0,2500.0,900.0,0,,,,
2026-10-01T14:19:54.431577+00:00,freq,1,0,550.0,550.0,1200.0,550.0,0,,,,
2026-10-01T14:19:54.431577+00:00,power,0,0,,,,,,2298950481404,855637010873,0.0,
2026-10-01T14:19:55.419237+00:00,freq,0,0,2300.0,2300.0,2500.0,900.0,0,,,,
2026-10-01T14:19:55.419237+00:00,freq,1,0,550.0,550.0,1200.0,550.0,0,,,,
2026-10-01T14:19:55.419237+00:00,power,0,0,,,,,,2298950481404,855637998622,0.0,
2026-10-01T14:19:56.424366+00:00,freq,0,0,2300.0,2300.0,2500.0,900.0,0,,,,
2026-10-01T14:19:56.424366+00:00,freq,1,0,550.0,550.0,1200.0,550.0,0,,,,
2026-10-01T14:19:56.424366+00:00,power,0,0,,,,,,2298950481526,855639003735,0.00012137938719328075,
2026-10-01T14:19:57.427875+00:00,freq,0,0,2300.0,2300.0,2500.0,900.0,0,,,,
2026-10-01T14:19:57.427875+00:00,freq,1,0,550.0,550.0,1200.0,550.0,0,,,,
2026-10-01T14:19:57.427875+00:00,power,0,0,,,,,,2298950481526,855640007211,0.0,
2026-10-01T14:19:58.417053+00:00,freq,0,0,2300.0,2300.0,2500.0,900.0,0,,,,
2026-10-01T14:19:58.417053+00:00,freq,1,0,550.0,550.0,1200.0,550.0,0,,,,
2026-10-01T14:19:58.417053+00:00,power,0,0,,,,,,2298950481526,855640996308,0.0,
2026-10-01T14:19:59.421279+00:00,freq,0,0,2300.0,2300.0,2500.0,900.0,0,,,,
2026-10-01T14:19:59.421279+00:00,freq,1,0,550.0,550.0,1200.0,550.0,0,,,,
2026-10-01T14:19:59.421279+00:00,power,0,0,,,,,,2298950481526,855642000520,0.0,
2026-10-01T14:20:00.426690+00:00,freq,0,0,2300.0,2300.0,2500.0,900.0,0,,,,
2026-10-01T14:20:00.426690+00:00,freq,1,0,550.0,550.0,1200.0,550.0,0,,,,
2026-10-01T14:20:00.426690+00:00,power,0,0,,,,,,2298950481526,855643005904,0.0,
2026-10-01T14:20:01.413611+00:00,freq,0,0,2300.0,2300.0,2500.0,900.0,0,,,,
2026-10-01T14:20:01.413611+00:00,freq,1,0,550.0,550.0,1200.0,550.0,0,,,,
2026-10-01T14:20:01.413611+00:00,power,0,0,,,,,,2298950481648,855643992812,0.00012361841225321915,
2026-10-01T14:20:02.419593+00:00,freq,0,0,2300.0,2300.0,2500.0,900.0,0,,,,
2026-10-01T14:20:02.419593+00:00,freq,1,0,550.0,550.0,1200.0,550.0,0,,,,
2026-10-01T14:20:02.419593+00:00,power,0,0,,,,,,2298950481648,855644998727,0.0,
2026-10-01T14:20:03.424697+00:00,freq,0,0,2300.0,2300.0,2500.0,900.0,0,,,,
2026-10-01T14:20:03.424697+00:00,freq,1,0,550.0,550.0,1200.0,550.0,0,,,,
2026-10-01T14:20:03.424697+00:00,power,0,0,,,,,,2298950481648,855646003831,0.0,
2026-10-01T14:20:04.429078+00:00,freq,0,0,2300.0,2300.0,2500.0,900.0,0,,,,
2026-10-01T14:20:04.429078+00:00,freq,1,0,550.0,550.0,1200.0,550.0,0,,,,
2026-10-01T14:20:04.429078+00:00,power,0,0,,,,,,2298950481648,855647008157,0.0,
2026-10-01T14:20:05.417205+00:00,freq,0,0,2300.0,2300.0,2500.0,900.0,0,,,,
2026-10-01T14:20:05.417205+00:00,freq,1,0,550.0,550.0,1200.0,550.0,0,,,,
2026-10-01T14:20:05.417205+00:00,power,0,0,,,,,,2298950481648,855647996336,0.0,
2026-10-01T14:20:06.422213+00:00,freq,0,0,2300.0,2300.0,2500.0,900.0,0,,,,
2026-10-01T14:20:06.422213+00:00,freq,1,0,550.0,550.0,1200.0,550.0,0,,,,
2026-10-01T14:20:06.422213+00:00,power,0,0,,,,,,2298950481648,855649001272,0.0,
2026-10-01T14:20:07.428224+00:00,freq,0,0,2300.0,2300.0,2500.0,900.0,0,,,,
2026-10-01T14:20:07.428224+00:00,freq,1,0,550.0,550.0,1200.0,550.0,0,,,,
2026-10-01T14:20:07.428224+00:00,power,0,0,,,,,,2298950481648,855650007238,0.0,
2026-10-01T14:20:08.416564+00:00,freq,0,0,2300.0,2300.0,2500.0,900.0,0,,,,
2026-10-01T14:20:08.416564+00:00,freq,1,0,550.0,550.0,1200.0,550.0,0,,,,
2026-10-01T14:20:08.416564+00:00,power,0,0,,,,,,2298950481648,855650995586,0.0,
2026-10-01T14:20:09.421552+00:00,freq,0,0,2300.0,2300.0,2500.0,900.0,0,,,,
2026-10-01T14:20:09.421552+00:00,freq,1,0,550.0,550.0,1200.0,550.0,0,,,,
2026-10-01T14:20:09.421552+00:00,power,0,0,,,,,,2298950481648,855652000558,0.0,
2026-10-01T14:20:10.424216+00:00,freq,0,0,2300.0,2300.0,2500.0,900.0,0,,,,
2026-10-01T14:20:10.424216+00:00,freq,1,0,550.0,550.0,1200.0,550.0,0,,,,
2026-10-01T14:20:10.424216+00:00,power,0,0,,,,,,2298950481648,855653003167,0.0,
2026-10-01T14:20:11.427728+00:00,freq,0,0,2400.0,4250.0,2400.0,900.0,2,,,,
2026-10-01T14:20:11.427728+00:00,freq,1,0,550.0,550.0,1200.0,550.0,0,,,,
2026-10-01T14:20:11.427728+00:00,power,0,0,,,,,,2298968071393,855654006554,17.53036963803597,
2026-10-01T14:20:12.416922+00:00,freq,0,0,2500.0,4250.0,2450.0,900.0,0,,,,
2026-10-01T14:20:12.416922+00:00,freq,1,0,550.0,550.0,1200.0,550.0,0,,,,
2026-10-01T14:20:12.416922+00:00,power,0,0,,,,,,2299002280194,855654995486,34.59166150958812,
2026-10-01T14:20:13.421847+00:00,freq,0,0,2500.0,4250.0,2500.0,900.0,0,,,,
2026-10-01T14:20:13.421847+00:00,freq,1,0,550.0,550.0,1200.0,550.0,0,,,,
2026-10-01T14:20:13.421847+00:00,power,0,0,,,,,,2299035037663,855656000510,32.59371815996434,
2026-10-01T14:20:14.427387+00:00,freq,0,0,2500.0,4250.0,2500.0,900.0,0,,,,
2026-10-01T14:20:14.427387+00:00,freq,1,0,550.0,550.0,1200.0,550.0,0,,,,
2026-10-01T14:20:14.427387+00:00,power,0,0,,,,,,2299065974125,855657006171,30.76231652614549,
2026-10-01T14:20:15.416244+00:00,freq,0,0,2500.0,4250.0,2500.0,900.0,0,,,,
2026-10-01T14:20:15.416244+00:00,freq,1,0,550.0,550.0,1200.0,550.0,0,,,,
2026-10-01T14:20:15.416244+00:00,power,0,0,,,,,,2299094801357,855657994973,29.153695077477593,
2026-10-01T14:20:16.421634+00:00,freq,0,0,2500.0,4250.0,2500.0,900.0,0,,,,
2026-10-01T14:20:16.421634+00:00,freq,1,0,550.0,550.0,1200.0,550.0,0,,,,
2026-10-01T14:20:16.421634+00:00,power,0,0,,,,,,2299123091518,855659000354,28.13874640559151,
2026-10-01T14:20:17.427626+00:00,freq,0,0,2500.0,4250.0,2500.0,900.0,0,,,,
2026-10-01T14:20:17.427626+00:00,freq,1,0,550.0,550.0,1200.0,600.0,0,,,,
2026-10-01T14:20:17.427626+00:00,power,0,0,,,,,,2299150385890,855660006523,27.12702538042814,
2026-10-01T14:20:18.416185+00:00,freq,0,0,2500.0,4250.0,2450.0,900.0,0,,,,
2026-10-01T14:20:18.416185+00:00,freq,1,0,600.0,600.0,1200.0,600.0,0,,,,
2026-10-01T14:20:18.416185+00:00,power,0,0,,,,,,2299177130274,855660994820,27.061079817099515,
2026-10-01T14:20:19.420692+00:00,freq,0,0,2500.0,4250.0,2500.0,900.0,0,,,,
2026-10-01T14:20:19.420692+00:00,freq,1,0,600.0,600.0,1200.0,600.0,0,,,,
2026-10-01T14:20:19.420692+00:00,power,0,0,,,,,,2299203170824,855661999280,25.92492483523485,
2026-10-01T14:20:20.425920+00:00,freq,0,0,2500.0,4250.0,2500.0,900.0,0,,,,
2026-10-01T14:20:20.425920+00:00,freq,1,0,600.0,600.0,1200.0,550.0,0,,,,
2026-10-01T14:20:20.425920+00:00,power,0,0,,,,,,2299209371019,855663004663,6.1669980494995436,
2026-10-01T14:20:21.431100+00:00,freq,0,0,2500.0,4250.0,2500.0,900.0,0,,,,
2026-10-01T14:20:21.431100+00:00,freq,1,0,550.0,550.0,1200.0,550.0,0,,,,
2026-10-01T14:20:21.431100+00:00,power,0,0,,,,,,2299209371019,855664009807,0.0,
2026-10-01T14:20:22.423779+00:00,freq,0,0,2500.0,4250.0,2500.0,900.0,0,,,,
2026-10-01T14:20:22.423779+00:00,freq,1,0,550.0,550.0,1200.0,550.0,0,,,,
2026-10-01T14:20:22.423779+00:00,power,0,0,,,,,,2299209371019,855665002371,0.0,
2026-10-01T14:20:23.427296+00:00,freq,0,0,1200.0,1200.0,2500.0,900.0,0,,,,
2026-10-01T14:20:23.427296+00:00,freq,1,0,550.0,550.0,1200.0,550.0,0,,,,
2026-10-01T14:20:23.427296+00:00,power,0,0,,,,,,2299209371019,855666005942,0.0,
2026-10-01T14:20:24.416477+00:00,freq,0,0,1200.0,1200.0,2500.0,900.0,0,,,,
2026-10-01T14:20:24.416477+00:00,freq,1,0,550.0,550.0,1200.0,550.0,0,,,,
2026-10-01T14:20:24.416477+00:00,power,0,0,,,,,,2299209371019,855666995128,0.0,
2026-10-01T14:20:25.421185+00:00,freq,0,0,1200.0,1200.0,2500.0,900.0,0,,,,
2026-10-01T14:20:25.421185+00:00,freq,1,0,550.0,550.0,1200.0,550.0,0,,,,
2026-10-01T14:20:25.421185+00:00,power,0,0,,,,,,2299209371019,855667999813,0.0,
2026-10-01T14:20:26.424472+00:00,freq,0,0,1200.0,1200.0,2500.0,900.0,0,,,,
2026-10-01T14:20:26.424472+00:00,freq,1,0,550.0,550.0,1200.0,550.0,0,,,,
2026-10-01T14:20:26.424472+00:00,power,0,0,,,,,,2299209371019,855669003042,0.0,
2026-10-01T14:20:27.429565+00:00,freq,0,0,1200.0,1200.0,2500.0,900.0,0,,,,
2026-10-01T14:20:27.429565+00:00,freq,1,0,550.0,550.0,1200.0,550.0,0,,,,
2026-10-01T14:20:27.429565+00:00,power,0,0,,,,,,2299209371019,855670008198,0.0,
2026-10-01T14:20:28.420614+00:00,freq,0,0,1200.0,1200.0,2500.0,900.0,0,,,,
2026-10-01T14:20:28.420614+00:00,freq,1,0,550.0,550.0,1200.0,550.0,0,,,,
2026-10-01T14:20:28.420614+00:00,power,0,0,,,,,,2299209371019,855670999216,0.0,
2026-10-01T14:20:29.423815+00:00,freq,0,0,1200.0,1200.0,2500.0,900.0,0,,,,
2026-10-01T14:20:29.423815+00:00,freq,1,0,550.0,550.0,1200.0,550.0,0,,,,
2026-10-01T14:20:29.423815+00:00,power,0,0,,,,,,2299209371019,855672002346,0.0,
2026-10-01T14:20:30.429593+00:00,freq,0,0,1200.0,1200.0,2500.0,900.0,0,,,,
2026-10-01T14:20:30.429593+00:00,freq,1,0,550.0,550.0,1200.0,550.0,0,,,,
2026-10-01T14:20:30.429593+00:00,power,0,0,,,,,,2299209371019,855673008049,0.0,
2026-10-01T14:20:31.416756+00:00,freq,0,0,1200.0,1200.0,2500.0,900.0,0,,,,
2026-10-01T14:20:31.416756+00:00,freq,1,0,550.0,550.0,1200.0,550.0,0,,,,
2026-10-01T14:20:31.416756+00:00,power,0,0,,,,,,2299209371019,855673995247,0.0,
2026-10-01T14:20:32.419890+00:00,freq,0,0,1200.0,1200.0,2500.0,900.0,0,,,,
2026-10-01T14:20:32.419890+00:00,freq,1,0,550.0,550.0,1200.0,550.0,0,,,,
2026-10-01T14:20:32.419890+00:00,power,0,0,,,,,,2299209371019,855674998316,0.0,
2026-10-01T14:20:33.425203+00:00,freq,0,0,1200.0,1200.0,2500.0,900.0,0,,,,
2026-10-01T14:20:33.425203+00:00,freq,1,0,550.0,550.0,1200.0,550.0,0,,,,
2026-10-01T14:20:33.425203+00:00,power,0,0,,,,,,2299209371202,855676003623,0.00018203394584937735,
2026-10-01T14:20:34.429803+00:00,freq,0,0,1200.0,1200.0,2500.0,900.0,0,,,,
2026-10-01T14:20:34.429803+00:00,freq,1,0,550.0,550.0,1200.0,550.0,0,,,,
2026-10-01T14:20:34.429803+00:00,power,0,0,,,,,,2299209371202,855677008243,0.0,
2026-10-01T14:20:35.417847+00:00,freq,0,0,1200.0,1200.0,2500.0,900.0,0,,,,
2026-10-01T14:20:35.417847+00:00,freq,1,0,550.0,550.0,1200.0,550.0,0,,,,
2026-10-01T14:20:35.417847+00:00,power,0,0,,,,,,2299209371202,855677996211,0.0,
2026-10-01T14:20:36.421230+00:00,freq,0,0,1200.0,1200.0,2500.0,900.0,0,,,,
2026-10-01T14:20:36.421230+00:00,freq,1,0,550.0,550.0,1200.0,550.0,0,,,,
2026-10-01T14:20:36.421230+00:00,power,0,0,,,,,,2299209371202,855678999586,0.0,
2026-10-01T14:20:37.427729+00:00,freq,0,0,1200.0,1200.0,2500.0,900.0,0,,,,
2026-10-01T14:20:37.427729+00:00,freq,1,0,550.0,550.0,1200.0,550.0,0,,,,
2026-10-01T14:20:37.427729+00:00,power,0,0,,,,,,2299209371202,855680006076,0.0,
2026-10-01T14:20:38.418521+00:00,freq,0,0,1200.0,1200.0,2500.0,900.0,0,,,,
2026-10-01T14:20:38.418521+00:00,freq,1,0,550.0,550.0,1200.0,550.0,0,,,,
2026-10-01T14:20:38.418521+00:00,power,0,0,,,,,,2299209371202,855680996960,0.0,
2026-10-01T14:20:39.422539+00:00,freq,0,0,1200.0,1200.0,2500.0,900.0,0,,,,
2026-10-01T14:20:39.422539+00:00,freq,1,0,550.0,550.0,1200.0,550.0,0,,,,
2026-10-01T14:20:39.422539+00:00,power,0,0,,,,,,2299209372446,855682000949,0.0012390574000312753,
2026-10-01T14:20:40.426857+00:00,freq,0,0,1200.0,1200.0,2500.0,900.0,0,,,,
2026-10-01T14:20:40.426857+00:00,freq,1,0,550.0,550.0,1200.0,550.0,0,,,,
2026-10-01T14:20:40.426857+00:00,power,0,0,,,,,,2299209372446,855683005215,0.0,
2026-10-01T14:20:41.413361+00:00,freq,0,0,1200.0,1200.0,2500.0,900.0,0,,,,
2026-10-01T14:20:41.413361+00:00,freq,1,0,550.0,550.0,1200.0,550.0,0,,,,
2026-10-01T14:20:41.413361+00:00,power,0,0,,,,,,2299209372446,855683991378,0.0,
2026-10-01T14:20:42.414051+00:00,freq,0,0,1200.0,1200.0,2500.0,900.0,0,,,,
2026-10-01T14:20:42.414051+00:00,freq,1,0,550.0,550.0,1200.0,550.0,0,,,,
2026-10-01T14:20:42.414051+00:00,power,0,0,,,,,,2299209372446,855684992046,0.0,
2026-10-01T14:20:43.415027+00:00,freq,0,0,1200.0,1200.0,2500.0,900.0,0,,,,
2026-10-01T14:20:43.415027+00:00,freq,1,0,550.0,550.0,1200.0,550.0,0,,,,
2026-10-01T14:20:43.415027+00:00,power,0,0,,,,,,2299209372446,855685993027,0.0,
2026-10-01T14:20:44.430456+00:00,freq,0,0,1200.0,1200.0,2500.0,900.0,0,,,,
2026-10-01T14:20:44.430456+00:00,freq,1,0,550.0,550.0,1200.0,550.0,0,,,,
2026-10-01T14:20:44.430456+00:00,power,0,0,,,,,,2299209372446,855687008544,0.0,
2026-10-01T14:20:45.417155+00:00,freq,0,0,2450.0,4250.0,2450.0,900.0,2,,,,
2026-10-01T14:20:45.417155+00:00,freq,1,0,550.0,550.0,1200.0,550.0,0,,,,
2026-10-01T14:20:45.417155+00:00,power,0,0,,,,,,2299221735605,855687995187,12.53052927958745,
2026-10-01T14:20:46.420737+00:00,freq,0,0,2500.0,4250.0,2450.0,900.0,0,,,,
2026-10-01T14:20:46.420737+00:00,freq,1,0,550.0,550.0,1200.0,550.0,0,,,,
2026-10-01T14:20:46.420737+00:00,power,0,0,,,,,,2299256645883,855688998733,34.78692356902424,
2026-10-01T14:20:47.430708+00:00,freq,0,0,2500.0,4250.0,2500.0,900.0,0,,,,
2026-10-01T14:20:47.430708+00:00,freq,1,0,550.0,550.0,1200.0,550.0,0,,,,
2026-10-01T14:20:47.430708+00:00,power,0,0,,,,,,2299288280892,855690008538,31.327839533375254,
2026-10-01T14:20:48.419652+00:00,freq,0,0,2500.0,4250.0,2500.0,900.0,0,,,,
2026-10-01T14:20:48.419652+00:00,freq,1,0,550.0,550.0,1200.0,550.0,0,,,,
2026-10-01T14:20:48.419652+00:00,power,0,0,,,,,,2299318768403,855690997614,30.824234942512,
2026-10-01T14:20:49.425791+00:00,freq,0,0,2450.0,4250.0,2450.0,900.0,2,,,,
2026-10-01T14:20:49.425791+00:00,freq,1,0,550.0,550.0,1200.0,550.0,0,,,,
2026-10-01T14:20:49.425791+00:00,power,0,0,,,,,,2299348438080,855692003625,29.49239819445314,
2026-10-01T14:20:50.429668+00:00,freq,0,0,2500.0,4250.0,2500.0,900.0,0,,,,
2026-10-01T14:20:50.429668+00:00,freq,1,0,550.0,550.0,1200.0,600.0,0,,,,
2026-10-01T14:20:50.429668+00:00,power,0,0,,,,,,2299376963165,855693007500,28.414976964263477,
2026-10-01T14:20:51.419540+00:00,freq,0,0,2500.0,4250.0,2500.0,900.0,0,,,,
2026-10-01T14:20:51.419540+00:00,freq,1,0,600.0,600.0,1200.0,550.0,0,,,,
2026-10-01T14:20:51.419540+00:00,power,0,0,,,,,,2299403923515,855693997310,27.237904244248895,
2026-10-01T14:20:52.424970+00:00,freq,0,0,2450.0,4250.0,2500.0,900.0,2,,,,
2026-10-01T14:20:52.424970+00:00,freq,1,0,550.0,550.0,1200.0,550.0,0,,,,
2026-10-01T14:20:52.424970+00:00,power,0,0,,,,,,2299430620597,855695002725,26.55329590268695,
2026-10-01T14:20:53.428236+00:00,freq,0,0,2500.0,4250.0,2500.0,900.0,0,,,,
2026-10-01T14:20:53.428236+00:00,freq,1,0,550.0,550.0,1200.0,600.0,0,,,,
2026-10-01T14:20:53.428236+00:00,power,0,0,,,,,,2299456774039,855696005812,26.072954788567692,
2026-10-01T14:20:54.420391+00:00,freq,0,0,2500.0,4250.0,2500.0,900.0,0,,,,
2026-10-01T14:20:54.420391+00:00,freq,1,0,600.0,600.0,1200.0,600.0,0,,,,
2026-10-01T14:20:54.420391+00:00,power,0,0,,,,,,2299474714431,855696998363,18.07503292022274,
2026-10-01T14:20:55.425469+00:00,freq,0,0,2500.0,4250.0,2500.0,900.0,0,,,,
2026-10-01T14:20:55.425469+00:00,freq,1,0,600.0,600.0,1200.0,550.0,0,,,,
2026-10-01T14:20:55.425469+00:00,power,0,0,,,,,,2299474714431,855698003381,0.0,
2026-10-01T14:20:56.431760+00:00,freq,0,0,2500.0,4250.0,2500.0,900.0,0,,,,
2026-10-01T14:20:56.431760+00:00,freq,1,0,550.0,550.0,1200.0,550.0,0,,,,
2026-10-01T14:20:56.431760+00:00,power,0,0,,,,,,2299474714431,855699009690,0.0,
2026-10-01T14:20:57.420599+00:00,freq,0,0,2500.0,4250.0,2500.0,900.0,0,,,,
2026-10-01T14:20:57.420599+00:00,freq,1,0,550.0,550.0,1200.0,550.0,0,,,,
2026-10-01T14:20:57.420599+00:00,power,0,0,,,,,,2299474714431,855699998500,0.0,
2026-10-01T14:20:58.426427+00:00,freq,0,0,2500.0,4250.0,2500.0,900.0,0,,,,
2026-10-01T14:20:58.426427+00:00,freq,1,0,550.0,550.0,1200.0,550.0,0,,,,
2026-10-01T14:20:58.426427+00:00,power,0,0,,,,,,2299474714431,855701004262,0.0,
2026-10-01T14:20:59.432999+00:00,freq,0,0,2500.0,4250.0,2500.0,900.0,0,,,,
2026-10-01T14:20:59.432999+00:00,freq,1,0,550.0,550.0,1200.0,550.0,0,,,,
2026-10-01T14:20:59.432999+00:00,power,0,0,,,,,,2299474714431,855702010842,0.0,
2026-10-01T14:21:00.421662+00:00,freq,0,0,2500.0,4250.0,2500.0,900.0,0,,,,
2026-10-01T14:21:00.421662+00:00,freq,1,0,550.0,550.0,1200.0,550.0,0,,,,
2026-10-01T14:21:00.421662+00:00,power,0,0,,,,,,2299474714431,855702999416,0.0,
2026-10-01T14:21:01.427054+00:00,freq,0,0,2500.0,4250.0,2500.0,900.0,0,,,,
2026-10-01T14:21:01.427054+00:00,freq,1,0,550.0,550.0,1200.0,550.0,0,,,,
2026-10-01T14:21:01.427054+00:00,power,0,0,,,,,,2299474714431,855704004794,0.0,
2026-10-01T14:21:02.430977+00:00,freq,0,0,2500.0,4250.0,2500.0,900.0,0,,,,
2026-10-01T14:21:02.430977+00:00,freq,1,0,550.0,550.0,1200.0,550.0,0,,,,
2026-10-01T14:21:02.430977+00:00,power,0,0,,,,,,2299474715102,855705008693,0.0006683939320589024,
2026-10-01T14:21:03.418708+00:00,freq,0,0,2500.0,4250.0,2500.0,900.0,0,,,,
2026-10-01T14:21:03.418708+00:00,freq,1,0,550.0,550.0,1200.0,550.0,0,,,,
2026-10-01T14:21:03.418708+00:00,power,0,0,,,,,,2299474715102,855705996302,0.0,
2026-10-01T14:21:04.423180+00:00,freq,0,0,2500.0,4250.0,2500.0,900.0,0,,,,
2026-10-01T14:21:04.423180+00:00,freq,1,0,550.0,550.0,1200.0,550.0,0,,,,
2026-10-01T14:21:04.423180+00:00,power,0,0,,,,,,2299474716407,855707000741,0.0012992327060179863,
2026-10-01T14:21:05.428625+00:00,freq,0,0,2500.0,4250.0,2500.0,900.0,0,,,,
2026-10-01T14:21:05.428625+00:00,freq,1,0,550.0,550.0,1200.0,550.0,0,,,,
2026-10-01T14:21:05.428625+00:00,power,0,0,,,,,,2299474716407,855708006211,0.0,
2026-10-01T14:21:06.417932+00:00,freq,0,0,2500.0,4250.0,2500.0,900.0,0,,,,
2026-10-01T14:21:06.417932+00:00,freq,1,0,550.0,550.0,1200.0,550.0,0,,,,
2026-10-01T14:21:06.417932+00:00,power,0,0,,,,,,2299474716407,855708995593,0.0,
2026-10-01T14:21:07.426044+00:00,freq,0,0,2500.0,4250.0,2500.0,900.0,0,,,,
2026-10-01T14:21:07.426044+00:00,freq,1,0,550.0,550.0,1200.0,550.0,0,,,,
2026-10-01T14:21:07.426044+00:00,power,0,0,,,,,,2299474716529,855710003627,0.00012102766374943702,
2026-10-01T14:21:08.431104+00:00,freq,0,0,2500.0,4250.0,2500.0,900.0,0,,,,
2026-10-01T14:21:08.431104+00:00,freq,1,0,550.0,550.0,1200.0,550.0,0,,,,
2026-10-01T14:21:08.431104+00:00,power,0,0,,,,,,2299474716529,855711008756,0.0,
2026-10-01T14:21:09.418845+00:00,freq,0,0,2500.0,4250.0,2500.0,900.0,0,,,,
2026-10-01T14:21:09.418845+00:00,freq,1,0,550.0,550.0,1200.0,550.0,0,,,,
2026-10-01T14:21:09.418845+00:00,power,0,0,,,,,,2299474716529,855711996456,0.0,
2026-10-01T14:21:10.422255+00:00,freq,0,0,2500.0,4250.0,2500.0,900.0,0,,,,
2026-10-01T14:21:10.422255+00:00,freq,1,0,550.0,550.0,1200.0,550.0,0,,,,
2026-10-01T14:21:10.422255+00:00,power,0,0,,,,,,2299474717749,855712999799,0.0012159351288642069,
2026-10-01T14:21:11.426101+00:00,freq,0,0,2500.0,4250.0,2500.0,900.0,0,,,,
2026-10-01T14:21:11.426101+00:00,freq,1,0,550.0,550.0,1200.0,550.0,0,,,,
2026-10-01T14:21:11.426101+00:00,power,0,0,,,,,,2299474717871,855714003639,0.00012153331208160663,
2026-10-01T14:21:12.430616+00:00,freq,0,0,2500.0,4250.0,2500.0,900.0,0,,,,
2026-10-01T14:21:12.430616+00:00,freq,1,0,550.0,550.0,1200.0,550.0,0,,,,
2026-10-01T14:21:12.430616+00:00,power,0,0,,,,,,2299474717871,855715008128,0.0,
2026-10-01T14:21:13.418776+00:00,freq,0,0,2500.0,4250.0,2500.0,900.0,0,,,,
2026-10-01T14:21:13.418776+00:00,freq,1,0,550.0,550.0,1200.0,550.0,0,,,,
2026-10-01T14:21:13.418776+00:00,power,0,0,,,,,,2299474717871,855715996212,0.0,
2026-10-01T14:21:14.424091+00:00,freq,0,0,2500.0,4250.0,2500.0,900.0,0,,,,
2026-10-01T14:21:14.424091+00:00,freq,1,0,550.0,550.0,1200.0,550.0,0,,,,
2026-10-01T14:21:14.424091+00:00,power,0,0,,,,,,2299474717871,855717001554,0.0,
2026-10-01T14:21:15.431450+00:00,freq,0,0,2500.0,4250.0,2500.0,900.0,0,,,,
2026-10-01T14:21:15.431450+00:00,freq,1,0,550.0,550.0,1200.0,550.0,0,,,,
2026-10-01T14:21:15.431450+00:00,power,0,0,,,,,,2299474717871,855718008838,0.0,
2026-10-01T14:21:16.423942+00:00,freq,0,0,2450.0,4250.0,2450.0,900.0,2,,,,
2026-10-01T14:21:16.423942+00:00,freq,1,0,550.0,550.0,1200.0,550.0,0,,,,
2026-10-01T14:21:16.423942+00:00,power,0,0,,,,,,2299493484557,855719001133,18.91240608891509,
2026-10-01T14:21:17.425935+00:00,freq,0,0,2400.0,4250.0,2450.0,900.0,2,,,,
2026-10-01T14:21:17.425935+00:00,freq,1,0,550.0,550.0,1200.0,550.0,0,,,,
2026-10-01T14:21:17.425935+00:00,power,0,0,,,,,,2299527658873,855720002960,34.11199338807998,
2026-10-01T14:21:18.430208+00:00,freq,0,0,2500.0,4250.0,2500.0,900.0,0,,,,
2026-10-01T14:21:18.430208+00:00,freq,1,0,550.0,550.0,1200.0,550.0,0,,,,
2026-10-01T14:21:18.430208+00:00,power,0,0,,,,,,2299560053793,855721007252,32.256475208405526,
2026-10-01T14:21:19.419616+00:00,freq,0,0,2500.0,4250.0,2450.0,900.0,0,,,,
2026-10-01T14:21:19.419616+00:00,freq,1,0,550.0,550.0,1200.0,550.0,0,,,,
2026-10-01T14:21:19.419616+00:00,power,0,0,,,,,,2299590388937,855721996769,30.656516259953086,
2026-10-01T14:21:20.423492+00:00,freq,0,0,2500.0,4250.0,2500.0,900.0,0,,,,
2026-10-01T14:21:20.423492+00:00,freq,1,0,550.0,550.0,1200.0,550.0,0,,,,
2026-10-01T14:21:20.423492+00:00,power,0,0,,,,,,2299619485395,855723000657,28.983769105716974,
2026-10-01T14:21:21.427801+00:00,freq,0,0,2500.0,4250.0,2500.0,900.0,0,,,,
2026-10-01T14:21:21.427801+00:00,freq,1,0,550.0,550.0,1200.0,550.0,0,,,,
2026-10-01T14:21:21.427801+00:00,power,0,0,,,,,,2299647738202,855724004955,28.131896110516998,
2026-10-01T14:21:22.434829+00:00,freq,0,0,2500.0,4250.0,2500.0,900.0,0,,,,
2026-10-01T14:21:22.434829+00:00,freq,1,0,550.0,550.0,1200.0,600.0,0,,,,
2026-10-01T14:21:22.434829+00:00,power,0,0,,,,,,2299675039288,855725011757,27.116638624079016,
2026-10-01T14:21:23.424946+00:00,freq,0,0,2500.0,4250.0,2500.0,900.0,0,,,,
2026-10-01T14:21:23.424946+00:00,freq,1,0,600.0,600.0,1200.0,550.0,0,,,,
2026-10-01T14:21:23.424946+00:00,power,0,0,,,,,,2299701100895,855726001996,26.31850189701678,
2026-10-01T14:21:24.428942+00:00,freq,0,0,2500.0,4250.0,2500.0,900.0,0,,,,
2026-10-01T14:21:24.428942+00:00,freq,1,0,550.0,550.0,1200.0,550.0,0,,,,
2026-10-01T14:21:24.428942+00:00,power,0,0,,,,,,2299726873684,855727006326,25.661673951788753,
2026-10-01T14:21:25.416856+00:00,freq,0,0,2500.0,4250.0,2500.0,900.0,0,,,,
2026-10-01T14:21:25.416856+00:00,freq,1,0,550.0,550.0,1200.0,550.0,0,,,,
2026-10-01T14:21:25.416856+00:00,power,0,0,,,,,,2299739046497,855727994007,12.324640243155432,
2026-10-01T14:21:26.421932+00:00,freq,0,0,2500.0,4250.0,2500.0,900.0,0,,,,
2026-10-01T14:21:26.421932+00:00,freq,1,0,550.0,550.0,1200.0,550.0,0,,,,
2026-10-01T14:21:26.421932+00:00,power,0,0,,,,,,2299739046497,855728999055,0.0,
2026-10-01T14:21:27.425708+00:00,freq,0,0,2500.0,4250.0,2500.0,900.0,0,,,,
2026-10-01T14:21:27.425708+00:00,freq,1,0,550.0,550.0,1200.0,550.0,0,,,,
2026-10-01T14:21:27.425708+00:00,power,0,0,,,,,,2299739046497,855730002851,0.0,
2026-10-01T14:21:28.429755+00:00,freq,0,0,2500.0,4250.0,2500.0,900.0,0,,,,
2026-10-01T14:21:28.429755+00:00,freq,1,0,550.0,550.0,1200.0,550.0,0,,,,
2026-10-01T14:21:28.429755+00:00,power,0,0,,,,,,2299739046497,855731006871,0.0,
2026-10-01T14:21:29.420337+00:00,freq,0,0,2500.0,4250.0,2500.0,900.0,0,,,,
2026-10-01T14:21:29.420337+00:00,freq,1,0,550.0,550.0,1200.0,550.0,0,,,,
2026-10-01T14:21:29.420337+00:00,power,0,0,,,,,,2299739046497,855731997389,0.0,
2026-10-01T14:21:30.423150+00:00,freq,0,0,2500.0,4250.0,2500.0,900.0,0,,,,
2026-10-01T14:21:30.423150+00:00,freq,1,0,550.0,550.0,1200.0,550.0,0,,,,
2026-10-01T14:21:30.423150+00:00,power,0,0,,,,,,2299739046497,855733000201,0.0,
2026-10-01T14:21:31.428327+00:00,freq,0,0,2500.0,4250.0,2500.0,900.0,0,,,,
2026-10-01T14:21:31.428327+00:00,freq,1,0,550.0,550.0,1200.0,550.0,0,,,,
2026-10-01T14:21:31.428327+00:00,power,0,0,,,,,,2299739046497,855734005337,0.0,
2026-10-01T14:21:32.416353+00:00,freq,0,0,2500.0,4250.0,2500.0,900.0,0,,,,
2026-10-01T14:21:32.416353+00:00,freq,1,0,550.0,550.0,1200.0,550.0,0,,,,
2026-10-01T14:21:32.416353+00:00,power,0,0,,,,,,2299739046497,855734993652,0.0,
2026-10-01T14:21:33.421160+00:00,freq,0,0,2500.0,4250.0,2500.0,900.0,0,,,,
2026-10-01T14:21:33.421160+00:00,freq,1,0,550.0,550.0,1200.0,550.0,0,,,,
2026-10-01T14:21:33.421160+00:00,power,0,0,,,,,,2299739046497,855735998139,0.0,
2026-10-01T14:21:34.424806+00:00,freq,0,0,2500.0,4250.0,2500.0,900.0,0,,,,
2026-10-01T14:21:34.424806+00:00,freq,1,0,550.0,550.0,1200.0,550.0,0,,,,
2026-10-01T14:21:34.424806+00:00,power,0,0,,,,,,2299739046497,855737001760,0.0,
2026-10-01T14:21:35.430038+00:00,freq,0,0,2500.0,4250.0,2500.0,900.0,0,,,,
2026-10-01T14:21:35.430038+00:00,freq,1,0,550.0,550.0,1200.0,550.0,0,,,,
2026-10-01T14:21:35.430038+00:00,power,0,0,,,,,,2299739046497,855738006984,0.0,
2026-10-01T14:21:36.416218+00:00,freq,0,0,2500.0,4250.0,2500.0,900.0,0,,,,
2026-10-01T14:21:36.416218+00:00,freq,1,0,550.0,550.0,1200.0,550.0,0,,,,
2026-10-01T14:21:36.416218+00:00,power,0,0,,,,,,2299739046985,855738993244,0.0004947985318273072,
2026-10-01T14:21:37.422268+00:00,freq,0,0,2500.0,4250.0,2500.0,900.0,0,,,,
2026-10-01T14:21:37.422268+00:00,freq,1,0,550.0,550.0,1200.0,550.0,0,,,,
2026-10-01T14:21:37.422268+00:00,power,0,0,,,,,,2299739046985,855739999261,0.0,
2026-10-01T14:21:38.428207+00:00,freq,0,0,2500.0,4250.0,2500.0,900.0,0,,,,
2026-10-01T14:21:38.428207+00:00,freq,1,0,550.0,550.0,1200.0,550.0,0,,,,
2026-10-01T14:21:38.428207+00:00,power,0,0,,,,,,2299739046985,855741005190,0.0,
2026-10-01T14:21:39.434743+00:00,freq,0,0,2500.0,4250.0,2500.0,900.0,0,,,,
2026-10-01T14:21:39.434743+00:00,freq,1,0,550.0,550.0,1200.0,550.0,0,,,,
2026-10-01T14:21:39.434743+00:00,power,0,0,,,,,,2299739046985,855742011652,0.0,
2026-10-01T14:21:40.424281+00:00,freq,0,0,2500.0,4250.0,2500.0,900.0,0,,,,
2026-10-01T14:21:40.424281+00:00,freq,1,0,550.0,550.0,1200.0,550.0,0,,,,
2026-10-01T14:21:40.424281+00:00,power,0,0,,,,,,2299739046985,855743001197,0.0,
2026-10-01T14:21:41.429619+00:00,freq,0,0,2500.0,4250.0,2500.0,900.0,0,,,,
2026-10-01T14:21:41.429619+00:00,freq,1,0,550.0,550.0,1200.0,550.0,0,,,,
2026-10-01T14:21:41.429619+00:00,power,0,0,,,,,,2299739046985,855744006425,0.0,
2026-10-01T14:21:42.418312+00:00,freq,0,0,2500.0,4250.0,2500.0,900.0,0,,,,
2026-10-01T14:21:42.418312+00:00,freq,1,0,550.0,550.0,1200.0,550.0,0,,,,
2026-10-01T14:21:42.418312+00:00,power,0,0,,,,,,2299739046985,855744995061,0.0,
2026-10-01T14:21:43.424205+00:00,freq,0,0,2500.0,4250.0,2500.0,900.0,0,,,,
2026-10-01T14:21:43.424205+00:00,freq,1,0,550.0,550.0,1200.0,550.0,0,,,,
2026-10-01T14:21:43.424205+00:00,power,0,0,,,,,,2299739046985,855746000895,0.0,
2026-10-01T14:21:44.427698+00:00,freq,0,0,2500.0,4250.0,2500.0,900.0,0,,,,
2026-10-01T14:21:44.427698+00:00,freq,1,0,550.0,550.0,1200.0,550.0,0,,,,
2026-10-01T14:21:44.427698+00:00,power,0,0,,,,,,2299739046985,855747004446,0.0,
2026-10-01T14:21:45.431552+00:00,freq,0,0,2500.0,4250.0,2500.0,900.0,0,,,,
2026-10-01T14:21:45.431552+00:00,freq,1,0,550.0,550.0,1200.0,550.0,0,,,,
2026-10-01T14:21:45.431552+00:00,power,0,0,,,,,,2299739046985,855748008250,0.0,
2026-10-01T14:21:46.422372+00:00,freq,0,0,2500.0,4250.0,2500.0,900.0,0,,,,
2026-10-01T14:21:46.422372+00:00,freq,1,0,550.0,550.0,1200.0,550.0,0,,,,
2026-10-01T14:21:46.422372+00:00,power,0,0,,,,,,2299739046985,855748999793,0.0,
2026-10-01T14:21:47.428089+00:00,freq,0,0,2500.0,4250.0,2500.0,900.0,0,,,,
2026-10-01T14:21:47.428089+00:00,freq,1,0,550.0,550.0,1200.0,550.0,0,,,,
2026-10-01T14:21:47.428089+00:00,power,0,0,,,,,,2299768202464,855750004557,29.01724086452142,
2026-10-01T14:21:48.434568+00:00,freq,0,0,2500.0,4250.0,2500.0,900.0,0,,,,
2026-10-01T14:21:48.434568+00:00,freq,1,0,550.0,550.0,1200.0,550.0,0,,,,
2026-10-01T14:21:48.434568+00:00,power,0,0,,,,,,2299802148814,855751011084,33.726218968790704,
2026-10-01T14:21:49.422722+00:00,freq,0,0,2450.0,4250.0,2400.0,900.0,2,,,,
2026-10-01T14:21:49.422722+00:00,freq,1,0,550.0,550.0,1200.0,600.0,0,,,,
2026-10-01T14:21:49.422722+00:00,power,0,0,,,,,,2299833718356,855751999208,31.948967943294566,
2026-10-01T14:21:50.429102+00:00,freq,0,0,2500.0,4250.0,2500.0,900.0,0,,,,
2026-10-01T14:21:50.429102+00:00,freq,1,0,600.0,600.0,1200.0,550.0,0,,,,
2026-10-01T14:21:50.429102+00:00,power,0,0,,,,,,2299864480257,855753005340,30.574418664747768,
2026-10-01T14:21:51.419621+00:00,freq,0,0,2500.0,4250.0,2500.0,900.0,0,,,,
2026-10-01T14:21:51.419621+00:00,freq,1,0,550.0,550.0,1200.0,550.0,0,,,,
2026-10-01T14:21:51.419621+00:00,power,0,0,,,,,,2299892869379,855753995982,28.657296985187383,
2026-10-01T14:21:52.422490+00:00,freq,0,0,2500.0,4250.0,2450.0,900.0,0,,,,
2026-10-01T14:21:52.422490+00:00,freq,1,0,550.0,550.0,1200.0,550.0,0,,,,
2026-10-01T14:21:52.422490+00:00,power,0,0,,,,,,2299920590082,855754998936,27.639057224957476,
2026-10-01T14:21:53.425941+00:00,freq,0,0,2500.0,4250.0,2500.0,900.0,0,,,,
2026-10-01T14:21:53.425941+00:00,freq,1,0,550.0,550.0,1200.0,600.0,0,,,,
2026-10-01T14:21:53.425941+00:00,power,0,0,,,,,,2299947629961,855756002234,26.950994619744083,
2026-10-01T14:21:54.430203+00:00,freq,0,0,2500.0,4250.0,2500.0,900.0,0,,,,
2026-10-01T14:21:54.430203+00:00,freq,1,0,600.0,600.0,1200.0,600.0,0,,,,
2026-10-01T14:21:54.430203+00:00,power,0,0,,,,,,2299973712687,855757006565,25.97024885222103,
2026-10-01T14:21:55.420321+00:00,freq,0,0,2500.0,4250.0,2500.0,900.0,0,,,,
2026-10-01T14:21:55.420321+00:00,freq,1,0,600.0,600.0,1200.0,600.0,0,,,,
2026-10-01T14:21:55.420321+00:00,power,0,0,,,,,,2299998045657,855757996557,24.5789561935854,
2026-10-01T14:21:56.426449+00:00,freq,0,0,2500.0,4250.0,2500.0,900.0,0,,,,
2026-10-01T14:21:56.426449+00:00,freq,1,0,600.0,600.0,1200.0,550.0,0,,,,
2026-10-01T14:21:56.426449+00:00,power,0,0,,,,,,2300004708071,855759002811,6.621006227055992,
2026-10-01T14:21:57.433441+00:00,freq,0,0,2500.0,4250.0,2500.0,900.0,0,,,,
2026-10-01T14:21:57.433441+00:00,freq,1,0,550.0,550.0,1200.0,550.0,0,,,,
2026-10-01T14:21:57.433441+00:00,power,0,0,,,,,,2300004708071,855760009772,0.0,
2026-10-01T14:21:58.422501+00:00,freq,0,0,2500.0,4250.0,2500.0,900.0,0,,,,
2026-10-01T14:21:58.422501+00:00,freq,1,0,550.0,550.0,1200.0,550.0,0,,,,
2026-10-01T14:21:58.422501+00:00,power,0,0,,,,,,2300004708071,855760998860,0.0,
2026-10-01T14:21:59.428048+00:00,freq,0,0,2500.0,4250.0,2500.0,900.0,0,,,,
2026-10-01T14:21:59.428048+00:00,freq,1,0,550.0,550.0,1200.0,550.0,0,,,,
2026-10-01T14:21:59.428048+00:00,power,0,0,,,,,,2300004708071,855762004374,0.0,
2026-10-01T14:22:00.432669+00:00,freq,0,0,2500.0,4250.0,2500.0,900.0,0,,,,
2026-10-01T14:22:00.432669+00:00,freq,1,0,550.0,550.0,1200.0,550.0,0,,,,
2026-10-01T14:22:00.432669+00:00,power,0,0,,,,,,2300004708071,855763008980,0.0,
2026-10-01T14:22:01.421752+00:00,freq,0,0,2500.0,4250.0,2500.0,900.0,0,,,,
2026-10-01T14:22:01.421752+00:00,freq,1,0,550.0,550.0,1200.0,550.0,0,,,,
2026-10-01T14:22:01.421752+00:00,power,0,0,,,,,,2300004708071,855763998109,0.0,
2026-10-01T14:22:02.427137+00:00,freq,0,0,2500.0,4250.0,2500.0,900.0,0,,,,
2026-10-01T14:22:02.427137+00:00,freq,1,0,550.0,550.0,1200.0,550.0,0,,,,
2026-10-01T14:22:02.427137+00:00,power,0,0,,,,,,2300004708071,855765003498,0.0,
2026-10-01T14:22:03.432231+00:00,freq,0,0,2500.0,4250.0,2500.0,900.0,0,,,,
2026-10-01T14:22:03.432231+00:00,freq,1,0,550.0,550.0,1200.0,550.0,0,,,,
2026-10-01T14:22:03.432231+00:00,power,0,0,,,,,,2300004708071,855766008571,0.0,
2026-10-01T14:22:04.420873+00:00,freq,0,0,2500.0,4250.0,2500.0,900.0,0,,,,
2026-10-01T14:22:04.420873+00:00,freq,1,0,550.0,550.0,1200.0,550.0,0,,,,
2026-10-01T14:22:04.420873+00:00,power,0,0,,,,,,2300004708071,855766997133,0.0,
2026-10-01T14:22:05.425656+00:00,freq,0,0,2500.0,4250.0,2500.0,900.0,0,,,,
2026-10-01T14:22:05.425656+00:00,freq,1,0,550.0,550.0,1200.0,550.0,0,,,,
2026-10-01T14:22:05.425656+00:00,power,0,0,,,,,,2300004708071,855768002130,0.0,
2026-10-01T14:22:06.431153+00:00,freq,0,0,2500.0,4250.0,2500.0,900.0,0,,,,
2026-10-01T14:22:06.431153+00:00,freq,1,0,550.0,550.0,1200.0,550.0,0,,,,
2026-10-01T14:22:06.431153+00:00,power,0,0,,,,,,2300004708071,855769007338,0.0,
2026-10-01T14:22:07.420114+00:00,freq,0,0,2500.0,4250.0,2500.0,900.0,0,,,,
2026-10-01T14:22:07.420114+00:00,freq,1,0,550.0,550.0,1200.0,550.0,0,,,,
2026-10-01T14:22:07.420114+00:00,power,0,0,,,,,,2300004708071,855769996351,0.0,
2026-10-01T14:22:08.423987+00:00,freq,0,0,2500.0,4250.0,2500.0,900.0,0,,,,
2026-10-01T14:22:08.423987+00:00,freq,1,0,550.0,550.0,1200.0,550.0,0,,,,
2026-10-01T14:22:08.423987+00:00,power,0,0,,,,,,2300004708071,855771000108,0.0,
2026-10-01T14:22:09.429993+00:00,freq,0,0,2500.0,4250.0,2500.0,900.0,0,,,,
2026-10-01T14:22:09.429993+00:00,freq,1,0,550.0,550.0,1200.0,550.0,0,,,,
2026-10-01T14:22:09.429993+00:00,power,0,0,,,,,,2300004708071,855772006199,0.0,
2026-10-01T14:22:10.419707+00:00,freq,0,0,2500.0,4250.0,2500.0,900.0,0,,,,
2026-10-01T14:22:10.419707+00:00,freq,1,0,550.0,550.0,1200.0,550.0,0,,,,
2026-10-01T14:22:10.419707+00:00,power,0,0,,,,,,2300004708071,855772995768,0.0,
2026-10-01T14:22:11.424445+00:00,freq,0,0,2500.0,4250.0,2500.0,900.0,0,,,,
2026-10-01T14:22:11.424445+00:00,freq,1,0,550.0,550.0,1200.0,550.0,0,,,,
2026-10-01T14:22:11.424445+00:00,power,0,0,,,,,,2300004708071,855774000511,0.0,
2026-10-01T14:22:12.430460+00:00,freq,0,0,2500.0,4250.0,2500.0,900.0,0,,,,
2026-10-01T14:22:12.430460+00:00,freq,1,0,550.0,550.0,1200.0,550.0,0,,,,
2026-10-01T14:22:12.430460+00:00,power,0,0,,,,,,2300004708071,855775006524,0.0,
2026-10-01T14:22:13.417713+00:00,freq,0,0,2500.0,4250.0,2500.0,900.0,0,,,,
2026-10-01T14:22:13.417713+00:00,freq,1,0,550.0,550.0,1200.0,550.0,0,,,,
2026-10-01T14:22:13.417713+00:00,power,0,0,,,,,,2300004708071,855775993867,0.0,
2026-10-01T14:22:14.421818+00:00,freq,0,0,2500.0,4250.0,2500.0,900.0,0,,,,
2026-10-01T14:22:14.421818+00:00,freq,1,0,550.0,550.0,1200.0,550.0,0,,,,
2026-10-01T14:22:14.421818+00:00,power,0,0,,,,,,2300004708071,855776997813,0.0,
2026-10-01T14:22:15.425739+00:00,freq,0,0,2500.0,4250.0,2500.0,900.0,0,,,,
2026-10-01T14:22:15.425739+00:00,freq,1,0,550.0,550.0,1200.0,550.0,0,,,,
2026-10-01T14:22:15.425739+00:00,power,0,0,,,,,,2300004709437,855778001751,0.0013606417926206598,
2026-10-01T14:22:16.435267+00:00,freq,0,0,2500.0,4250.0,2500.0,900.0,0,,,,
2026-10-01T14:22:16.435267+00:00,freq,1,0,550.0,550.0,1200.0,550.0,0,,,,
2026-10-01T14:22:16.435267+00:00,power,0,0,,,,,,2300004709437,855779011217,0.0,
2026-10-01T14:22:17.421840+00:00,freq,0,0,2500.0,4250.0,2500.0,900.0,0,,,,
2026-10-01T14:22:17.421840+00:00,freq,1,0,550.0,550.0,1200.0,550.0,0,,,,
2026-10-01T14:22:17.421840+00:00,power,0,0,,,,,,2300004709742,855779997622,0.0003092036232581952,
2026-10-01T14:22:18.422332+00:00,freq,0,0,2500.0,4250.0,2500.0,900.0,0,,,,
2026-10-01T14:22:18.422332+00:00,freq,1,0,550.0,550.0,1200.0,550.0,0,,,,
2026-10-01T14:22:18.422332+00:00,power,0,0,,,,,,2300004709742,855780998179,0.0,
2026-10-01T14:22:19.423559+00:00,freq,0,0,2500.0,4250.0,2500.0,900.0,0,,,,
2026-10-01T14:22:19.423559+00:00,freq,1,0,550.0,550.0,1200.0,550.0,0,,,,
2026-10-01T14:22:19.423559+00:00,power,0,0,,,,,,2300004709742,855781999245,0.0,
2026-10-01T14:22:20.438380+00:00,freq,0,0,2500.0,4250.0,2500.0,900.0,0,,,,
2026-10-01T14:22:20.438380+00:00,freq,1,0,550.0,550.0,1200.0,550.0,0,,,,
2026-10-01T14:22:20.438380+00:00,power,0,0,,,,,,2300004709742,855783014042,0.0,
2026-10-01T14:22:21.437436+00:00,freq,0,0,2450.0,4250.0,2500.0,900.0,2,,,,
2026-10-01T14:22:21.437436+00:00,freq,1,0,550.0,550.0,1200.0,550.0,0,,,,
2026-10-01T14:22:21.437436+00:00,power,0,0,,,,,,2300013968775,855784013164,9.26716957488675,
2026-10-01T14:22:22.425699+00:00,freq,0,0,2500.0,4250.0,2500.0,900.0,0,,,,
2026-10-01T14:22:22.425699+00:00,freq,1,0,550.0,550.0,1200.0,550.0,0,,,,
2026-10-01T14:22:22.425699+00:00,power,0,0,,,,,,2300048409472,855785001432,34.849551943399966,
2026-10-01T14:22:23.431138+00:00,freq,0,0,2500.0,4250.0,2500.0,900.0,0,,,,
2026-10-01T14:22:23.431138+00:00,freq,1,0,550.0,550.0,1200.0,550.0,0,,,,
2026-10-01T14:22:23.431138+00:00,power,0,0,,,,,,2300081519762,855786006781,32.93412536343101,
2026-10-01T14:22:24.419538+00:00,freq,0,0,2450.0,4250.0,2500.0,900.0,2,,,,
2026-10-01T14:22:24.419538+00:00,freq,1,0,550.0,550.0,1200.0,550.0,0,,,,
2026-10-01T14:22:24.419538+00:00,power,0,0,,,,,,2300112280931,855786995199,31.121619598186193,
2026-10-01T14:22:25.426670+00:00,freq,0,0,2500.0,4250.0,2500.0,900.0,0,,,,
2026-10-01T14:22:25.426670+00:00,freq,1,0,550.0,550.0,1200.0,550.0,0,,,,
2026-10-01T14:22:25.426670+00:00,power,0,0,,,,,,2300142032724,855788002253,29.543393899433397,
2026-10-01T14:22:26.430154+00:00,freq,0,0,2500.0,4250.0,2500.0,900.0,0,,,,
2026-10-01T14:22:26.430154+00:00,freq,1,0,550.0,550.0,1200.0,550.0,0,,,,
2026-10-01T14:22:26.430154+00:00,power,0,0,,,,,,2300170739999,855789005754,28.607121467741436,
2026-10-01T14:22:27.420264+00:00,freq,0,0,2500.0,4250.0,2500.0,900.0,0,,,,
2026-10-01T14:22:27.420264+00:00,freq,1,0,550.0,550.0,1200.0,550.0,0,,,,
2026-10-01T14:22:27.420264+00:00,power,0,0,,,,,,2300197697480,855789995761,27.22958625545072,
2026-10-01T14:22:28.426251+00:00,freq,0,0,2500.0,4250.0,2500.0,900.0,0,,,,
2026-10-01T14:22:28.426251+00:00,freq,1,0,550.0,550.0,1200.0,600.0,0,,,,
2026-10-01T14:22:28.426251+00:00,power,0,0,,,,,,2300224544305,855791001762,26.686678243858605,
2026-10-01T14:22:29.430408+00:00,freq,0,0,2500.0,4250.0,2500.0,900.0,0,,,,
2026-10-01T14:22:29.430408+00:00,freq,1,0,600.0,600.0,1200.0,600.0,0,,,,
2026-10-01T14:22:29.430408+00:00,power,0,0,,,,,,2300251268426,855792005744,26.61812761583375,
2026-10-01T14:22:30.418969+00:00,freq,0,0,2500.0,4250.0,2500.0,900.0,0,,,,
2026-10-01T14:22:30.418969+00:00,freq,1,0,600.0,600.0,1200.0,550.0,0,,,,
2026-10-01T14:22:30.418969+00:00,power,0,0,,,,,,2300257852044,855792994502,6.658472548388989,
2026-10-01T14:22:31.425067+00:00,freq,0,0,2500.0,4250.0,2500.0,900.0,0,,,,
2026-10-01T14:22:31.425067+00:00,freq,1,0,550.0,550.0,1200.0,550.0,0,,,,
2026-10-01T14:22:31.425067+00:00,power,0,0,,,,,,2300257852166,855794000706,0.00012124777878044611,
2026-10-01T14:22:32.429749+00:00,freq,0,0,2500.0,4250.0,2500.0,900.0,0,,,,
2026-10-01T14:22:32.429749+00:00,freq,1,0,550.0,550.0,1200.0,550.0,0,,,,
2026-10-01T14:22:32.429749+00:00,power,0,0,,,,,,2300257852166,855795005366,0.0,
2026-10-01T14:22:33.416956+00:00,freq,0,0,2500.0,4250.0,2500.0,900.0,0,,,,
2026-10-01T14:22:33.416956+00:00,freq,1,0,550.0,550.0,1200.0,550.0,0,,,,
2026-10-01T14:22:33.416956+00:00,power,0,0,,,,,,2300257852166,855795992545,0.0,
2026-10-01T14:22:34.420516+00:00,freq,0,0,2500.0,4250.0,2500.0,900.0,0,,,,
2026-10-01T14:22:34.420516+00:00,freq,1,0,550.0,550.0,1200.0,550.0,0,,,,
2026-10-01T14:22:34.420516+00:00,power,0,0,,,,,,2300257852166,855796996033,0.0,
2026-10-01T14:22:35.424401+00:00,freq,0,0,2500.0,4250.0,2500.0,900.0,0,,,,
2026-10-01T14:22:35.424401+00:00,freq,1,0,550.0,550.0,1200.0,550.0,0,,,,
2026-10-01T14:22:35.424401+00:00,power,0,0,,,,,,2300257852166,855797999907,0.0,
2026-10-01T14:22:36.428999+00:00,freq,0,0,2500.0,4250.0,2500.0,900.0,0,,,,
2026-10-01T14:22:36.428999+00:00,freq,1,0,550.0,550.0,1200.0,550.0,0,,,,
2026-10-01T14:22:36.428999+00:00,power,0,0,,,,,,2300257852166,855799004488,0.0,
2026-10-01T14:22:37.433016+00:00,freq,0,0,2500.0,4250.0,2500.0,900.0,0,,,,
2026-10-01T14:22:37.433016+00:00,freq,1,0,550.0,550.0,1200.0,550.0,0,,,,
2026-10-01T14:22:37.433016+00:00,power,0,0,,,,,,2300257852166,855800008501,0.0,
2026-10-01T14:22:38.423149+00:00,freq,0,0,2500.0,4250.0,2500.0,900.0,0,,,,
2026-10-01T14:22:38.423149+00:00,freq,1,0,550.0,550.0,1200.0,550.0,0,,,,
2026-10-01T14:22:38.423149+00:00,power,0,0,,,,,,2300257852166,855800998626,0.0,
2026-10-01T14:22:39.429076+00:00,freq,0,0,2500.0,4250.0,2500.0,900.0,0,,,,
2026-10-01T14:22:39.429076+00:00,freq,1,0,550.0,550.0,1200.0,550.0,0,,,,
2026-10-01T14:22:39.429076+00:00,power,0,0,,,,,,2300257852166,855802004500,0.0,
2026-10-01T14:22:40.432997+00:00,freq,0,0,2500.0,4250.0,2500.0,900.0,0,,,,
2026-10-01T14:22:40.432997+00:00,freq,1,0,550.0,550.0,1200.0,550.0,0,,,,
2026-10-01T14:22:40.432997+00:00,power,0,0,,,,,,2300257852166,855803008400,0.0,
2026-10-01T14:22:41.421238+00:00,freq,0,0,2500.0,4250.0,2500.0,900.0,0,,,,
2026-10-01T14:22:41.421238+00:00,freq,1,0,550.0,550.0,1200.0,550.0,0,,,,
2026-10-01T14:22:41.421238+00:00,power,0,0,,,,,,2300257852166,855803996627,0.0,
2026-10-01T14:22:42.426094+00:00,freq,0,0,2500.0,4250.0,2500.0,900.0,0,,,,
2026-10-01T14:22:42.426094+00:00,freq,1,0,550.0,550.0,1200.0,550.0,0,,,,
2026-10-01T14:22:42.426094+00:00,power,0,0,,,,,,2300257852166,855805001453,0.0,
2026-10-01T14:22:43.430398+00:00,freq,0,0,2500.0,4250.0,2500.0,900.0,0,,,,
2026-10-01T14:22:43.430398+00:00,freq,1,0,550.0,550.0,1200.0,550.0,0,,,,
2026-10-01T14:22:43.430398+00:00,power,0,0,,,,,,2300257853349,855806005687,0.0011780122959389942,
2026-10-01T14:22:44.418332+00:00,freq,0,0,2500.0,4250.0,2500.0,900.0,0,,,,
2026-10-01T14:22:44.418332+00:00,freq,1,0,550.0,550.0,1200.0,550.0,0,,,,
2026-10-01T14:22:44.418332+00:00,power,0,0,,,,,,2300257853349,855806993606,0.0,
2026-10-01T14:22:45.422746+00:00,freq,0,0,2500.0,4250.0,2500.0,900.0,0,,,,
2026-10-01T14:22:45.422746+00:00,freq,1,0,550.0,550.0,1200.0,550.0,0,,,,
2026-10-01T14:22:45.422746+00:00,power,0,0,,,,,,2300257853349,855807997994,0.0,
2026-10-01T14:22:46.439322+00:00,freq,0,0,2500.0,4250.0,2500.0,900.0,0,,,,
2026-10-01T14:22:46.439322+00:00,freq,1,0,550.0,550.0,1200.0,550.0,0,,,,
2026-10-01T14:22:46.439322+00:00,power,0,0,,,,,,2300257853349,855809014419,0.0,
2026-10-01T14:22:47.430037+00:00,freq,0,0,2500.0,4250.0,2500.0,900.0,0,,,,
2026-10-01T14:22:47.430037+00:00,freq,1,0,550.0,550.0,1200.0,550.0,0,,,,
2026-10-01T14:22:47.430037+00:00,power,0,0,,,,,,2300257853349,855810005232,0.0,
2026-10-01T14:22:48.419589+00:00,freq,0,0,2500.0,4250.0,2500.0,900.0,0,,,,
2026-10-01T14:22:48.419589+00:00,freq,1,0,550.0,550.0,1200.0,550.0,0,,,,
2026-10-01T14:22:48.419589+00:00,power,0,0,,,,,,2300257853349,855810994832,0.0,
2026-10-01T14:22:49.425907+00:00,freq,0,0,2500.0,4250.0,2500.0,900.0,0,,,,
2026-10-01T14:22:49.425907+00:00,freq,1,0,550.0,550.0,1200.0,550.0,0,,,,
2026-10-01T14:22:49.425907+00:00,power,0,0,,,,,,2300257853349,855812001070,0.0,
2026-10-01T14:22:50.430242+00:00,freq,0,0,2500.0,4250.0,2500.0,900.0,0,,,,
2026-10-01T14:22:50.430242+00:00,freq,1,0,550.0,550.0,1200.0,550.0,0,,,,
2026-10-01T14:22:50.430242+00:00,power,0,0,,,,,,2300257853349,855813005387,0.0,
2026-10-01T14:22:51.417137+00:00,freq,0,0,2500.0,4250.0,2500.0,900.0,0,,,,
2026-10-01T14:22:51.417137+00:00,freq,1,0,550.0,550.0,1200.0,550.0,0,,,,
2026-10-01T14:22:51.417137+00:00,power,0,0,,,,,,2300262244828,855813992133,4.450465469330506,
2026-10-01T14:22:52.422440+00:00,freq,0,0,2450.0,4250.0,2450.0,900.0,2,,,,
2026-10-01T14:22:52.422440+00:00,freq,1,0,550.0,550.0,1200.0,550.0,0,,,,
2026-10-01T14:22:52.422440+00:00,power,0,0,,,,,,2300297571450,855814997337,35.143734008221216,
2026-10-01T14:22:53.426469+00:00,freq,0,0,2450.0,4250.0,2450.0,900.0,2,,,,
2026-10-01T14:22:53.426469+00:00,freq,1,0,550.0,550.0,1200.0,550.0,0,,,,
2026-10-01T14:22:53.426469+00:00,power,0,0,,,,,,2300330938088,855816001390,33.23194891106346,
2026-10-01T14:22:54.433071+00:00,freq,0,0,2500.0,4250.0,2500.0,900.0,0,,,,
2026-10-01T14:22:54.433071+00:00,freq,1,0,550.0,550.0,1200.0,550.0,0,,,,
2026-10-01T14:22:54.433071+00:00,power,0,0,,,,,,2300362441261,855817007938,31.29823217571343,
2026-10-01T14:22:55.420781+00:00,freq,0,0,2500.0,4250.0,2500.0,900.0,0,,,,
2026-10-01T14:22:55.420781+00:00,freq,1,0,550.0,550.0,1200.0,600.0,0,,,,
2026-10-01T14:22:55.420781+00:00,power,0,0,,,,,,2300391967834,855817995728,29.89154881098209,
2026-10-01T14:22:56.425134+00:00,freq,0,0,2500.0,4250.0,2450.0,900.0,0,,,,
2026-10-01T14:22:56.425134+00:00,freq,1,0,600.0,600.0,1200.0,600.0,0,,,,
2026-10-01T14:22:56.425134+00:00,power,0,0,,,,,,2300420923301,855818999886,28.835568705323265,
2026-10-01T14:22:57.434277+00:00,freq,0,0,2400.0,4250.0,2400.0,900.0,2,,,,
2026-10-01T14:22:57.434277+00:00,freq,1,0,600.0,600.0,1200.0,600.0,0,,,,
2026-10-01T14:22:57.434277+00:00,power,0,0,,,,,,2300448258628,855820009263,27.081384854221962,
2026-10-01T14:22:58.422385+00:00,freq,0,0,2500.0,4250.0,2500.0,900.0,0,,,,
2026-10-01T14:22:58.422385+00:00,freq,1,0,550.0,550.0,1200.0,600.0,0,,,,
2026-10-01T14:22:58.422385+00:00,power,0,0,,,,,,2300474716269,855820997252,26.779287016353422,
2026-10-01T14:22:59.427750+00:00,freq,0,0,2400.0,4250.0,2400.0,900.0,2,,,,
2026-10-01T14:22:59.427750+00:00,freq,1,0,600.0,600.0,1200.0,600.0,0,,,,
2026-10-01T14:22:59.427750+00:00,power,0,0,,,,,,2300501552413,855822002367,26.69957567044567,
2026-10-01T14:23:00.430794+00:00,freq,0,0,2500.0,4250.0,2500.0,900.0,0,,,,
2026-10-01T14:23:00.430794+00:00,freq,1,0,600.0,600.0,1200.0,600.0,0,,,,
2026-10-01T14:23:00.430794+00:00,power,0,0,,,,,,2300511053450,855823005805,9.468484350801942,
2026-10-01T14:23:01.419566+00:00,freq,0,0,2500.0,4250.0,2500.0,900.0,0,,,,
2026-10-01T14:23:01.419566+00:00,freq,1,0,600.0,600.0,1200.0,550.0,0,,,,
2026-10-01T14:23:01.419566+00:00,power,0,0,,,,,,2300511053450,855823994416,0.0,
2026-10-01T14:23:02.424645+00:00,freq,0,0,2500.0,4250.0,2500.0,900.0,0,,,,
2026-10-01T14:23:02.424645+00:00,freq,1,0,550.0,550.0,1200.0,550.0,0,,,,
2026-10-01T14:23:02.424645+00:00,power,0,0,,,,,,2300511053450,855824999293,0.0,
2026-10-01T14:23:03.437810+00:00,freq,0,0,2500.0,4250.0,2500.0,1000.0,0,,,,
2026-10-01T14:23:03.437810+00:00,freq,1,0,550.0,550.0,1200.0,550.0,0,,,,
2026-10-01T14:23:03.437810+00:00,power,0,0,,,,,,2300511053450,855826012561,0.0,
2026-10-01T14:23:04.433844+00:00,freq,0,0,2500.0,4250.0,2500.0,1000.0,0,,,,
2026-10-01T14:23:04.433844+00:00,freq,1,0,550.0,550.0,1200.0,550.0,0,,,,
2026-10-01T14:23:04.433844+00:00,power,0,0,,,,,,2300511053877,855827008622,0.00042868860441278196,
2026-10-01T14:23:05.418870+00:00,freq,0,0,2500.0,4250.0,2500.0,900.0,0,,,,
2026-10-01T14:23:05.418870+00:00,freq,1,0,550.0,550.0,1200.0,550.0,0,,,,
2026-10-01T14:23:05.418870+00:00,power,0,0,,,,,,2300511053938,855827993727,6.192233315230356e-05,
2026-10-01T14:23:06.424538+00:00,freq,0,0,2500.0,4250.0,2500.0,900.0,0,,,,
2026-10-01T14:23:06.424538+00:00,freq,1,0,550.0,550.0,1200.0,550.0,0,,,,
2026-10-01T14:23:06.424538+00:00,power,0,0,,,,,,2300511053938,855828999327,0.0,
2026-10-01T14:23:07.428001+00:00,freq,0,0,2500.0,4250.0,2500.0,900.0,0,,,,
2026-10-01T14:23:07.428001+00:00,freq,1,0,550.0,550.0,1200.0,550.0,0,,,,
2026-10-01T14:23:07.428001+00:00,power,0,0,,,,,,2300511054121,855830002808,0.0001823651867848021,
2026-10-01T14:23:08.431925+00:00,freq,0,0,2500.0,4250.0,2500.0,900.0,0,,,,
2026-10-01T14:23:08.431925+00:00,freq,1,0,550.0,550.0,1200.0,550.0,0,,,,
2026-10-01T14:23:08.431925+00:00,power,0,0,,,,,,2300511054121,855831006723,0.0,
2026-10-01T14:23:09.420034+00:00,freq,0,0,2500.0,4250.0,2500.0,900.0,0,,,,
2026-10-01T14:23:09.420034+00:00,freq,1,0,550.0,550.0,1200.0,550.0,0,,,,
2026-10-01T14:23:09.420034+00:00,power,0,0,,,,,,2300511054121,855831994701,0.0,
2026-10-01T14:23:10.424961+00:00,freq,0,0,2500.0,4250.0,2500.0,900.0,0,,,,
2026-10-01T14:23:10.424961+00:00,freq,1,0,550.0,550.0,1200.0,550.0,0,,,,
2026-10-01T14:23:10.424961+00:00,power,0,0,,,,,,2300511056036,855832999620,0.0019056262246011867,
2026-10-01T14:23:11.429419+00:00,freq,0,0,2500.0,4250.0,2500.0,900.0,0,,,,
2026-10-01T14:23:11.429419+00:00,freq,1,0,550.0,550.0,1200.0,550.0,0,,,,
2026-10-01T14:23:11.429419+00:00,power,0,0,,,,,,2300511056036,855834004044,0.0,
2026-10-01T14:23:12.437056+00:00,freq,0,0,2500.0,4250.0,2500.0,900.0,0,,,,
2026-10-01T14:23:12.437056+00:00,freq,1,0,550.0,550.0,1200.0,550.0,0,,,,
2026-10-01T14:23:12.437056+00:00,power,0,0,,,,,,2300511056036,855835011521,0.0,
2026-10-01T14:23:13.421222+00:00,freq,0,0,2500.0,4250.0,2500.0,900.0,0,,,,
2026-10-01T14:23:13.421222+00:00,freq,1,0,550.0,550.0,1200.0,550.0,0,,,,
2026-10-01T14:23:13.421222+00:00,power,0,0,,,,,,2300511056036,855835996381,0.0,
2026-10-01T14:23:14.424371+00:00,freq,0,0,2500.0,4250.0,2500.0,900.0,0,,,,
2026-10-01T14:23:14.424371+00:00,freq,1,0,550.0,550.0,1200.0,550.0,0,,,,
2026-10-01T14:23:14.424371+00:00,power,0,0,,,,,,2300511056036,855836998984,0.0,
2026-10-01T14:23:15.431151+00:00,freq,0,0,2500.0,4250.0,2500.0,900.0,0,,,,
2026-10-01T14:23:15.431151+00:00,freq,1,0,550.0,550.0,1200.0,550.0,0,,,,
2026-10-01T14:23:15.431151+00:00,power,0,0,,,,,,2300511057280,855838005729,0.0012356654366299312,
2026-10-01T14:23:16.421546+00:00,freq,0,0,2500.0,4250.0,2500.0,900.0,0,,,,
2026-10-01T14:23:16.421546+00:00,freq,1,0,550.0,550.0,1200.0,550.0,0,,,,
2026-10-01T14:23:16.421546+00:00,power,0,0,,,,,,2300511057280,855838996070,0.0,
2026-10-01T14:23:17.426550+00:00,freq,0,0,2500.0,4250.0,2500.0,900.0,0,,,,
2026-10-01T14:23:17.426550+00:00,freq,1,0,550.0,550.0,1200.0,550.0,0,,,,
2026-10-01T14:23:17.426550+00:00,power,0,0,,,,,,2300511057280,855840001073,0.0,
2026-10-01T14:23:18.432142+00:00,freq,0,0,2500.0,4250.0,2500.0,900.0,0,,,,
2026-10-01T14:23:18.432142+00:00,freq,1,0,550.0,550.0,1200.0,550.0,0,,,,
2026-10-01T14:23:18.432142+00:00,power,0,0,,,,,,2300511058012,855841006629,0.0007279554793566942,
2026-10-01T14:23:19.421440+00:00,freq,0,0,2500.0,4250.0,2500.0,900.0,0,,,,
2026-10-01T14:23:19.421440+00:00,freq,1,0,550.0,550.0,1200.0,550.0,0,,,,
2026-10-01T14:23:19.421440+00:00,power,0,0,,,,,,2300511058012,855841995903,0.0,
2026-10-01T14:23:20.426733+00:00,freq,0,0,2500.0,4250.0,2500.0,900.0,0,,,,
2026-10-01T14:23:20.426733+00:00,freq,1,0,550.0,550.0,1200.0,550.0,0,,,,
2026-10-01T14:23:20.426733+00:00,power,0,0,,,,,,2300511058012,855843001180,0.0,
2026-10-01T14:23:21.431366+00:00,freq,0,0,2500.0,4250.0,2500.0,900.0,0,,,,
2026-10-01T14:23:21.431366+00:00,freq,1,0,550.0,550.0,1200.0,550.0,0,,,,
2026-10-01T14:23:21.431366+00:00,power,0,0,,,,,,2300511896841,855844005624,0.8351177367777597,
2026-10-01T14:23:22.420353+00:00,freq,0,0,2350.0,4250.0,2350.0,900.0,2,,,,
2026-10-01T14:23:22.420353+00:00,freq,1,0,550.0,550.0,1200.0,550.0,0,,,,
2026-10-01T14:23:22.420353+00:00,power,0,0,,,,,,2300546797438,855844994601,35.28959419683168,
2026-10-01T14:23:23.424829+00:00,freq,0,0,2500.0,4250.0,2500.0,900.0,0,,,,
2026-10-01T14:23:23.424829+00:00,freq,1,0,550.0,550.0,1200.0,550.0,0,,,,
2026-10-01T14:23:23.424829+00:00,power,0,0,,,,,,2300580315870,855845999027,33.37073313514385,
2026-10-01T14:23:24.430037+00:00,freq,0,0,2500.0,4250.0,2500.0,900.0,0,,,,
2026-10-01T14:23:24.430037+00:00,freq,1,0,550.0,550.0,1200.0,550.0,0,,,,
2026-10-01T14:23:24.430037+00:00,power,0,0,,,,,,2300611990064,855847004616,31.498150834983278,
2026-10-01T14:23:25.436900+00:00,freq,0,0,2500.0,4250.0,2500.0,900.0,0,,,,
2026-10-01T14:23:25.436900+00:00,freq,1,0,550.0,550.0,1200.0,550.0,0,,,,
2026-10-01T14:23:25.436900+00:00,power,0,0,,,,,,2300642235631,855848011086,30.051136149115223,
2026-10-01T14:23:26.426395+00:00,freq,0,0,2400.0,4250.0,2400.0,900.0,2,,,,
2026-10-01T14:23:26.426395+00:00,freq,1,0,550.0,550.0,1200.0,550.0,0,,,,
2026-10-01T14:23:26.426395+00:00,power,0,0,,,,,,2300670760899,855849000697,28.824728100233322,
2026-10-01T14:23:27.430632+00:00,freq,0,0,2500.0,4250.0,2450.0,900.0,0,,,,
2026-10-01T14:23:27.430632+00:00,freq,1,0,550.0,550.0,1200.0,600.0,0,,,,
2026-10-01T14:23:27.430632+00:00,power,0,0,,,,,,2300698309872,855850004835,27.43544512806009,
2026-10-01T14:23:28.436298+00:00,freq,0,0,2500.0,4250.0,2500.0,900.0,0,,,,
2026-10-01T14:23:28.436298+00:00,freq,1,0,600.0,600.0,1200.0,600.0,0,,,,
2026-10-01T14:23:28.436298+00:00,power,0,0,,,,,,2300725205708,855851010469,26.745153803471243,
2026-10-01T14:23:29.424230+00:00,freq,0,0,2450.0,4250.0,2450.0,900.0,2,,,,
2026-10-01T14:23:29.424230+00:00,freq,1,0,600.0,600.0,1200.0,550.0,0,,,,
2026-10-01T14:23:29.424230+00:00,power,0,0,,,,,,2300751646198,855851998335,26.765259660723217,
2026-10-01T14:23:30.431053+00:00,freq,0,0,2500.0,4250.0,2500.0,900.0,0,,,,
2026-10-01T14:23:30.431053+00:00,freq,1,0,550.0,550.0,1200.0,550.0,0,,,,
2026-10-01T14:23:30.431053+00:00,power,0,0,,,,,,2300764122356,855853005298,12.389887215319728,
2026-10-01T14:23:31.418957+00:00,freq,0,0,2500.0,4250.0,2500.0,900.0,0,,,,
2026-10-01T14:23:31.418957+00:00,freq,1,0,550.0,550.0,1200.0,550.0,0,,,,
2026-10-01T14:23:31.418957+00:00,power,0,0,,,,,,2300764122356,855853993111,0.0,
2026-10-01T14:23:32.422841+00:00,freq,0,0,2500.0,4250.0,2500.0,900.0,0,,,,
2026-10-01T14:23:32.422841+00:00,freq,1,0,550.0,550.0,1200.0,550.0,0,,,,
2026-10-01T14:23:32.422841+00:00,power,0,0,,,,,,2300764122356,855854996878,0.0,
2026-10-01T14:23:33.427759+00:00,freq,0,0,2500.0,4250.0,2500.0,900.0,0,,,,
2026-10-01T14:23:33.427759+00:00,freq,1,0,550.0,550.0,1200.0,550.0,0,,,,
2026-10-01T14:23:33.427759+00:00,power,0,0,,,,,,2300764122356,855856002028,0.0,
2026-10-01T14:23:34.434410+00:00,freq,0,0,2500.0,4250.0,2500.0,900.0,0,,,,
2026-10-01T14:23:34.434410+00:00,freq,1,0,550.0,550.0,1200.0,550.0,0,,,,
2026-10-01T14:23:34.434410+00:00,power,0,0,,,,,,2300764122356,855857008536,0.0,
2026-10-01T14:23:35.421163+00:00,freq,0,0,2500.0,4250.0,2500.0,900.0,0,,,,
2026-10-01T14:23:35.421163+00:00,freq,1,0,550.0,550.0,1200.0,550.0,0,,,,
2026-10-01T14:23:35.421163+00:00,power,0,0,,,,,,2300764122356,855857995220,0.0,
2026-10-01T14:23:36.425633+00:00,freq,0,0,2500.0,4250.0,2500.0,900.0,0,,,,
2026-10-01T14:23:36.425633+00:00,freq,1,0,550.0,550.0,1200.0,550.0,0,,,,
2026-10-01T14:23:36.425633+00:00,power,0,0,,,,,,2300764122356,855858999694,0.0,
2026-10-01T14:23:37.429055+00:00,freq,0,0,2500.0,4250.0,2500.0,900.0,0,,,,
2026-10-01T14:23:37.429055+00:00,freq,1,0,550.0,550.0,1200.0,550.0,0,,,,
2026-10-01T14:23:37.429055+00:00,power,0,0,,,,,,2300764122356,855860003134,0.0,
2026-10-01T14:23:38.430779+00:00,freq,0,0,2500.0,4250.0,2500.0,900.0,0,,,,
2026-10-01T14:23:38.430779+00:00,freq,1,0,550.0,550.0,1200.0,550.0,0,,,,
2026-10-01T14:23:38.430779+00:00,power,0,0,,,,,,2300764122356,855861004738,0.0,
2026-10-01T14:23:39.430872+00:00,freq,0,0,2500.0,4250.0,2500.0,900.0,0,,,,
2026-10-01T14:23:39.430872+00:00,freq,1,0,550.0,550.0,1200.0,550.0,0,,,,
2026-10-01T14:23:39.430872+00:00,power,0,0,,,,,,2300764122356,855862004780,0.0,
2026-10-01T14:23:40.445901+00:00,freq,0,0,2500.0,4250.0,2500.0,900.0,0,,,,
2026-10-01T14:23:40.445901+00:00,freq,1,0,550.0,550.0,1200.0,550.0,0,,,,
2026-10-01T14:23:40.445901+00:00,power,0,0,,,,,,2300764122356,855863019821,0.0,
2026-10-01T14:23:41.434956+00:00,freq,0,0,2500.0,4250.0,2500.0,900.0,0,,,,
2026-10-01T14:23:41.434956+00:00,freq,1,0,550.0,550.0,1200.0,550.0,0,,,,
2026-10-01T14:23:41.434956+00:00,power,0,0,,,,,,2300764122356,855864008888,0.0,
2026-10-01T14:23:42.424264+00:00,freq,0,0,2500.0,4250.0,2500.0,900.0,0,,,,
2026-10-01T14:23:42.424264+00:00,freq,1,0,550.0,550.0,1200.0,550.0,0,,,,
2026-10-01T14:23:42.424264+00:00,power,0,0,,,,,,2300764122356,855864998314,0.0,
2026-10-01T14:23:43.429853+00:00,freq,0,0,2500.0,4250.0,2500.0,900.0,0,,,,
2026-10-01T14:23:43.429853+00:00,freq,1,0,550.0,550.0,1200.0,550.0,0,,,,
2026-10-01T14:23:43.429853+00:00,power,0,0,,,,,,2300764122356,855866003845,0.0,
2026-10-01T14:23:44.435870+00:00,freq,0,0,2500.0,4250.0,2500.0,900.0,0,,,,
2026-10-01T14:23:44.435870+00:00,freq,1,0,550.0,550.0,1200.0,550.0,0,,,,
2026-10-01T14:23:44.435870+00:00,power,0,0,,,,,,2300764122356,855867009850,0.0,
2026-10-01T14:23:45.426080+00:00,freq,0,0,2500.0,4250.0,2500.0,900.0,0,,,,
2026-10-01T14:23:45.426080+00:00,freq,1,0,550.0,550.0,1200.0,550.0,0,,,,
2026-10-01T14:23:45.426080+00:00,power,0,0,,,,,,2300764122356,855867999897,0.0,
2026-10-01T14:23:46.431296+00:00,freq,0,0,2500.0,4250.0,2500.0,900.0,0,,,,
2026-10-01T14:23:46.431296+00:00,freq,1,0,550.0,550.0,1200.0,550.0,0,,,,
2026-10-01T14:23:46.431296+00:00,power,0,0,,,,,,2300764122356,855869005109,0.0,
2026-10-01T14:23:47.419957+00:00,freq,0,0,2500.0,4250.0,2500.0,900.0,0,,,,
2026-10-01T14:23:47.419957+00:00,freq,1,0,550.0,550.0,1200.0,550.0,0,,,,
2026-10-01T14:23:47.419957+00:00,power,0,0,,,,,,2300764122356,855869993760,0.0,
2026-10-01T14:23:48.423621+00:00,freq,0,0,2500.0,4250.0,2500.0,900.0,0,,,,
2026-10-01T14:23:48.423621+00:00,freq,1,0,550.0,550.0,1200.0,550.0,0,,,,
2026-10-01T14:23:48.423621+00:00,power,0,0,,,,,,2300764122356,855870997457,0.0,
2026-10-01T14:23:49.428650+00:00,freq,0,0,2500.0,4250.0,2500.0,900.0,0,,,,
2026-10-01T14:23:49.428650+00:00,freq,1,0,550.0,550.0,1200.0,550.0,0,,,,
2026-10-01T14:23:49.428650+00:00,power,0,0,,,,,,2300764122356,855872002445,0.0,
2026-10-01T14:23:50.432333+00:00,freq,0,0,2500.0,4250.0,2500.0,900.0,0,,,,
2026-10-01T14:23:50.432333+00:00,freq,1,0,550.0,550.0,1200.0,550.0,0,,,,
2026-10-01T14:23:50.432333+00:00,power,0,0,,,,,,2300764122356,855873006046,0.0,
2026-10-01T14:23:51.421666+00:00,freq,0,0,2500.0,4250.0,2500.0,900.0,0,,,,
2026-10-01T14:23:51.421666+00:00,freq,1,0,550.0,550.0,1200.0,550.0,0,,,,
2026-10-01T14:23:51.421666+00:00,power,0,0,,,,,,2300764122356,855873995353,0.0,
2026-10-01T14:23:52.423542+00:00,freq,0,0,2500.0,4250.0,2500.0,900.0,0,,,,
2026-10-01T14:23:52.423542+00:00,freq,1,0,550.0,550.0,1200.0,550.0,0,,,,
2026-10-01T14:23:52.423542+00:00,power,0,0,,,,,,2300764122356,855874997009,0.0,
2026-10-01T14:23:53.438573+00:00,freq,0,0,2500.0,4250.0,2500.0,900.0,0,,,,
2026-10-01T14:23:53.438573+00:00,freq,1,0,550.0,550.0,1200.0,550.0,0,,,,
2026-10-01T14:23:53.438573+00:00,power,0,0,,,,,,2300764122356,855876012031,0.0,
2026-10-01T14:23:54.426616+00:00,freq,0,0,1300.0,1300.0,2500.0,900.0,0,,,,
2026-10-01T14:23:54.426616+00:00,freq,1,0,550.0,550.0,1200.0,550.0,0,,,,
2026-10-01T14:23:54.426616+00:00,power,0,0,,,,,,2300764124370,855877000034,0.002038455348819791,
2026-10-01T14:23:55.428257+00:00,freq,0,0,2500.0,4250.0,2500.0,900.0,0,,,,
2026-10-01T14:23:55.428257+00:00,freq,1,0,550.0,550.0,1200.0,550.0,0,,,,
2026-10-01T14:23:55.428257+00:00,power,0,0,,,,,,2300768517192,855878001748,4.38530558622521,
2026-10-01T14:23:56.431622+00:00,freq,0,0,2450.0,4250.0,2450.0,900.0,2,,,,
2026-10-01T14:23:56.431622+00:00,freq,1,0,550.0,550.0,1200.0,550.0,0,,,,
2026-10-01T14:23:56.431622+00:00,power,0,0,,,,,,2300803802005,855879005133,35.165776845378396,
2026-10-01T14:23:57.419588+00:00,freq,0,0,2500.0,4250.0,2500.0,900.0,0,,,,
2026-10-01T14:23:57.419588+00:00,freq,1,0,550.0,550.0,1200.0,550.0,0,,,,
2026-10-01T14:23:57.419588+00:00,power,0,0,,,,,,2300836574038,855879992955,33.176050948450225,
2026-10-01T14:23:58.426658+00:00,freq,0,0,2450.0,4250.0,2400.0,900.0,2,,,,
2026-10-01T14:23:58.426658+00:00,freq,1,0,550.0,550.0,1200.0,550.0,0,,,,
2026-10-01T14:23:58.426658+00:00,power,0,0,,,,,,2300868163477,855881000109,31.365053407919742,
2026-10-01T14:23:59.431811+00:00,freq,0,0,2500.0,4250.0,2500.0,900.0,0,,,,
2026-10-01T14:23:59.431811+00:00,freq,1,0,550.0,550.0,1200.0,550.0,0,,,,
2026-10-01T14:23:59.431811+00:00,power,0,0,,,,,,2300898151415,855882005204,29.83592396738617,
2026-10-01T14:24:00.420886+00:00,freq,0,0,2500.0,4250.0,2500.0,900.0,0,,,,
2026-10-01T14:24:00.420886+00:00,freq,1,0,550.0,550.0,1200.0,550.0,0,,,,
2026-10-01T14:24:00.420886+00:00,power,0,0,,,,,,2300926553209,855882994060,28.721870525132072,
2026-10-01T14:24:01.425579+00:00,freq,0,0,2500.0,4250.0,2500.0,900.0,0,,,,
2026-10-01T14:24:01.425579+00:00,freq,1,0,550.0,550.0,1200.0,550.0,0,,,,
2026-10-01T14:24:01.425579+00:00,power,0,0,,,,,,2300953913950,855883998907,27.228763184843064,
2026-10-01T14:24:02.429674+00:00,freq,0,0,2500.0,4250.0,2500.0,900.0,0,,,,
2026-10-01T14:24:02.429674+00:00,freq,1,0,550.0,550.0,1200.0,550.0,0,,,,
2026-10-01T14:24:02.429674+00:00,power,0,0,,,,,,2300980525217,855885003037,26.50181450608985,
2026-10-01T14:24:03.436061+00:00,freq,0,0,2500.0,4250.0,2500.0,900.0,0,,,,
2026-10-01T14:24:03.436061+00:00,freq,1,0,550.0,550.0,1200.0,600.0,0,,,,
2026-10-01T14:24:03.436061+00:00,power,0,0,,,,,,2301006449068,855886009288,25.762807689135215,
2026-10-01T14:24:04.429548+00:00,freq,0,0,2500.0,4250.0,2500.0,900.0,0,,,,
2026-10-01T14:24:04.429548+00:00,freq,1,0,600.0,600.0,1200.0,550.0,0,,,,
2026-10-01T14:24:04.429548+00:00,power,0,0,,,,,,2301019301386,855887002716,12.937342213023994,
2026-10-01T14:24:05.445369+00:00,freq,0,0,2500.0,4250.0,2500.0,900.0,0,,,,
2026-10-01T14:24:05.445369+00:00,freq,1,0,550.0,550.0,1200.0,550.0,0,,,,
2026-10-01T14:24:05.445369+00:00,power,0,0,,,,,,2301019301386,855888018558,0.0,
2026-10-01T14:24:06.434373+00:00,freq,0,0,2500.0,4250.0,2500.0,900.0,0,,,,
2026-10-01T14:24:06.434373+00:00,freq,1,0,550.0,550.0,1200.0,550.0,0,,,,
2026-10-01T14:24:06.434373+00:00,power,0,0,,,,,,2301028994073,855889007834,9.797758158491664,
2026-10-01T14:24:07.425526+00:00,freq,0,0,2500.0,4250.0,2500.0,900.0,0,,,,
2026-10-01T14:24:07.425526+00:00,freq,1,0,550.0,550.0,1200.0,550.0,0,,,,
2026-10-01T14:24:07.425526+00:00,power,0,0,,,,,,2301029021745,855889998851,0.027922830788977383,
2026-10-01T14:24:08.428974+00:00,freq,0,0,2500.0,4250.0,2500.0,900.0,0,,,,
2026-10-01T14:24:08.428974+00:00,freq,1,0,550.0,550.0,1200.0,550.0,0,,,,
2026-10-01T14:24:08.428974+00:00,power,0,0,,,,,,2301029021745,855891002272,0.0,
2026-10-01T14:24:09.435104+00:00,freq,0,0,2500.0,4250.0,2500.0,900.0,0,,,,
2026-10-01T14:24:09.435104+00:00,freq,1,0,550.0,550.0,1200.0,550.0,0,,,,
2026-10-01T14:24:09.435104+00:00,power,0,0,,,,,,2301029021745,855892008348,0.0,
2026-10-01T14:24:10.423315+00:00,freq,0,0,2500.0,4250.0,2500.0,900.0,0,,,,
2026-10-01T14:24:10.423315+00:00,freq,1,0,550.0,550.0,1200.0,550.0,0,,,,
2026-10-01T14:24:10.423315+00:00,power,0,0,,,,,,2301029021745,855892996571,0.0,
2026-10-01T14:24:11.428955+00:00,freq,0,0,2500.0,4250.0,2500.0,900.0,0,,,,
2026-10-01T14:24:11.428955+00:00,freq,1,0,550.0,550.0,1200.0,550.0,0,,,,
2026-10-01T14:24:11.428955+00:00,power,0,0,,,,,,2301029021745,855894002172,0.0,
2026-10-01T14:24:12.433389+00:00,freq,0,0,2500.0,4250.0,2500.0,900.0,0,,,,
2026-10-01T14:24:12.433389+00:00,freq,1,0,550.0,550.0,1200.0,550.0,0,,,,
2026-10-01T14:24:12.433389+00:00,power,0,0,,,,,,2301029021745,855895006615,0.0,
2026-10-01T14:24:13.421693+00:00,freq,0,0,2500.0,4250.0,2500.0,900.0,0,,,,
2026-10-01T14:24:13.421693+00:00,freq,1,0,550.0,550.0,1200.0,550.0,0,,,,
2026-10-01T14:24:13.421693+00:00,power,0,0,,,,,,2301029022172,855895994854,0.0004320817130269095,
2026-10-01T14:24:14.428391+00:00,freq,0,0,2500.0,4250.0,2500.0,900.0,0,,,,
2026-10-01T14:24:14.428391+00:00,freq,1,0,550.0,550.0,1200.0,550.0,0,,,,
2026-10-01T14:24:14.428391+00:00,power,0,0,,,,,,2301029022172,855897001579,0.0,
2026-10-01T14:24:15.433340+00:00,freq,0,0,2500.0,4250.0,2500.0,900.0,0,,,,
2026-10-01T14:24:15.433340+00:00,freq,1,0,550.0,550.0,1200.0,550.0,0,,,,
2026-10-01T14:24:15.433340+00:00,power,0,0,,,,,,2301029022172,855898006474,0.0,
2026-10-01T14:24:16.421980+00:00,freq,0,0,2500.0,4250.0,2500.0,900.0,0,,,,
2026-10-01T14:24:16.421980+00:00,freq,1,0,550.0,550.0,1200.0,550.0,0,,,,
2026-10-01T14:24:16.421980+00:00,power,0,0,,,,,,2301029022172,855898995146,0.0,
2026-10-01T14:24:17.424336+00:00,freq,0,0,2500.0,4250.0,2500.0,900.0,0,,,,
2026-10-01T14:24:17.424336+00:00,freq,1,0,550.0,550.0,1200.0,550.0,0,,,,
2026-10-01T14:24:17.424336+00:00,power,0,0,,,,,,2301029022172,855899997523,0.0,
2026-10-01T14:24:18.429460+00:00,freq,0,0,2500.0,4250.0,2500.0,900.0,0,,,,
2026-10-01T14:24:18.429460+00:00,freq,1,0,550.0,550.0,1200.0,550.0,0,,,,
2026-10-01T14:24:18.429460+00:00,power,0,0,,,,,,2301029022172,855901002529,0.0,
2026-10-01T14:24:19.434217+00:00,freq,0,0,2500.0,4250.0,2500.0,900.0,0,,,,
2026-10-01T14:24:19.434217+00:00,freq,1,0,550.0,550.0,1200.0,550.0,0,,,,
2026-10-01T14:24:19.434217+00:00,power,0,0,,,,,,2301029022172,855902007267,0.0,
2026-10-01T14:24:20.424465+00:00,freq,0,0,2500.0,4250.0,2500.0,900.0,0,,,,
2026-10-01T14:24:20.424465+00:00,freq,1,0,550.0,550.0,1200.0,550.0,0,,,,
2026-10-01T14:24:20.424465+00:00,power,0,0,,,,,,2301029022172,855902997488,0.0,
2026-10-01T14:24:21.429042+00:00,freq,0,0,2500.0,4250.0,2500.0,900.0,0,,,,
2026-10-01T14:24:21.429042+00:00,freq,1,0,550.0,550.0,1200.0,550.0,0,,,,
2026-10-01T14:24:21.429042+00:00,power,0,0,,,,,,2301029022172,855904002051,0.0,
2026-10-01T14:24:22.432560+00:00,freq,0,0,2500.0,4250.0,2500.0,900.0,0,,,,
2026-10-01T14:24:22.432560+00:00,freq,1,0,550.0,550.0,1200.0,550.0,0,,,,
2026-10-01T14:24:22.432560+00:00,power,0,0,,,,,,2301029022172,855905005500,0.0,
2026-10-01T14:24:23.420490+00:00,freq,0,0,2500.0,4250.0,2500.0,900.0,0,,,,
2026-10-01T14:24:23.420490+00:00,freq,1,0,550.0,550.0,1200.0,550.0,0,,,,
2026-10-01T14:24:23.420490+00:00,power,0,0,,,,,,2301029022172,855905993483,0.0,
2026-10-01T14:24:24.425575+00:00,freq,0,0,900.0,900.0,2500.0,900.0,0,,,,
2026-10-01T14:24:24.425575+00:00,freq,1,0,550.0,550.0,1200.0,550.0,0,,,,
2026-10-01T14:24:24.425575+00:00,power,0,0,,,,,,2301029023843,855906998514,0.0016626352818967774,
2026-10-01T14:24:25.429583+00:00,freq,0,0,900.0,900.0,2500.0,900.0,0,,,,
2026-10-01T14:24:25.429583+00:00,freq,1,0,550.0,550.0,1200.0,550.0,0,,,,
2026-10-01T14:24:25.429583+00:00,power,0,0,,,,,,2301029023843,855908002529,0.0,
2026-10-01T14:24:26.433367+00:00,freq,0,0,900.0,900.0,2500.0,900.0,0,,,,
2026-10-01T14:24:26.433367+00:00,freq,1,0,550.0,550.0,1200.0,550.0,0,,,,
2026-10-01T14:24:26.433367+00:00,power,0,0,,,,,,2301029023843,855909006264,0.0,
2026-10-01T14:24:27.422369+00:00,freq,0,0,900.0,900.0,2500.0,900.0,0,,,,
2026-10-01T14:24:27.422369+00:00,freq,1,0,550.0,550.0,1200.0,550.0,0,,,,
2026-10-01T14:24:27.422369+00:00,power,0,0,,,,,,2301029023843,855909995176,0.0,
2026-10-01T14:24:28.425033+00:00,freq,0,0,2500.0,4250.0,2500.0,900.0,0,,,,
2026-10-01T14:24:28.425033+00:00,freq,1,0,550.0,550.0,1200.0,550.0,0,,,,
2026-10-01T14:24:28.425033+00:00,power,0,0,,,,,,2301044220254,855910997768,15.157123735278159,
2026-10-01T14:24:29.430010+00:00,freq,0,0,2450.0,4250.0,2450.0,900.0,2,,,,
2026-10-01T14:24:29.430010+00:00,freq,1,0,550.0,550.0,1200.0,550.0,0,,,,
2026-10-01T14:24:29.430010+00:00,power,0,0,,,,,,2301079091066,855912002739,34.69832661838003,
2026-10-01T14:24:30.435926+00:00,freq,0,0,2450.0,4250.0,2450.0,900.0,2,,,,
2026-10-01T14:24:30.435926+00:00,freq,1,0,550.0,550.0,1200.0,550.0,0,,,,
2026-10-01T14:24:30.435926+00:00,power,0,0,,,,,,2301111827478,855913008577,32.546406081297384,
2026-10-01T14:24:31.424751+00:00,freq,0,0,2450.0,4250.0,2450.0,900.0,2,,,,
2026-10-01T14:24:31.424751+00:00,freq,1,0,550.0,550.0,1200.0,550.0,0,,,,
2026-10-01T14:24:31.424751+00:00,power,0,0,,,,,,2301142157396,855913997359,30.674019146788677,
2026-10-01T14:24:32.429859+00:00,freq,0,0,2450.0,4250.0,2450.0,900.0,2,,,,
2026-10-01T14:24:32.429859+00:00,freq,1,0,550.0,550.0,1200.0,550.0,0,,,,
2026-10-01T14:24:32.429859+00:00,power,0,0,,,,,,2301171680772,855915002548,29.370970036480703,
2026-10-01T14:24:33.435948+00:00,freq,0,0,2500.0,4250.0,2500.0,900.0,0,,,,
2026-10-01T14:24:33.435948+00:00,freq,1,0,550.0,550.0,1200.0,550.0,0,,,,
2026-10-01T14:24:33.435948+00:00,power,0,0,,,,,,2301200176255,855916008542,28.32569876162283,
2026-10-01T14:24:34.431196+00:00,freq,0,0,2400.0,4250.0,2400.0,900.0,2,,,,
2026-10-01T14:24:34.431196+00:00,freq,1,0,550.0,550.0,1200.0,550.0,0,,,,
2026-10-01T14:24:34.431196+00:00,power,0,0,,,,,,2301226695931,855917003564,26.652351405295562,
2026-10-01T14:24:35.436870+00:00,freq,0,0,2500.0,4250.0,2500.0,900.0,0,,,,
2026-10-01T14:24:35.436870+00:00,freq,1,0,550.0,550.0,1200.0,600.0,0,,,,
2026-10-01T14:24:35.436870+00:00,power,0,0,,,,,,2301252926667,855918009360,26.079578761498354,
2026-10-01T14:24:36.424770+00:00,freq,0,0,2450.0,4250.0,2450.0,900.0,2,,,,
2026-10-01T14:24:36.424770+00:00,freq,1,0,600.0,600.0,1200.0,550.0,0,,,,
2026-10-01T14:24:36.424770+00:00,power,0,0,,,,,,2301278454987,855918997059,25.84625478004939,
2026-10-01T14:24:37.430626+00:00,freq,0,0,2500.0,4250.0,2500.0,900.0,0,,,,
2026-10-01T14:24:37.430626+00:00,freq,1,0,600.0,600.0,1200.0,550.0,0,,,,
2026-10-01T14:24:37.430626+00:00,power,0,0,,,,,,2301293483574,855920003252,14.936087808203794,
2026-10-01T14:24:38.436463+00:00,freq,0,0,2500.0,4250.0,2500.0,900.0,0,,,,
2026-10-01T14:24:38.436463+00:00,freq,1,0,550.0,550.0,1200.0,550.0,0,,,,
2026-10-01T14:24:38.436463+00:00,power,0,0,,,,,,2301293483574,855921009069,0.0,
2026-10-01T14:24:39.423419+00:00,freq,0,0,2500.0,4250.0,2500.0,900.0,0,,,,
2026-10-01T14:24:39.423419+00:00,freq,1,0,550.0,550.0,1200.0,550.0,0,,,,
2026-10-01T14:24:39.423419+00:00,power,0,0,,,,,,2301293483574,855921996024,0.0,
2026-10-01T14:24:40.428589+00:00,freq,0,0,2500.0,4250.0,2500.0,900.0,0,,,,
2026-10-01T14:24:40.428589+00:00,freq,1,0,600.0,600.0,1200.0,550.0,0,,,,
2026-10-01T14:24:40.428589+00:00,power,0,0,,,,,,2301293483574,855923001114,0.0,
2026-10-01T14:24:41.435734+00:00,freq,0,0,2500.0,4250.0,2500.0,900.0,0,,,,
2026-10-01T14:24:41.435734+00:00,freq,1,0,550.0,550.0,1200.0,550.0,0,,,,
2026-10-01T14:24:41.435734+00:00,power,0,0,,,,,,2301293483574,855924008244,0.0,
2026-10-01T14:24:42.423772+00:00,freq,0,0,2500.0,4250.0,2500.0,900.0,0,,,,
2026-10-01T14:24:42.423772+00:00,freq,1,0,550.0,550.0,1200.0,550.0,0,,,,
2026-10-01T14:24:42.423772+00:00,power,0,0,,,,,,2301293483574,855924996342,0.0,
2026-10-01T14:24:43.429034+00:00,freq,0,0,2500.0,4250.0,2500.0,900.0,0,,,,
2026-10-01T14:24:43.429034+00:00,freq,1,0,550.0,550.0,1200.0,550.0,0,,,,
2026-10-01T14:24:43.429034+00:00,power,0,0,,,,,,2301293483574,855926001570,0.0,
2026-10-01T14:24:44.433538+00:00,freq,0,0,2500.0,4250.0,2500.0,900.0,0,,,,
2026-10-01T14:24:44.433538+00:00,freq,1,0,550.0,550.0,1200.0,550.0,0,,,,
2026-10-01T14:24:44.433538+00:00,power,0,0,,,,,,2301293483574,855927006018,0.0,
2026-10-01T14:24:45.423937+00:00,freq,0,0,2500.0,4250.0,2500.0,900.0,0,,,,
2026-10-01T14:24:45.423937+00:00,freq,1,0,550.0,550.0,1200.0,550.0,0,,,,
2026-10-01T14:24:45.423937+00:00,power,0,0,,,,,,2301293483574,855927996398,0.0,
2026-10-01T14:24:46.428635+00:00,freq,0,0,2500.0,4250.0,2500.0,900.0,0,,,,
2026-10-01T14:24:46.428635+00:00,freq,1,0,550.0,550.0,1200.0,550.0,0,,,,
2026-10-01T14:24:46.428635+00:00,power,0,0,,,,,,2301293483574,855929000946,0.0,
2026-10-01T14:24:47.432828+00:00,freq,0,0,2500.0,4250.0,2500.0,900.0,0,,,,
2026-10-01T14:24:47.432828+00:00,freq,1,0,550.0,550.0,1200.0,550.0,0,,,,
2026-10-01T14:24:47.432828+00:00,power,0,0,,,,,,2301293483574,855930005108,0.0,
2026-10-01T14:24:48.422482+00:00,freq,0,0,2500.0,4250.0,2500.0,900.0,0,,,,
2026-10-01T14:24:48.422482+00:00,freq,1,0,550.0,550.0,1200.0,550.0,0,,,,
2026-10-01T14:24:48.422482+00:00,power,0,0,,,,,,2301293483574,855930994858,0.0,
2026-10-01T14:24:49.425951+00:00,freq,0,0,2500.0,4250.0,2500.0,900.0,0,,,,
2026-10-01T14:24:49.425951+00:00,freq,1,0,550.0,550.0,1200.0,550.0,0,,,,
2026-10-01T14:24:49.425951+00:00,power,0,0,,,,,,2301293483574,855931998292,0.0,
2026-10-01T14:24:50.431285+00:00,freq,0,0,2500.0,4250.0,2500.0,900.0,0,,,,
2026-10-01T14:24:50.431285+00:00,freq,1,0,550.0,550.0,1200.0,550.0,0,,,,
2026-10-01T14:24:50.431285+00:00,power,0,0,,,,,,2301293483574,855933003694,0.0,
2026-10-01T14:24:51.433878+00:00,freq,0,0,2500.0,4250.0,2500.0,900.0,0,,,,
2026-10-01T14:24:51.433878+00:00,freq,1,0,550.0,550.0,1200.0,550.0,0,,,,
2026-10-01T14:24:51.433878+00:00,power,0,0,,,,,,2301293483574,855934006193,0.0,
2026-10-01T14:24:52.422029+00:00,freq,0,0,2500.0,4250.0,2500.0,900.0,0,,,,
2026-10-01T14:24:52.422029+00:00,freq,1,0,550.0,550.0,1200.0,550.0,0,,,,
2026-10-01T14:24:52.422029+00:00,power,0,0,,,,,,2301293483574,855934994251,0.0,
2026-10-01T14:24:53.427419+00:00,freq,0,0,2500.0,4250.0,2500.0,900.0,0,,,,
2026-10-01T14:24:53.427419+00:00,freq,1,0,550.0,550.0,1200.0,550.0,0,,,,
2026-10-01T14:24:53.427419+00:00,power,0,0,,,,,,2301293483757,855935999621,0.0001820225389657539,
2026-10-01T14:24:54.433069+00:00,freq,0,0,900.0,900.0,2500.0,900.0,0,,,,
2026-10-01T14:24:54.433069+00:00,freq,1,0,550.0,550.0,1200.0,550.0,0,,,,
2026-10-01T14:24:54.433069+00:00,power,0,0,,,,,,2301293485160,855937005262,0.0013951300712679773,
2026-10-01T14:24:55.420315+00:00,freq,0,0,900.0,900.0,2500.0,900.0,0,,,,
2026-10-01T14:24:55.420315+00:00,freq,1,0,550.0,550.0,1200.0,550.0,0,,,,
2026-10-01T14:24:55.420315+00:00,power,0,0,,,,,,2301293485160,855937992459,0.0,
2026-10-01T14:24:56.426064+00:00,freq,0,0,900.0,900.0,2500.0,900.0,0,,,,
2026-10-01T14:24:56.426064+00:00,freq,1,0,550.0,550.0,1200.0,550.0,0,,,,
2026-10-01T14:24:56.426064+00:00,power,0,0,,,,,,2301293485160,855938998226,0.0,
2026-10-01T14:24:57.429601+00:00,freq,0,0,900.0,900.0,2500.0,900.0,0,,,,
2026-10-01T14:24:57.429601+00:00,freq,1,0,550.0,550.0,1200.0,550.0,0,,,,
2026-10-01T14:24:57.429601+00:00,power,0,0,,,,,,2301293485160,855940001709,0.0,
2026-10-01T14:24:58.434053+00:00,freq,0,0,900.0,900.0,2500.0,900.0,0,,,,
2026-10-01T14:24:58.434053+00:00,freq,1,0,550.0,550.0,1200.0,550.0,0,,,,
2026-10-01T14:24:58.434053+00:00,power,0,0,,,,,,2301293485160,855941006171,0.0,
2026-10-01T14:24:59.422053+00:00,freq,0,0,2500.0,4250.0,2500.0,900.0,0,,,,
2026-10-01T14:24:59.422053+00:00,freq,1,0,550.0,550.0,1200.0,550.0,0,,,,
2026-10-01T14:24:59.422053+00:00,power,0,0,,,,,,2301320488418,855941993867,27.339644991981338,
2026-10-01T14:25:00.427559+00:00,freq,0,0,2500.0,4250.0,2500.0,900.0,0,,,,
2026-10-01T14:25:00.427559+00:00,freq,1,0,550.0,550.0,1200.0,550.0,0,,,,
2026-10-01T14:25:00.427559+00:00,power,0,0,,,,,,2301354407912,855942999452,33.73110577425081,
2026-10-01T14:25:01.431564+00:00,freq,0,0,2500.0,4250.0,2500.0,900.0,0,,,,
2026-10-01T14:25:01.431564+00:00,freq,1,0,550.0,550.0,1200.0,550.0,0,,,,
2026-10-01T14:25:01.431564+00:00,power,0,0,,,,,,2301386650550,855944003415,32.115364809260896,
2026-10-01T14:25:02.437134+00:00,freq,0,0,2500.0,4250.0,2500.0,900.0,0,,,,
2026-10-01T14:25:02.437134+00:00,freq,1,0,550.0,550.0,1200.0,550.0,0,,,,
2026-10-01T14:25:02.437134+00:00,power,0,0,,,,,,2301417247168,855945008778,30.433403656191842,
2026-10-01T14:25:03.426130+00:00,freq,0,0,2450.0,4250.0,2450.0,900.0,2,,,,
2026-10-01T14:25:03.426130+00:00,freq,1,0,550.0,550.0,1200.0,550.0,0,,,,
2026-10-01T14:25:03.426130+00:00,power,0,0,,,,,,2301444989806,855945997901,28.0477129740184,
2026-10-01T14:25:04.429378+00:00,freq,0,0,2500.0,4250.0,2500.0,900.0,0,,,,
2026-10-01T14:25:04.429378+00:00,freq,1,0,550.0,550.0,1200.0,550.0,0,,,,
2026-10-01T14:25:04.429378+00:00,power,0,0,,,,,,2301472820334,855947001088,27.742113883054703,
2026-10-01T14:25:05.435575+00:00,freq,0,0,2500.0,4250.0,2500.0,900.0,0,,,,
2026-10-01T14:25:05.435575+00:00,freq,1,0,550.0,550.0,1200.0,550.0,0,,,,
2026-10-01T14:25:05.435575+00:00,power,0,0,,,,,,2301500163351,855948007244,27.175723247687237,
2026-10-01T14:25:06.426280+00:00,freq,0,0,2500.0,4250.0,2500.0,900.0,0,,,,
2026-10-01T14:25:06.426280+00:00,freq,1,0,550.0,550.0,1200.0,550.0,0,,,,
2026-10-01T14:25:06.426280+00:00,power,0,0,,,,,,2301525503340,855948998035,25.575513907574855,
2026-10-01T14:25:07.432382+00:00,freq,0,0,2500.0,4250.0,2500.0,900.0,0,,,,
2026-10-01T14:25:07.432382+00:00,freq,1,0,550.0,550.0,1200.0,600.0,0,,,,
2026-10-01T14:25:07.432382+00:00,power,0,0,,,,,,2301550798933,855950004051,25.144324742350022,
2026-10-01T14:25:08.435898+00:00,freq,0,0,2500.0,4250.0,2500.0,900.0,0,,,,
2026-10-01T14:25:08.435898+00:00,freq,1,0,600.0,600.0,1200.0,550.0,0,,,,
2026-10-01T14:25:08.435898+00:00,power,0,0,,,,,,2301557919928,855951007644,7.095500865390651,
2026-10-01T14:25:09.425227+00:00,freq,0,0,2500.0,4250.0,2500.0,900.0,0,,,,
2026-10-01T14:25:09.425227+00:00,freq,1,0,550.0,550.0,1200.0,550.0,0,,,,
2026-10-01T14:25:09.425227+00:00,power,0,0,,,,,,2301557919928,855951997028,0.0,
2026-10-01T14:25:10.428456+00:00,freq,0,0,2500.0,4250.0,2500.0,900.0,0,,,,
2026-10-01T14:25:10.428456+00:00,freq,1,0,550.0,550.0,1200.0,550.0,0,,,,
2026-10-01T14:25:10.428456+00:00,power,0,0,,,,,,2301557919928,855953000284,0.0,
2026-10-01T14:25:11.435833+00:00,freq,0,0,2500.0,4250.0,2500.0,900.0,0,,,,
2026-10-01T14:25:11.435833+00:00,freq,1,0,550.0,550.0,1200.0,550.0,0,,,,
2026-10-01T14:25:11.435833+00:00,power,0,0,,,,,,2301557919928,855954007636,0.0,
2026-10-01T14:25:12.425885+00:00,freq,0,0,2500.0,4250.0,2500.0,900.0,0,,,,
2026-10-01T14:25:12.425885+00:00,freq,1,0,550.0,550.0,1200.0,550.0,0,,,,
2026-10-01T14:25:12.425885+00:00,power,0,0,,,,,,2301557919928,855954997740,0.0,
2026-10-01T14:25:13.430486+00:00,freq,0,0,2500.0,4250.0,2500.0,900.0,0,,,,
2026-10-01T14:25:13.430486+00:00,freq,1,0,550.0,550.0,1200.0,550.0,0,,,,
2026-10-01T14:25:13.430486+00:00,power,0,0,,,,,,2301557919928,855956002215,0.0,
2026-10-01T14:25:14.436128+00:00,freq,0,0,2500.0,4250.0,2500.0,900.0,0,,,,
2026-10-01T14:25:14.436128+00:00,freq,1,0,550.0,550.0,1200.0,550.0,0,,,,
2026-10-01T14:25:14.436128+00:00,power,0,0,,,,,,2301557919928,855957007836,0.0,
2026-10-01T14:25:15.425611+00:00,freq,0,0,2500.0,4250.0,2500.0,900.0,0,,,,
2026-10-01T14:25:15.425611+00:00,freq,1,0,550.0,550.0,1200.0,550.0,0,,,,
2026-10-01T14:25:15.425611+00:00,power,0,0,,,,,,2301557919928,855957997352,0.0,
2026-10-01T14:25:16.431308+00:00,freq,0,0,2500.0,4250.0,2500.0,900.0,0,,,,
2026-10-01T14:25:16.431308+00:00,freq,1,0,550.0,550.0,1200.0,550.0,0,,,,
2026-10-01T14:25:16.431308+00:00,power,0,0,,,,,,2301557919928,855959003078,0.0,
2026-10-01T14:25:17.437210+00:00,freq,0,0,2500.0,4250.0,2500.0,900.0,0,,,,
2026-10-01T14:25:17.437210+00:00,freq,1,0,550.0,550.0,1200.0,550.0,0,,,,
2026-10-01T14:25:17.437210+00:00,power,0,0,,,,,,2301557919928,855960008902,0.0,
2026-10-01T14:25:18.424708+00:00,freq,0,0,2500.0,4250.0,2500.0,900.0,0,,,,
2026-10-01T14:25:18.424708+00:00,freq,1,0,550.0,550.0,1200.0,550.0,0,,,,
2026-10-01T14:25:18.424708+00:00,power,0,0,,,,,,2301557919928,855960996298,0.0,
2026-10-01T14:25:19.431158+00:00,freq,0,0,2500.0,4250.0,2500.0,900.0,0,,,,
2026-10-01T14:25:19.431158+00:00,freq,1,0,550.0,550.0,1200.0,550.0,0,,,,
2026-10-01T14:25:19.431158+00:00,power,0,0,,,,,,2301557919928,855962002735,0.0,
2026-10-01T14:25:20.436656+00:00,freq,0,0,2500.0,4250.0,2500.0,900.0,0,,,,
2026-10-01T14:25:20.436656+00:00,freq,1,0,550.0,550.0,1200.0,550.0,0,,,,
2026-10-01T14:25:20.436656+00:00,power,0,0,,,,,,2301557919928,855963008205,0.0,
2026-10-01T14:25:21.423672+00:00,freq,0,0,2500.0,4250.0,2500.0,900.0,0,,,,
2026-10-01T14:25:21.423672+00:00,freq,1,0,550.0,550.0,1200.0,550.0,0,,,,
2026-10-01T14:25:21.423672+00:00,power,0,0,,,,,,2301557919928,855963995277,0.0,
2026-10-01T14:25:22.427165+00:00,freq,0,0,2500.0,4250.0,2500.0,900.0,0,,,,
2026-10-01T14:25:22.427165+00:00,freq,1,0,550.0,550.0,1200.0,550.0,0,,,,
2026-10-01T14:25:22.427165+00:00,power,0,0,,,,,,2301557921477,855964998699,0.0015437173990604154,
2026-10-01T14:25:23.433512+00:00,freq,0,0,2500.0,4250.0,2500.0,900.0,0,,,,
2026-10-01T14:25:23.433512+00:00,freq,1,0,550.0,550.0,1200.0,550.0,0,,,,
2026-10-01T14:25:23.433512+00:00,power,0,0,,,,,,2301557921477,855966005117,0.0,
2026-10-01T14:25:24.439207+00:00,freq,0,0,900.0,900.0,2500.0,900.0,0,,,,
2026-10-01T14:25:24.439207+00:00,freq,1,0,550.0,550.0,1200.0,550.0,0,,,,
2026-10-01T14:25:24.439207+00:00,power,0,0,,,,,,2301557923674,855967010672,0.002184863085559716,
2026-10-01T14:25:25.428319+00:00,freq,0,0,900.0,900.0,2500.0,900.0,0,,,,
2026-10-01T14:25:25.428319+00:00,freq,1,0,550.0,550.0,1200.0,550.0,0,,,,
2026-10-01T14:25:25.428319+00:00,power,0,0,,,,,,2301557923674,855967999799,0.0,
2026-10-01T14:25:26.432909+00:00,freq,0,0,900.0,900.0,2500.0,900.0,0,,,,
2026-10-01T14:25:26.432909+00:00,freq,1,0,550.0,550.0,1200.0,550.0,0,,,,
2026-10-01T14:25:26.432909+00:00,power,0,0,,,,,,2301557923674,855969004326,0.0,
2026-10-01T14:25:27.438842+00:00,freq,0,0,900.0,900.0,2500.0,900.0,0,,,,
2026-10-01T14:25:27.438842+00:00,freq,1,0,550.0,550.0,1200.0,550.0,0,,,,
2026-10-01T14:25:27.438842+00:00,power,0,0,,,,,,2301557923674,855970010231,0.0,
2026-10-01T14:25:28.428135+00:00,freq,0,0,900.0,900.0,2500.0,900.0,0,,,,
2026-10-01T14:25:28.428135+00:00,freq,1,0,550.0,550.0,1200.0,550.0,0,,,,
2026-10-01T14:25:28.428135+00:00,power,0,0,,,,,,2301557923674,855970999490,0.0,
2026-10-01T14:25:29.431950+00:00,freq,0,0,900.0,900.0,2500.0,900.0,0,,,,
2026-10-01T14:25:29.431950+00:00,freq,1,0,550.0,550.0,1200.0,550.0,0,,,,
2026-10-01T14:25:29.431950+00:00,power,0,0,,,,,,2301557923674,855972003128,0.0,
2026-10-01T14:25:30.433319+00:00,freq,0,0,900.0,900.0,2500.0,900.0,0,,,,
2026-10-01T14:25:30.433319+00:00,freq,1,0,550.0,550.0,1200.0,550.0,0,,,,
2026-10-01T14:25:30.433319+00:00,power,0,0,,,,,,2301557923674,855973004441,0.0,
2026-10-01T14:25:31.447350+00:00,freq,0,0,900.0,900.0,2500.0,900.0,0,,,,
2026-10-01T14:25:31.447350+00:00,freq,1,0,550.0,550.0,1200.0,550.0,0,,,,
2026-10-01T14:25:31.447350+00:00,power,0,0,,,,,,2301557924040,855974018815,0.00036081366438808565,
2026-10-01T14:25:32.438324+00:00,freq,0,0,900.0,900.0,2500.0,900.0,0,,,,
2026-10-01T14:25:32.438324+00:00,freq,1,0,550.0,550.0,1200.0,550.0,0,,,,
2026-10-01T14:25:32.438324+00:00,power,0,0,,,,,,2301557924040,855975009428,0.0,
2026-10-01T14:25:33.422923+00:00,freq,0,0,2450.0,4250.0,2450.0,900.0,2,,,,
2026-10-01T14:25:33.422923+00:00,freq,1,0,550.0,550.0,1200.0,550.0,0,,,,
2026-10-01T14:25:33.422923+00:00,power,0,0,,,,,,2301565896536,855975994108,8.09653491489621,
2026-10-01T14:25:34.428495+00:00,freq,0,0,2450.0,4250.0,2450.0,900.0,2,,,,
2026-10-01T14:25:34.428495+00:00,freq,1,0,550.0,550.0,1200.0,550.0,0,,,,
2026-10-01T14:25:34.428495+00:00,power,0,0,,,,,,2301600962294,855976999592,34.87450620795557,
2026-10-01T14:25:35.432942+00:00,freq,0,0,2400.0,4250.0,2400.0,900.0,2,,,,
2026-10-01T14:25:35.432942+00:00,freq,1,0,550.0,550.0,1200.0,550.0,0,,,,
2026-10-01T14:25:35.432942+00:00,power,0,0,,,,,,2301634241468,855978004050,33.13147388940105,
2026-10-01T14:25:36.440487+00:00,freq,0,0,2450.0,4250.0,2500.0,900.0,2,,,,
2026-10-01T14:25:36.440487+00:00,freq,1,0,550.0,550.0,1200.0,550.0,0,,,,
2026-10-01T14:25:36.440487+00:00,power,0,0,,,,,,2301665588415,855979011486,31.115571609511672,
2026-10-01T14:25:37.429235+00:00,freq,0,0,2500.0,4250.0,2450.0,900.0,0,,,,
2026-10-01T14:25:37.429235+00:00,freq,1,0,550.0,550.0,1200.0,550.0,0,,,,
2026-10-01T14:25:37.429235+00:00,power,0,0,,,,,,2301694917356,855980000263,29.661835782992526,
2026-10-01T14:25:38.433441+00:00,freq,0,0,2500.0,4250.0,2500.0,900.0,0,,,,
2026-10-01T14:25:38.433441+00:00,freq,1,0,550.0,550.0,1200.0,550.0,0,,,,
2026-10-01T14:25:38.433441+00:00,power,0,0,,,,,,2301723609555,855981004322,28.576208171033773,
2026-10-01T14:25:39.438672+00:00,freq,0,0,2500.0,4250.0,2500.0,900.0,0,,,,
2026-10-01T14:25:39.438672+00:00,freq,1,0,550.0,550.0,1200.0,600.0,0,,,,
2026-10-01T14:25:39.438672+00:00,power,0,0,,,,,,2301750914181,855982009651,27.15989094117448,
2026-10-01T14:25:40.428037+00:00,freq,0,0,2450.0,4250.0,2450.0,900.0,2,,,,
2026-10-01T14:25:40.428037+00:00,freq,1,0,600.0,600.0,1200.0,550.0,0,,,,
2026-10-01T14:25:40.428037+00:00,power,0,0,,,,,,2301777401753,855982999096,26.770130729853605,
2026-10-01T14:25:41.433691+00:00,freq,0,0,2500.0,4250.0,2500.0,900.0,0,,,,
2026-10-01T14:25:41.433691+00:00,freq,1,0,550.0,550.0,1200.0,600.0,0,,,,
2026-10-01T14:25:41.433691+00:00,power,0,0,,,,,,2301803780255,855984004430,26.238545597781435,
2026-10-01T14:25:42.437913+00:00,freq,0,0,2500.0,4250.0,2500.0,900.0,0,,,,
2026-10-01T14:25:42.437913+00:00,freq,1,0,600.0,600.0,1200.0,550.0,0,,,,
2026-10-01T14:25:42.437913+00:00,power,0,0,,,,,,2301811881512,855985009035,8.064121719481786,
2026-10-01T14:25:43.427945+00:00,freq,0,0,2500.0,4250.0,2500.0,900.0,0,,,,
2026-10-01T14:25:43.427945+00:00,freq,1,0,550.0,550.0,1200.0,550.0,0,,,,
2026-10-01T14:25:43.427945+00:00,power,0,0,,,,,,2301811881512,855985998953,0.0,
2026-10-01T14:25:44.433985+00:00,freq,0,0,2500.0,4250.0,2500.0,900.0,0,,,,
2026-10-01T14:25:44.433985+00:00,freq,1,0,550.0,550.0,1200.0,550.0,0,,,,
2026-10-01T14:25:44.433985+00:00,power,0,0,,,,,,2301811881512,855987005042,0.0,
2026-10-01T14:25:45.439251+00:00,freq,0,0,2500.0,4250.0,2500.0,900.0,0,,,,
2026-10-01T14:25:45.439251+00:00,freq,1,0,550.0,550.0,1200.0,550.0,0,,,,
2026-10-01T14:25:45.439251+00:00,power,0,0,,,,,,2301811881512,855988010242,0.0,
2026-10-01T14:25:46.426236+00:00,freq,0,0,2500.0,4250.0,2500.0,900.0,0,,,,
2026-10-01T14:25:46.426236+00:00,freq,1,0,550.0,550.0,1200.0,550.0,0,,,,
2026-10-01T14:25:46.426236+00:00,power,0,0,,,,,,2301811881512,855988997236,0.0,
2026-10-01T14:25:47.431177+00:00,freq,0,0,2500.0,4250.0,2500.0,900.0,0,,,,
2026-10-01T14:25:47.431177+00:00,freq,1,0,550.0,550.0,1200.0,550.0,0,,,,
2026-10-01T14:25:47.431177+00:00,power,0,0,,,,,,2301811881512,855990002181,0.0,
2026-10-01T14:25:48.435606+00:00,freq,0,0,2500.0,4250.0,2500.0,900.0,0,,,,
2026-10-01T14:25:48.435606+00:00,freq,1,0,550.0,550.0,1200.0,550.0,0,,,,
2026-10-01T14:25:48.435606+00:00,power,0,0,,,,,,2301811881512,855991006568,0.0,
2026-10-01T14:25:49.422789+00:00,freq,0,0,2500.0,4250.0,2500.0,900.0,0,,,,
2026-10-01T14:25:49.422789+00:00,freq,1,0,550.0,550.0,1200.0,550.0,0,,,,
2026-10-01T14:25:49.422789+00:00,power,0,0,,,,,,2301811883488,855991993697,0.0020017647136291203,
2026-10-01T14:25:50.428558+00:00,freq,0,0,2500.0,4250.0,2500.0,900.0,0,,,,
2026-10-01T14:25:50.428558+00:00,freq,1,0,550.0,550.0,1200.0,550.0,0,,,,
2026-10-01T14:25:50.428558+00:00,power,0,0,,,,,,2301811883488,855992999407,0.0,
2026-10-01T14:25:51.433569+00:00,freq,0,0,2500.0,4250.0,2500.0,900.0,0,,,,
2026-10-01T14:25:51.433569+00:00,freq,1,0,550.0,550.0,1200.0,550.0,0,,,,
2026-10-01T14:25:51.433569+00:00,power,0,0,,,,,,2301811883488,855994004395,0.0,
2026-10-01T14:25:52.438498+00:00,freq,0,0,2500.0,4250.0,2500.0,900.0,0,,,,
2026-10-01T14:25:52.438498+00:00,freq,1,0,550.0,550.0,1200.0,550.0,0,,,,
2026-10-01T14:25:52.438498+00:00,power,0,0,,,,,,2301811883488,855995009308,0.0,
2026-10-01T14:25:53.425263+00:00,freq,0,0,2500.0,4250.0,2500.0,900.0,0,,,,
2026-10-01T14:25:53.425263+00:00,freq,1,0,550.0,550.0,1200.0,550.0,0,,,,
2026-10-01T14:25:53.425263+00:00,power,0,0,,,,,,2301811883488,855995996063,0.0,
2026-10-01T14:25:54.433166+00:00,freq,0,0,900.0,900.0,2500.0,900.0,0,,,,
2026-10-01T14:25:54.433166+00:00,freq,1,0,550.0,550.0,1200.0,550.0,0,,,,
2026-10-01T14:25:54.433166+00:00,power,0,0,,,,,,2301811884769,855997003905,0.0012710325626437476,
2026-10-01T14:25:55.438745+00:00,freq,0,0,900.0,900.0,2500.0,900.0,0,,,,
2026-10-01T14:25:55.438745+00:00,freq,1,0,550.0,550.0,1200.0,550.0,0,,,,
2026-10-01T14:25:55.438745+00:00,power,0,0,,,,,,2301811884769,855998009525,0.0,
2026-10-01T14:25:56.428104+00:00,freq,0,0,900.0,900.0,2500.0,900.0,0,,,,
2026-10-01T14:25:56.428104+00:00,freq,1,0,550.0,550.0,1200.0,550.0,0,,,,
2026-10-01T14:25:56.428104+00:00,power,0,0,,,,,,2301811884830,855998998895,6.165539686871444e-05,
2026-10-01T14:25:57.433917+00:00,freq,0,0,900.0,900.0,2500.0,900.0,0,,,,
2026-10-01T14:25:57.433917+00:00,freq,1,0,550.0,550.0,1200.0,550.0,0,,,,
2026-10-01T14:25:57.433917+00:00,power,0,0,,,,,,2301811886623,856000004634,0.001782768690485305,
2026-10-01T14:25:58.442292+00:00,freq,0,0,900.0,900.0,2500.0,900.0,0,,,,
2026-10-01T14:25:58.442292+00:00,freq,1,0,550.0,550.0,1200.0,550.0,0,,,,
2026-10-01T14:25:58.442292+00:00,power,0,0,,,,,,2301811886806,856001012988,0.00018148388363610398,
2026-10-01T14:25:59.432226+00:00,freq,0,0,900.0,900.0,2500.0,900.0,0,,,,
2026-10-01T14:25:59.432226+00:00,freq,1,0,550.0,550.0,1200.0,550.0,0,,,,
2026-10-01T14:25:59.432226+00:00,power,0,0,,,,,,2301811886806,856002002870,0.0,
2026-10-01T14:26:00.446896+00:00,freq,0,0,900.0,900.0,2500.0,900.0,0,,,,
2026-10-01T14:26:00.446896+00:00,freq,1,0,550.0,550.0,1200.0,550.0,0,,,,
2026-10-01T14:26:00.446896+00:00,power,0,0,,,,,,2301811886806,856003017306,0.0,
2026-10-01T14:26:01.443635+00:00,freq,0,0,900.0,900.0,2500.0,900.0,0,,,,
2026-10-01T14:26:01.443635+00:00,freq,1,0,550.0,550.0,1200.0,550.0,0,,,,
2026-10-01T14:26:01.443635+00:00,power,0,0,,,,,,2301811886806,856004014131,0.0,
2026-10-01T14:26:02.432950+00:00,freq,0,0,900.0,900.0,2500.0,900.0,0,,,,
2026-10-01T14:26:02.432950+00:00,freq,1,0,550.0,550.0,1200.0,550.0,0,,,,
2026-10-01T14:26:02.432950+00:00,power,0,0,,,,,,2301811886806,856005003612,0.0,
2026-10-01T14:26:03.436248+00:00,freq,0,0,2450.0,4250.0,2450.0,900.0,2,,,,
2026-10-01T14:26:03.436248+00:00,freq,1,0,550.0,550.0,1200.0,550.0,0,,,,
2026-10-01T14:26:03.436248+00:00,power,0,0,,,,,,2301815012965,856006006691,3.1165631022083007,
2026-10-01T14:26:04.425051+00:00,freq,0,0,2400.0,4250.0,2400.0,900.0,2,,,,
2026-10-01T14:26:04.425051+00:00,freq,1,0,550.0,550.0,1200.0,550.0,0,,,,
2026-10-01T14:26:04.425051+00:00,power,0,0,,,,,,2301849831530,856006995736,35.20422731018306,
2026-10-01T14:26:05.428672+00:00,freq,0,0,2400.0,4250.0,2400.0,900.0,2,,,,
2026-10-01T14:26:05.428672+00:00,freq,1,0,550.0,550.0,1200.0,550.0,0,,,,
2026-10-01T14:26:05.428672+00:00,power,0,0,,,,,,2301883241564,856007999373,33.28896204504218,
2026-10-01T14:26:06.433968+00:00,freq,0,0,2500.0,4250.0,2500.0,900.0,0,,,,
2026-10-01T14:26:06.433968+00:00,freq,1,0,550.0,550.0,1200.0,550.0,0,,,,
2026-10-01T14:26:06.433968+00:00,power,0,0,,,,,,2301914718919,856009004399,31.31994097665135,
2026-10-01T14:26:07.441107+00:00,freq,0,0,2500.0,4250.0,2500.0,900.0,0,,,,
2026-10-01T14:26:07.441107+00:00,freq,1,0,550.0,550.0,1200.0,550.0,0,,,,
2026-10-01T14:26:07.441107+00:00,power,0,0,,,,,,2301944948739,856010011478,30.017327339761827,
2026-10-01T14:26:08.430496+00:00,freq,0,0,2500.0,4250.0,2500.0,900.0,0,,,,
2026-10-01T14:26:08.430496+00:00,freq,1,0,550.0,550.0,1200.0,550.0,0,,,,
2026-10-01T14:26:08.430496+00:00,power,0,0,,,,,,2301973361299,856011000631,28.72413064510748,
2026-10-01T14:26:09.434687+00:00,freq,0,0,2500.0,4250.0,2500.0,900.0,0,,,,
2026-10-01T14:26:09.434687+00:00,freq,1,0,550.0,550.0,1200.0,600.0,0,,,,
2026-10-01T14:26:09.434687+00:00,power,0,0,,,,,,2302000708650,856012004802,27.233758991247505,
2026-10-01T14:26:10.438946+00:00,freq,0,0,2500.0,4250.0,2500.0,900.0,0,,,,
2026-10-01T14:26:10.438946+00:00,freq,1,0,600.0,600.0,1200.0,550.0,0,,,,
2026-10-01T14:26:10.438946+00:00,power,0,0,,,,,,2302027602472,856013009266,26.77430151802354,
2026-10-01T14:26:11.430342+00:00,freq,0,0,2500.0,4250.0,2500.0,900.0,0,,,,
2026-10-01T14:26:11.430342+00:00,freq,1,0,550.0,550.0,1200.0,600.0,0,,,,
2026-10-01T14:26:11.430342+00:00,power,0,0,,,,,,2302053831170,856014000600,26.457982879634915,
2026-10-01T14:26:12.434570+00:00,freq,0,0,2500.0,4250.0,2500.0,900.0,0,,,,
2026-10-01T14:26:12.434570+00:00,freq,1,0,600.0,600.0,1200.0,550.0,0,,,,
2026-10-01T14:26:12.434570+00:00,power,0,0,,,,,,2302065874772,856015004946,11.991486997508826,
2026-10-01T14:26:13.439384+00:00,freq,0,0,2500.0,4250.0,2500.0,900.0,0,,,,
2026-10-01T14:26:13.439384+00:00,freq,1,0,550.0,550.0,1200.0,550.0,0,,,,
2026-10-01T14:26:13.439384+00:00,power,0,0,,,,,,2302065874772,856016009743,0.0,
2026-10-01T14:26:14.429847+00:00,freq,0,0,2500.0,4250.0,2500.0,900.0,0,,,,
2026-10-01T14:26:14.429847+00:00,freq,1,0,550.0,550.0,1200.0,550.0,0,,,,
2026-10-01T14:26:14.429847+00:00,power,0,0,,,,,,2302065874772,856017000157,0.0,
2026-10-01T14:26:15.435238+00:00,freq,0,0,2500.0,4250.0,2500.0,900.0,0,,,,
2026-10-01T14:26:15.435238+00:00,freq,1,0,550.0,550.0,1200.0,550.0,0,,,,
2026-10-01T14:26:15.435238+00:00,power,0,0,,,,,,2302065874772,856018005497,0.0,
2026-10-01T14:26:16.424020+00:00,freq,0,0,2500.0,4250.0,2500.0,900.0,0,,,,
2026-10-01T14:26:16.424020+00:00,freq,1,0,550.0,550.0,1200.0,550.0,0,,,,
2026-10-01T14:26:16.424020+00:00,power,0,0,,,,,,2302065874772,856018994279,0.0,
2026-10-01T14:26:17.426272+00:00,freq,0,0,2500.0,4250.0,2500.0,900.0,0,,,,
2026-10-01T14:26:17.426272+00:00,freq,1,0,550.0,550.0,1200.0,550.0,0,,,,
2026-10-01T14:26:17.426272+00:00,power,0,0,,,,,,2302065874772,856019996478,0.0,
2026-10-01T14:26:18.429507+00:00,freq,0,0,2500.0,4250.0,2500.0,900.0,0,,,,
2026-10-01T14:26:18.429507+00:00,freq,1,0,550.0,550.0,1200.0,550.0,0,,,,
2026-10-01T14:26:18.429507+00:00,power,0,0,,,,,,2302065874772,856020999713,0.0,
2026-10-01T14:26:19.434114+00:00,freq,0,0,2500.0,4250.0,2500.0,900.0,0,,,,
2026-10-01T14:26:19.434114+00:00,freq,1,0,550.0,550.0,1200.0,550.0,0,,,,
2026-10-01T14:26:19.434114+00:00,power,0,0,,,,,,2302065874772,856022004274,0.0,
2026-10-01T14:26:20.438868+00:00,freq,0,0,2500.0,4250.0,2500.0,900.0,0,,,,
2026-10-01T14:26:20.438868+00:00,freq,1,0,550.0,550.0,1200.0,550.0,0,,,,
2026-10-01T14:26:20.438868+00:00,power,0,0,,,,,,2302065874772,856023009082,0.0,
2026-10-01T14:26:21.427973+00:00,freq,0,0,2500.0,4250.0,2500.0,900.0,0,,,,
2026-10-01T14:26:21.427973+00:00,freq,1,0,550.0,550.0,1200.0,550.0,0,,,,
2026-10-01T14:26:21.427973+00:00,power,0,0,,,,,,2302065874772,856023998207,0.0,
2026-10-01T14:26:22.432085+00:00,freq,0,0,2500.0,4250.0,2500.0,900.0,0,,,,
2026-10-01T14:26:22.432085+00:00,freq,1,0,550.0,550.0,1200.0,550.0,0,,,,
2026-10-01T14:26:22.432085+00:00,power,0,0,,,,,,2302065874772,856025001934,0.0,
2026-10-01T14:26:23.437917+00:00,freq,0,0,2500.0,4250.0,2500.0,900.0,0,,,,
2026-10-01T14:26:23.437917+00:00,freq,1,0,550.0,550.0,1200.0,550.0,0,,,,
2026-10-01T14:26:23.437917+00:00,power,0,0,,,,,,2302065874772,856026008050,0.0,
2026-10-01T14:26:24.427960+00:00,freq,0,0,900.0,900.0,2500.0,900.0,0,,,,
2026-10-01T14:26:24.427960+00:00,freq,1,0,550.0,550.0,1200.0,550.0,0,,,,
2026-10-01T14:26:24.427960+00:00,power,0,0,,,,,,2302065877297,856026998003,0.002550626140836989,
2026-10-01T14:26:25.434144+00:00,freq,0,0,900.0,900.0,2500.0,900.0,0,,,,
2026-10-01T14:26:25.434144+00:00,freq,1,0,550.0,550.0,1200.0,550.0,0,,,,
2026-10-01T14:26:25.434144+00:00,power,0,0,,,,,,2302065877297,856028004477,0.0,
2026-10-01T14:26:26.448072+00:00,freq,0,0,900.0,900.0,2500.0,900.0,0,,,,
2026-10-01T14:26:26.448072+00:00,freq,1,0,550.0,550.0,1200.0,550.0,0,,,,
2026-10-01T14:26:26.448072+00:00,power,0,0,,,,,,2302065877297,856029017948,0.0,
2026-10-01T14:26:27.436651+00:00,freq,0,0,900.0,900.0,2500.0,900.0,0,,,,
2026-10-01T14:26:27.436651+00:00,freq,1,0,550.0,550.0,1200.0,550.0,0,,,,
2026-10-01T14:26:27.436651+00:00,power,0,0,,,,,,2302065877297,856030006582,0.0,
2026-10-01T14:26:28.426627+00:00,freq,0,0,900.0,900.0,2500.0,900.0,0,,,,
2026-10-01T14:26:28.426627+00:00,freq,1,0,550.0,550.0,1200.0,550.0,0,,,,
2026-10-01T14:26:28.426627+00:00,power,0,0,,,,,,2302065877297,856030996658,0.0,
2026-10-01T14:26:29.433828+00:00,freq,0,0,900.0,900.0,2500.0,900.0,0,,,,
2026-10-01T14:26:29.433828+00:00,freq,1,0,550.0,550.0,1200.0,550.0,0,,,,
2026-10-01T14:26:29.433828+00:00,power,0,0,,,,,,2302065877419,856032003795,0.00012113545624875266,
2026-10-01T14:26:30.440091+00:00,freq,0,0,900.0,900.0,2500.0,900.0,0,,,,
2026-10-01T14:26:30.440091+00:00,freq,1,0,550.0,550.0,1200.0,550.0,0,,,,
2026-10-01T14:26:30.440091+00:00,power,0,0,,,,,,2302065877419,856033010055,0.0,
2026-10-01T14:26:31.430147+00:00,freq,0,0,900.0,900.0,2500.0,900.0,0,,,,
2026-10-01T14:26:31.430147+00:00,freq,1,0,550.0,550.0,1200.0,550.0,0,,,,
2026-10-01T14:26:31.430147+00:00,power,0,0,,,,,,2302065877419,856034000096,0.0,
2026-10-01T14:26:32.436440+00:00,freq,0,0,900.0,900.0,2500.0,900.0,0,,,,
2026-10-01T14:26:32.436440+00:00,freq,1,0,550.0,550.0,1200.0,550.0,0,,,,
2026-10-01T14:26:32.436440+00:00,power,0,0,,,,,,2302065877419,856035006368,0.0,
2026-10-01T14:26:33.424575+00:00,freq,0,0,900.0,900.0,2500.0,900.0,0,,,,
2026-10-01T14:26:33.424575+00:00,freq,1,0,550.0,550.0,1200.0,550.0,0,,,,
2026-10-01T14:26:33.424575+00:00,power,0,0,,,,,,2302065877419,856035994453,0.0,
2026-10-01T14:26:34.427459+00:00,freq,0,0,2450.0,4250.0,2450.0,900.0,2,,,,
2026-10-01T14:26:34.427459+00:00,freq,1,0,550.0,550.0,1200.0,550.0,0,,,,
2026-10-01T14:26:34.427459+00:00,power,0,0,,,,,,2302098881409,856036997140,32.91554592809122,
2026-10-01T14:26:35.431929+00:00,freq,0,0,2500.0,4250.0,2500.0,900.0,0,,,,
2026-10-01T14:26:35.431929+00:00,freq,1,0,550.0,550.0,1200.0,550.0,0,,,,
2026-10-01T14:26:35.431929+00:00,power,0,0,,,,,,2302132536865,856038001548,33.50775382115634,
2026-10-01T14:26:36.438912+00:00,freq,0,0,2400.0,4250.0,2400.0,900.0,2,,,,
2026-10-01T14:26:36.438912+00:00,freq,1,0,550.0,550.0,1200.0,550.0,0,,,,
2026-10-01T14:26:36.438912+00:00,power,0,0,,,,,,2302164412437,856039008596,31.65248528372034,
2026-10-01T14:26:37.426693+00:00,freq,0,0,2500.0,4250.0,2500.0,900.0,0,,,,
2026-10-01T14:26:37.426693+00:00,freq,1,0,550.0,550.0,1200.0,550.0,0,,,,
2026-10-01T14:26:37.426693+00:00,power,0,0,,,,,,2302194235618,856039996282,30.19500225780258,
2026-10-01T14:26:38.430709+00:00,freq,0,0,2500.0,4250.0,2500.0,900.0,0,,,,
2026-10-01T14:26:38.430709+00:00,freq,1,0,550.0,550.0,1200.0,550.0,0,,,,
2026-10-01T14:26:38.430709+00:00,power,0,0,,,,,,2302223190475,856041000265,28.839987330462765,
2026-10-01T14:26:39.435524+00:00,freq,0,0,2400.0,4250.0,2400.0,900.0,2,,,,
2026-10-01T14:26:39.435524+00:00,freq,1,0,550.0,550.0,1200.0,550.0,0,,,,
2026-10-01T14:26:39.435524+00:00,power,0,0,,,,,,2302250885322,856042005353,27.55464894616193,
2026-10-01T14:26:40.423303+00:00,freq,0,0,2500.0,4250.0,2500.0,900.0,0,,,,
2026-10-01T14:26:40.423303+00:00,freq,1,0,550.0,550.0,1200.0,550.0,0,,,,
2026-10-01T14:26:40.423303+00:00,power,0,0,,,,,,2302277380134,856042992860,26.82999917975265,
2026-10-01T14:26:41.430724+00:00,freq,0,0,2500.0,4250.0,2450.0,900.0,0,,,,
2026-10-01T14:26:41.430724+00:00,freq,1,0,550.0,550.0,1200.0,600.0,0,,,,
2026-10-01T14:26:41.430724+00:00,power,0,0,,,,,,2302304034027,856044000226,26.45899603520468,
2026-10-01T14:26:42.435102+00:00,freq,0,0,2500.0,4250.0,2500.0,900.0,0,,,,
2026-10-01T14:26:42.435102+00:00,freq,1,0,600.0,600.0,1200.0,550.0,0,,,,
2026-10-01T14:26:42.435102+00:00,power,0,0,,,,,,2302319957756,856045004719,15.852503700871981,
2026-10-01T14:26:43.441037+00:00,freq,0,0,2500.0,4250.0,2500.0,900.0,0,,,,
2026-10-01T14:26:43.441037+00:00,freq,1,0,550.0,550.0,1200.0,550.0,0,,,,
2026-10-01T14:26:43.441037+00:00,power,0,0,,,,,,2302319959488,856046010696,0.0017217093432553628,
2026-10-01T14:26:44.429854+00:00,freq,0,0,2500.0,4250.0,2500.0,900.0,0,,,,
2026-10-01T14:26:44.429854+00:00,freq,1,0,550.0,550.0,1200.0,550.0,0,,,,
2026-10-01T14:26:44.429854+00:00,power,0,0,,,,,,2302319959488,856046999486,0.0,
2026-10-01T14:26:45.437683+00:00,freq,0,0,2500.0,4250.0,2500.0,900.0,0,,,,
2026-10-01T14:26:45.437683+00:00,freq,1,0,550.0,550.0,1200.0,550.0,0,,,,
2026-10-01T14:26:45.437683+00:00,power,0,0,,,,,,2302319959488,856048007292,0.0,
2026-10-01T14:26:46.426341+00:00,freq,0,0,2500.0,4250.0,2500.0,900.0,0,,,,
2026-10-01T14:26:46.426341+00:00,freq,1,0,550.0,550.0,1200.0,550.0,0,,,,
2026-10-01T14:26:46.426341+00:00,power,0,0,,,,,,2302319959488,856048995950,0.0,
2026-10-01T14:26:47.430617+00:00,freq,0,0,2500.0,4250.0,2500.0,900.0,0,,,,
2026-10-01T14:26:47.430617+00:00,freq,1,0,550.0,550.0,1200.0,550.0,0,,,,
2026-10-01T14:26:47.430617+00:00,power,0,0,,,,,,2302319959488,856050000158,0.0,
2026-10-01T14:26:48.435895+00:00,freq,0,0,2500.0,4250.0,2500.0,900.0,0,,,,
2026-10-01T14:26:48.435895+00:00,freq,1,0,550.0,550.0,1200.0,550.0,0,,,,
2026-10-01T14:26:48.435895+00:00,power,0,0,,,,,,2302319959488,856051005356,0.0,
2026-10-01T14:26:49.423406+00:00,freq,0,0,2500.0,4250.0,2500.0,900.0,0,,,,
2026-10-01T14:26:49.423406+00:00,freq,1,0,550.0,550.0,1200.0,550.0,0,,,,
2026-10-01T14:26:49.423406+00:00,power,0,0,,,,,,2302319959488,856051992884,0.0,
2026-10-01T14:26:50.432118+00:00,freq,0,0,2500.0,4250.0,2500.0,900.0,0,,,,
2026-10-01T14:26:50.432118+00:00,freq,1,0,550.0,550.0,1200.0,550.0,0,,,,
2026-10-01T14:26:50.432118+00:00,power,0,0,,,,,,2302319959488,856053001352,0.0,
2026-10-01T14:26:51.447848+00:00,freq,0,0,2500.0,4250.0,2500.0,900.0,0,,,,
2026-10-01T14:26:51.447848+00:00,freq,1,0,550.0,550.0,1200.0,550.0,0,,,,
2026-10-01T14:26:51.447848+00:00,power,0,0,,,,,,2302319959488,856054017235,0.0,
2026-10-01T14:26:52.436278+00:00,freq,0,0,2500.0,4250.0,2500.0,900.0,0,,,,
2026-10-01T14:26:52.436278+00:00,freq,1,0,550.0,550.0,1200.0,550.0,0,,,,
2026-10-01T14:26:52.436278+00:00,power,0,0,,,,,,2302319959488,856055005707,0.0,
2026-10-01T14:26:53.425994+00:00,freq,0,0,2500.0,4250.0,2500.0,900.0,0,,,,
2026-10-01T14:26:53.425994+00:00,freq,1,0,550.0,550.0,1200.0,550.0,0,,,,
2026-10-01T14:26:53.425994+00:00,power,0,0,,,,,,2302319959488,856055995522,0.0,
2026-10-01T14:26:54.432439+00:00,freq,0,0,900.0,900.0,2500.0,900.0,0,,,,
2026-10-01T14:26:54.432439+00:00,freq,1,0,550.0,550.0,1200.0,550.0,0,,,,
2026-10-01T14:26:54.432439+00:00,power,0,0,,,,,,2302319961624,856057001861,0.0021225451860655306,
2026-10-01T14:26:55.436982+00:00,freq,0,0,900.0,900.0,2500.0,900.0,0,,,,
2026-10-01T14:26:55.436982+00:00,freq,1,0,550.0,550.0,1200.0,550.0,0,,,,
2026-10-01T14:26:55.436982+00:00,power,0,0,,,,,,2302319961624,856058006456,0.0,
2026-10-01T14:26:56.424669+00:00,freq,0,0,900.0,900.0,2500.0,900.0,0,,,,
2026-10-01T14:26:56.424669+00:00,freq,1,0,550.0,550.0,1200.0,550.0,0,,,,
2026-10-01T14:26:56.424669+00:00,power,0,0,,,,,,2302319961624,856058993936,0.0,
2026-10-01T14:26:57.429715+00:00,freq,0,0,900.0,900.0,2500.0,900.0,0,,,,
2026-10-01T14:26:57.429715+00:00,freq,1,0,550.0,550.0,1200.0,550.0,0,,,,
2026-10-01T14:26:57.429715+00:00,power,0,0,,,,,,2302319961624,856059998953,0.0,
2026-10-01T14:26:58.434652+00:00,freq,0,0,900.0,900.0,2500.0,900.0,0,,,,
2026-10-01T14:26:58.434652+00:00,freq,1,0,550.0,550.0,1200.0,550.0,0,,,,
2026-10-01T14:26:58.434652+00:00,power,0,0,,,,,,2302319961624,856061003867,0.0,
2026-10-01T14:26:59.439699+00:00,freq,0,0,900.0,900.0,2500.0,900.0,0,,,,
2026-10-01T14:26:59.439699+00:00,freq,1,0,550.0,550.0,1200.0,550.0,0,,,,
2026-10-01T14:26:59.439699+00:00,power,0,0,,,,,,2302319961624,856062008898,0.0,
2026-10-01T14:27:00.429089+00:00,freq,0,0,900.0,900.0,2500.0,900.0,0,,,,
2026-10-01T14:27:00.429089+00:00,freq,1,0,550.0,550.0,1200.0,550.0,0,,,,
2026-10-01T14:27:00.429089+00:00,power,0,0,,,,,,2302319961624,856062998315,0.0,
2026-10-01T14:27:01.434901+00:00,freq,0,0,900.0,900.0,2500.0,900.0,0,,,,
2026-10-01T14:27:01.434901+00:00,freq,1,0,550.0,550.0,1200.0,550.0,0,,,,
2026-10-01T14:27:01.434901+00:00,power,0,0,,,,,,2302319961624,856064004075,0.0,
2026-10-01T14:27:02.440806+00:00,freq,0,0,900.0,900.0,2500.0,900.0,0,,,,
2026-10-01T14:27:02.440806+00:00,freq,1,0,550.0,550.0,1200.0,550.0,0,,,,
2026-10-01T14:27:02.440806+00:00,power,0,0,,,,,,2302319961624,856065010008,0.0,
2026-10-01T14:27:03.429238+00:00,freq,0,0,900.0,900.0,2500.0,900.0,0,,,,
2026-10-01T14:27:03.429238+00:00,freq,1,0,550.0,550.0,1200.0,550.0,0,,,,
2026-10-01T14:27:03.429238+00:00,power,0,0,,,,,,2302319961624,856065998370,0.0,
2026-10-01T14:27:04.430551+00:00,freq,0,0,900.0,900.0,2500.0,900.0,0,,,,
2026-10-01T14:27:04.430551+00:00,freq,1,0,550.0,550.0,1200.0,550.0,0,,,,
2026-10-01T14:27:04.430551+00:00,power,0,0,,,,,,2302319961624,856066999446,0.0,
2026-10-01T14:27:05.445719+00:00,freq,0,0,900.0,900.0,2500.0,900.0,0,,,,
2026-10-01T14:27:05.445719+00:00,freq,1,0,550.0,550.0,1200.0,550.0,0,,,,
2026-10-01T14:27:05.445719+00:00,power,0,0,,,,,,2302319961624,856068014613,0.0,
2026-10-01T14:27:06.431751+00:00,freq,0,0,900.0,900.0,2500.0,900.0,0,,,,
2026-10-01T14:27:06.431751+00:00,freq,1,0,550.0,550.0,1200.0,550.0,0,,,,
2026-10-01T14:27:06.431751+00:00,power,0,0,,,,,,2302319963417,856069000628,0.001818430754096033,
2026-10-01T14:27:07.433001+00:00,freq,0,0,900.0,900.0,2500.0,900.0,0,,,,
2026-10-01T14:27:07.433001+00:00,freq,1,0,550.0,550.0,1200.0,550.0,0,,,,
2026-10-01T14:27:07.433001+00:00,power,0,0,,,,,,2302319963417,856070001849,0.0,
2026-10-01T14:27:08.436026+00:00,freq,0,0,2500.0,4250.0,2500.0,900.0,0,,,,
2026-10-01T14:27:08.436026+00:00,freq,1,0,550.0,550.0,1200.0,550.0,0,,,,
2026-10-01T14:27:08.436026+00:00,power,0,0,,,,,,2302354475403,856071004960,34.40495219372532,
2026-10-01T14:27:09.440631+00:00,freq,0,0,2450.0,4250.0,2450.0,900.0,2,,,,
2026-10-01T14:27:09.440631+00:00,freq,1,0,550.0,550.0,1200.0,550.0,0,,,,
2026-10-01T14:27:09.440631+00:00,power,0,0,,,,,,2302388158203,856072009568,33.528301586290375,
2026-10-01T14:27:10.428914+00:00,freq,0,0,2450.0,4250.0,2400.0,900.0,2,,,,
2026-10-01T14:27:10.428914+00:00,freq,1,0,550.0,550.0,1200.0,550.0,0,,,,
2026-10-01T14:27:10.428914+00:00,power,0,0,,,,,,2302419434203,856072997703,31.651545588406442,
2026-10-01T14:27:11.434487+00:00,freq,0,0,2450.0,4250.0,2400.0,900.0,2,,,,
2026-10-01T14:27:11.434487+00:00,freq,1,0,550.0,550.0,1200.0,550.0,0,,,,
2026-10-01T14:27:11.434487+00:00,power,0,0,,,,,,2302449751426,856074003348,30.147042942589085,
2026-10-01T14:27:12.442853+00:00,freq,0,0,2450.0,4250.0,2400.0,900.0,2,,,,
2026-10-01T14:27:12.442853+00:00,freq,1,0,550.0,550.0,1200.0,550.0,0,,,,
2026-10-01T14:27:12.442853+00:00,power,0,0,,,,,,2302478766806,856075011458,28.78195831804069,
2026-10-01T14:27:13.433182+00:00,freq,0,0,2500.0,4250.0,2500.0,900.0,0,,,,
2026-10-01T14:27:13.433182+00:00,freq,1,0,550.0,550.0,1200.0,600.0,0,,,,
2026-10-01T14:27:13.433182+00:00,power,0,0,,,,,,2302505893026,856076001833,27.38984728007068,
2026-10-01T14:27:14.438622+00:00,freq,0,0,2500.0,4250.0,2500.0,900.0,0,,,,
2026-10-01T14:27:14.438622+00:00,freq,1,0,600.0,600.0,1200.0,600.0,0,,,,
2026-10-01T14:27:14.438622+00:00,power,0,0,,,,,,2302532782880,856077007488,26.73864695148933,
2026-10-01T14:27:15.432739+00:00,freq,0,0,2500.0,4250.0,2500.0,900.0,0,,,,
2026-10-01T14:27:15.432739+00:00,freq,1,0,600.0,600.0,1200.0,600.0,0,,,,
2026-10-01T14:27:15.432739+00:00,power,0,0,,,,,,2302557940313,856078001287,25.31440764178672,
2026-10-01T14:27:16.448123+00:00,freq,0,0,2500.0,4250.0,2500.0,900.0,0,,,,
2026-10-01T14:27:16.448123+00:00,freq,1,0,600.0,600.0,1200.0,550.0,0,,,,
2026-10-01T14:27:16.448123+00:00,power,0,0,,,,,,2302576499333,856079016848,18.274648199369608,
2026-10-01T14:27:17.437088+00:00,freq,0,0,2500.0,4250.0,2500.0,900.0,0,,,,
2026-10-01T14:27:17.437088+00:00,freq,1,0,550.0,550.0,1200.0,550.0,0,,,,
2026-10-01T14:27:17.437088+00:00,power,0,0,,,,,,2302576499333,856080006003,0.0,
2026-10-01T14:27:18.425996+00:00,freq,0,0,2500.0,4250.0,2500.0,900.0,0,,,,
2026-10-01T14:27:18.425996+00:00,freq,1,0,550.0,550.0,1200.0,550.0,0,,,,
2026-10-01T14:27:18.425996+00:00,power,0,0,,,,,,2302576500126,856080994883,0.000801917320605129,
2026-10-01T14:27:19.430450+00:00,freq,0,0,2500.0,4250.0,2500.0,900.0,0,,,,
2026-10-01T14:27:19.430450+00:00,freq,1,0,550.0,550.0,1200.0,550.0,0,,,,
2026-10-01T14:27:19.430450+00:00,power,0,0,,,,,,2302576500126,856081999190,0.0,
2026-10-01T14:27:20.436991+00:00,freq,0,0,2500.0,4250.0,2500.0,900.0,0,,,,
2026-10-01T14:27:20.436991+00:00,freq,1,0,550.0,550.0,1200.0,550.0,0,,,,
2026-10-01T14:27:20.436991+00:00,power,0,0,,,,,,2302576501492,856083005707,0.0013571554181399817,
2026-10-01T14:27:21.424625+00:00,freq,0,0,2500.0,4250.0,2500.0,900.0,0,,,,
2026-10-01T14:27:21.424625+00:00,freq,1,0,550.0,550.0,1200.0,550.0,0,,,,
2026-10-01T14:27:21.424625+00:00,power,0,0,,,,,,2302576501492,856083993396,0.0,
2026-10-01T14:27:22.429525+00:00,freq,0,0,2500.0,4250.0,2500.0,900.0,0,,,,
2026-10-01T14:27:22.429525+00:00,freq,1,0,550.0,550.0,1200.0,550.0,0,,,,
2026-10-01T14:27:22.429525+00:00,power,0,0,,,,,,2302576501492,856084998227,0.0,
2026-10-01T14:27:23.435242+00:00,freq,0,0,2500.0,4250.0,2500.0,900.0,0,,,,
2026-10-01T14:27:23.435242+00:00,freq,1,0,550.0,550.0,1200.0,550.0,0,,,,
2026-10-01T14:27:23.435242+00:00,power,0,0,,,,,,2302576501492,856086003902,0.0,
2026-10-01T14:27:24.439079+00:00,freq,0,0,1500.0,1500.0,2500.0,900.0,0,,,,
2026-10-01T14:27:24.439079+00:00,freq,1,0,550.0,550.0,1200.0,550.0,0,,,,
2026-10-01T14:27:24.439079+00:00,power,0,0,,,,,,2302576501553,856087007714,6.076835104581336e-05,
2026-10-01T14:27:25.429548+00:00,freq,0,0,1500.0,1500.0,2500.0,900.0,0,,,,
2026-10-01T14:27:25.429548+00:00,freq,1,0,550.0,550.0,1200.0,550.0,0,,,,
2026-10-01T14:27:25.429548+00:00,power,0,0,,,,,,2302576501553,856087998271,0.0,
2026-10-01T14:27:26.434623+00:00,freq,0,0,1500.0,1500.0,2500.0,900.0,0,,,,
2026-10-01T14:27:26.434623+00:00,freq,1,0,550.0,550.0,1200.0,550.0,0,,,,
2026-10-01T14:27:26.434623+00:00,power,0,0,,,,,,2302576501553,856089003293,0.0,
2026-10-01T14:27:27.439429+00:00,freq,0,0,1500.0,1500.0,2500.0,900.0,0,,,,
2026-10-01T14:27:27.439429+00:00,freq,1,0,550.0,550.0,1200.0,550.0,0,,,,
2026-10-01T14:27:27.439429+00:00,power,0,0,,,,,,2302576501553,856090008003,0.0,
2026-10-01T14:27:28.430132+00:00,freq,0,0,1500.0,1500.0,2500.0,900.0,0,,,,
2026-10-01T14:27:28.430132+00:00,freq,1,0,550.0,550.0,1200.0,550.0,0,,,,
2026-10-01T14:27:28.430132+00:00,power,0,0,,,,,,2302576501614,856090998703,6.157262541637227e-05,
2026-10-01T14:27:29.433944+00:00,freq,0,0,1500.0,1500.0,2500.0,900.0,0,,,,
2026-10-01T14:27:29.433944+00:00,freq,1,0,550.0,550.0,1200.0,550.0,0,,,,
2026-10-01T14:27:29.433944+00:00,power,0,0,,,,,,2302576501614,856092002444,0.0,
2026-10-01T14:27:30.437030+00:00,freq,0,0,1500.0,1500.0,2500.0,900.0,0,,,,
2026-10-01T14:27:30.437030+00:00,freq,1,0,550.0,550.0,1200.0,550.0,0,,,,
2026-10-01T14:27:30.437030+00:00,power,0,0,,,,,,2302576501614,856093005508,0.0,
2026-10-01T14:27:31.429345+00:00,freq,0,0,1500.0,1500.0,2500.0,900.0,0,,,,
2026-10-01T14:27:31.429345+00:00,freq,1,0,550.0,550.0,1200.0,550.0,0,,,,
2026-10-01T14:27:31.429345+00:00,power,0,0,,,,,,2302576501614,856093997797,0.0,
2026-10-01T14:27:32.434763+00:00,freq,0,0,1500.0,1500.0,2500.0,900.0,0,,,,
2026-10-01T14:27:32.434763+00:00,freq,1,0,550.0,550.0,1200.0,550.0,0,,,,
2026-10-01T14:27:32.434763+00:00,power,0,0,,,,,,2302576501614,856095003204,0.0,
2026-10-01T14:27:33.439382+00:00,freq,0,0,1500.0,1500.0,2500.0,900.0,0,,,,
2026-10-01T14:27:33.439382+00:00,freq,1,0,550.0,550.0,1200.0,550.0,0,,,,
2026-10-01T14:27:33.439382+00:00,power,0,0,,,,,,2302576501614,856096007831,0.0,
2026-10-01T14:27:34.428284+00:00,freq,0,0,1500.0,1500.0,2500.0,900.0,0,,,,
2026-10-01T14:27:34.428284+00:00,freq,1,0,550.0,550.0,1200.0,550.0,0,,,,
2026-10-01T14:27:34.428284+00:00,power,0,0,,,,,,2302576501736,856096996668,0.00012337726035736933,
2026-10-01T14:27:35.433159+00:00,freq,0,0,1500.0,1500.0,2500.0,900.0,0,,,,
2026-10-01T14:27:35.433159+00:00,freq,1,0,550.0,550.0,1200.0,550.0,0,,,,
2026-10-01T14:27:35.433159+00:00,power,0,0,,,,,,2302576501736,856098001581,0.0,
2026-10-01T14:27:36.438727+00:00,freq,0,0,1500.0,1500.0,2500.0,900.0,0,,,,
2026-10-01T14:27:36.438727+00:00,freq,1,0,550.0,550.0,1200.0,550.0,0,,,,
2026-10-01T14:27:36.438727+00:00,power,0,0,,,,,,2302576501736,856099007079,0.0,
2026-10-01T14:27:37.427327+00:00,freq,0,0,1500.0,1500.0,2500.0,900.0,0,,,,
2026-10-01T14:27:37.427327+00:00,freq,1,0,550.0,550.0,1200.0,550.0,0,,,,
2026-10-01T14:27:37.427327+00:00,power,0,0,,,,,,2302576501980,856099995616,0.00024682940547495944,
2026-10-01T14:27:38.428297+00:00,freq,0,0,2500.0,4250.0,2500.0,900.0,0,,,,
2026-10-01T14:27:38.428297+00:00,freq,1,0,550.0,550.0,1200.0,550.0,0,,,,
2026-10-01T14:27:38.428297+00:00,power,0,0,,,,,,2302600058766,856100996258,23.5416722464178,
2026-10-01T14:27:39.434784+00:00,freq,0,0,2450.0,4250.0,2500.0,900.0,2,,,,
2026-10-01T14:27:39.434784+00:00,freq,1,0,550.0,550.0,1200.0,550.0,0,,,,
2026-10-01T14:27:39.434784+00:00,power,0,0,,,,,,2302634411450,856102002957,34.12408674290925,
2026-10-01T14:27:40.440135+00:00,freq,0,0,2450.0,4250.0,2450.0,900.0,2,,,,
2026-10-01T14:27:40.440135+00:00,freq,1,0,550.0,550.0,1200.0,550.0,0,,,,
2026-10-01T14:27:40.440135+00:00,power,0,0,,,,,,2302666798473,856103008307,32.21467449147063,
2026-10-01T14:27:41.439897+00:00,freq,0,0,2500.0,4250.0,2500.0,900.0,0,,,,
2026-10-01T14:27:41.439897+00:00,freq,1,0,550.0,550.0,1200.0,550.0,0,,,,
2026-10-01T14:27:41.439897+00:00,power,0,0,,,,,,2302696596470,856104007754,29.814484409878663,
2026-10-01T14:27:42.440054+00:00,freq,0,0,2500.0,4250.0,2450.0,900.0,0,,,,
2026-10-01T14:27:42.440054+00:00,freq,1,0,550.0,550.0,1200.0,550.0,0,,,,
2026-10-01T14:27:42.440054+00:00,power,0,0,,,,,,2302725061557,856105007939,28.459821932942404,
2026-10-01T14:27:43.429599+00:00,freq,0,0,2500.0,4250.0,2500.0,900.0,0,,,,
2026-10-01T14:27:43.429599+00:00,freq,1,0,550.0,550.0,1200.0,550.0,0,,,,
2026-10-01T14:27:43.429599+00:00,power,0,0,,,,,,2302752665133,856105997621,27.891359042601565,
2026-10-01T14:27:44.434818+00:00,freq,0,0,2500.0,4250.0,2500.0,900.0,0,,,,
2026-10-01T14:27:44.434818+00:00,freq,1,0,550.0,550.0,1200.0,600.0,0,,,,
2026-10-01T14:27:44.434818+00:00,power,0,0,,,,,,2302780024409,856107002632,27.222862237328744,
2026-10-01T14:27:45.440359+00:00,freq,0,0,2500.0,4250.0,2500.0,900.0,0,,,,
2026-10-01T14:27:45.440359+00:00,freq,1,0,600.0,600.0,1200.0,600.0,0,,,,
2026-10-01T14:27:45.440359+00:00,power,0,0,,,,,,2302806013544,856108008327,25.841965009272194,
2026-10-01T14:27:46.428346+00:00,freq,0,0,2500.0,4250.0,2500.0,900.0,0,,,,
2026-10-01T14:27:46.428346+00:00,freq,1,0,600.0,600.0,1200.0,600.0,0,,,,
2026-10-01T14:27:46.428346+00:00,power,0,0,,,,,,2302831229730,856108996466,25.518865260859048,
2026-10-01T14:27:47.432178+00:00,freq,0,0,2500.0,4250.0,2500.0,900.0,0,,,,
2026-10-01T14:27:47.432178+00:00,freq,1,0,600.0,600.0,1200.0,550.0,0,,,,
2026-10-01T14:27:47.432178+00:00,power,0,0,,,,,,2302832886491,856110000279,1.6504677664066914,
2026-10-01T14:27:48.436388+00:00,freq,0,0,2500.0,4250.0,2500.0,900.0,0,,,,
2026-10-01T14:27:48.436388+00:00,freq,1,0,550.0,550.0,1200.0,550.0,0,,,,
2026-10-01T14:27:48.436388+00:00,power,0,0,,,,,,2302832886491,856111004487,0.0,
2026-10-01T14:27:49.441878+00:00,freq,0,0,2500.0,4250.0,2500.0,900.0,0,,,,
2026-10-01T14:27:49.441878+00:00,freq,1,0,550.0,550.0,1200.0,550.0,0,,,,
2026-10-01T14:27:49.441878+00:00,power,0,0,,,,,,2302832886491,856112009934,0.0,
2026-10-01T14:27:50.429060+00:00,freq,0,0,2500.0,4250.0,2500.0,900.0,0,,,,
2026-10-01T14:27:50.429060+00:00,freq,1,0,550.0,550.0,1200.0,550.0,0,,,,
2026-10-01T14:27:50.429060+00:00,power,0,0,,,,,,2302832886491,856112997035,0.0,
2026-10-01T14:27:51.435297+00:00,freq,0,0,2500.0,4250.0,2500.0,900.0,0,,,,
2026-10-01T14:27:51.435297+00:00,freq,1,0,550.0,550.0,1200.0,550.0,0,,,,
2026-10-01T14:27:51.435297+00:00,power,0,0,,,,,,2302832886491,856114003269,0.0,
2026-10-01T14:27:52.437705+00:00,freq,0,0,2500.0,4250.0,2500.0,900.0,0,,,,
2026-10-01T14:27:52.437705+00:00,freq,1,0,550.0,550.0,1200.0,550.0,0,,,,
2026-10-01T14:27:52.437705+00:00,power,0,0,,,,,,2302832886735,856115005663,0.00024341725908175828,
2026-10-01T14:27:53.427544+00:00,freq,0,0,2500.0,4250.0,2500.0,900.0,0,,,,
2026-10-01T14:27:53.427544+00:00,freq,1,0,550.0,550.0,1200.0,550.0,0,,,,
2026-10-01T14:27:53.427544+00:00,power,0,0,,,,,,2302832886735,856115995555,0.0,
2026-10-01T14:27:54.433699+00:00,freq,0,0,1050.0,1050.0,2500.0,900.0,0,,,,
2026-10-01T14:27:54.433699+00:00,freq,1,0,550.0,550.0,1200.0,550.0,0,,,,
2026-10-01T14:27:54.433699+00:00,power,0,0,,,,,,2302832887040,856117001651,0.00030315198549641384,
2026-10-01T14:27:55.438146+00:00,freq,0,0,1050.0,1050.0,2500.0,900.0,0,,,,
2026-10-01T14:27:55.438146+00:00,freq,1,0,550.0,550.0,1200.0,550.0,0,,,,
2026-10-01T14:27:55.438146+00:00,power,0,0,,,,,,2302832887040,856118006067,0.0,
2026-10-01T14:27:56.426431+00:00,freq,0,0,1050.0,1050.0,2500.0,900.0,0,,,,
2026-10-01T14:27:56.426431+00:00,freq,1,0,550.0,550.0,1200.0,550.0,0,,,,
2026-10-01T14:27:56.426431+00:00,power,0,0,,,,,,2302832887040,856118994348,0.0,
2026-10-01T14:27:57.435378+00:00,freq,0,0,1050.0,1050.0,2500.0,900.0,0,,,,
2026-10-01T14:27:57.435378+00:00,freq,1,0,550.0,550.0,1200.0,550.0,0,,,,
2026-10-01T14:27:57.435378+00:00,power,0,0,,,,,,2302832887040,856120003243,0.0,
2026-10-01T14:27:58.440667+00:00,freq,0,0,1050.0,1050.0,2500.0,900.0,0,,,,
2026-10-01T14:27:58.440667+00:00,freq,1,0,550.0,550.0,1200.0,550.0,0,,,,
2026-10-01T14:27:58.440667+00:00,power,0,0,,,,,,2302832887040,856121008527,0.0,
2026-10-01T14:27:59.428800+00:00,freq,0,0,1050.0,1050.0,2500.0,900.0,0,,,,
2026-10-01T14:27:59.428800+00:00,freq,1,0,550.0,550.0,1200.0,550.0,0,,,,
2026-10-01T14:27:59.428800+00:00,power,0,0,,,,,,2302832887040,856121996653,0.0,
2026-10-01T14:28:00.433135+00:00,freq,0,0,1050.0,1050.0,2500.0,900.0,0,,,,
2026-10-01T14:28:00.433135+00:00,freq,1,0,550.0,550.0,1200.0,550.0,0,,,,
2026-10-01T14:28:00.433135+00:00,power,0,0,,,,,,2302832887040,856123001050,0.0,
2026-10-01T14:28:01.437213+00:00,freq,0,0,1050.0,1050.0,2500.0,900.0,0,,,,
2026-10-01T14:28:01.437213+00:00,freq,1,0,550.0,550.0,1200.0,550.0,0,,,,
2026-10-01T14:28:01.437213+00:00,power,0,0,,,,,,2302832887101,856124004948,6.0763145259777386e-05,
2026-10-01T14:28:02.440667+00:00,freq,0,0,1050.0,1050.0,2500.0,900.0,0,,,,
2026-10-01T14:28:02.440667+00:00,freq,1,0,550.0,550.0,1200.0,550.0,0,,,,
2026-10-01T14:28:02.440667+00:00,power,0,0,,,,,,2302832887101,856125008494,0.0,
2026-10-01T14:28:03.430036+00:00,freq,0,0,1050.0,1050.0,2500.0,900.0,0,,,,
2026-10-01T14:28:03.430036+00:00,freq,1,0,550.0,550.0,1200.0,550.0,0,,,,
2026-10-01T14:28:03.430036+00:00,power,0,0,,,,,,2302832887101,856125997762,0.0,
2026-10-01T14:28:04.434621+00:00,freq,0,0,1050.0,1050.0,2500.0,900.0,0,,,,
2026-10-01T14:28:04.434621+00:00,freq,1,0,550.0,550.0,1200.0,550.0,0,,,,
2026-10-01T14:28:04.434621+00:00,power,0,0,,,,,,2302832887101,856127002306,0.0,
2026-10-01T14:28:05.440267+00:00,freq,0,0,1050.0,1050.0,2500.0,900.0,0,,,,
2026-10-01T14:28:05.440267+00:00,freq,1,0,550.0,550.0,1200.0,550.0,0,,,,
2026-10-01T14:28:05.440267+00:00,power,0,0,,,,,,2302832887162,856128008016,6.065366755824244e-05,
2026-10-01T14:28:06.428998+00:00,freq,0,0,1050.0,1050.0,2500.0,900.0,0,,,,
2026-10-01T14:28:06.428998+00:00,freq,1,0,550.0,550.0,1200.0,550.0,0,,,,
2026-10-01T14:28:06.428998+00:00,power,0,0,,,,,,2302832887162,856128996625,0.0,
2026-10-01T14:28:07.433370+00:00,freq,0,0,1050.0,1050.0,2500.0,900.0,0,,,,
2026-10-01T14:28:07.433370+00:00,freq,1,0,550.0,550.0,1200.0,550.0,0,,,,
2026-10-01T14:28:07.433370+00:00,power,0,0,,,,,,2302832887162,856130000795,0.0,
2026-10-01T14:28:08.436472+00:00,freq,0,0,2400.0,4250.0,2450.0,900.0,2,,,,
2026-10-01T14:28:08.436472+00:00,freq,1,0,550.0,550.0,1200.0,550.0,0,,,,
2026-10-01T14:28:08.436472+00:00,power,0,0,,,,,,2302845672768,856131003955,12.745330754814786,
2026-10-01T14:28:09.443815+00:00,freq,0,0,2450.0,4250.0,2400.0,900.0,2,,,,
2026-10-01T14:28:09.443815+00:00,freq,1,0,550.0,550.0,1200.0,550.0,0,,,,
2026-10-01T14:28:09.443815+00:00,power,0,0,,,,,,2302880655640,856132011246,34.72965806306221,
2026-10-01T14:28:10.432240+00:00,freq,0,0,2500.0,4250.0,2500.0,900.0,0,,,,
2026-10-01T14:28:10.432240+00:00,freq,1,0,550.0,550.0,1200.0,600.0,0,,,,
2026-10-01T14:28:10.432240+00:00,power,0,0,,,,,,2302913007812,856132999712,32.729676083952306,
2026-10-01T14:28:11.442074+00:00,freq,0,0,2450.0,4250.0,2450.0,900.0,2,,,,
2026-10-01T14:28:11.442074+00:00,freq,1,0,600.0,600.0,1200.0,550.0,0,,,,
2026-10-01T14:28:11.442074+00:00,power,0,0,,,,,,2302942659324,856134009388,29.367353487653464,
2026-10-01T14:28:12.428104+00:00,freq,0,0,2450.0,4250.0,2450.0,900.0,2,,,,
2026-10-01T14:28:12.428104+00:00,freq,1,0,550.0,550.0,1200.0,550.0,0,,,,
2026-10-01T14:28:12.428104+00:00,power,0,0,,,,,,2302971637168,856134995650,29.38148686657298,
2026-10-01T14:28:13.432677+00:00,freq,0,0,2500.0,4250.0,2500.0,900.0,0,,,,
2026-10-01T14:28:13.432677+00:00,freq,1,0,550.0,550.0,1200.0,600.0,0,,,,
2026-10-01T14:28:13.432677+00:00,power,0,0,,,,,,2303000188033,856135999968,28.428112410610982,
2026-10-01T14:28:14.436974+00:00,freq,0,0,2500.0,4250.0,2500.0,900.0,0,,,,
2026-10-01T14:28:14.436974+00:00,freq,1,0,600.0,600.0,1200.0,550.0,0,,,,
2026-10-01T14:28:14.436974+00:00,power,0,0,,,,,,2303027444197,856137004300,27.13859958659089,
2026-10-01T14:28:15.440101+00:00,freq,0,0,2500.0,4250.0,2500.0,900.0,0,,,,
2026-10-01T14:28:15.440101+00:00,freq,1,0,550.0,550.0,1200.0,600.0,0,,,,
2026-10-01T14:28:15.440101+00:00,power,0,0,,,,,,2303053872382,856138007408,26.34630069743238,
2026-10-01T14:28:16.429238+00:00,freq,0,0,2500.0,4250.0,2500.0,900.0,0,,,,
2026-10-01T14:28:16.429238+00:00,freq,1,0,600.0,600.0,1200.0,550.0,0,,,,
2026-10-01T14:28:16.429238+00:00,power,0,0,,,,,,2303079272528,856138996280,25.685979580774863,
2026-10-01T14:28:17.431937+00:00,freq,0,0,2500.0,4250.0,2500.0,900.0,0,,,,
2026-10-01T14:28:17.431937+00:00,freq,1,0,550.0,550.0,1200.0,550.0,0,,,,
2026-10-01T14:28:17.431937+00:00,power,0,0,,,,,,2303088899542,856139999278,9.59823848103386,
2026-10-01T14:28:18.437631+00:00,freq,0,0,2500.0,4250.0,2500.0,900.0,0,,,,
2026-10-01T14:28:18.437631+00:00,freq,1,0,550.0,550.0,1200.0,550.0,0,,,,
2026-10-01T14:28:18.437631+00:00,power,0,0,,,,,,2303088899664,856141004960,0.0001213107125313966,
2026-10-01T14:28:19.440373+00:00,freq,0,0,2500.0,4250.0,2500.0,900.0,0,,,,
2026-10-01T14:28:19.440373+00:00,freq,1,0,550.0,550.0,1200.0,550.0,0,,,,
2026-10-01T14:28:19.440373+00:00,power,0,0,,,,,,2303088899847,856142007701,0.00018249976813554047,
2026-10-01T14:28:20.429294+00:00,freq,0,0,2500.0,4250.0,2500.0,900.0,0,,,,
2026-10-01T14:28:20.429294+00:00,freq,1,0,550.0,550.0,1200.0,550.0,0,,,,
2026-10-01T14:28:20.429294+00:00,power,0,0,,,,,,2303088899847,856142996611,0.0,
2026-10-01T14:28:21.434774+00:00,freq,0,0,2500.0,4250.0,2500.0,900.0,0,,,,
2026-10-01T14:28:21.434774+00:00,freq,1,0,550.0,550.0,1200.0,550.0,0,,,,
2026-10-01T14:28:21.434774+00:00,power,0,0,,,,,,2303088899847,856144002122,0.0,
2026-10-01T14:28:22.438383+00:00,freq,0,0,2500.0,4250.0,2500.0,900.0,0,,,,
2026-10-01T14:28:22.438383+00:00,freq,1,0,550.0,550.0,1200.0,550.0,0,,,,
2026-10-01T14:28:22.438383+00:00,power,0,0,,,,,,2303088901189,856145005704,0.0013372101133738946,
2026-10-01T14:28:23.427231+00:00,freq,0,0,2500.0,4250.0,2500.0,900.0,0,,,,
2026-10-01T14:28:23.427231+00:00,freq,1,0,550.0,550.0,1200.0,550.0,0,,,,
2026-10-01T14:28:23.427231+00:00,power,0,0,,,,,,2303088901189,856145994425,0.0,
2026-10-01T14:28:24.432530+00:00,freq,0,0,1050.0,1050.0,2500.0,900.0,0,,,,
2026-10-01T14:28:24.432530+00:00,freq,1,0,550.0,550.0,1200.0,550.0,0,,,,
2026-10-01T14:28:24.432530+00:00,power,0,0,,,,,,2303088903203,856146999747,0.002003338233919083,
2026-10-01T14:28:25.438551+00:00,freq,0,0,1050.0,1050.0,2500.0,900.0,0,,,,
2026-10-01T14:28:25.438551+00:00,freq,1,0,550.0,550.0,1200.0,550.0,0,,,,
2026-10-01T14:28:25.438551+00:00,power,0,0,,,,,,2303088903203,856148005773,0.0,
2026-10-01T14:28:26.426291+00:00,freq,0,0,1050.0,1050.0,2500.0,900.0,0,,,,
2026-10-01T14:28:26.426291+00:00,freq,1,0,550.0,550.0,1200.0,550.0,0,,,,
2026-10-01T14:28:26.426291+00:00,power,0,0,,,,,,2303088903203,856148993493,0.0,
2026-10-01T14:28:27.431242+00:00,freq,0,0,1050.0,1050.0,2500.0,900.0,0,,,,
2026-10-01T14:28:27.431242+00:00,freq,1,0,550.0,550.0,1200.0,550.0,0,,,,
2026-10-01T14:28:27.431242+00:00,power,0,0,,,,,,2303088903203,856149998400,0.0,
2026-10-01T14:28:28.433148+00:00,freq,0,0,1050.0,1050.0,2500.0,900.0,0,,,,
2026-10-01T14:28:28.433148+00:00,freq,1,0,550.0,550.0,1200.0,550.0,0,,,,
2026-10-01T14:28:28.433148+00:00,power,0,0,,,,,,2303088903203,856151000278,0.0,
2026-10-01T14:28:29.438676+00:00,freq,0,0,1050.0,1050.0,2500.0,900.0,0,,,,
2026-10-01T14:28:29.438676+00:00,freq,1,0,550.0,550.0,1200.0,550.0,0,,,,
2026-10-01T14:28:29.438676+00:00,power,0,0,,,,,,2303088904325,856152005785,0.0011158549865888552,
2026-10-01T14:28:30.427112+00:00,freq,0,0,1050.0,1050.0,2500.0,900.0,0,,,,
2026-10-01T14:28:30.427112+00:00,freq,1,0,550.0,550.0,1200.0,550.0,0,,,,
2026-10-01T14:28:30.427112+00:00,power,0,0,,,,,,2303088904325,856152994208,0.0,
2026-10-01T14:28:31.432005+00:00,freq,0,0,1050.0,1050.0,2500.0,900.0,0,,,,
2026-10-01T14:28:31.432005+00:00,freq,1,0,550.0,550.0,1200.0,550.0,0,,,,
2026-10-01T14:28:31.432005+00:00,power,0,0,,,,,,2303088904325,856153999036,0.0,
2026-10-01T14:28:32.438552+00:00,freq,0,0,1050.0,1050.0,2500.0,900.0,0,,,,
2026-10-01T14:28:32.438552+00:00,freq,1,0,550.0,550.0,1200.0,550.0,0,,,,
2026-10-01T14:28:32.438552+00:00,power,0,0,,,,,,2303088904325,856155005675,0.0,
2026-10-01T14:28:33.427499+00:00,freq,0,0,1050.0,1050.0,2500.0,900.0,0,,,,
2026-10-01T14:28:33.427499+00:00,freq,1,0,550.0,550.0,1200.0,550.0,0,,,,
2026-10-01T14:28:33.427499+00:00,power,0,0,,,,,,2303088904325,856155994508,0.0,
2026-10-01T14:28:34.431948+00:00,freq,0,0,1050.0,1050.0,2500.0,900.0,0,,,,
2026-10-01T14:28:34.431948+00:00,freq,1,0,550.0,550.0,1200.0,550.0,0,,,,
2026-10-01T14:28:34.431948+00:00,power,0,0,,,,,,2303088904325,856156998879,0.0,
2026-10-01T14:28:35.437096+00:00,freq,0,0,1050.0,1050.0,2500.0,900.0,0,,,,
2026-10-01T14:28:35.437096+00:00,freq,1,0,550.0,550.0,1200.0,550.0,0,,,,
2026-10-01T14:28:35.437096+00:00,power,0,0,,,,,,2303088904325,856158004012,0.0,
2026-10-01T14:28:36.442335+00:00,freq,0,0,1050.0,1050.0,2500.0,900.0,0,,,,
2026-10-01T14:28:36.442335+00:00,freq,1,0,550.0,550.0,1200.0,550.0,0,,,,
2026-10-01T14:28:36.442335+00:00,power,0,0,,,,,,2303088904325,856159009360,0.0,
2026-10-01T14:28:37.429343+00:00,freq,0,0,1050.0,1050.0,2500.0,900.0,0,,,,
2026-10-01T14:28:37.429343+00:00,freq,1,0,550.0,550.0,1200.0,550.0,0,,,,
2026-10-01T14:28:37.429343+00:00,power,0,0,,,,,,2303088904325,856159996261,0.0,
2026-10-01T14:28:38.435731+00:00,freq,0,0,1050.0,1050.0,2500.0,900.0,0,,,,
2026-10-01T14:28:38.435731+00:00,freq,1,0,550.0,550.0,1200.0,550.0,0,,,,
2026-10-01T14:28:38.435731+00:00,power,0,0,,,,,,2303088904325,856161002499,0.0,
2026-10-01T14:28:39.451318+00:00,freq,0,0,1050.0,1050.0,2500.0,900.0,0,,,,
2026-10-01T14:28:39.451318+00:00,freq,1,0,550.0,550.0,1200.0,550.0,0,,,,
2026-10-01T14:28:39.451318+00:00,power,0,0,,,,,,2303088904325,856162017946,0.0,
2026-10-01T14:28:40.446385+00:00,freq,0,0,1050.0,1050.0,2500.0,900.0,0,,,,
2026-10-01T14:28:40.446385+00:00,freq,1,0,550.0,550.0,1200.0,550.0,0,,,,
2026-10-01T14:28:40.446385+00:00,power,0,0,,,,,,2303088904325,856163013011,0.0,
2026-10-01T14:28:41.442869+00:00,freq,0,0,1050.0,1050.0,2500.0,900.0,0,,,,
2026-10-01T14:28:41.442869+00:00,freq,1,0,550.0,550.0,1200.0,550.0,0,,,,
2026-10-01T14:28:41.442869+00:00,power,0,0,,,,,,2303088904325,856164009656,0.0,
2026-10-01T14:28:42.428642+00:00,freq,0,0,2500.0,4250.0,2500.0,900.0,0,,,,
2026-10-01T14:28:42.428642+00:00,freq,1,0,550.0,550.0,1200.0,550.0,0,,,,
2026-10-01T14:28:42.428642+00:00,power,0,0,,,,,,2303095363797,856164995319,6.553428504468566,
2026-10-01T14:28:43.434763+00:00,freq,0,0,2400.0,4250.0,2400.0,900.0,2,,,,
2026-10-01T14:28:43.434763+00:00,freq,1,0,550.0,550.0,1200.0,550.0,0,,,,
2026-10-01T14:28:43.434763+00:00,power,0,0,,,,,,2303130658376,856166001396,35.08138939663664,
2026-10-01T14:28:44.441494+00:00,freq,0,0,2500.0,4250.0,2500.0,900.0,0,,,,
2026-10-01T14:28:44.441494+00:00,freq,1,0,550.0,550.0,1200.0,600.0,0,,,,
2026-10-01T14:28:44.441494+00:00,power,0,0,,,,,,2303163892384,856167008114,33.01223182658897,
2026-10-01T14:28:45.433362+00:00,freq,0,0,2450.0,4250.0,2450.0,900.0,2,,,,
2026-10-01T14:28:45.433362+00:00,freq,1,0,550.0,550.0,1200.0,550.0,0,,,,
2026-10-01T14:28:45.433362+00:00,power,0,0,,,,,,2303194947339,856167999905,31.31199516833688,
2026-10-01T14:28:46.440964+00:00,freq,0,0,2450.0,4250.0,2450.0,900.0,2,,,,
2026-10-01T14:28:46.440964+00:00,freq,1,0,550.0,550.0,1200.0,550.0,0,,,,
2026-10-01T14:28:46.440964+00:00,power,0,0,,,,,,2303224782323,856169007479,29.610712463799185,
2026-10-01T14:28:47.427784+00:00,freq,0,0,2500.0,4250.0,2500.0,900.0,0,,,,
2026-10-01T14:28:47.427784+00:00,freq,1,0,550.0,550.0,1200.0,550.0,0,,,,
2026-10-01T14:28:47.427784+00:00,power,0,0,,,,,,2303253064267,856169994122,28.66482000075002,
2026-10-01T14:28:48.436966+00:00,freq,0,0,2450.0,4250.0,2450.0,900.0,2,,,,
2026-10-01T14:28:48.436966+00:00,freq,1,0,600.0,600.0,1200.0,600.0,0,,,,
2026-10-01T14:28:48.436966+00:00,power,0,0,,,,,,2303280441098,856171003441,27.124061867457165,
2026-10-01T14:28:49.441729+00:00,freq,0,0,2500.0,4250.0,2500.0,900.0,0,,,,
2026-10-01T14:28:49.441729+00:00,freq,1,0,600.0,600.0,1200.0,600.0,0,,,,
2026-10-01T14:28:49.441729+00:00,power,0,0,,,,,,2303307282246,856172008231,26.713191811224235,
2026-10-01T14:28:50.431832+00:00,freq,0,0,2500.0,4250.0,2500.0,900.0,0,,,,
2026-10-01T14:28:50.431832+00:00,freq,1,0,550.0,550.0,1200.0,600.0,0,,,,
2026-10-01T14:28:50.431832+00:00,power,0,0,,,,,,2303333701008,856172998062,26.690174383303816,
2026-10-01T14:28:51.437852+00:00,freq,0,0,2500.0,4250.0,2500.0,900.0,0,,,,
2026-10-01T14:28:51.437852+00:00,freq,1,0,600.0,600.0,1200.0,550.0,0,,,,
2026-10-01T14:28:51.437852+00:00,power,0,0,,,,,,2303356140362,856174004346,22.299225665915387,
2026-10-01T14:28:52.445853+00:00,freq,0,0,2500.0,4250.0,2500.0,900.0,0,,,,
2026-10-01T14:28:52.445853+00:00,freq,1,0,550.0,550.0,1200.0,600.0,0,,,,
2026-10-01T14:28:52.445853+00:00,power,0,0,,,,,,2303377692852,856175012207,21.38438733118952,
2026-10-01T14:28:53.437426+00:00,freq,0,0,2500.0,4250.0,2500.0,900.0,0,,,,
2026-10-01T14:28:53.437426+00:00,freq,1,0,600.0,600.0,1200.0,550.0,0,,,,
2026-10-01T14:28:53.437426+00:00,power,0,0,,,,,,2303378065434,856176003956,0.37568175012024213,
2026-10-01T14:28:54.442092+00:00,freq,0,0,1250.0,1250.0,2500.0,900.0,0,,,,
2026-10-01T14:28:54.442092+00:00,freq,1,0,550.0,550.0,1200.0,550.0,0,,,,
2026-10-01T14:28:54.442092+00:00,power,0,0,,,,,,2303378065434,856177008582,0.0,
2026-10-01T14:28:55.429802+00:00,freq,0,0,1250.0,1250.0,2500.0,900.0,0,,,,
2026-10-01T14:28:55.429802+00:00,freq,1,0,550.0,550.0,1200.0,550.0,0,,,,
2026-10-01T14:28:55.429802+00:00,power,0,0,,,,,,2303378065434,856177996280,0.0,
2026-10-01T14:28:56.435315+00:00,freq,0,0,1250.0,1250.0,2500.0,900.0,0,,,,
2026-10-01T14:28:56.435315+00:00,freq,1,0,550.0,550.0,1200.0,550.0,0,,,,
2026-10-01T14:28:56.435315+00:00,power,0,0,,,,,,2303378065739,856179001850,0.00030331056017979854,
2026-10-01T14:28:57.438471+00:00,freq,0,0,1250.0,1250.0,2500.0,900.0,0,,,,
2026-10-01T14:28:57.438471+00:00,freq,1,0,550.0,550.0,1200.0,550.0,0,,,,
2026-10-01T14:28:57.438471+00:00,power,0,0,,,,,,2303378065739,856180004956,0.0,
2026-10-01T14:28:58.445450+00:00,freq,0,0,1250.0,1250.0,2500.0,900.0,0,,,,
2026-10-01T14:28:58.445450+00:00,freq,1,0,550.0,550.0,1200.0,550.0,0,,,,
2026-10-01T14:28:58.445450+00:00,power,0,0,,,,,,2303378065800,856181011856,6.058198430827292e-05,
2026-10-01T14:28:59.433664+00:00,freq,0,0,1250.0,1250.0,2500.0,900.0,0,,,,
2026-10-01T14:28:59.433664+00:00,freq,1,0,550.0,550.0,1200.0,550.0,0,,,,
2026-10-01T14:28:59.433664+00:00,power,0,0,,,,,,2303378065800,856182000021,0.0,
2026-10-01T14:29:00.436014+00:00,freq,0,0,1250.0,1250.0,2500.0,900.0,0,,,,
2026-10-01T14:29:00.436014+00:00,freq,1,0,550.0,550.0,1200.0,550.0,0,,,,
2026-10-01T14:29:00.436014+00:00,power,0,0,,,,,,2303378065800,856183002324,0.0,
2026-10-01T14:29:01.441985+00:00,freq,0,0,1250.0,1250.0,2500.0,900.0,0,,,,
2026-10-01T14:29:01.441985+00:00,freq,1,0,550.0,550.0,1200.0,550.0,0,,,,
2026-10-01T14:29:01.441985+00:00,power,0,0,,,,,,2303378065800,856184008303,0.0,
2026-10-01T14:29:02.427508+00:00,freq,0,0,1250.0,1250.0,2500.0,900.0,0,,,,
2026-10-01T14:29:02.427508+00:00,freq,1,0,550.0,550.0,1200.0,550.0,0,,,,
2026-10-01T14:29:02.427508+00:00,power,0,0,,,,,,2303378065800,856184993840,0.0,
2026-10-01T14:29:03.429762+00:00,freq,0,0,1250.0,1250.0,2500.0,900.0,0,,,,
2026-10-01T14:29:03.429762+00:00,freq,1,0,550.0,550.0,1200.0,550.0,0,,,,
2026-10-01T14:29:03.429762+00:00,power,0,0,,,,,,2303378065800,856185996140,0.0,
2026-10-01T14:29:04.435360+00:00,freq,0,0,1250.0,1250.0,2500.0,900.0,0,,,,
2026-10-01T14:29:04.435360+00:00,freq,1,0,550.0,550.0,1200.0,550.0,0,,,,
2026-10-01T14:29:04.435360+00:00,power,0,0,,,,,,2303378066959,856187001625,0.0011526775635638522,
2026-10-01T14:29:05.444229+00:00,freq,0,0,1250.0,1250.0,2500.0,900.0,0,,,,
2026-10-01T14:29:05.444229+00:00,freq,1,0,550.0,550.0,1200.0,550.0,0,,,,
2026-10-01T14:29:05.444229+00:00,power,0,0,,,,,,2303378066959,856188010319,0.0,
2026-10-01T14:29:06.430826+00:00,freq,0,0,1250.0,1250.0,2500.0,900.0,0,,,,
2026-10-01T14:29:06.430826+00:00,freq,1,0,550.0,550.0,1200.0,550.0,0,,,,
2026-10-01T14:29:06.430826+00:00,power,0,0,,,,,,2303378068447,856188997109,0.0015079196181558387,
2026-10-01T14:29:07.436234+00:00,freq,0,0,1250.0,1250.0,2500.0,900.0,0,,,,
2026-10-01T14:29:07.436234+00:00,freq,1,0,550.0,550.0,1200.0,550.0,0,,,,
2026-10-01T14:29:07.436234+00:00,power,0,0,,,,,,2303378068447,856190002456,0.0,
2026-10-01T14:29:08.440444+00:00,freq,0,0,1250.0,1250.0,2500.0,900.0,0,,,,
2026-10-01T14:29:08.440444+00:00,freq,1,0,550.0,550.0,1200.0,550.0,0,,,,
2026-10-01T14:29:08.440444+00:00,power,0,0,,,,,,2303378070362,856191006609,0.0019070798971869824,
2026-10-01T14:29:09.427355+00:00,freq,0,0,1250.0,1250.0,2500.0,900.0,0,,,,
2026-10-01T14:29:09.427355+00:00,freq,1,0,550.0,550.0,1200.0,550.0,0,,,,
2026-10-01T14:29:09.427355+00:00,power,0,0,,,,,,2303378070362,856191993512,0.0,
2026-10-01T14:29:10.431376+00:00,freq,0,0,1250.0,1250.0,2500.0,900.0,0,,,,
2026-10-01T14:29:10.431376+00:00,freq,1,0,550.0,550.0,1200.0,550.0,0,,,,
2026-10-01T14:29:10.431376+00:00,power,0,0,,,,,,2303378070362,856192997530,0.0,
2026-10-01T14:29:11.436517+00:00,freq,0,0,1250.0,1250.0,2500.0,900.0,0,,,,
2026-10-01T14:29:11.436517+00:00,freq,1,0,550.0,550.0,1200.0,550.0,0,,,,
2026-10-01T14:29:11.436517+00:00,power,0,0,,,,,,2303378070362,856194002650,0.0,
2026-10-01T14:29:12.441500+00:00,freq,0,0,1250.0,1250.0,2500.0,900.0,0,,,,
2026-10-01T14:29:12.441500+00:00,freq,1,0,550.0,550.0,1200.0,550.0,0,,,,
2026-10-01T14:29:12.441500+00:00,power,0,0,,,,,,2303378070362,856195007629,0.0,
2026-10-01T14:29:13.431030+00:00,freq,0,0,1250.0,1250.0,2500.0,900.0,0,,,,
2026-10-01T14:29:13.431030+00:00,freq,1,0,550.0,550.0,1200.0,550.0,0,,,,
2026-10-01T14:29:13.431030+00:00,power,0,0,,,,,,2303378070362,856195997033,0.0,
2026-10-01T14:29:14.435498+00:00,freq,0,0,2500.0,4250.0,2500.0,900.0,0,,,,
2026-10-01T14:29:14.435498+00:00,freq,1,0,550.0,550.0,1200.0,550.0,0,,,,
2026-10-01T14:29:14.435498+00:00,power,0,0,,,,,,2303391947437,856197001418,13.816489692697521,
2026-10-01T14:29:15.442070+00:00,freq,0,0,2500.0,4250.0,2500.0,900.0,0,,,,
2026-10-01T14:29:15.442070+00:00,freq,1,0,550.0,550.0,1200.0,550.0,0,,,,
2026-10-01T14:29:15.442070+00:00,power,0,0,,,,,,2303426954296,856198007971,34.77895252410951,
2026-10-01T14:29:16.431264+00:00,freq,0,0,2400.0,4250.0,2450.0,900.0,2,,,,
2026-10-01T14:29:16.431264+00:00,freq,1,0,550.0,550.0,1200.0,550.0,0,,,,
2026-10-01T14:29:16.431264+00:00,power,0,0,,,,,,2303459395946,856198997073,32.799094532212045,
2026-10-01T14:29:17.435857+00:00,freq,0,0,2450.0,4250.0,2400.0,900.0,2,,,,
2026-10-01T14:29:17.435857+00:00,freq,1,0,550.0,550.0,1200.0,550.0,0,,,,
2026-10-01T14:29:17.435857+00:00,power,0,0,,,,,,2303490398997,856200001649,30.86182727837416,
2026-10-01T14:29:18.441169+00:00,freq,0,0,2450.0,4250.0,2450.0,900.0,2,,,,
2026-10-01T14:29:18.441169+00:00,freq,1,0,550.0,550.0,1200.0,550.0,0,,,,
2026-10-01T14:29:18.441169+00:00,power,0,0,,,,,,2303520048922,856201006998,29.492171375313447,
2026-10-01T14:29:19.430083+00:00,freq,0,0,2500.0,4250.0,2500.0,900.0,0,,,,
2026-10-01T14:29:19.430083+00:00,freq,1,0,550.0,550.0,1200.0,600.0,0,,,,
2026-10-01T14:29:19.430083+00:00,power,0,0,,,,,,2303548099947,856201995823,28.368037822668317,
2026-10-01T14:29:20.437164+00:00,freq,0,0,2500.0,4250.0,2500.0,900.0,0,,,,
2026-10-01T14:29:20.437164+00:00,freq,1,0,600.0,600.0,1200.0,550.0,0,,,,
2026-10-01T14:29:20.437164+00:00,power,0,0,,,,,,2303575448030,856203002879,27.15646696906627,
2026-10-01T14:29:21.442586+00:00,freq,0,0,2500.0,4250.0,2500.0,900.0,0,,,,
2026-10-01T14:29:21.442586+00:00,freq,1,0,550.0,550.0,1200.0,600.0,0,,,,
2026-10-01T14:29:21.442586+00:00,power,0,0,,,,,,2303602209138,856204008323,26.616209356264495,
2026-10-01T14:29:22.429475+00:00,freq,0,0,2500.0,4250.0,2500.0,900.0,0,,,,
2026-10-01T14:29:22.429475+00:00,freq,1,0,600.0,600.0,1200.0,600.0,0,,,,
2026-10-01T14:29:22.429475+00:00,power,0,0,,,,,,2303628570855,856204994996,26.717784919623828,
2026-10-01T14:29:23.437903+00:00,freq,0,0,2500.0,4250.0,2500.0,900.0,0,,,,
2026-10-01T14:29:23.437903+00:00,freq,1,0,600.0,600.0,1200.0,550.0,0,,,,
2026-10-01T14:29:23.437903+00:00,power,0,0,,,,,,2303649961259,856206003475,21.210559664603824,
2026-10-01T14:29:24.444395+00:00,freq,0,0,2500.0,4250.0,2500.0,900.0,0,,,,
2026-10-01T14:29:24.444395+00:00,freq,1,0,550.0,550.0,1200.0,550.0,0,,,,
2026-10-01T14:29:24.444395+00:00,power,0,0,,,,,,2303667337296,856207010167,17.260529536342794,
2026-10-01T14:29:25.431469+00:00,freq,0,0,2500.0,4250.0,2500.0,900.0,0,,,,
2026-10-01T14:29:25.431469+00:00,freq,1,0,550.0,550.0,1200.0,550.0,0,,,,
2026-10-01T14:29:25.431469+00:00,power,0,0,,,,,,2303667337296,856207997251,0.0,
2026-10-01T14:29:26.435325+00:00,freq,0,0,2500.0,4250.0,2500.0,900.0,0,,,,
2026-10-01T14:29:26.435325+00:00,freq,1,0,550.0,550.0,1200.0,550.0,0,,,,
2026-10-01T14:29:26.435325+00:00,power,0,0,,,,,,2303667337296,856209001126,0.0,
2026-10-01T14:29:27.438560+00:00,freq,0,0,2500.0,4250.0,2500.0,900.0,0,,,,
2026-10-01T14:29:27.438560+00:00,freq,1,0,550.0,550.0,1200.0,550.0,0,,,,
2026-10-01T14:29:27.438560+00:00,power,0,0,,,,,,2303667337296,856210004258,0.0,
2026-10-01T14:29:28.443598+00:00,freq,0,0,2500.0,4250.0,2500.0,900.0,0,,,,
2026-10-01T14:29:28.443598+00:00,freq,1,0,550.0,550.0,1200.0,550.0,0,,,,
2026-10-01T14:29:28.443598+00:00,power,0,0,,,,,,2303667337296,856211009277,0.0,
2026-10-01T14:29:29.432846+00:00,freq,0,0,2500.0,4250.0,2500.0,900.0,0,,,,
2026-10-01T14:29:29.432846+00:00,freq,1,0,550.0,550.0,1200.0,550.0,0,,,,
2026-10-01T14:29:29.432846+00:00,power,0,0,,,,,,2303667337296,856211998549,0.0,
2026-10-01T14:29:30.436971+00:00,freq,0,0,2500.0,4250.0,2500.0,900.0,0,,,,
2026-10-01T14:29:30.436971+00:00,freq,1,0,550.0,550.0,1200.0,550.0,0,,,,
2026-10-01T14:29:30.436971+00:00,power,0,0,,,,,,2303667337357,856213002652,6.0750739714949565e-05,
2026-10-01T14:29:31.450201+00:00,freq,0,0,2500.0,4250.0,2500.0,900.0,0,,,,
2026-10-01T14:29:31.450201+00:00,freq,1,0,550.0,550.0,1200.0,550.0,0,,,,
2026-10-01T14:29:31.450201+00:00,power,0,0,,,,,,2303667337357,856214015686,0.0,
2026-10-01T14:29:32.444948+00:00,freq,0,0,2500.0,4250.0,2500.0,900.0,0,,,,
2026-10-01T14:29:32.444948+00:00,freq,1,0,550.0,550.0,1200.0,550.0,0,,,,
2026-10-01T14:29:32.444948+00:00,power,0,0,,,,,,2303667337357,856215010479,0.0,
2026-10-01T14:29:33.430652+00:00,freq,0,0,2500.0,4250.0,2500.0,900.0,0,,,,
2026-10-01T14:29:33.430652+00:00,freq,1,0,550.0,550.0,1200.0,550.0,0,,,,
2026-10-01T14:29:33.430652+00:00,power,0,0,,,,,,2303667337357,856215996255,0.0,
2026-10-01T14:29:34.435454+00:00,freq,0,0,2500.0,4250.0,2500.0,900.0,0,,,,
2026-10-01T14:29:34.435454+00:00,freq,1,0,550.0,550.0,1200.0,550.0,0,,,,
2026-10-01T14:29:34.435454+00:00,power,0,0,,,,,,2303667337357,856217001023,0.0,
2026-10-01T14:29:35.441006+00:00,freq,0,0,2500.0,4250.0,2500.0,900.0,0,,,,
2026-10-01T14:29:35.441006+00:00,freq,1,0,550.0,550.0,1200.0,550.0,0,,,,
2026-10-01T14:29:35.441006+00:00,power,0,0,,,,,,2303667337357,856218006560,0.0,
2026-10-01T14:29:36.427961+00:00,freq,0,0,2500.0,4250.0,2500.0,900.0,0,,,,
2026-10-01T14:29:36.427961+00:00,freq,1,0,550.0,550.0,1200.0,550.0,0,,,,
2026-10-01T14:29:36.427961+00:00,power,0,0,,,,,,2303667337357,856218993442,0.0,
2026-10-01T14:29:37.432470+00:00,freq,0,0,2500.0,4250.0,2500.0,900.0,0,,,,
2026-10-01T14:29:37.432470+00:00,freq,1,0,550.0,550.0,1200.0,550.0,0,,,,
2026-10-01T14:29:37.432470+00:00,power,0,0,,,,,,2303667337357,856219997969,0.0,
2026-10-01T14:29:38.436200+00:00,freq,0,0,2500.0,4250.0,2500.0,900.0,0,,,,
2026-10-01T14:29:38.436200+00:00,freq,1,0,550.0,550.0,1200.0,550.0,0,,,,
2026-10-01T14:29:38.436200+00:00,power,0,0,,,,,,2303667337601,856221001672,0.00024309980143528515,
2026-10-01T14:29:39.440675+00:00,freq,0,0,2500.0,4250.0,2500.0,900.0,0,,,,
2026-10-01T14:29:39.440675+00:00,freq,1,0,550.0,550.0,1200.0,550.0,0,,,,
2026-10-01T14:29:39.440675+00:00,power,0,0,,,,,,2303667337601,856222006067,0.0,
2026-10-01T14:29:40.426618+00:00,freq,0,0,2500.0,4250.0,2500.0,900.0,0,,,,
2026-10-01T14:29:40.426618+00:00,freq,1,0,550.0,550.0,1200.0,550.0,0,,,,
2026-10-01T14:29:40.426618+00:00,power,0,0,,,,,,2303667337601,856222992028,0.0,
2026-10-01T14:29:41.433059+00:00,freq,0,0,2500.0,4250.0,2500.0,900.0,0,,,,
2026-10-01T14:29:41.433059+00:00,freq,1,0,550.0,550.0,1200.0,550.0,0,,,,
2026-10-01T14:29:41.433059+00:00,power,0,0,,,,,,2303667337601,856223998473,0.0,
2026-10-01T14:29:42.437842+00:00,freq,0,0,2500.0,4250.0,2500.0,900.0,0,,,,
2026-10-01T14:29:42.437842+00:00,freq,1,0,550.0,550.0,1200.0,550.0,0,,,,
2026-10-01T14:29:42.437842+00:00,power,0,0,,,,,,2303667337601,856225003242,0.0,
2026-10-01T14:29:43.441837+00:00,freq,0,0,2500.0,4250.0,2500.0,900.0,0,,,,
2026-10-01T14:29:43.441837+00:00,freq,1,0,550.0,550.0,1200.0,550.0,0,,,,
2026-10-01T14:29:43.441837+00:00,power,0,0,,,,,,2303667337601,856226007215,0.0,
2026-10-01T14:29:44.431482+00:00,freq,0,0,2500.0,4250.0,2500.0,900.0,0,,,,
2026-10-01T14:29:44.431482+00:00,freq,1,0,550.0,550.0,1200.0,550.0,0,,,,
2026-10-01T14:29:44.431482+00:00,power,0,0,,,,,,2303667337601,856226996746,0.0,
2026-10-01T14:29:45.434596+00:00,freq,0,0,2500.0,4250.0,2500.0,900.0,0,,,,
2026-10-01T14:29:45.434596+00:00,freq,1,0,550.0,550.0,1200.0,550.0,0,,,,
2026-10-01T14:29:45.434596+00:00,power,0,0,,,,,,2303667337601,856227999824,0.0,
2026-10-01T14:29:46.437901+00:00,freq,0,0,2500.0,4250.0,2500.0,900.0,0,,,,
2026-10-01T14:29:46.437901+00:00,freq,1,0,550.0,550.0,1200.0,550.0,0,,,,
2026-10-01T14:29:46.437901+00:00,power,0,0,,,,,,2303688730789,856229003080,21.323757844458445,
2026-10-01T14:29:47.442510+00:00,freq,0,0,2450.0,4250.0,2450.0,900.0,2,,,,
2026-10-01T14:29:47.442510+00:00,freq,1,0,550.0,550.0,1200.0,550.0,0,,,,
2026-10-01T14:29:47.442510+00:00,power,0,0,,,,,,2303723307815,856230007402,34.428227202032815,
2026-10-01T14:29:48.432390+00:00,freq,0,0,2500.0,4250.0,2500.0,900.0,0,,,,
2026-10-01T14:29:48.432390+00:00,freq,1,0,550.0,550.0,1200.0,600.0,0,,,,
2026-10-01T14:29:48.432390+00:00,power,0,0,,,,,,2303755289649,856230997239,32.3102025889111,
2026-10-01T14:29:49.440258+00:00,freq,0,0,2450.0,4250.0,2450.0,900.0,2,,,,
2026-10-01T14:29:49.440258+00:00,freq,1,0,600.0,600.0,1200.0,550.0,0,,,,
2026-10-01T14:29:49.440258+00:00,power,0,0,,,,,,2303786090979,856232005283,30.555541226375038,
2026-10-01T14:29:50.427605+00:00,freq,0,0,2500.0,4250.0,2500.0,900.0,0,,,,
2026-10-01T14:29:50.427605+00:00,freq,1,0,550.0,550.0,1200.0,600.0,0,,,,
2026-10-01T14:29:50.427605+00:00,power,0,0,,,,,,2303814634008,856232992589,28.910012701229405,
2026-10-01T14:29:51.432629+00:00,freq,0,0,2500.0,4250.0,2500.0,900.0,0,,,,
2026-10-01T14:29:51.432629+00:00,freq,1,0,600.0,600.0,1200.0,550.0,0,,,,
2026-10-01T14:29:51.432629+00:00,power,0,0,,,,,,2303842903440,856233997611,28.12817231861591,
2026-10-01T14:29:52.438005+00:00,freq,0,0,2500.0,4250.0,2500.0,900.0,0,,,,
2026-10-01T14:29:52.438005+00:00,freq,1,0,550.0,550.0,1200.0,600.0,0,,,,
2026-10-01T14:29:52.438005+00:00,power,0,0,,,,,,2303870222372,856235002785,27.17831141672984,
2026-10-01T14:29:53.444077+00:00,freq,0,0,2500.0,4250.0,2500.0,900.0,0,,,,
2026-10-01T14:29:53.444077+00:00,freq,1,0,600.0,600.0,1200.0,600.0,0,,,,
2026-10-01T14:29:53.444077+00:00,power,0,0,,,,,,2303896990377,856236009046,26.601453300883172,
2026-10-01T14:29:54.431927+00:00,freq,0,0,2500.0,4250.0,2500.0,900.0,0,,,,
2026-10-01T14:29:54.431927+00:00,freq,1,0,600.0,600.0,1200.0,600.0,0,,,,
2026-10-01T14:29:54.431927+00:00,power,0,0,,,,,,2303922115438,856236996907,25.433801921525397,
2026-10-01T14:29:55.437985+00:00,freq,0,0,2500.0,4250.0,2500.0,900.0,0,,,,
2026-10-01T14:29:55.437985+00:00,freq,1,0,600.0,600.0,1200.0,550.0,0,,,,
2026-10-01T14:29:55.437985+00:00,power,0,0,,,,,,2303943515302,856238002880,21.272801556304195,
2026-10-01T14:29:56.441924+00:00,freq,0,0,2500.0,4250.0,2500.0,900.0,0,,,,
2026-10-01T14:29:56.441924+00:00,freq,1,0,550.0,550.0,1200.0,550.0,0,,,,
2026-10-01T14:29:56.441924+00:00,power,0,0,,,,,,2303956836407,856239006914,13.267583567887144,
2026-10-01T14:29:57.428686+00:00,freq,0,0,2500.0,4250.0,2500.0,900.0,0,,,,
2026-10-01T14:29:57.428686+00:00,freq,1,0,550.0,550.0,1200.0,550.0,0,,,,
2026-10-01T14:29:57.428686+00:00,power,0,0,,,,,,2303956836407,856239993674,0.0,
2026-10-01T14:29:58.434723+00:00,freq,0,0,2500.0,4250.0,2500.0,900.0,0,,,,
2026-10-01T14:29:58.434723+00:00,freq,1,0,550.0,550.0,1200.0,550.0,0,,,,
2026-10-01T14:29:58.434723+00:00,power,0,0,,,,,,2303956837017,856240999731,0.0006063274744870321,
2026-10-01T14:29:59.439533+00:00,freq,0,0,2500.0,4250.0,2500.0,900.0,0,,,,
2026-10-01T14:29:59.439533+00:00,freq,1,0,550.0,550.0,1200.0,550.0,0,,,,
2026-10-01T14:29:59.439533+00:00,power,0,0,,,,,,2303956837017,856242004497,0.0,
2026-10-01T14:30:00.446151+00:00,freq,0,0,2500.0,4250.0,2500.0,900.0,0,,,,
2026-10-01T14:30:00.446151+00:00,freq,1,0,550.0,550.0,1200.0,550.0,0,,,,
2026-10-01T14:30:00.446151+00:00,power,0,0,,,,,,2303956837017,856243010949,0.0,
2026-10-01T14:30:01.432006+00:00,freq,0,0,2500.0,4250.0,2500.0,900.0,0,,,,
2026-10-01T14:30:01.432006+00:00,freq,1,0,550.0,550.0,1200.0,550.0,0,,,,
2026-10-01T14:30:01.432006+00:00,power,0,0,,,,,,2303956837017,856243996882,0.0,
2026-10-01T14:30:02.437724+00:00,freq,0,0,2500.0,4250.0,2500.0,900.0,0,,,,
2026-10-01T14:30:02.437724+00:00,freq,1,0,550.0,550.0,1200.0,550.0,0,,,,
2026-10-01T14:30:02.437724+00:00,power,0,0,,,,,,2303956837017,856245002620,0.0,
2026-10-01T14:30:03.442710+00:00,freq,0,0,2500.0,4250.0,2500.0,900.0,0,,,,
2026-10-01T14:30:03.442710+00:00,freq,1,0,550.0,550.0,1200.0,550.0,0,,,,
2026-10-01T14:30:03.442710+00:00,power,0,0,,,,,,2303956837017,856246007591,0.0,
2026-10-01T14:30:04.429906+00:00,freq,0,0,2500.0,4250.0,2500.0,900.0,0,,,,
2026-10-01T14:30:04.429906+00:00,freq,1,0,550.0,550.0,1200.0,550.0,0,,,,
2026-10-01T14:30:04.429906+00:00,power,0,0,,,,,,2303956838566,856246994799,0.0015690715634395184,
2026-10-01T14:30:05.435783+00:00,freq,0,0,2500.0,4250.0,2500.0,900.0,0,,,,
2026-10-01T14:30:05.435783+00:00,freq,1,0,550.0,550.0,1200.0,550.0,0,,,,
2026-10-01T14:30:05.435783+00:00,power,0,0,,,,,,2303956838566,856248000565,0.0,
2026-10-01T14:30:06.440936+00:00,freq,0,0,2500.0,4250.0,2500.0,900.0,0,,,,
2026-10-01T14:30:06.440936+00:00,freq,1,0,550.0,550.0,1200.0,550.0,0,,,,
2026-10-01T14:30:06.440936+00:00,power,0,0,,,,,,2303956838566,856249005686,0.0,
2026-10-01T14:30:07.431084+00:00,freq,0,0,2500.0,4250.0,2500.0,900.0,0,,,,
2026-10-01T14:30:07.431084+00:00,freq,1,0,550.0,550.0,1200.0,550.0,0,,,,
2026-10-01T14:30:07.431084+00:00,power,0,0,,,,,,2303956838566,856249995974,0.0,
2026-10-01T14:30:08.436222+00:00,freq,0,0,2500.0,4250.0,2500.0,900.0,0,,,,
2026-10-01T14:30:08.436222+00:00,freq,1,0,550.0,550.0,1200.0,550.0,0,,,,
2026-10-01T14:30:08.436222+00:00,power,0,0,,,,,,2303956840420,856251001093,0.0018445577090871828,
2026-10-01T14:30:09.443096+00:00,freq,0,0,2500.0,4250.0,2500.0,900.0,0,,,,
2026-10-01T14:30:09.443096+00:00,freq,1,0,550.0,550.0,1200.0,550.0,0,,,,
2026-10-01T14:30:09.443096+00:00,power,0,0,,,,,,2303956840420,856252007921,0.0,
2026-10-01T14:30:10.433465+00:00,freq,0,0,2500.0,4250.0,2500.0,900.0,0,,,,
2026-10-01T14:30:10.433465+00:00,freq,1,0,550.0,550.0,1200.0,550.0,0,,,,
2026-10-01T14:30:10.433465+00:00,power,0,0,,,,,,2303956840420,856252998178,0.0,
2026-10-01T14:30:11.439734+00:00,freq,0,0,2500.0,4250.0,2500.0,900.0,0,,,,
2026-10-01T14:30:11.439734+00:00,freq,1,0,550.0,550.0,1200.0,550.0,0,,,,
2026-10-01T14:30:11.439734+00:00,power,0,0,,,,,,2303956840420,856254004373,0.0,
2026-10-01T14:30:12.446053+00:00,freq,0,0,2500.0,4250.0,2500.0,900.0,0,,,,
2026-10-01T14:30:12.446053+00:00,freq,1,0,550.0,550.0,1200.0,550.0,0,,,,
2026-10-01T14:30:12.446053+00:00,power,0,0,,,,,,2303956842274,856255010685,0.0018423709545349752,
2026-10-01T14:30:13.435835+00:00,freq,0,0,2500.0,4250.0,2500.0,900.0,0,,,,
2026-10-01T14:30:13.435835+00:00,freq,1,0,550.0,550.0,1200.0,550.0,0,,,,
2026-10-01T14:30:13.435835+00:00,power,0,0,,,,,,2303956842274,856256000482,0.0,
2026-10-01T14:30:14.438896+00:00,freq,0,0,2500.0,4250.0,2500.0,900.0,0,,,,
2026-10-01T14:30:14.438896+00:00,freq,1,0,550.0,550.0,1200.0,550.0,0,,,,
2026-10-01T14:30:14.438896+00:00,power,0,0,,,,,,2303956842274,856257003488,0.0,
2026-10-01T14:30:15.446198+00:00,freq,0,0,2500.0,4250.0,2500.0,900.0,0,,,,
2026-10-01T14:30:15.446198+00:00,freq,1,0,550.0,550.0,1200.0,550.0,0,,,,
2026-10-01T14:30:15.446198+00:00,power,0,0,,,,,,2303956842274,856258010651,0.0,
2026-10-01T14:30:16.434045+00:00,freq,0,0,2500.0,4250.0,2500.0,900.0,0,,,,
2026-10-01T14:30:16.434045+00:00,freq,1,0,550.0,550.0,1200.0,550.0,0,,,,
2026-10-01T14:30:16.434045+00:00,power,0,0,,,,,,2303956842274,856258998574,0.0,
2026-10-01T14:30:17.440537+00:00,freq,0,0,2500.0,4250.0,2500.0,900.0,0,,,,
2026-10-01T14:30:17.440537+00:00,freq,1,0,550.0,550.0,1200.0,550.0,0,,,,
2026-10-01T14:30:17.440537+00:00,power,0,0,,,,,,2303956842274,856260005108,0.0,
2026-10-01T14:30:18.441234+00:00,freq,0,0,2500.0,4250.0,2500.0,900.0,0,,,,
2026-10-01T14:30:18.441234+00:00,freq,1,0,550.0,550.0,1200.0,550.0,0,,,,
2026-10-01T14:30:18.441234+00:00,power,0,0,,,,,,2303956842640,856261005779,0.00036575457867770724,
2026-10-01T14:30:19.440535+00:00,freq,0,0,2500.0,4250.0,2500.0,900.0,0,,,,
2026-10-01T14:30:19.440535+00:00,freq,1,0,550.0,550.0,1200.0,550.0,0,,,,
2026-10-01T14:30:19.440535+00:00,power,0,0,,,,,,2303956843128,856262004812,0.0004884723527651239,
2026-10-01T14:30:20.440926+00:00,freq,0,0,2500.0,4250.0,2500.0,900.0,0,,,,
2026-10-01T14:30:20.440926+00:00,freq,1,0,550.0,550.0,1200.0,550.0,0,,,,
2026-10-01T14:30:20.440926+00:00,power,0,0,,,,,,2303956843128,856263005404,0.0,
2026-10-01T14:30:21.426079+00:00,freq,0,0,2500.0,4250.0,2500.0,900.0,0,,,,
2026-10-01T14:30:21.426079+00:00,freq,1,0,550.0,550.0,1200.0,550.0,0,,,,
2026-10-01T14:30:21.426079+00:00,power,0,0,,,,,,2303956843128,856263990309,0.0,
2026-10-01T14:30:22.427923+00:00,freq,0,0,2500.0,4250.0,2500.0,900.0,0,,,,
2026-10-01T14:30:22.427923+00:00,freq,1,0,550.0,550.0,1200.0,550.0,0,,,,
2026-10-01T14:30:22.427923+00:00,power,0,0,,,,,,2303990823620,856264992182,33.91696552357435,
2026-10-01T14:30:23.434151+00:00,freq,0,0,2500.0,4250.0,2500.0,900.0,0,,,,
2026-10-01T14:30:23.434151+00:00,freq,1,0,550.0,550.0,1200.0,550.0,0,,,,
2026-10-01T14:30:23.434151+00:00,power,0,0,,,,,,2304024444164,856265998352,33.414377292107694,
2026-10-01T14:30:24.440961+00:00,freq,0,0,2450.0,4250.0,2450.0,900.0,2,,,,
2026-10-01T14:30:24.440961+00:00,freq,1,0,550.0,550.0,1200.0,550.0,0,,,,
2026-10-01T14:30:24.440961+00:00,power,0,0,,,,,,2304056405247,856267005199,31.7437336556597,
2026-10-01T14:30:25.441086+00:00,freq,0,0,2500.0,4250.0,2500.0,900.0,0,,,,
2026-10-01T14:30:25.441086+00:00,freq,1,0,550.0,550.0,1200.0,550.0,0,,,,
2026-10-01T14:30:25.441086+00:00,power,0,0,,,,,,2304085626194,856268005070,29.224716988491515,
2026-10-01T14:30:26.426808+00:00,freq,0,0,2500.0,4250.0,2500.0,900.0,0,,,,
2026-10-01T14:30:26.426808+00:00,freq,1,0,550.0,550.0,1200.0,550.0,0,,,,
2026-10-01T14:30:26.426808+00:00,power,0,0,,,,,,2304113794735,856268991007,28.570325487328297,
2026-10-01T14:30:27.431174+00:00,freq,0,0,2450.0,4250.0,2450.0,900.0,2,,,,
2026-10-01T14:30:27.431174+00:00,freq,1,0,550.0,550.0,1200.0,550.0,0,,,,
2026-10-01T14:30:27.431174+00:00,power,0,0,,,,,,2304141435383,856269995365,27.52071273390564,
2026-10-01T14:30:28.436513+00:00,freq,0,0,2450.0,4250.0,2450.0,900.0,2,,,,
2026-10-01T14:30:28.436513+00:00,freq,1,0,550.0,550.0,1200.0,600.0,0,,,,
2026-10-01T14:30:28.436513+00:00,power,0,0,,,,,,2304168368427,856271000643,26.791637736029237,
2026-10-01T14:30:29.441165+00:00,freq,0,0,2400.0,4250.0,2400.0,900.0,2,,,,
2026-10-01T14:30:29.441165+00:00,freq,1,0,600.0,600.0,1200.0,600.0,0,,,,
2026-10-01T14:30:29.441165+00:00,power,0,0,,,,,,2304194225482,856272005335,25.736300279090507,
2026-10-01T14:30:30.429601+00:00,freq,0,0,2500.0,4250.0,2500.0,900.0,0,,,,
2026-10-01T14:30:30.429601+00:00,freq,1,0,600.0,600.0,1200.0,600.0,0,,,,
2026-10-01T14:30:30.429601+00:00,power,0,0,,,,,,2304218026873,856272993573,24.08467494672336,
2026-10-01T14:30:31.434766+00:00,freq,0,0,2500.0,4250.0,2500.0,900.0,0,,,,
2026-10-01T14:30:31.434766+00:00,freq,1,0,600.0,600.0,1200.0,600.0,0,,,,
2026-10-01T14:30:31.434766+00:00,power,0,0,,,,,,2304239335734,856273998621,21.201834141254945,
2026-10-01T14:30:32.438456+00:00,freq,0,0,2500.0,4250.0,2500.0,900.0,0,,,,
2026-10-01T14:30:32.438456+00:00,freq,1,0,600.0,600.0,1200.0,600.0,0,,,,
2026-10-01T14:30:32.438456+00:00,power,0,0,,,,,,2304260482241,856275002394,21.06702112927923,
2026-10-01T14:30:33.443657+00:00,freq,0,0,2500.0,4250.0,2500.0,900.0,0,,,,
2026-10-01T14:30:33.443657+00:00,freq,1,0,600.0,600.0,1200.0,600.0,0,,,,
2026-10-01T14:30:33.443657+00:00,power,0,0,,,,,,2304269526491,856276007808,8.995548102572672,
2026-10-01T14:30:34.431296+00:00,freq,0,0,2500.0,4250.0,2500.0,900.0,0,,,,
2026-10-01T14:30:34.431296+00:00,freq,1,0,600.0,600.0,1200.0,600.0,0,,,,
2026-10-01T14:30:34.431296+00:00,power,0,0,,,,,,2304269526491,856276995461,0.0,
2026-10-01T14:30:35.436078+00:00,freq,0,0,2500.0,4250.0,2500.0,900.0,0,,,,
2026-10-01T14:30:35.436078+00:00,freq,1,0,600.0,600.0,1200.0,550.0,0,,,,
2026-10-01T14:30:35.436078+00:00,power,0,0,,,,,,2304269526491,856278000148,0.0,
2026-10-01T14:30:36.440197+00:00,freq,0,0,2500.0,4250.0,2500.0,900.0,0,,,,
2026-10-01T14:30:36.440197+00:00,freq,1,0,550.0,550.0,1200.0,550.0,0,,,,
2026-10-01T14:30:36.440197+00:00,power,0,0,,,,,,2304269526491,856279004273,0.0,
2026-10-01T14:30:37.442925+00:00,freq,0,0,2500.0,4250.0,2500.0,900.0,0,,,,
2026-10-01T14:30:37.442925+00:00,freq,1,0,550.0,550.0,1200.0,550.0,0,,,,
2026-10-01T14:30:37.442925+00:00,power,0,0,,,,,,2304269526491,856280006976,0.0,
2026-10-01T14:30:38.432061+00:00,freq,0,0,2500.0,4250.0,2500.0,900.0,0,,,,
2026-10-01T14:30:38.432061+00:00,freq,1,0,550.0,550.0,1200.0,550.0,0,,,,
2026-10-01T14:30:38.432061+00:00,power,0,0,,,,,,2304269526491,856280996092,0.0,
2026-10-01T14:30:39.435748+00:00,freq,0,0,2500.0,4250.0,2500.0,900.0,0,,,,
2026-10-01T14:30:39.435748+00:00,freq,1,0,550.0,550.0,1200.0,550.0,0,,,,
2026-10-01T14:30:39.435748+00:00,power,0,0,,,,,,2304269526918,856281999750,0.00042544372684719296,
2026-10-01T14:30:40.439708+00:00,freq,0,0,2500.0,4250.0,2500.0,900.0,0,,,,
2026-10-01T14:30:40.439708+00:00,freq,1,0,550.0,550.0,1200.0,550.0,0,,,,
2026-10-01T14:30:40.439708+00:00,power,0,0,,,,,,2304269528711,856283003650,0.0017860344655842215,
2026-10-01T14:30:41.445802+00:00,freq,0,0,2500.0,4250.0,2500.0,900.0,0,,,,
2026-10-01T14:30:41.445802+00:00,freq,1,0,550.0,550.0,1200.0,550.0,0,,,,
2026-10-01T14:30:41.445802+00:00,power,0,0,,,,,,2304269530504,856284009722,0.0017821786114711473,
2026-10-01T14:30:42.433830+00:00,freq,0,0,2500.0,4250.0,2500.0,900.0,0,,,,
2026-10-01T14:30:42.433830+00:00,freq,1,0,550.0,550.0,1200.0,550.0,0,,,,
2026-10-01T14:30:42.433830+00:00,power,0,0,,,,,,2304269530504,856284997767,0.0,
2026-10-01T14:30:43.437729+00:00,freq,0,0,2500.0,4250.0,2500.0,900.0,0,,,,
2026-10-01T14:30:43.437729+00:00,freq,1,0,550.0,550.0,1200.0,550.0,0,,,,
2026-10-01T14:30:43.437729+00:00,power,0,0,,,,,,2304269530504,856286001979,0.0,
2026-10-01T14:30:44.442021+00:00,freq,0,0,2500.0,4250.0,2500.0,900.0,0,,,,
2026-10-01T14:30:44.442021+00:00,freq,1,0,550.0,550.0,1200.0,550.0,0,,,,
2026-10-01T14:30:44.442021+00:00,power,0,0,,,,,,2304269530504,856287005897,0.0,
2026-10-01T14:30:45.430134+00:00,freq,0,0,2500.0,4250.0,2500.0,900.0,0,,,,
2026-10-01T14:30:45.430134+00:00,freq,1,0,550.0,550.0,1200.0,550.0,0,,,,
2026-10-01T14:30:45.430134+00:00,power,0,0,,,,,,2304269530504,856287993999,0.0,
2026-10-01T14:30:46.433232+00:00,freq,0,0,2500.0,4250.0,2500.0,900.0,0,,,,
2026-10-01T14:30:46.433232+00:00,freq,1,0,550.0,550.0,1200.0,550.0,0,,,,
2026-10-01T14:30:46.433232+00:00,power,0,0,,,,,,2304269530504,856288997063,0.0,
2026-10-01T14:30:47.437245+00:00,freq,0,0,2500.0,4250.0,2500.0,900.0,0,,,,
2026-10-01T14:30:47.437245+00:00,freq,1,0,550.0,550.0,1200.0,550.0,0,,,,
2026-10-01T14:30:47.437245+00:00,power,0,0,,,,,,2304269530504,856290001068,0.0,
2026-10-01T14:30:48.440838+00:00,freq,0,0,2500.0,4250.0,2500.0,900.0,0,,,,
2026-10-01T14:30:48.440838+00:00,freq,1,0,550.0,550.0,1200.0,550.0,0,,,,
2026-10-01T14:30:48.440838+00:00,power,0,0,,,,,,2304269530504,856291004637,0.0,
2026-10-01T14:30:49.452054+00:00,freq,0,0,2500.0,4250.0,2500.0,900.0,0,,,,
2026-10-01T14:30:49.452054+00:00,freq,1,0,550.0,550.0,1200.0,550.0,0,,,,
2026-10-01T14:30:49.452054+00:00,power,0,0,,,,,,2304269530504,856292015624,0.0,
2026-10-01T14:30:50.437991+00:00,freq,0,0,2500.0,4250.0,2500.0,900.0,0,,,,
2026-10-01T14:30:50.437991+00:00,freq,1,0,550.0,550.0,1200.0,550.0,0,,,,
2026-10-01T14:30:50.437991+00:00,power,0,0,,,,,,2304269530504,856293001685,0.0,
2026-10-01T14:30:51.441559+00:00,freq,0,0,2500.0,4250.0,2500.0,900.0,0,,,,
2026-10-01T14:30:51.441559+00:00,freq,1,0,550.0,550.0,1200.0,550.0,0,,,,
2026-10-01T14:30:51.441559+00:00,power,0,0,,,,,,2304269530504,856294005239,0.0,
2026-10-01T14:30:52.428516+00:00,freq,0,0,2500.0,4250.0,2500.0,900.0,0,,,,
2026-10-01T14:30:52.428516+00:00,freq,1,0,550.0,550.0,1200.0,550.0,0,,,,
2026-10-01T14:30:52.428516+00:00,power,0,0,,,,,,2304269530504,856294992198,0.0,
2026-10-01T14:30:53.432096+00:00,freq,0,0,2500.0,4250.0,2500.0,900.0,0,,,,
2026-10-01T14:30:53.432096+00:00,freq,1,0,550.0,550.0,1200.0,550.0,0,,,,
2026-10-01T14:30:53.432096+00:00,power,0,0,,,,,,2304269530504,856295995764,0.0,
2026-10-01T14:30:54.437639+00:00,freq,0,0,900.0,900.0,2500.0,900.0,0,,,,
2026-10-01T14:30:54.437639+00:00,freq,1,0,550.0,550.0,1200.0,550.0,0,,,,
2026-10-01T14:30:54.437639+00:00,power,0,0,,,,,,2304269530565,856297001405,6.065782918556423e-05,
2026-10-01T14:30:55.440737+00:00,freq,0,0,2500.0,4250.0,2500.0,900.0,0,,,,
2026-10-01T14:30:55.440737+00:00,freq,1,0,550.0,550.0,1200.0,550.0,0,,,,
2026-10-01T14:30:55.440737+00:00,power,0,0,,,,,,2304304043687,856298004196,34.417063974447316,
2026-10-01T14:30:56.447487+00:00,freq,0,0,2450.0,4250.0,2450.0,900.0,2,,,,
2026-10-01T14:30:56.447487+00:00,freq,1,0,550.0,550.0,1200.0,550.0,0,,,,
2026-10-01T14:30:56.447487+00:00,power,0,0,,,,,,2304337851632,856299010916,33.58227213127781,
2026-10-01T14:30:57.437749+00:00,freq,0,0,2450.0,4250.0,2450.0,900.0,2,,,,
2026-10-01T14:30:57.437749+00:00,freq,1,0,550.0,550.0,1200.0,600.0,0,,,,
2026-10-01T14:30:57.437749+00:00,power,0,0,,,,,,2304369140816,856300001337,31.59180187011382,
2026-10-01T14:30:58.444466+00:00,freq,0,0,2500.0,4250.0,2500.0,900.0,0,,,,
2026-10-01T14:30:58.444466+00:00,freq,1,0,550.0,550.0,1200.0,550.0,0,,,,
2026-10-01T14:30:58.444466+00:00,power,0,0,,,,,,2304399520881,856301007884,30.182460431554613,
2026-10-01T14:30:59.435707+00:00,freq,0,0,2500.0,4250.0,2500.0,900.0,0,,,,
2026-10-01T14:30:59.435707+00:00,freq,1,0,550.0,550.0,1200.0,600.0,0,,,,
2026-10-01T14:30:59.435707+00:00,power,0,0,,,,,,2304427873870,856301998891,28.610281259365475,
2026-10-01T14:31:00.440857+00:00,freq,0,0,2400.0,4250.0,2400.0,900.0,2,,,,
2026-10-01T14:31:00.440857+00:00,freq,1,0,600.0,600.0,1200.0,600.0,0,,,,
2026-10-01T14:31:00.440857+00:00,power,0,0,,,,,,2304455551909,856303004465,27.524616786034642,
2026-10-01T14:31:01.447950+00:00,freq,0,0,2500.0,4250.0,2500.0,900.0,0,,,,
2026-10-01T14:31:01.447950+00:00,freq,1,0,600.0,600.0,1200.0,600.0,0,,,,
2026-10-01T14:31:01.447950+00:00,power,0,0,,,,,,2304482378141,856304011374,26.6421613075263,
2026-10-01T14:31:02.438326+00:00,freq,0,0,2500.0,4250.0,2500.0,900.0,0,,,,
2026-10-01T14:31:02.438326+00:00,freq,1,0,600.0,600.0,1200.0,600.0,0,,,,
2026-10-01T14:31:02.438326+00:00,power,0,0,,,,,,2304507958059,856305001606,25.832247392530235,
2026-10-01T14:31:03.442573+00:00,freq,0,0,2500.0,4250.0,2500.0,900.0,0,,,,
2026-10-01T14:31:03.442573+00:00,freq,1,0,600.0,600.0,1200.0,600.0,0,,,,
2026-10-01T14:31:03.442573+00:00,power,0,0,,,,,,2304531987501,856306006094,23.922079706278222,
2026-10-01T14:31:04.429796+00:00,freq,0,0,2500.0,4250.0,2500.0,900.0,0,,,,
2026-10-01T14:31:04.429796+00:00,freq,1,0,600.0,600.0,1200.0,600.0,0,,,,
2026-10-01T14:31:04.429796+00:00,power,0,0,,,,,,2304552826917,856306993050,21.11483794616984,
2026-10-01T14:31:05.435787+00:00,freq,0,0,2500.0,4250.0,2500.0,900.0,0,,,,
2026-10-01T14:31:05.435787+00:00,freq,1,0,600.0,600.0,1200.0,600.0,0,,,,
2026-10-01T14:31:05.435787+00:00,power,0,0,,,,,,2304574070020,856307998942,21.118671785837844,
2026-10-01T14:31:06.440510+00:00,freq,0,0,2500.0,4250.0,2500.0,900.0,0,,,,
2026-10-01T14:31:06.440510+00:00,freq,1,0,600.0,600.0,1200.0,550.0,0,,,,
2026-10-01T14:31:06.440510+00:00,power,0,0,,,,,,2304582783300,856309003895,8.6703358266506,
2026-10-01T14:31:07.444712+00:00,freq,0,0,2500.0,4250.0,2500.0,900.0,0,,,,
2026-10-01T14:31:07.444712+00:00,freq,1,0,550.0,550.0,1200.0,550.0,0,,,,
2026-10-01T14:31:07.444712+00:00,power,0,0,,,,,,2304582783300,856310008058,0.0,
2026-10-01T14:31:08.434713+00:00,freq,0,0,2500.0,4250.0,2500.0,900.0,0,,,,
2026-10-01T14:31:08.434713+00:00,freq,1,0,550.0,550.0,1200.0,550.0,0,,,,
2026-10-01T14:31:08.434713+00:00,power,0,0,,,,,,2304582783300,856310998057,0.0,
2026-10-01T14:31:09.442716+00:00,freq,0,0,2500.0,4250.0,2500.0,900.0,0,,,,
2026-10-01T14:31:09.442716+00:00,freq,1,0,550.0,550.0,1200.0,550.0,0,,,,
2026-10-01T14:31:09.442716+00:00,power,0,0,,,,,,2304582783300,856312005976,0.0,
2026-10-01T14:31:10.432272+00:00,freq,0,0,2500.0,4250.0,2500.0,900.0,0,,,,
2026-10-01T14:31:10.432272+00:00,freq,1,0,550.0,550.0,1200.0,550.0,0,,,,
2026-10-01T14:31:10.432272+00:00,power,0,0,,,,,,2304582783300,856312995500,0.0,
2026-10-01T14:31:11.438643+00:00,freq,0,0,2500.0,4250.0,2500.0,900.0,0,,,,
2026-10-01T14:31:11.438643+00:00,freq,1,0,550.0,550.0,1200.0,550.0,0,,,,
2026-10-01T14:31:11.438643+00:00,power,0,0,,,,,,2304582783300,856314001841,0.0,
2026-10-01T14:31:12.442760+00:00,freq,0,0,2500.0,4250.0,2500.0,900.0,0,,,,
2026-10-01T14:31:12.442760+00:00,freq,1,0,550.0,550.0,1200.0,550.0,0,,,,
2026-10-01T14:31:12.442760+00:00,power,0,0,,,,,,2304582783300,856315005934,0.0,
2026-10-01T14:31:13.428464+00:00,freq,0,0,2500.0,4250.0,2500.0,900.0,0,,,,
2026-10-01T14:31:13.428464+00:00,freq,1,0,550.0,550.0,1200.0,550.0,0,,,,
2026-10-01T14:31:13.428464+00:00,power,0,0,,,,,,2304582783483,856315991667,0.0001856486492792673,
2026-10-01T14:31:14.435455+00:00,freq,0,0,2500.0,4250.0,2500.0,900.0,0,,,,
2026-10-01T14:31:14.435455+00:00,freq,1,0,550.0,550.0,1200.0,550.0,0,,,,
2026-10-01T14:31:14.435455+00:00,power,0,0,,,,,,2304582783666,856316998609,0.00018173837222004843,
2026-10-01T14:31:15.439405+00:00,freq,0,0,2500.0,4250.0,2500.0,900.0,0,,,,
2026-10-01T14:31:15.439405+00:00,freq,1,0,550.0,550.0,1200.0,550.0,0,,,,
2026-10-01T14:31:15.439405+00:00,power,0,0,,,,,,2304582783666,856318002520,0.0,
2026-10-01T14:31:16.448198+00:00,freq,0,0,2500.0,4250.0,2500.0,900.0,0,,,,
2026-10-01T14:31:16.448198+00:00,freq,1,0,550.0,550.0,1200.0,550.0,0,,,,
2026-10-01T14:31:16.448198+00:00,power,0,0,,,,,,2304582783666,856319011138,0.0,
2026-10-01T14:31:17.439651+00:00,freq,0,0,2500.0,4250.0,2500.0,900.0,0,,,,
2026-10-01T14:31:17.439651+00:00,freq,1,0,550.0,550.0,1200.0,550.0,0,,,,
2026-10-01T14:31:17.439651+00:00,power,0,0,,,,,,2304582783788,856320002740,0.00012303323309150244,
2026-10-01T14:31:18.442938+00:00,freq,0,0,2500.0,4250.0,2500.0,900.0,0,,,,
2026-10-01T14:31:18.442938+00:00,freq,1,0,550.0,550.0,1200.0,550.0,0,,,,
2026-10-01T14:31:18.442938+00:00,power,0,0,,,,,,2304582783788,856321005999,0.0,
2026-10-01T14:31:19.431709+00:00,freq,0,0,2500.0,4250.0,2500.0,900.0,0,,,,
2026-10-01T14:31:19.431709+00:00,freq,1,0,550.0,550.0,1200.0,550.0,0,,,,
2026-10-01T14:31:19.431709+00:00,power,0,0,,,,,,2304582783788,856321994700,0.0,
2026-10-01T14:31:20.436406+00:00,freq,0,0,2500.0,4250.0,2500.0,900.0,0,,,,
2026-10-01T14:31:20.436406+00:00,freq,1,0,550.0,550.0,1200.0,550.0,0,,,,
2026-10-01T14:31:20.436406+00:00,power,0,0,,,,,,2304582783788,856322999420,0.0,
2026-10-01T14:31:21.441769+00:00,freq,0,0,2500.0,4250.0,2500.0,900.0,0,,,,
2026-10-01T14:31:21.441769+00:00,freq,1,0,550.0,550.0,1200.0,550.0,0,,,,
2026-10-01T14:31:21.441769+00:00,power,0,0,,,,,,2304582783788,856324005043,0.0,
2026-10-01T14:31:22.446065+00:00,freq,0,0,2500.0,4250.0,2500.0,900.0,0,,,,
2026-10-01T14:31:22.446065+00:00,freq,1,0,550.0,550.0,1200.0,550.0,0,,,,
2026-10-01T14:31:22.446065+00:00,power,0,0,,,,,,2304582783788,856325009165,0.0,
2026-10-01T14:31:23.436474+00:00,freq,0,0,2500.0,4250.0,2500.0,900.0,0,,,,
2026-10-01T14:31:23.436474+00:00,freq,1,0,550.0,550.0,1200.0,550.0,0,,,,
2026-10-01T14:31:23.436474+00:00,power,0,0,,,,,,2304582783788,856325999468,0.0,
2026-10-01T14:31:24.442246+00:00,freq,0,0,900.0,900.0,2500.0,900.0,0,,,,
2026-10-01T14:31:24.442246+00:00,freq,1,0,550.0,550.0,1200.0,550.0,0,,,,
2026-10-01T14:31:24.442246+00:00,power,0,0,,,,,,2304582785581,856327005159,0.0017828537791428978,
2026-10-01T14:31:25.428656+00:00,freq,0,0,900.0,900.0,2500.0,900.0,0,,,,
2026-10-01T14:31:25.428656+00:00,freq,1,0,550.0,550.0,1200.0,550.0,0,,,,
2026-10-01T14:31:25.428656+00:00,power,0,0,,,,,,2304582785581,856327991517,0.0,
2026-10-01T14:31:26.434620+00:00,freq,0,0,900.0,900.0,2500.0,900.0,0,,,,
2026-10-01T14:31:26.434620+00:00,freq,1,0,550.0,550.0,1200.0,550.0,0,,,,
2026-10-01T14:31:26.434620+00:00,power,0,0,,,,,,2304582785581,856328997457,0.0,
2026-10-01T14:31:27.438830+00:00,freq,0,0,2500.0,4250.0,2500.0,900.0,0,,,,
2026-10-01T14:31:27.438830+00:00,freq,1,0,550.0,550.0,1200.0,550.0,0,,,,
2026-10-01T14:31:27.438830+00:00,power,0,0,,,,,,2304582994016,856330001410,0.20761430066945366,
2026-10-01T14:31:28.441973+00:00,freq,0,0,2450.0,4250.0,2450.0,900.0,2,,,,
2026-10-01T14:31:28.441973+00:00,freq,1,0,550.0,550.0,1200.0,550.0,0,,,,
2026-10-01T14:31:28.441973+00:00,power,0,0,,,,,,2304618422116,856331004655,35.31350766761858,
2026-10-01T14:31:29.431270+00:00,freq,0,0,2450.0,4250.0,2500.0,900.0,2,,,,
2026-10-01T14:31:29.431270+00:00,freq,1,0,550.0,550.0,1200.0,550.0,0,,,,
2026-10-01T14:31:29.431270+00:00,power,0,0,,,,,,2304651539204,856331993947,33.475544126506634,
2026-10-01T14:31:30.434827+00:00,freq,0,0,2450.0,4250.0,2450.0,900.0,2,,,,
2026-10-01T14:31:30.434827+00:00,freq,1,0,550.0,550.0,1200.0,600.0,0,,,,
2026-10-01T14:31:30.434827+00:00,power,0,0,,,,,,2304683318806,856332997470,31.668035510895116,
2026-10-01T14:31:31.440852+00:00,freq,0,0,2400.0,4250.0,2400.0,900.0,2,,,,
2026-10-01T14:31:31.440852+00:00,freq,1,0,600.0,600.0,1200.0,550.0,0,,,,
2026-10-01T14:31:31.440852+00:00,power,0,0,,,,,,2304713543842,856334003504,30.043752000429407,
2026-10-01T14:31:32.445607+00:00,freq,0,0,2450.0,4250.0,2450.0,900.0,2,,,,
2026-10-01T14:31:32.445607+00:00,freq,1,0,550.0,550.0,1200.0,600.0,0,,,,
2026-10-01T14:31:32.445607+00:00,power,0,0,,,,,,2304742465961,856335008012,28.79232320698292,
2026-10-01T14:31:33.434185+00:00,freq,0,0,2500.0,4250.0,2500.0,900.0,0,,,,
2026-10-01T14:31:33.434185+00:00,freq,1,0,600.0,600.0,1200.0,600.0,0,,,,
2026-10-01T14:31:33.434185+00:00,power,0,0,,,,,,2304769421367,856335996751,27.262407976220217,
2026-10-01T14:31:34.440257+00:00,freq,0,0,2500.0,4250.0,2500.0,900.0,0,,,,
2026-10-01T14:31:34.440257+00:00,freq,1,0,600.0,600.0,1200.0,600.0,0,,,,
2026-10-01T14:31:34.440257+00:00,power,0,0,,,,,,2304796380900,856337002749,26.798793834580188,
2026-10-01T14:31:35.445476+00:00,freq,0,0,2500.0,4250.0,2500.0,900.0,0,,,,
2026-10-01T14:31:35.445476+00:00,freq,1,0,600.0,600.0,1200.0,600.0,0,,,,
2026-10-01T14:31:35.445476+00:00,power,0,0,,,,,,2304822221377,856338007957,25.706597042602127,
2026-10-01T14:31:36.436310+00:00,freq,0,0,2500.0,4250.0,2500.0,900.0,0,,,,
2026-10-01T14:31:36.436310+00:00,freq,1,0,600.0,600.0,1200.0,600.0,0,,,,
2026-10-01T14:31:36.436310+00:00,power,0,0,,,,,,2304845778017,856338998837,23.773453899564025,
2026-10-01T14:31:37.441920+00:00,freq,0,0,2500.0,4250.0,2500.0,900.0,0,,,,
2026-10-01T14:31:37.441920+00:00,freq,1,0,600.0,600.0,1200.0,600.0,0,,,,
2026-10-01T14:31:37.441920+00:00,power,0,0,,,,,,2304866960840,856340004398,21.065676771473836,
2026-10-01T14:31:38.445337+00:00,freq,0,0,2500.0,4250.0,2500.0,900.0,0,,,,
2026-10-01T14:31:38.445337+00:00,freq,1,0,600.0,600.0,1200.0,600.0,0,,,,
2026-10-01T14:31:38.445337+00:00,power,0,0,,,,,,2304888141870,856341007856,21.10803840320173,
2026-10-01T14:31:39.432022+00:00,freq,0,0,2500.0,4250.0,2500.0,900.0,0,,,,
2026-10-01T14:31:39.432022+00:00,freq,1,0,600.0,600.0,1200.0,600.0,0,,,,
2026-10-01T14:31:39.432022+00:00,power,0,0,,,,,,2304895952111,856341994620,7.915003992849354,
2026-10-01T14:31:40.438889+00:00,freq,0,0,2500.0,4250.0,2500.0,900.0,0,,,,
2026-10-01T14:31:40.438889+00:00,freq,1,0,600.0,600.0,1200.0,550.0,0,,,,
2026-10-01T14:31:40.438889+00:00,power,0,0,,,,,,2304895952111,856343001366,0.0,
2026-10-01T14:31:41.440055+00:00,freq,0,0,2500.0,4250.0,2500.0,900.0,0,,,,
2026-10-01T14:31:41.440055+00:00,freq,1,0,550.0,550.0,1200.0,550.0,0,,,,
2026-10-01T14:31:41.440055+00:00,power,0,0,,,,,,2304895952111,856344002590,0.0,
2026-10-01T14:31:42.448700+00:00,freq,0,0,2500.0,4250.0,2500.0,900.0,0,,,,
2026-10-01T14:31:42.448700+00:00,freq,1,0,550.0,550.0,1200.0,550.0,0,,,,
2026-10-01T14:31:42.448700+00:00,power,0,0,,,,,,2304895952111,856345011147,0.0,
2026-10-01T14:31:43.433483+00:00,freq,0,0,2500.0,4250.0,2500.0,900.0,0,,,,
2026-10-01T14:31:43.433483+00:00,freq,1,0,550.0,550.0,1200.0,550.0,0,,,,
2026-10-01T14:31:43.433483+00:00,power,0,0,,,,,,2304895952111,856345995874,0.0,
2026-10-01T14:31:44.438756+00:00,freq,0,0,2500.0,4250.0,2500.0,900.0,0,,,,
2026-10-01T14:31:44.438756+00:00,freq,1,0,550.0,550.0,1200.0,550.0,0,,,,
2026-10-01T14:31:44.438756+00:00,power,0,0,,,,,,2304895952111,856347001140,0.0,
2026-10-01T14:31:45.443785+00:00,freq,0,0,2500.0,4250.0,2500.0,900.0,0,,,,
2026-10-01T14:31:45.443785+00:00,freq,1,0,550.0,550.0,1200.0,550.0,0,,,,
2026-10-01T14:31:45.443785+00:00,power,0,0,,,,,,2304895952111,856348006144,0.0,
2026-10-01T14:31:46.433151+00:00,freq,0,0,2500.0,4250.0,2500.0,900.0,0,,,,
2026-10-01T14:31:46.433151+00:00,freq,1,0,550.0,550.0,1200.0,550.0,0,,,,
2026-10-01T14:31:46.433151+00:00,power,0,0,,,,,,2304895952111,856348995509,0.0,
2026-10-01T14:31:47.437006+00:00,freq,0,0,2500.0,4250.0,2500.0,900.0,0,,,,
2026-10-01T14:31:47.437006+00:00,freq,1,0,550.0,550.0,1200.0,550.0,0,,,,
2026-10-01T14:31:47.437006+00:00,power,0,0,,,,,,2304895952111,856349999425,0.0,
2026-10-01T14:31:48.443028+00:00,freq,0,0,2500.0,4250.0,2500.0,900.0,0,,,,
2026-10-01T14:31:48.443028+00:00,freq,1,0,550.0,550.0,1200.0,550.0,0,,,,
2026-10-01T14:31:48.443028+00:00,power,0,0,,,,,,2304895952111,856351005448,0.0,
2026-10-01T14:31:49.432468+00:00,freq,0,0,2500.0,4250.0,2500.0,900.0,0,,,,
2026-10-01T14:31:49.432468+00:00,freq,1,0,550.0,550.0,1200.0,550.0,0,,,,
2026-10-01T14:31:49.432468+00:00,power,0,0,,,,,,2304895952111,856351994754,0.0,
2026-10-01T14:31:50.436101+00:00,freq,0,0,2500.0,4250.0,2500.0,900.0,0,,,,
2026-10-01T14:31:50.436101+00:00,freq,1,0,550.0,550.0,1200.0,550.0,0,,,,
2026-10-01T14:31:50.436101+00:00,power,0,0,,,,,,2304895952111,856352998449,0.0,
2026-10-01T14:31:51.442336+00:00,freq,0,0,2500.0,4250.0,2500.0,900.0,0,,,,
2026-10-01T14:31:51.442336+00:00,freq,1,0,550.0,550.0,1200.0,550.0,0,,,,
2026-10-01T14:31:51.442336+00:00,power,0,0,,,,,,2304895952111,856354004608,0.0,
2026-10-01T14:31:52.449272+00:00,freq,0,0,2500.0,4250.0,2500.0,900.0,0,,,,
2026-10-01T14:31:52.449272+00:00,freq,1,0,550.0,550.0,1200.0,550.0,0,,,,
2026-10-01T14:31:52.449272+00:00,power,0,0,,,,,,2304895952111,856355011491,0.0,
2026-10-01T14:31:53.436265+00:00,freq,0,0,2500.0,4250.0,2500.0,900.0,0,,,,
2026-10-01T14:31:53.436265+00:00,freq,1,0,550.0,550.0,1200.0,550.0,0,,,,
2026-10-01T14:31:53.436265+00:00,power,0,0,,,,,,2304895952111,856355998474,0.0,
2026-10-01T14:31:54.441267+00:00,freq,0,0,1000.0,1000.0,2500.0,900.0,0,,,,
2026-10-01T14:31:54.441267+00:00,freq,1,0,550.0,550.0,1200.0,550.0,0,,,,
2026-10-01T14:31:54.441267+00:00,power,0,0,,,,,,2304895953965,856357003503,0.0018447228885932645,
2026-10-01T14:31:55.444339+00:00,freq,0,0,1000.0,1000.0,2500.0,900.0,0,,,,
2026-10-01T14:31:55.444339+00:00,freq,1,0,550.0,550.0,1200.0,550.0,0,,,,
2026-10-01T14:31:55.444339+00:00,power,0,0,,,,,,2304895955392,856358006611,0.0014225786256315371,
2026-10-01T14:31:56.433810+00:00,freq,0,0,1000.0,1000.0,2500.0,900.0,0,,,,
2026-10-01T14:31:56.433810+00:00,freq,1,0,550.0,550.0,1200.0,550.0,0,,,,
2026-10-01T14:31:56.433810+00:00,power,0,0,,,,,,2304895955392,856358995971,0.0,
2026-10-01T14:31:57.439621+00:00,freq,0,0,1000.0,1000.0,2500.0,900.0,0,,,,
2026-10-01T14:31:57.439621+00:00,freq,1,0,550.0,550.0,1200.0,550.0,0,,,,
2026-10-01T14:31:57.439621+00:00,power,0,0,,,,,,2304895955636,856360001780,0.0002425907901003073,
2026-10-01T14:31:58.443850+00:00,freq,0,0,1000.0,1000.0,2500.0,900.0,0,,,,
2026-10-01T14:31:58.443850+00:00,freq,1,0,550.0,550.0,1200.0,550.0,0,,,,
2026-10-01T14:31:58.443850+00:00,power,0,0,,,,,,2304895955636,856361006035,0.0,
2026-10-01T14:31:59.433763+00:00,freq,0,0,1000.0,1000.0,2500.0,900.0,0,,,,
2026-10-01T14:31:59.433763+00:00,freq,1,0,550.0,550.0,1200.0,550.0,0,,,,
2026-10-01T14:31:59.433763+00:00,power,0,0,,,,,,2304895955636,856361995865,0.0,
2026-10-01T14:32:00.438425+00:00,freq,0,0,1000.0,1000.0,2500.0,900.0,0,,,,
2026-10-01T14:32:00.438425+00:00,freq,1,0,550.0,550.0,1200.0,550.0,0,,,,
2026-10-01T14:32:00.438425+00:00,power,0,0,,,,,,2304895955636,856363000340,0.0,
2026-10-01T14:32:01.440547+00:00,freq,0,0,1000.0,1000.0,2500.0,900.0,0,,,,
2026-10-01T14:32:01.440547+00:00,freq,1,0,550.0,550.0,1200.0,550.0,0,,,,
2026-10-01T14:32:01.440547+00:00,power,0,0,,,,,,2304895955636,856364002421,0.0,
2026-10-01T14:32:02.440894+00:00,freq,0,0,1000.0,1000.0,2500.0,900.0,0,,,,
2026-10-01T14:32:02.440894+00:00,freq,1,0,550.0,550.0,1200.0,550.0,0,,,,
2026-10-01T14:32:02.440894+00:00,power,0,0,,,,,,2304895955636,856365002956,0.0,
2026-10-01T14:32:03.442494+00:00,freq,0,0,1000.0,1000.0,2500.0,900.0,0,,,,
2026-10-01T14:32:03.442494+00:00,freq,1,0,550.0,550.0,1200.0,550.0,0,,,,
2026-10-01T14:32:03.442494+00:00,power,0,0,,,,,,2304895955636,856366004287,0.0,
2026-10-01T14:32:04.456754+00:00,freq,0,0,2500.0,4250.0,2500.0,900.0,0,,,,
2026-10-01T14:32:04.456754+00:00,freq,1,0,550.0,550.0,1200.0,550.0,0,,,,
2026-10-01T14:32:04.456754+00:00,power,0,0,,,,,,2304899527718,856367018494,3.5220443163969484,
2026-10-01T14:32:05.442870+00:00,freq,0,0,2500.0,4250.0,2450.0,900.0,0,,,,
2026-10-01T14:32:05.442870+00:00,freq,1,0,550.0,550.0,1200.0,600.0,0,,,,
2026-10-01T14:32:05.442870+00:00,power,0,0,,,,,,2304934262543,856368004611,35.2238375365195,
2026-10-01T14:32:06.447275+00:00,freq,0,0,2500.0,4250.0,2500.0,900.0,0,,,,
2026-10-01T14:32:06.447275+00:00,freq,1,0,600.0,600.0,1200.0,550.0,0,,,,
2026-10-01T14:32:06.447275+00:00,power,0,0,,,,,,2304967720001,856369008983,33.311818728518915,
2026-10-01T14:32:07.437933+00:00,freq,0,0,2500.0,4250.0,2500.0,900.0,0,,,,
2026-10-01T14:32:07.437933+00:00,freq,1,0,550.0,550.0,1200.0,550.0,0,,,,
2026-10-01T14:32:07.437933+00:00,power,0,0,,,,,,2304998766655,856369999684,31.33806668207663,
2026-10-01T14:32:08.442788+00:00,freq,0,0,2450.0,4250.0,2450.0,900.0,2,,,,
2026-10-01T14:32:08.442788+00:00,freq,1,0,550.0,550.0,1200.0,550.0,0,,,,
2026-10-01T14:32:08.442788+00:00,power,0,0,,,,,,2305028840019,856371004524,29.928510011544127,
2026-10-01T14:32:09.451402+00:00,freq,0,0,2500.0,4250.0,2500.0,900.0,0,,,,
2026-10-01T14:32:09.451402+00:00,freq,1,0,550.0,550.0,1200.0,600.0,0,,,,
2026-10-01T14:32:09.451402+00:00,power,0,0,,,,,,2305056978348,856372012874,27.90531958149452,
2026-10-01T14:32:10.439809+00:00,freq,0,0,2450.0,4250.0,2450.0,900.0,2,,,,
2026-10-01T14:32:10.439809+00:00,freq,1,0,600.0,600.0,1200.0,600.0,0,,,,
2026-10-01T14:32:10.439809+00:00,power,0,0,,,,,,2305083875381,856373001539,27.20540628018591,
2026-10-01T14:32:11.443725+00:00,freq,0,0,2450.0,4250.0,2450.0,900.0,2,,,,
2026-10-01T14:32:11.443725+00:00,freq,1,0,600.0,600.0,1200.0,600.0,0,,,,
2026-10-01T14:32:11.443725+00:00,power,0,0,,,,,,2305110830360,856374005400,26.851306107120408,
2026-10-01T14:32:12.433476+00:00,freq,0,0,2450.0,4250.0,2400.0,900.0,2,,,,
2026-10-01T14:32:12.433476+00:00,freq,1,0,600.0,600.0,1200.0,600.0,0,,,,
2026-10-01T14:32:12.433476+00:00,power,0,0,,,,,,2305136942969,856374995116,26.38394145391203,
2026-10-01T14:32:13.437667+00:00,freq,0,0,2500.0,4250.0,2500.0,900.0,0,,,,
2026-10-01T14:32:13.437667+00:00,freq,1,0,600.0,600.0,1200.0,600.0,0,,,,
2026-10-01T14:32:13.437667+00:00,power,0,0,,,,,,2305160155944,856375999261,23.11715439503259,
2026-10-01T14:32:14.443229+00:00,freq,0,0,2500.0,4250.0,2500.0,900.0,0,,,,
2026-10-01T14:32:14.443229+00:00,freq,1,0,600.0,600.0,1200.0,600.0,0,,,,
2026-10-01T14:32:14.443229+00:00,power,0,0,,,,,,2305181578391,856377004799,21.304462884545387,
2026-10-01T14:32:15.448976+00:00,freq,0,0,2500.0,4250.0,2500.0,900.0,0,,,,
2026-10-01T14:32:15.448976+00:00,freq,1,0,600.0,600.0,1200.0,600.0,0,,,,
2026-10-01T14:32:15.448976+00:00,power,0,0,,,,,,2305202974692,856378010443,21.276218025464278,
2026-10-01T14:32:16.437973+00:00,freq,0,0,2500.0,4250.0,2500.0,900.0,0,,,,
2026-10-01T14:32:16.437973+00:00,freq,1,0,600.0,600.0,1200.0,600.0,0,,,,
2026-10-01T14:32:16.437973+00:00,power,0,0,,,,,,2305224173690,856378999483,21.433913694087195,
2026-10-01T14:32:17.445339+00:00,freq,0,0,2500.0,4250.0,2500.0,900.0,0,,,,
2026-10-01T14:32:17.445339+00:00,freq,1,0,600.0,600.0,1200.0,600.0,0,,,,
2026-10-01T14:32:17.445339+00:00,power,0,0,,,,,,2305245785872,856380006767,21.45589724447127,
2026-10-01T14:32:18.437353+00:00,freq,0,0,2500.0,4250.0,2500.0,900.0,0,,,,
2026-10-01T14:32:18.437353+00:00,freq,1,0,600.0,600.0,1200.0,600.0,0,,,,
2026-10-01T14:32:18.437353+00:00,power,0,0,,,,,,2305267076666,856380998705,21.463835441327987,
2026-10-01T14:32:19.445210+00:00,freq,0,0,2500.0,4250.0,2500.0,900.0,0,,,,
2026-10-01T14:32:19.445210+00:00,freq,1,0,600.0,600.0,1200.0,600.0,0,,,,
2026-10-01T14:32:19.445210+00:00,power,0,0,,,,,,2305288622465,856382006712,21.37465216015365,
2026-10-01T14:32:20.434865+00:00,freq,0,0,2500.0,4250.0,2500.0,900.0,0,,,,
2026-10-01T14:32:20.434865+00:00,freq,1,0,600.0,600.0,1200.0,600.0,0,,,,
2026-10-01T14:32:20.434865+00:00,power,0,0,,,,,,2305299422819,856382996502,10.911763101263904,
2026-10-01T14:32:21.437135+00:00,freq,0,0,2500.0,4250.0,2500.0,900.0,0,,,,
2026-10-01T14:32:21.437135+00:00,freq,1,0,600.0,600.0,1200.0,550.0,0,,,,
2026-10-01T14:32:21.437135+00:00,power,0,0,,,,,,2305299422819,856383998547,0.0,
2026-10-01T14:32:22.440361+00:00,freq,0,0,2500.0,4250.0,2500.0,900.0,0,,,,
2026-10-01T14:32:22.440361+00:00,freq,1,0,550.0,550.0,1200.0,550.0,0,,,,
2026-10-01T14:32:22.440361+00:00,power,0,0,,,,,,2305299422819,856385001887,0.0,
2026-10-01T14:32:23.445554+00:00,freq,0,0,2500.0,4250.0,2500.0,900.0,0,,,,
2026-10-01T14:32:23.445554+00:00,freq,1,0,550.0,550.0,1200.0,550.0,0,,,,
2026-10-01T14:32:23.445554+00:00,power,0,0,,,,,,2305299422819,856386007010,0.0,
2026-10-01T14:32:24.436488+00:00,freq,0,0,1600.0,1600.0,2500.0,900.0,0,,,,
2026-10-01T14:32:24.436488+00:00,freq,1,0,550.0,550.0,1200.0,550.0,0,,,,
2026-10-01T14:32:24.436488+00:00,power,0,0,,,,,,2305299422819,856386997956,0.0,
2026-10-01T14:32:25.442270+00:00,freq,0,0,1600.0,1600.0,2500.0,900.0,0,,,,
2026-10-01T14:32:25.442270+00:00,freq,1,0,550.0,550.0,1200.0,550.0,0,,,,
2026-10-01T14:32:25.442270+00:00,power,0,0,,,,,,2305299422941,856388003688,0.00012130468156526789,
2026-10-01T14:32:26.449234+00:00,freq,0,0,1600.0,1600.0,2500.0,900.0,0,,,,
2026-10-01T14:32:26.449234+00:00,freq,1,0,550.0,550.0,1200.0,550.0,0,,,,
2026-10-01T14:32:26.449234+00:00,power,0,0,,,,,,2305299423063,856389010663,0.00012115494426376027,
2026-10-01T14:32:27.439048+00:00,freq,0,0,1600.0,1600.0,2500.0,900.0,0,,,,
2026-10-01T14:32:27.439048+00:00,freq,1,0,550.0,550.0,1200.0,550.0,0,,,,
2026-10-01T14:32:27.439048+00:00,power,0,0,,,,,,2305299423063,856390000443,0.0,
2026-10-01T14:32:28.442317+00:00,freq,0,0,1600.0,1600.0,2500.0,900.0,0,,,,
2026-10-01T14:32:28.442317+00:00,freq,1,0,550.0,550.0,1200.0,550.0,0,,,,
2026-10-01T14:32:28.442317+00:00,power,0,0,,,,,,2305299423063,856391003729,0.0,
2026-10-01T14:32:29.448289+00:00,freq,0,0,1600.0,1600.0,2500.0,900.0,0,,,,
2026-10-01T14:32:29.448289+00:00,freq,1,0,550.0,550.0,1200.0,550.0,0,,,,
2026-10-01T14:32:29.448289+00:00,power,0,0,,,,,,2305299424734,856392009631,0.001661195623430513,
2026-10-01T14:32:30.437713+00:00,freq,0,0,1600.0,1600.0,2500.0,900.0,0,,,,
2026-10-01T14:32:30.437713+00:00,freq,1,0,550.0,550.0,1200.0,550.0,0,,,,
2026-10-01T14:32:30.437713+00:00,power,0,0,,,,,,2305299424734,856392999062,0.0,
2026-10-01T14:32:31.443483+00:00,freq,0,0,1600.0,1600.0,2500.0,900.0,0,,,,
2026-10-01T14:32:31.443483+00:00,freq,1,0,550.0,550.0,1200.0,550.0,0,,,,
2026-10-01T14:32:31.443483+00:00,power,0,0,,,,,,2305299424734,856394004890,0.0,
2026-10-01T14:32:32.448020+00:00,freq,0,0,1600.0,1600.0,2500.0,900.0,0,,,,
2026-10-01T14:32:32.448020+00:00,freq,1,0,550.0,550.0,1200.0,550.0,0,,,,
2026-10-01T14:32:32.448020+00:00,power,0,0,,,,,,2305299424734,856395009415,0.0,
2026-10-01T14:32:33.436574+00:00,freq,0,0,1600.0,1600.0,2500.0,900.0,0,,,,
2026-10-01T14:32:33.436574+00:00,freq,1,0,550.0,550.0,1200.0,550.0,0,,,,
2026-10-01T14:32:33.436574+00:00,power,0,0,,,,,,2305299425039,856395997880,0.00030855923072642936,
2026-10-01T14:32:34.441284+00:00,freq,0,0,1600.0,1600.0,2500.0,900.0,0,,,,
2026-10-01T14:32:34.441284+00:00,freq,1,0,550.0,550.0,1200.0,550.0,0,,,,
2026-10-01T14:32:34.441284+00:00,power,0,0,,,,,,2305299425039,856397002514,0.0,
2026-10-01T14:32:35.446677+00:00,freq,0,0,1600.0,1600.0,2500.0,900.0,0,,,,
2026-10-01T14:32:35.446677+00:00,freq,1,0,550.0,550.0,1200.0,550.0,0,,,,
2026-10-01T14:32:35.446677+00:00,power,0,0,,,,,,2305299425039,856398007911,0.0,
2026-10-01T14:32:36.435096+00:00,freq,0,0,1600.0,1600.0,2500.0,900.0,0,,,,
2026-10-01T14:32:36.435096+00:00,freq,1,0,550.0,550.0,1200.0,550.0,0,,,,
2026-10-01T14:32:36.435096+00:00,power,0,0,,,,,,2305299425039,856398996189,0.0,
2026-10-01T14:32:37.439564+00:00,freq,0,0,1600.0,1600.0,2500.0,900.0,0,,,,
2026-10-01T14:32:37.439564+00:00,freq,1,0,550.0,550.0,1200.0,550.0,0,,,,
2026-10-01T14:32:37.439564+00:00,power,0,0,,,,,,2305299426649,856400000774,0.0016026518413076046,
2026-10-01T14:32:38.442253+00:00,freq,0,0,1600.0,1600.0,2500.0,900.0,0,,,,
2026-10-01T14:32:38.442253+00:00,freq,1,0,550.0,550.0,1200.0,550.0,0,,,,
2026-10-01T14:32:38.442253+00:00,power,0,0,,,,,,2305299426649,856401003459,0.0,
2026-10-01T14:32:39.447882+00:00,freq,0,0,1600.0,1600.0,2500.0,900.0,0,,,,
2026-10-01T14:32:39.447882+00:00,freq,1,0,550.0,550.0,1200.0,550.0,0,,,,
2026-10-01T14:32:39.447882+00:00,power,0,0,,,,,,2305299426649,856402008989,0.0,
2026-10-01T14:32:40.435803+00:00,freq,0,0,1600.0,1600.0,2500.0,900.0,0,,,,
2026-10-01T14:32:40.435803+00:00,freq,1,0,550.0,550.0,1200.0,550.0,0,,,,
2026-10-01T14:32:40.435803+00:00,power,0,0,,,,,,2305299426649,856402996910,0.0,
2026-10-01T14:32:41.439314+00:00,freq,0,0,1600.0,1600.0,2500.0,900.0,0,,,,
2026-10-01T14:32:41.439314+00:00,freq,1,0,550.0,550.0,1200.0,550.0,0,,,,
2026-10-01T14:32:41.439314+00:00,power,0,0,,,,,,2305299426649,856404000420,0.0,
2026-10-01T14:32:42.444390+00:00,freq,0,0,2500.0,4250.0,2500.0,900.0,0,,,,
2026-10-01T14:32:42.444390+00:00,freq,1,0,550.0,550.0,1200.0,550.0,0,,,,
2026-10-01T14:32:42.444390+00:00,power,0,0,,,,,,2305331288549,856405005361,31.705244387481454,
2026-10-01T14:32:43.433669+00:00,freq,0,0,2500.0,4250.0,2500.0,900.0,0,,,,
2026-10-01T14:32:43.433669+00:00,freq,1,0,550.0,550.0,1200.0,550.0,0,,,,
2026-10-01T14:32:43.433669+00:00,power,0,0,,,,,,2305364550352,856405994530,33.62600627395319,
2026-10-01T14:32:44.439894+00:00,freq,0,0,2500.0,4250.0,2500.0,900.0,0,,,,
2026-10-01T14:32:44.439894+00:00,freq,1,0,550.0,550.0,1200.0,550.0,0,,,,
2026-10-01T14:32:44.439894+00:00,power,0,0,,,,,,2305396570066,856407000759,31.8214978896454,
2026-10-01T14:32:45.443473+00:00,freq,0,0,2500.0,4250.0,2500.0,900.0,0,,,,
2026-10-01T14:32:45.443473+00:00,freq,1,0,550.0,550.0,1200.0,600.0,0,,,,
2026-10-01T14:32:45.443473+00:00,power,0,0,,,,,,2305426880819,856408004471,30.198655590448254,
2026-10-01T14:32:46.449962+00:00,freq,0,0,2500.0,4250.0,2500.0,900.0,0,,,,
2026-10-01T14:32:46.449962+00:00,freq,1,0,600.0,600.0,1200.0,600.0,0,,,,
2026-10-01T14:32:46.449962+00:00,power,0,0,,,,,,2305455853902,856409010757,28.792095885265223,
2026-10-01T14:32:47.438639+00:00,freq,0,0,2500.0,4250.0,2500.0,900.0,0,,,,
2026-10-01T14:32:47.438639+00:00,freq,1,0,600.0,600.0,1200.0,600.0,0,,,,
2026-10-01T14:32:47.438639+00:00,power,0,0,,,,,,2305483001386,856409999427,27.45858982269109,
2026-10-01T14:32:48.443047+00:00,freq,0,0,2500.0,4250.0,2500.0,900.0,0,,,,
2026-10-01T14:32:48.443047+00:00,freq,1,0,600.0,600.0,1200.0,600.0,0,,,,
2026-10-01T14:32:48.443047+00:00,power,0,0,,,,,,2305509992719,856411003831,26.872984376804553,
2026-10-01T14:32:49.449860+00:00,freq,0,0,2450.0,4250.0,2450.0,900.0,2,,,,
2026-10-01T14:32:49.449860+00:00,freq,1,0,600.0,600.0,1200.0,600.0,0,,,,
2026-10-01T14:32:49.449860+00:00,power,0,0,,,,,,2305536658574,856412010633,26.48569927354137,
2026-10-01T14:32:50.438159+00:00,freq,0,0,2500.0,4250.0,2500.0,900.0,0,,,,
2026-10-01T14:32:50.438159+00:00,freq,1,0,600.0,600.0,1200.0,600.0,0,,,,
2026-10-01T14:32:50.438159+00:00,power,0,0,,,,,,2305560384709,856412998751,24.011438917214342,
2026-10-01T14:32:51.443751+00:00,freq,0,0,2500.0,4250.0,2500.0,900.0,0,,,,
2026-10-01T14:32:51.443751+00:00,freq,1,0,600.0,600.0,1200.0,600.0,0,,,,
2026-10-01T14:32:51.443751+00:00,power,0,0,,,,,,2305581905179,856414004422,21.399115615345377,
2026-10-01T14:32:52.450242+00:00,freq,0,0,2500.0,4250.0,2500.0,900.0,0,,,,
2026-10-01T14:32:52.450242+00:00,freq,1,0,600.0,600.0,1200.0,600.0,0,,,,
2026-10-01T14:32:52.450242+00:00,power,0,0,,,,,,2305603560208,856415011018,21.513128405040355,
2026-10-01T14:32:53.438922+00:00,freq,0,0,2500.0,4250.0,2500.0,900.0,0,,,,
2026-10-01T14:32:53.438922+00:00,freq,1,0,600.0,600.0,1200.0,600.0,0,,,,
2026-10-01T14:32:53.438922+00:00,power,0,0,,,,,,2305624762051,856415999611,21.4464830319454,
2026-10-01T14:32:54.445992+00:00,freq,0,0,2500.0,4250.0,2500.0,900.0,0,,,,
2026-10-01T14:32:54.445992+00:00,freq,1,0,600.0,600.0,1200.0,600.0,0,,,,
2026-10-01T14:32:54.445992+00:00,power,0,0,,,,,,2305646288624,856417006637,21.376382536299957,
2026-10-01T14:32:55.436425+00:00,freq,0,0,2500.0,4250.0,2500.0,900.0,0,,,,
2026-10-01T14:32:55.436425+00:00,freq,1,0,600.0,600.0,1200.0,600.0,0,,,,
2026-10-01T14:32:55.436425+00:00,power,0,0,,,,,,2305667393787,856417997094,21.308510111998803,
2026-10-01T14:32:56.442605+00:00,freq,0,0,2500.0,4250.0,2500.0,900.0,0,,,,
2026-10-01T14:32:56.442605+00:00,freq,1,0,600.0,600.0,1200.0,600.0,0,,,,
2026-10-01T14:32:56.442605+00:00,power,0,0,,,,,,2305688776111,856419003243,21.25164761879205,
2026-10-01T14:32:57.447668+00:00,freq,0,0,2500.0,4250.0,2500.0,900.0,0,,,,
2026-10-01T14:32:57.447668+00:00,freq,1,0,600.0,600.0,1200.0,600.0,0,,,,
2026-10-01T14:32:57.447668+00:00,power,0,0,,,,,,2305703585582,856420008343,14.73432593771764,
2026-10-01T14:32:58.435385+00:00,freq,0,0,2500.0,4250.0,2500.0,900.0,0,,,,
2026-10-01T14:32:58.435385+00:00,freq,1,0,600.0,600.0,1200.0,550.0,0,,,,
2026-10-01T14:32:58.435385+00:00,power,0,0,,,,,,2305703585582,856420996092,0.0,
2026-10-01T14:32:59.438653+00:00,freq,0,0,2500.0,4250.0,2500.0,900.0,0,,,,
2026-10-01T14:32:59.438653+00:00,freq,1,0,550.0,550.0,1200.0,600.0,0,,,,
2026-10-01T14:32:59.438653+00:00,power,0,0,,,,,,2305703585582,856421999289,0.0,
2026-10-01T14:33:00.442448+00:00,freq,0,0,2500.0,4250.0,2500.0,900.0,0,,,,
2026-10-01T14:33:00.442448+00:00,freq,1,0,600.0,600.0,1200.0,550.0,0,,,,
2026-10-01T14:33:00.442448+00:00,power,0,0,,,,,,2305703585582,856423003152,0.0,
2026-10-01T14:33:01.444546+00:00,freq,0,0,2500.0,4250.0,2500.0,900.0,0,,,,
2026-10-01T14:33:01.444546+00:00,freq,1,0,550.0,550.0,1200.0,550.0,0,,,,
2026-10-01T14:33:01.444546+00:00,power,0,0,,,,,,2305703585582,856424005238,0.0,
2026-10-01T14:33:02.434388+00:00,freq,0,0,2500.0,4250.0,2500.0,900.0,0,,,,
2026-10-01T14:33:02.434388+00:00,freq,1,0,550.0,550.0,1200.0,550.0,0,,,,
2026-10-01T14:33:02.434388+00:00,power,0,0,,,,,,2305703585582,856424994801,0.0,
2026-10-01T14:33:03.448976+00:00,freq,0,0,2500.0,4250.0,2500.0,1000.0,0,,,,
2026-10-01T14:33:03.448976+00:00,freq,1,0,550.0,550.0,1200.0,550.0,0,,,,
2026-10-01T14:33:03.448976+00:00,power,0,0,,,,,,2305703585582,856426009300,0.0,
2026-10-01T14:33:04.437480+00:00,freq,0,0,2500.0,4250.0,2500.0,1000.0,0,,,,
2026-10-01T14:33:04.437480+00:00,freq,1,0,550.0,550.0,1200.0,550.0,0,,,,
2026-10-01T14:33:04.437480+00:00,power,0,0,,,,,,2305703585582,856426997960,0.0,
2026-10-01T14:33:05.451760+00:00,freq,0,0,2500.0,4250.0,2500.0,900.0,0,,,,
2026-10-01T14:33:05.451760+00:00,freq,1,0,550.0,550.0,1200.0,550.0,0,,,,
2026-10-01T14:33:05.451760+00:00,power,0,0,,,,,,2305703585582,856428012306,0.0,
2026-10-01T14:33:06.440603+00:00,freq,0,0,2500.0,4250.0,2500.0,900.0,0,,,,
2026-10-01T14:33:06.440603+00:00,freq,1,0,550.0,550.0,1200.0,550.0,0,,,,
2026-10-01T14:33:06.440603+00:00,power,0,0,,,,,,2305703585582,856429001131,0.0,
2026-10-01T14:33:07.444572+00:00,freq,0,0,2500.0,4250.0,2500.0,900.0,0,,,,
2026-10-01T14:33:07.444572+00:00,freq,1,0,600.0,600.0,1200.0,550.0,0,,,,
2026-10-01T14:33:07.444572+00:00,power,0,0,,,,,,2305703585582,856430005075,0.0,
2026-10-01T14:33:08.450775+00:00,freq,0,0,2500.0,4250.0,2500.0,900.0,0,,,,
2026-10-01T14:33:08.450775+00:00,freq,1,0,550.0,550.0,1200.0,550.0,0,,,,
2026-10-01T14:33:08.450775+00:00,power,0,0,,,,,,2305703585582,856431011201,0.0,
2026-10-01T14:33:09.437898+00:00,freq,0,0,2500.0,4250.0,2500.0,900.0,0,,,,
2026-10-01T14:33:09.437898+00:00,freq,1,0,550.0,550.0,1200.0,550.0,0,,,,
2026-10-01T14:33:09.437898+00:00,power,0,0,,,,,,2305703585582,856431998361,0.0,
2026-10-01T14:33:10.440773+00:00,freq,0,0,2500.0,4250.0,2500.0,900.0,0,,,,
2026-10-01T14:33:10.440773+00:00,freq,1,0,550.0,550.0,1200.0,550.0,0,,,,
2026-10-01T14:33:10.440773+00:00,power,0,0,,,,,,2305703585582,856433001306,0.0,
2026-10-01T14:33:11.443389+00:00,freq,0,0,2500.0,4250.0,2500.0,900.0,0,,,,
2026-10-01T14:33:11.443389+00:00,freq,1,0,550.0,550.0,1200.0,550.0,0,,,,
2026-10-01T14:33:11.443389+00:00,power,0,0,,,,,,2305703585704,856434003808,0.0001216955178144283,
2026-10-01T14:33:12.446722+00:00,freq,0,0,2500.0,4250.0,2500.0,900.0,0,,,,
2026-10-01T14:33:12.446722+00:00,freq,1,0,550.0,550.0,1200.0,550.0,0,,,,
2026-10-01T14:33:12.446722+00:00,power,0,0,,,,,,2305703585704,856435007148,0.0,
2026-10-01T14:33:13.434931+00:00,freq,0,0,2500.0,4250.0,2500.0,900.0,0,,,,
2026-10-01T14:33:13.434931+00:00,freq,1,0,550.0,550.0,1200.0,550.0,0,,,,
2026-10-01T14:33:13.434931+00:00,power,0,0,,,,,,2305703585704,856435995234,0.0,
2026-10-01T14:33:14.440282+00:00,freq,0,0,2500.0,4250.0,2500.0,900.0,0,,,,
2026-10-01T14:33:14.440282+00:00,freq,1,0,550.0,550.0,1200.0,550.0,0,,,,
2026-10-01T14:33:14.440282+00:00,power,0,0,,,,,,2305703585704,856437000580,0.0,
2026-10-01T14:33:15.445564+00:00,freq,0,0,2500.0,4250.0,2500.0,900.0,0,,,,
2026-10-01T14:33:15.445564+00:00,freq,1,0,550.0,550.0,1200.0,550.0,0,,,,
2026-10-01T14:33:15.445564+00:00,power,0,0,,,,,,2305703585704,856438005934,0.0,
2026-10-01T14:33:16.435896+00:00,freq,0,0,2500.0,4250.0,2500.0,900.0,0,,,,
2026-10-01T14:33:16.435896+00:00,freq,1,0,550.0,550.0,1200.0,550.0,0,,,,
2026-10-01T14:33:16.435896+00:00,power,0,0,,,,,,2305703585704,856438996209,0.0,
2026-10-01T14:33:17.440512+00:00,freq,0,0,2500.0,4250.0,2500.0,900.0,0,,,,
2026-10-01T14:33:17.440512+00:00,freq,1,0,550.0,550.0,1200.0,550.0,0,,,,
2026-10-01T14:33:17.440512+00:00,power,0,0,,,,,,2305703585704,856440000798,0.0,
2026-10-01T14:33:18.443347+00:00,freq,0,0,2500.0,4250.0,2500.0,900.0,0,,,,
2026-10-01T14:33:18.443347+00:00,freq,1,0,550.0,550.0,1200.0,550.0,0,,,,
2026-10-01T14:33:18.443347+00:00,power,0,0,,,,,,2305703585704,856441003522,0.0,
2026-10-01T14:33:19.447312+00:00,freq,0,0,2450.0,4250.0,2450.0,900.0,2,,,,
2026-10-01T14:33:19.447312+00:00,freq,1,0,550.0,550.0,1200.0,550.0,0,,,,
2026-10-01T14:33:19.447312+00:00,power,0,0,,,,,,2305729473178,856442007163,25.793559649316837,
2026-10-01T14:33:20.436978+00:00,freq,0,0,2500.0,4250.0,2500.0,900.0,0,,,,
2026-10-01T14:33:20.436978+00:00,freq,1,0,550.0,550.0,1200.0,600.0,0,,,,
2026-10-01T14:33:20.436978+00:00,power,0,0,,,,,,2305763058199,856442997203,33.92289301442366,
2026-10-01T14:33:21.441960+00:00,freq,0,0,2500.0,4250.0,2500.0,900.0,0,,,,
2026-10-01T14:33:21.441960+00:00,freq,1,0,600.0,600.0,1200.0,600.0,0,,,,
2026-10-01T14:33:21.441960+00:00,power,0,0,,,,,,2305795358003,856444002021,32.14492972856776,
2026-10-01T14:33:22.448420+00:00,freq,0,0,2500.0,4250.0,2500.0,900.0,0,,,,
2026-10-01T14:33:22.448420+00:00,freq,1,0,600.0,600.0,1200.0,550.0,0,,,,
2026-10-01T14:33:22.448420+00:00,power,0,0,,,,,,2305826058343,856445008324,30.508047774874964,
2026-10-01T14:33:23.438701+00:00,freq,0,0,2400.0,4250.0,2400.0,900.0,2,,,,
2026-10-01T14:33:23.438701+00:00,freq,1,0,550.0,550.0,1200.0,600.0,0,,,,
2026-10-01T14:33:23.438701+00:00,power,0,0,,,,,,2305854613298,856445998649,28.833923207027997,
2026-10-01T14:33:24.443642+00:00,freq,0,0,2500.0,4250.0,2500.0,900.0,0,,,,
2026-10-01T14:33:24.443642+00:00,freq,1,0,600.0,600.0,1200.0,550.0,0,,,,
2026-10-01T14:33:24.443642+00:00,power,0,0,,,,,,2305882653177,856447003542,27.903347918634122,
2026-10-01T14:33:25.449041+00:00,freq,0,0,2500.0,4250.0,2500.0,900.0,0,,,,
2026-10-01T14:33:25.449041+00:00,freq,1,0,550.0,550.0,1200.0,600.0,0,,,,
2026-10-01T14:33:25.449041+00:00,power,0,0,,,,,,2305909974038,856448008765,27.178905576175634,
2026-10-01T14:33:26.439157+00:00,freq,0,0,2500.0,4250.0,2500.0,900.0,0,,,,
2026-10-01T14:33:26.439157+00:00,freq,1,0,600.0,600.0,1200.0,600.0,0,,,,
2026-10-01T14:33:26.439157+00:00,power,0,0,,,,,,2305936002442,856448999006,26.28491851983507,
2026-10-01T14:33:27.443357+00:00,freq,0,0,2500.0,4250.0,2500.0,900.0,0,,,,
2026-10-01T14:33:27.443357+00:00,freq,1,0,600.0,600.0,1200.0,600.0,0,,,,
2026-10-01T14:33:27.443357+00:00,power,0,0,,,,,,2305961059876,856450003346,24.949154668737677,
2026-10-01T14:33:28.451128+00:00,freq,0,0,2500.0,4250.0,2500.0,900.0,0,,,,
2026-10-01T14:33:28.451128+00:00,freq,1,0,600.0,600.0,1200.0,600.0,0,,,,
2026-10-01T14:33:28.451128+00:00,power,0,0,,,,,,2305982542504,856451010919,21.321162833859184,
2026-10-01T14:33:29.445795+00:00,freq,0,0,2500.0,4250.0,2500.0,900.0,0,,,,
2026-10-01T14:33:29.445795+00:00,freq,1,0,600.0,600.0,1200.0,600.0,0,,,,
2026-10-01T14:33:29.445795+00:00,power,0,0,,,,,,2306003775376,856452005597,21.34647795568013,
2026-10-01T14:33:30.436799+00:00,freq,0,0,2500.0,4250.0,2500.0,900.0,0,,,,
2026-10-01T14:33:30.436799+00:00,freq,1,0,600.0,600.0,1200.0,600.0,0,,,,
2026-10-01T14:33:30.436799+00:00,power,0,0,,,,,,2306025022141,856452996682,21.43788373348401,
2026-10-01T14:33:31.442739+00:00,freq,0,0,2500.0,4250.0,2500.0,900.0,0,,,,
2026-10-01T14:33:31.442739+00:00,freq,1,0,600.0,600.0,1200.0,600.0,0,,,,
2026-10-01T14:33:31.442739+00:00,power,0,0,,,,,,2306046552620,856454002481,21.406343613385975,
2026-10-01T14:33:32.450760+00:00,freq,0,0,2500.0,4250.0,2500.0,900.0,0,,,,
2026-10-01T14:33:32.450760+00:00,freq,1,0,600.0,600.0,1200.0,600.0,0,,,,
2026-10-01T14:33:32.450760+00:00,power,0,0,,,,,,2306068165558,856455010575,21.439407436211305,
2026-10-01T14:33:33.441382+00:00,freq,0,0,2500.0,4250.0,2500.0,900.0,0,,,,
2026-10-01T14:33:33.441382+00:00,freq,1,0,600.0,600.0,1200.0,600.0,0,,,,
2026-10-01T14:33:33.441382+00:00,power,0,0,,,,,,2306089352996,856456001184,21.388295482879723,
2026-10-01T14:33:34.446166+00:00,freq,0,0,2500.0,4250.0,2500.0,900.0,0,,,,
2026-10-01T14:33:34.446166+00:00,freq,1,0,600.0,600.0,1200.0,600.0,0,,,,
2026-10-01T14:33:34.446166+00:00,power,0,0,,,,,,2306107835868,856457006050,18.39336986225029,
2026-10-01T14:33:35.433602+00:00,freq,0,0,2500.0,4250.0,2500.0,900.0,0,,,,
2026-10-01T14:33:35.433602+00:00,freq,1,0,600.0,600.0,1200.0,600.0,0,,,,
2026-10-01T14:33:35.433602+00:00,power,0,0,,,,,,2306107835868,856457993535,0.0,
2026-10-01T14:33:36.438645+00:00,freq,0,0,2500.0,4250.0,2500.0,900.0,0,,,,
2026-10-01T14:33:36.438645+00:00,freq,1,0,600.0,600.0,1200.0,600.0,0,,,,
2026-10-01T14:33:36.438645+00:00,power,0,0,,,,,,2306107835868,856458998412,0.0,
2026-10-01T14:33:37.444111+00:00,freq,0,0,2500.0,4250.0,2500.0,900.0,0,,,,
2026-10-01T14:33:37.444111+00:00,freq,1,0,600.0,600.0,1200.0,550.0,0,,,,
2026-10-01T14:33:37.444111+00:00,power,0,0,,,,,,2306107835868,856460003838,0.0,
2026-10-01T14:33:38.449094+00:00,freq,0,0,2500.0,4250.0,2500.0,900.0,0,,,,
2026-10-01T14:33:38.449094+00:00,freq,1,0,550.0,550.0,1200.0,550.0,0,,,,
2026-10-01T14:33:38.449094+00:00,power,0,0,,,,,,2306107835868,856461008908,0.0,
2026-10-01T14:33:39.436437+00:00,freq,0,0,2500.0,4250.0,2500.0,900.0,0,,,,
2026-10-01T14:33:39.436437+00:00,freq,1,0,550.0,550.0,1200.0,550.0,0,,,,
2026-10-01T14:33:39.436437+00:00,power,0,0,,,,,,2306107835868,856461996168,0.0,
2026-10-01T14:33:40.444212+00:00,freq,0,0,2500.0,4250.0,2500.0,900.0,0,,,,
2026-10-01T14:33:40.444212+00:00,freq,1,0,550.0,550.0,1200.0,550.0,0,,,,
2026-10-01T14:33:40.444212+00:00,power,0,0,,,,,,2306107835868,856463003868,0.0,
2026-10-01T14:33:41.445339+00:00,freq,0,0,2500.0,4250.0,2500.0,900.0,0,,,,
2026-10-01T14:33:41.445339+00:00,freq,1,0,550.0,550.0,1200.0,550.0,0,,,,
2026-10-01T14:33:41.445339+00:00,power,0,0,,,,,,2306107835868,856464005090,0.0,
2026-10-01T14:33:42.433332+00:00,freq,0,0,2500.0,4250.0,2500.0,900.0,0,,,,
2026-10-01T14:33:42.433332+00:00,freq,1,0,550.0,550.0,1200.0,550.0,0,,,,
2026-10-01T14:33:42.433332+00:00,power,0,0,,,,,,2306107835868,856464992956,0.0,
2026-10-01T14:33:43.433913+00:00,freq,0,0,2500.0,4250.0,2500.0,900.0,0,,,,
2026-10-01T14:33:43.433913+00:00,freq,1,0,550.0,550.0,1200.0,550.0,0,,,,
2026-10-01T14:33:43.433913+00:00,power,0,0,,,,,,2306107837356,856465993667,0.001486942783680803,
2026-10-01T14:33:44.435778+00:00,freq,0,0,2500.0,4250.0,2500.0,900.0,0,,,,
2026-10-01T14:33:44.435778+00:00,freq,1,0,550.0,550.0,1200.0,550.0,0,,,,
2026-10-01T14:33:44.435778+00:00,power,0,0,,,,,,2306107837356,856466995452,0.0,
2026-10-01T14:33:45.452205+00:00,freq,0,0,2500.0,4250.0,2500.0,900.0,0,,,,
2026-10-01T14:33:45.452205+00:00,freq,1,0,550.0,550.0,1200.0,550.0,0,,,,
2026-10-01T14:33:45.452205+00:00,power,0,0,,,,,,2306107837356,856468011623,0.0,
2026-10-01T14:33:46.439270+00:00,freq,0,0,2500.0,4250.0,2500.0,900.0,0,,,,
2026-10-01T14:33:46.439270+00:00,freq,1,0,550.0,550.0,1200.0,550.0,0,,,,
2026-10-01T14:33:46.439270+00:00,power,0,0,,,,,,2306107837844,856468998740,0.0004943689552504921,
2026-10-01T14:33:47.443309+00:00,freq,0,0,2500.0,4250.0,2500.0,900.0,0,,,,
2026-10-01T14:33:47.443309+00:00,freq,1,0,550.0,550.0,1200.0,550.0,0,,,,
2026-10-01T14:33:47.443309+00:00,power,0,0,,,,,,2306107837844,856470002801,0.0,
2026-10-01T14:33:48.447024+00:00,freq,0,0,2500.0,4250.0,2500.0,900.0,0,,,,
2026-10-01T14:33:48.447024+00:00,freq,1,0,550.0,550.0,1200.0,550.0,0,,,,
2026-10-01T14:33:48.447024+00:00,power,0,0,,,,,,2306107837844,856471006503,0.0,
2026-10-01T14:33:49.443497+00:00,freq,0,0,2500.0,4250.0,2500.0,900.0,0,,,,
2026-10-01T14:33:49.443497+00:00,freq,1,0,550.0,550.0,1200.0,550.0,0,,,,
2026-10-01T14:33:49.443497+00:00,power,0,0,,,,,,2306107837844,856472002836,0.0,
2026-10-01T14:33:50.452182+00:00,freq,0,0,2500.0,4250.0,2500.0,900.0,0,,,,
2026-10-01T14:33:50.452182+00:00,freq,1,0,550.0,550.0,1200.0,550.0,0,,,,
2026-10-01T14:33:50.452182+00:00,power,0,0,,,,,,2306107837844,856473011558,0.0,
2026-10-01T14:33:51.451035+00:00,freq,0,0,2500.0,4250.0,2500.0,900.0,0,,,,
2026-10-01T14:33:51.451035+00:00,freq,1,0,550.0,550.0,1200.0,550.0,0,,,,
2026-10-01T14:33:51.451035+00:00,power,0,0,,,,,,2306107837844,856474010385,0.0,
2026-10-01T14:33:52.446769+00:00,freq,0,0,2500.0,4250.0,2500.0,900.0,0,,,,
2026-10-01T14:33:52.446769+00:00,freq,1,0,550.0,550.0,1200.0,550.0,0,,,,
2026-10-01T14:33:52.446769+00:00,power,0,0,,,,,,2306107837844,856475006052,0.0,
2026-10-01T14:33:53.440355+00:00,freq,0,0,2500.0,4250.0,2500.0,900.0,0,,,,
2026-10-01T14:33:53.440355+00:00,freq,1,0,550.0,550.0,1200.0,550.0,0,,,,
2026-10-01T14:33:53.440355+00:00,power,0,0,,,,,,2306107837844,856475999588,0.0,
2026-10-01T14:33:54.446693+00:00,freq,0,0,900.0,900.0,2500.0,900.0,0,,,,
2026-10-01T14:33:54.446693+00:00,freq,1,0,550.0,550.0,1200.0,550.0,0,,,,
2026-10-01T14:33:54.446693+00:00,power,0,0,,,,,,2306107837844,856477005969,0.0,
2026-10-01T14:33:55.442211+00:00,freq,0,0,900.0,900.0,2500.0,900.0,0,,,,
2026-10-01T14:33:55.442211+00:00,freq,1,0,550.0,550.0,1200.0,550.0,0,,,,
2026-10-01T14:33:55.442211+00:00,power,0,0,,,,,,2306107837844,856478001518,0.0,
2026-10-01T14:33:56.443029+00:00,freq,0,0,900.0,900.0,2500.0,900.0,0,,,,
2026-10-01T14:33:56.443029+00:00,freq,1,0,550.0,550.0,1200.0,550.0,0,,,,
2026-10-01T14:33:56.443029+00:00,power,0,0,,,,,,2306107837844,856479002304,0.0,
2026-10-01T14:33:57.457810+00:00,freq,0,0,900.0,900.0,2500.0,900.0,0,,,,
2026-10-01T14:33:57.457810+00:00,freq,1,0,550.0,550.0,1200.0,550.0,0,,,,
2026-10-01T14:33:57.457810+00:00,power,0,0,,,,,,2306107839576,856480017052,0.0017068277050065633,
2026-10-01T14:33:58.445383+00:00,freq,0,0,900.0,900.0,2500.0,900.0,0,,,,
2026-10-01T14:33:58.445383+00:00,freq,1,0,550.0,550.0,1200.0,550.0,0,,,,
2026-10-01T14:33:58.445383+00:00,power,0,0,,,,,,2306107839881,856481004670,0.0003088238569973411,
2026-10-01T14:33:59.460473+00:00,freq,0,0,900.0,900.0,2500.0,900.0,0,,,,
2026-10-01T14:33:59.460473+00:00,freq,1,0,550.0,550.0,1200.0,550.0,0,,,,
2026-10-01T14:33:59.460473+00:00,power,0,0,,,,,,2306107839881,856482019639,0.0,
2026-10-01T14:34:00.459367+00:00,freq,0,0,900.0,900.0,2500.0,900.0,0,,,,
2026-10-01T14:34:00.459367+00:00,freq,1,0,550.0,550.0,1200.0,550.0,0,,,,
2026-10-01T14:34:00.459367+00:00,power,0,0,,,,,,2306107839881,856483018529,0.0,
2026-10-01T14:34:01.445049+00:00,freq,0,0,900.0,900.0,2500.0,900.0,0,,,,
2026-10-01T14:34:01.445049+00:00,freq,1,0,550.0,550.0,1200.0,550.0,0,,,,
2026-10-01T14:34:01.445049+00:00,power,0,0,,,,,,2306107839881,856484004078,0.0,
2026-10-01T14:34:02.457557+00:00,freq,0,0,900.0,900.0,2500.0,900.0,0,,,,
2026-10-01T14:34:02.457557+00:00,freq,1,0,550.0,550.0,1200.0,550.0,0,,,,
2026-10-01T14:34:02.457557+00:00,power,0,0,,,,,,2306107839881,856485016562,0.0,
2026-10-01T14:34:03.456263+00:00,freq,0,0,900.0,900.0,2500.0,900.0,0,,,,
2026-10-01T14:34:03.456263+00:00,freq,1,0,550.0,550.0,1200.0,550.0,0,,,,
2026-10-01T14:34:03.456263+00:00,power,0,0,,,,,,2306107839881,856486015218,0.0,
2026-10-01T14:34:04.452598+00:00,freq,0,0,900.0,900.0,2500.0,900.0,0,,,,
2026-10-01T14:34:04.452598+00:00,freq,1,0,550.0,550.0,1200.0,550.0,0,,,,
2026-10-01T14:34:04.452598+00:00,power,0,0,,,,,,2306107839881,856487011545,0.0,
2026-10-01T14:34:05.452233+00:00,freq,0,0,2450.0,4250.0,2450.0,900.0,2,,,,
2026-10-01T14:34:05.452233+00:00,freq,1,0,550.0,550.0,1200.0,550.0,0,,,,
2026-10-01T14:34:05.452233+00:00,power,0,0,,,,,,2306115090331,856488011141,7.25338036566773,
2026-10-01T14:34:06.451855+00:00,freq,0,0,2500.0,4250.0,2500.0,900.0,0,,,,
2026-10-01T14:34:06.451855+00:00,freq,1,0,550.0,550.0,1200.0,550.0,0,,,,
2026-10-01T14:34:06.451855+00:00,power,0,0,,,,,,2306149879576,856489010709,34.804280449154035,
2026-10-01T14:34:07.451867+00:00,freq,0,0,2250.0,4250.0,2250.0,900.0,2,,,,
2026-10-01T14:34:07.451867+00:00,freq,1,0,550.0,550.0,1200.0,550.0,0,,,,
2026-10-01T14:34:07.451867+00:00,power,0,0,,,,,,2306182522238,856490010594,32.646416337878854,
2026-10-01T14:34:08.449705+00:00,freq,0,0,2500.0,4250.0,2500.0,900.0,0,,,,
2026-10-01T14:34:08.449705+00:00,freq,1,0,550.0,550.0,1200.0,550.0,0,,,,
2026-10-01T14:34:08.449705+00:00,power,0,0,,,,,,2306212753439,856491008497,30.294729046811163,
2026-10-01T14:34:09.448807+00:00,freq,0,0,2500.0,4250.0,2500.0,900.0,0,,,,
2026-10-01T14:34:09.448807+00:00,freq,1,0,550.0,550.0,1200.0,550.0,0,,,,
2026-10-01T14:34:09.448807+00:00,power,0,0,,,,,,2306242347921,856492007624,29.62034055730653,
2026-10-01T14:34:10.433284+00:00,freq,0,0,2500.0,4250.0,2500.0,900.0,0,,,,
2026-10-01T14:34:10.433284+00:00,freq,1,0,550.0,550.0,1200.0,600.0,0,,,,
2026-10-01T14:34:10.433284+00:00,power,0,0,,,,,,2306270561567,856492992168,28.65656181948191,
2026-10-01T14:34:11.450033+00:00,freq,0,0,2500.0,4250.0,2500.0,900.0,0,,,,
2026-10-01T14:34:11.450033+00:00,freq,1,0,600.0,600.0,1200.0,600.0,0,,,,
2026-10-01T14:34:11.450033+00:00,power,0,0,,,,,,2306298047430,856494008782,27.03667567041178,
2026-10-01T14:34:12.434839+00:00,freq,0,0,2500.0,4250.0,2500.0,900.0,0,,,,
2026-10-01T14:34:12.434839+00:00,freq,1,0,600.0,600.0,1200.0,600.0,0,,,,
2026-10-01T14:34:12.434839+00:00,power,0,0,,,,,,2306324221685,856494993589,26.578055395625743,
2026-10-01T14:34:13.450475+00:00,freq,0,0,2500.0,4250.0,2500.0,900.0,0,,,,
2026-10-01T14:34:13.450475+00:00,freq,1,0,600.0,600.0,1200.0,600.0,0,,,,
2026-10-01T14:34:13.450475+00:00,power,0,0,,,,,,2306350071378,856496009085,25.455238622308705,
