ts_iso_utc,kind,domain,rc,actual_mhz,request_mhz,tdp_mhz,efficient_mhz,throttle_reasons,energy_uj,timestamp_us,power_w,temp_c
2026-10-01T19:53:07.240394+00:00,freq,0,0,900.0,900.0,2500.0,900.0,0,,,,
2026-10-01T19:53:07.240394+00:00,freq,1,0,550.0,550.0,1200.0,500.0,0,,,,
2026-10-01T19:53:07.240394+00:00,power,0,0,,,,,,2344807111252,875629384119,,
2026-10-01T19:53:08.252610+00:00,freq,0,0,900.0,900.0,2500.0,900.0,0,,,,
2026-10-01T19:53:08.252610+00:00,freq,1,0,500.0,500.0,1200.0,500.0,0,,,,
2026-10-01T19:53:08.252610+00:00,power,0,0,,,,,,2344807111252,875630395531,0.0,
2026-10-01T19:53:09.263400+00:00,freq,0,0,900.0,900.0,2500.0,900.0,0,,,,
2026-10-01T19:53:09.263400+00:00,freq,1,0,500.0,500.0,1200.0,500.0,0,,,,
2026-10-01T19:53:09.263400+00:00,power,0,0,,,,,,2344807111252,875631406088,0.0,
2026-10-01T19:53:10.250199+00:00,freq,0,0,900.0,900.0,2500.0,900.0,0,,,,
2026-10-01T19:53:10.250199+00:00,freq,1,0,500.0,500.0,1200.0,500.0,0,,,,
2026-10-01T19:53:10.250199+00:00,power,0,0,,,,,,2344807111252,875632392922,0.0,
2026-10-01T19:53:11.254813+00:00,freq,0,0,900.0,900.0,2500.0,900.0,0,,,,
2026-10-01T19:53:11.254813+00:00,freq,1,0,500.0,500.0,1200.0,500.0,0,,,,
2026-10-01T19:53:11.254813+00:00,power,0,0,,,,,,2344807111252,875633397442,0.0,
2026-10-01T19:53:12.244046+00:00,freq,0,0,900.0,900.0,2500.0,900.0,0,,,,
2026-10-01T19:53:12.244046+00:00,freq,1,0,500.0,500.0,1200.0,500.0,0,,,,
2026-10-01T19:53:12.244046+00:00,power,0,0,,,,,,2344807111252,875634386711,0.0,
2026-10-01T19:53:13.256731+00:00,freq,0,0,900.0,900.0,2500.0,900.0,0,,,,
2026-10-01T19:53:13.256731+00:00,freq,1,0,500.0,500.0,1200.0,500.0,0,,,,
2026-10-01T19:53:13.256731+00:00,power,0,0,,,,,,2344807111252,875635399372,0.0,
2026-10-01T19:53:14.244394+00:00,freq,0,0,900.0,900.0,2500.0,900.0,0,,,,
2026-10-01T19:53:14.244394+00:00,freq,1,0,500.0,500.0,1200.0,500.0,0,,,,
2026-10-01T19:53:14.244394+00:00,power,0,0,,,,,,2344807111252,875636387015,0.0,
2026-10-01T19:53:15.252222+00:00,freq,0,0,900.0,900.0,2500.0,900.0,0,,,,
2026-10-01T19:53:15.252222+00:00,freq,1,0,500.0,500.0,1200.0,500.0,0,,,,
2026-10-01T19:53:15.252222+00:00,power,0,0,,,,,,2344807111252,875637394745,0.0,
2026-10-01T19:53:16.258378+00:00,freq,0,0,900.0,900.0,2500.0,900.0,0,,,,
2026-10-01T19:53:16.258378+00:00,freq,1,0,500.0,500.0,1200.0,500.0,0,,,,
2026-10-01T19:53:16.258378+00:00,power,0,0,,,,,,2344807111252,875638400931,0.0,
2026-10-01T19:53:17.248983+00:00,freq,0,0,900.0,900.0,2500.0,900.0,0,,,,
2026-10-01T19:53:17.248983+00:00,freq,1,0,500.0,500.0,1200.0,500.0,0,,,,
2026-10-01T19:53:17.248983+00:00,power,0,0,,,,,,2344807111252,875639391631,0.0,
2026-10-01T19:53:18.251607+00:00,freq,0,0,900.0,900.0,2500.0,900.0,0,,,,
2026-10-01T19:53:18.251607+00:00,freq,1,0,500.0,500.0,1200.0,500.0,0,,,,
2026-10-01T19:53:18.251607+00:00,power,0,0,,,,,,2344807111252,875640394141,0.0,
2026-10-01T19:53:19.264221+00:00,freq,0,0,900.0,900.0,2500.0,900.0,0,,,,
2026-10-01T19:53:19.264221+00:00,freq,1,0,500.0,500.0,1200.0,500.0,0,,,,
2026-10-01T19:53:19.264221+00:00,power,0,0,,,,,,2344807111252,875641406703,0.0,
2026-10-01T19:53:20.263684+00:00,freq,0,0,900.0,900.0,2500.0,900.0,0,,,,
2026-10-01T19:53:20.263684+00:00,freq,1,0,500.0,500.0,1200.0,500.0,0,,,,
2026-10-01T19:53:20.263684+00:00,power,0,0,,,,,,2344807111252,875642406109,0.0,
2026-10-01T19:53:21.253977+00:00,freq,0,0,900.0,900.0,2500.0,900.0,0,,,,
2026-10-01T19:53:21.253977+00:00,freq,1,0,500.0,500.0,1200.0,500.0,0,,,,
2026-10-01T19:53:21.253977+00:00,power,0,0,,,,,,2344807111252,875643396394,0.0,
2026-10-01T19:53:22.254214+00:00,freq,0,0,900.0,900.0,2500.0,900.0,0,,,,
2026-10-01T19:53:22.254214+00:00,freq,1,0,500.0,500.0,1200.0,500.0,0,,,,
2026-10-01T19:53:22.254214+00:00,power,0,0,,,,,,2344807111252,875644396815,0.0,
2026-10-01T19:53:23.253659+00:00,freq,0,0,900.0,900.0,2500.0,900.0,0,,,,
2026-10-01T19:53:23.253659+00:00,freq,1,0,500.0,500.0,1200.0,500.0,0,,,,
2026-10-01T19:53:23.253659+00:00,power,0,0,,,,,,2344807111252,875645396163,0.0,
2026-10-01T19:53:24.254443+00:00,freq,0,0,900.0,900.0,2500.0,900.0,0,,,,
2026-10-01T19:53:24.254443+00:00,freq,1,0,500.0,500.0,1200.0,500.0,0,,,,
2026-10-01T19:53:24.254443+00:00,power,0,0,,,,,,2344807111252,875646396836,0.0,
2026-10-01T19:53:25.247988+00:00,freq,0,0,900.0,900.0,2500.0,900.0,0,,,,
2026-10-01T19:53:25.247988+00:00,freq,1,0,500.0,500.0,1200.0,500.0,0,,,,
2026-10-01T19:53:25.247988+00:00,power,0,0,,,,,,2344807111252,875647390458,0.0,
2026-10-01T19:53:26.252975+00:00,freq,0,0,900.0,900.0,2500.0,900.0,0,,,,
2026-10-01T19:53:26.252975+00:00,freq,1,0,500.0,500.0,1200.0,500.0,0,,,,
2026-10-01T19:53:26.252975+00:00,power,0,0,,,,,,2344807111252,875648395433,0.0,
2026-10-01T19:53:27.245183+00:00,freq,0,0,900.0,900.0,2500.0,900.0,0,,,,
2026-10-01T19:53:27.245183+00:00,freq,1,0,500.0,500.0,1200.0,500.0,0,,,,
2026-10-01T19:53:27.245183+00:00,power,0,0,,,,,,2344807111252,875649387689,0.0,
2026-10-01T19:53:28.247983+00:00,freq,0,0,900.0,900.0,2500.0,900.0,0,,,,
2026-10-01T19:53:28.247983+00:00,freq,1,0,500.0,500.0,1200.0,500.0,0,,,,
2026-10-01T19:53:28.247983+00:00,power,0,0,,,,,,2344807111374,875650390347,0.00012167658364068307,
2026-10-01T19:53:29.255881+00:00,freq,0,0,900.0,900.0,2500.0,900.0,0,,,,
2026-10-01T19:53:29.255881+00:00,freq,1,0,500.0,500.0,1200.0,500.0,0,,,,
2026-10-01T19:53:29.255881+00:00,power,0,0,,,,,,2344807111374,875651398201,0.0,
2026-10-01T19:53:30.241590+00:00,freq,0,0,900.0,900.0,2500.0,900.0,0,,,,
2026-10-01T19:53:30.241590+00:00,freq,1,0,500.0,500.0,1200.0,500.0,0,,,,
2026-10-01T19:53:30.241590+00:00,power,0,0,,,,,,2344807111374,875652383922,0.0,
2026-10-01T19:53:31.245860+00:00,freq,0,0,900.0,900.0,2500.0,900.0,0,,,,
2026-10-01T19:53:31.245860+00:00,freq,1,0,500.0,500.0,1200.0,500.0,0,,,,
2026-10-01T19:53:31.245860+00:00,power,0,0,,,,,,2344807111374,875653388262,0.0,
2026-10-01T19:53:32.251775+00:00,freq,0,0,900.0,900.0,2500.0,900.0,0,,,,
2026-10-01T19:53:32.251775+00:00,freq,1,0,500.0,500.0,1200.0,500.0,0,,,,
2026-10-01T19:53:32.251775+00:00,power,0,0,,,,,,2344807111374,875654393947,0.0,
2026-10-01T19:53:33.260763+00:00,freq,0,0,900.0,900.0,2500.0,900.0,0,,,,
2026-10-01T19:53:33.260763+00:00,freq,1,0,500.0,500.0,1200.0,500.0,0,,,,
2026-10-01T19:53:33.260763+00:00,power,0,0,,,,,,2344807111374,875655403110,0.0,
2026-10-01T19:53:34.259793+00:00,freq,0,0,2500.0,4250.0,2500.0,900.0,0,,,,
2026-10-01T19:53:34.259793+00:00,freq,1,0,500.0,500.0,1200.0,500.0,0,,,,
2026-10-01T19:53:34.259793+00:00,power,0,0,,,,,,2344807122200,875656402161,0.010836283633167876,
2026-10-01T19:53:35.260844+00:00,freq,0,0,2500.0,4250.0,2500.0,900.0,0,,,,
2026-10-01T19:53:35.260844+00:00,freq,1,0,500.0,500.0,1200.0,500.0,0,,,,
2026-10-01T19:53:35.260844+00:00,power,0,0,,,,,,2344810371101,875657403092,3.245879086570403,
2026-10-01T19:53:36.261177+00:00,freq,0,0,2500.0,4250.0,2500.0,1000.0,0,,,,
2026-10-01T19:53:36.261177+00:00,freq,1,0,500.0,500.0,1200.0,500.0,0,,,,
2026-10-01T19:53:36.261177+00:00,power,0,0,,,,,,2344810397613,875658403472,0.026501929266878586,
2026-10-01T19:53:37.257827+00:00,freq,0,0,2500.0,4250.0,2500.0,900.0,0,,,,
2026-10-01T19:53:37.257827+00:00,freq,1,0,500.0,500.0,1200.0,500.0,0,,,,
2026-10-01T19:53:37.257827+00:00,power,0,0,,,,,,2344810397613,875659400098,0.0,
2026-10-01T19:53:38.249284+00:00,freq,0,0,2500.0,4250.0,2500.0,900.0,0,,,,
2026-10-01T19:53:38.249284+00:00,freq,1,0,500.0,500.0,1200.0,500.0,0,,,,
2026-10-01T19:53:38.249284+00:00,power,0,0,,,,,,2344810397613,875660391554,0.0,
2026-10-01T19:53:39.260890+00:00,freq,0,0,2500.0,4250.0,2500.0,900.0,0,,,,
2026-10-01T19:53:39.260890+00:00,freq,1,0,500.0,500.0,1200.0,500.0,0,,,,
2026-10-01T19:53:39.260890+00:00,power,0,0,,,,,,2344810397613,875661403140,0.0,
2026-10-01T19:53:40.253917+00:00,freq,0,0,2500.0,4250.0,2500.0,900.0,0,,,,
2026-10-01T19:53:40.253917+00:00,freq,1,0,500.0,500.0,1200.0,500.0,0,,,,
2026-10-01T19:53:40.253917+00:00,power,0,0,,,,,,2344811401298,875662396108,1.0107928956421557,
2026-10-01T19:53:41.249446+00:00,freq,0,0,2500.0,4250.0,2500.0,900.0,0,,,,
2026-10-01T19:53:41.249446+00:00,freq,1,0,500.0,500.0,1200.0,500.0,0,,,,
2026-10-01T19:53:41.249446+00:00,power,0,0,,,,,,2344812721732,875663391630,1.3263735005353976,
2026-10-01T19:53:42.250540+00:00,freq,0,0,2500.0,4250.0,2500.0,900.0,0,,,,
2026-10-01T19:53:42.250540+00:00,freq,1,0,500.0,500.0,1200.0,500.0,0,,,,
2026-10-01T19:53:42.250540+00:00,power,0,0,,,,,,2344812723135,875664392747,0.0014014345975545317,
2026-10-01T19:53:43.256299+00:00,freq,0,0,2500.0,4250.0,2500.0,900.0,0,,,,
2026-10-01T19:53:43.256299+00:00,freq,1,0,500.0,500.0,1200.0,500.0,0,,,,
2026-10-01T19:53:43.256299+00:00,power,0,0,,,,,,2344812723135,875665398602,0.0,
2026-10-01T19:53:44.257385+00:00,freq,0,0,2500.0,4250.0,2500.0,900.0,0,,,,
2026-10-01T19:53:44.257385+00:00,freq,1,0,500.0,500.0,1200.0,500.0,0,,,,
2026-10-01T19:53:44.257385+00:00,power,0,0,,,,,,2344812723135,875666399485,0.0,
2026-10-01T19:53:45.248173+00:00,freq,0,0,2500.0,4250.0,2500.0,900.0,0,,,,
2026-10-01T19:53:45.248173+00:00,freq,1,0,500.0,500.0,1200.0,500.0,0,,,,
2026-10-01T19:53:45.248173+00:00,power,0,0,,,,,,2344812723135,875667390392,0.0,
2026-10-01T19:53:46.252776+00:00,freq,0,0,1600.0,1600.0,2500.0,900.0,0,,,,
2026-10-01T19:53:46.252776+00:00,freq,1,0,500.0,500.0,1200.0,500.0,0,,,,
2026-10-01T19:53:46.252776+00:00,power,0,0,,,,,,2344812725843,875668394954,0.002695702206533793,
2026-10-01T19:53:47.255954+00:00,freq,0,0,1600.0,1600.0,2500.0,900.0,0,,,,
2026-10-01T19:53:47.255954+00:00,freq,1,0,500.0,500.0,1200.0,500.0,0,,,,
2026-10-01T19:53:47.255954+00:00,power,0,0,,,,,,2344812725843,875669398167,0.0,
2026-10-01T19:53:48.243309+00:00,freq,0,0,1600.0,1600.0,2500.0,900.0,0,,,,
2026-10-01T19:53:48.243309+00:00,freq,1,0,500.0,500.0,1200.0,500.0,0,,,,
2026-10-01T19:53:48.243309+00:00,power,0,0,,,,,,2344812725843,875670385203,0.0,
2026-10-01T19:53:49.256121+00:00,freq,0,0,1600.0,1600.0,2500.0,900.0,0,,,,
2026-10-01T19:53:49.256121+00:00,freq,1,0,500.0,500.0,1200.0,500.0,0,,,,
2026-10-01T19:53:49.256121+00:00,power,0,0,,,,,,2344812725843,875671398114,0.0,
2026-10-01T19:53:50.244168+00:00,freq,0,0,1600.0,1600.0,2500.0,900.0,0,,,,
2026-10-01T19:53:50.244168+00:00,freq,1,0,500.0,500.0,1200.0,500.0,0,,,,
2026-10-01T19:53:50.244168+00:00,power,0,0,,,,,,2344812725843,875672386009,0.0,
2026-10-01T19:53:51.250157+00:00,freq,0,0,1600.0,1600.0,2500.0,900.0,0,,,,
2026-10-01T19:53:51.250157+00:00,freq,1,0,500.0,500.0,1200.0,500.0,0,,,,
2026-10-01T19:53:51.250157+00:00,power,0,0,,,,,,2344812725843,875673392164,0.0,
2026-10-01T19:53:52.255138+00:00,freq,0,0,1600.0,1600.0,2500.0,900.0,0,,,,
2026-10-01T19:53:52.255138+00:00,freq,1,0,500.0,500.0,1200.0,500.0,0,,,,
2026-10-01T19:53:52.255138+00:00,power,0,0,,,,,,2344812725843,875674397100,0.0,
2026-10-01T19:53:53.243867+00:00,freq,0,0,1600.0,1600.0,2500.0,900.0,0,,,,
2026-10-01T19:53:53.243867+00:00,freq,1,0,500.0,500.0,1200.0,500.0,0,,,,
2026-10-01T19:53:53.243867+00:00,power,0,0,,,,,,2344812725843,875675385922,0.0,
2026-10-01T19:53:54.247413+00:00,freq,0,0,1600.0,1600.0,2500.0,900.0,0,,,,
2026-10-01T19:53:54.247413+00:00,freq,1,0,500.0,500.0,1200.0,500.0,0,,,,
2026-10-01T19:53:54.247413+00:00,power,0,0,,,,,,2344812725843,875676389453,0.0,
2026-10-01T19:53:55.261449+00:00,freq,0,0,1600.0,1600.0,2500.0,900.0,0,,,,
2026-10-01T19:53:55.261449+00:00,freq,1,0,500.0,500.0,1200.0,500.0,0,,,,
2026-10-01T19:53:55.261449+00:00,power,0,0,,,,,,2344812725843,875677403327,0.0,
2026-10-01T19:53:56.249488+00:00,freq,0,0,1600.0,1600.0,2500.0,900.0,0,,,,
2026-10-01T19:53:56.249488+00:00,freq,1,0,500.0,500.0,1200.0,500.0,0,,,,
2026-10-01T19:53:56.249488+00:00,power,0,0,,,,,,2344812727636,875678391313,0.0018148030437678266,
2026-10-01T19:53:57.253014+00:00,freq,0,0,1600.0,1600.0,2500.0,900.0,0,,,,
2026-10-01T19:53:57.253014+00:00,freq,1,0,500.0,500.0,1200.0,500.0,0,,,,
2026-10-01T19:53:57.253014+00:00,power,0,0,,,,,,2344812727636,875679394939,0.0,
2026-10-01T19:53:58.258529+00:00,freq,0,0,1600.0,1600.0,2500.0,900.0,0,,,,
2026-10-01T19:53:58.258529+00:00,freq,1,0,500.0,500.0,1200.0,500.0,0,,,,
2026-10-01T19:53:58.258529+00:00,power,0,0,,,,,,2344812727758,875680400429,0.00012133387701518663,
2026-10-01T19:53:59.259260+00:00,freq,0,0,1600.0,1600.0,2500.0,900.0,0,,,,
2026-10-01T19:53:59.259260+00:00,freq,1,0,500.0,500.0,1200.0,500.0,0,,,,
2026-10-01T19:53:59.259260+00:00,power,0,0,,,,,,2344812727758,875681401031,0.0,
2026-10-01T19:54:00.249216+00:00,freq,0,0,1600.0,1600.0,2500.0,900.0,0,,,,
2026-10-01T19:54:00.249216+00:00,freq,1,0,500.0,500.0,1200.0,500.0,0,,,,
2026-10-01T19:54:00.249216+00:00,power,0,0,,,,,,2344812727758,875682390993,0.0,
2026-10-01T19:54:01.249685+00:00,freq,0,0,1600.0,1600.0,2500.0,900.0,0,,,,
2026-10-01T19:54:01.249685+00:00,freq,1,0,500.0,500.0,1200.0,500.0,0,,,,
2026-10-01T19:54:01.249685+00:00,power,0,0,,,,,,2344812727758,875683391651,0.0,
2026-10-01T19:54:02.252148+00:00,freq,0,0,1600.0,1600.0,2500.0,900.0,0,,,,
2026-10-01T19:54:02.252148+00:00,freq,1,0,500.0,500.0,1200.0,500.0,0,,,,
2026-10-01T19:54:02.252148+00:00,power,0,0,,,,,,2344812727758,875684393799,0.0,
2026-10-01T19:54:03.257792+00:00,freq,0,0,1600.0,1600.0,2500.0,900.0,0,,,,
2026-10-01T19:54:03.257792+00:00,freq,1,0,500.0,500.0,1200.0,500.0,0,,,,
2026-10-01T19:54:03.257792+00:00,power,0,0,,,,,,2344812728002,875685399462,0.000242626008911534,
2026-10-01T19:54:04.245292+00:00,freq,0,0,1600.0,1600.0,2500.0,900.0,0,,,,
2026-10-01T19:54:04.245292+00:00,freq,1,0,500.0,500.0,1200.0,500.0,0,,,,
2026-10-01T19:54:04.245292+00:00,power,0,0,,,,,,2344812728002,875686387025,0.0,
2026-10-01T19:54:05.252294+00:00,freq,0,0,1600.0,1600.0,2500.0,900.0,0,,,,
2026-10-01T19:54:05.252294+00:00,freq,1,0,500.0,500.0,1200.0,500.0,0,,,,
2026-10-01T19:54:05.252294+00:00,power,0,0,,,,,,2344812728002,875687393804,0.0,
2026-10-01T19:54:06.267797+00:00,freq,0,0,2400.0,4250.0,2400.0,900.0,2,,,,
2026-10-01T19:54:06.267797+00:00,freq,1,0,500.0,500.0,1200.0,500.0,0,,,,
2026-10-01T19:54:06.267797+00:00,power,0,0,,,,,,2344813769895,875688409244,1.0260507760182778,
2026-10-01T19:54:07.253346+00:00,freq,0,0,2500.0,4250.0,2500.0,900.0,0,,,,
2026-10-01T19:54:07.253346+00:00,freq,1,0,500.0,500.0,1200.0,500.0,0,,,,
2026-10-01T19:54:07.253346+00:00,power,0,0,,,,,,2344836785604,875689395116,23.345534714445687,
2026-10-01T19:54:08.260839+00:00,freq,0,0,2500.0,4250.0,2500.0,900.0,0,,,,
2026-10-01T19:54:08.260839+00:00,freq,1,0,500.0,500.0,1200.0,550.0,0,,,,
2026-10-01T19:54:08.260839+00:00,power,0,0,,,,,,2344859969624,875690402320,23.01819690946422,
2026-10-01T19:54:09.258243+00:00,freq,0,0,2500.0,4250.0,2500.0,900.0,0,,,,
2026-10-01T19:54:09.258243+00:00,freq,1,0,550.0,550.0,1200.0,550.0,0,,,,
2026-10-01T19:54:09.258243+00:00,power,0,0,,,,,,2344883013691,875691399661,23.10550453656272,
2026-10-01T19:54:10.247731+00:00,freq,0,0,2500.0,4250.0,2500.0,900.0,0,,,,
2026-10-01T19:54:10.247731+00:00,freq,1,0,550.0,550.0,1200.0,550.0,0,,,,
2026-10-01T19:54:10.247731+00:00,power,0,0,,,,,,2344906154926,875692389119,23.387789072401254,
2026-10-01T19:54:11.254367+00:00,freq,0,0,2500.0,4250.0,2500.0,900.0,0,,,,
2026-10-01T19:54:11.254367+00:00,freq,1,0,550.0,550.0,1200.0,550.0,0,,,,
2026-10-01T19:54:11.254367+00:00,power,0,0,,,,,,2344929734844,875693395947,23.420006197682227,
2026-10-01T19:54:12.245557+00:00,freq,0,0,2500.0,4250.0,2500.0,900.0,0,,,,
2026-10-01T19:54:12.245557+00:00,freq,1,0,550.0,550.0,1200.0,550.0,0,,,,
2026-10-01T19:54:12.245557+00:00,power,0,0,,,,,,2344953017521,875694387020,23.49239359764619,
2026-10-01T19:54:13.250763+00:00,freq,0,0,2500.0,4250.0,2500.0,900.0,0,,,,
2026-10-01T19:54:13.250763+00:00,freq,1,0,550.0,550.0,1200.0,550.0,0,,,,
2026-10-01T19:54:13.250763+00:00,power,0,0,,,,,,2344966189358,875695392394,13.101429915633386,
2026-10-01T19:54:14.255697+00:00,freq,0,0,2500.0,4250.0,2500.0,900.0,0,,,,
2026-10-01T19:54:14.255697+00:00,freq,1,0,550.0,550.0,1200.0,550.0,0,,,,
2026-10-01T19:54:14.255697+00:00,power,0,0,,,,,,2344966189358,875696397265,0.0,
2026-10-01T19:54:15.254926+00:00,freq,0,0,2500.0,4250.0,2500.0,900.0,0,,,,
2026-10-01T19:54:15.254926+00:00,freq,1,0,550.0,550.0,1200.0,550.0,0,,,,
2026-10-01T19:54:15.254926+00:00,power,0,0,,,,,,2344966189358,875697396369,0.0,
2026-10-01T19:54:16.240913+00:00,freq,0,0,1200.0,1200.0,2500.0,900.0,0,,,,
2026-10-01T19:54:16.240913+00:00,freq,1,0,550.0,550.0,1200.0,550.0,0,,,,
2026-10-01T19:54:16.240913+00:00,power,0,0,,,,,,2344966189480,875698382398,0.00012372861244446158,
2026-10-01T19:54:17.246982+00:00,freq,0,0,1200.0,1200.0,2500.0,900.0,0,,,,
2026-10-01T19:54:17.246982+00:00,freq,1,0,550.0,550.0,1200.0,550.0,0,,,,
2026-10-01T19:54:17.246982+00:00,power,0,0,,,,,,2344966189480,875699388532,0.0,
2026-10-01T19:54:18.250641+00:00,freq,0,0,1200.0,1200.0,2500.0,900.0,0,,,,
2026-10-01T19:54:18.250641+00:00,freq,1,0,550.0,550.0,1200.0,500.0,0,,,,
2026-10-01T19:54:18.250641+00:00,power,0,0,,,,,,2344966189480,875700392032,0.0,
2026-10-01T19:54:19.254651+00:00,freq,0,0,1200.0,1200.0,2500.0,900.0,0,,,,
2026-10-01T19:54:19.254651+00:00,freq,1,0,500.0,500.0,1200.0,550.0,0,,,,
2026-10-01T19:54:19.254651+00:00,power,0,0,,,,,,2344966189480,875701396088,0.0,
2026-10-01T19:54:20.244093+00:00,freq,0,0,1200.0,1200.0,2500.0,900.0,0,,,,
2026-10-01T19:54:20.244093+00:00,freq,1,0,550.0,550.0,1200.0,550.0,0,,,,
2026-10-01T19:54:20.244093+00:00,power,0,0,,,,,,2344966189480,875702385494,0.0,
2026-10-01T19:54:21.247220+00:00,freq,0,0,1200.0,1200.0,2500.0,900.0,0,,,,
2026-10-01T19:54:21.247220+00:00,freq,1,0,550.0,550.0,1200.0,550.0,0,,,,
2026-10-01T19:54:21.247220+00:00,power,0,0,,,,,,2344966189480,875703388602,0.0,
2026-10-01T19:54:22.248128+00:00,freq,0,0,1200.0,1200.0,2500.0,900.0,0,,,,
2026-10-01T19:54:22.248128+00:00,freq,1,0,550.0,550.0,1200.0,550.0,0,,,,
2026-10-01T19:54:22.248128+00:00,power,0,0,,,,,,2344966189846,875704389488,0.000365676011054206,
2026-10-01T19:54:23.252113+00:00,freq,0,0,1200.0,1200.0,2500.0,900.0,0,,,,
2026-10-01T19:54:23.252113+00:00,freq,1,0,550.0,550.0,1200.0,500.0,0,,,,
2026-10-01T19:54:23.252113+00:00,power,0,0,,,,,,2344966189968,875705393534,0.0001215083771062282,
2026-10-01T19:54:24.257428+00:00,freq,0,0,1200.0,1200.0,2500.0,900.0,0,,,,
2026-10-01T19:54:24.257428+00:00,freq,1,0,500.0,500.0,1200.0,550.0,0,,,,
2026-10-01T19:54:24.257428+00:00,power,0,0,,,,,,2344966189968,875706398903,0.0,
2026-10-01T19:54:25.246656+00:00,freq,0,0,1200.0,1200.0,2500.0,900.0,0,,,,
2026-10-01T19:54:25.246656+00:00,freq,1,0,550.0,550.0,1200.0,550.0,0,,,,
2026-10-01T19:54:25.246656+00:00,power,0,0,,,,,,2344966189968,875707387954,0.0,
2026-10-01T19:54:26.252421+00:00,freq,0,0,1200.0,1200.0,2500.0,900.0,0,,,,
2026-10-01T19:54:26.252421+00:00,freq,1,0,550.0,550.0,1200.0,500.0,0,,,,
2026-10-01T19:54:26.252421+00:00,power,0,0,,,,,,2344966189968,875708393728,0.0,
2026-10-01T19:54:27.256845+00:00,freq,0,0,1200.0,1200.0,2500.0,900.0,0,,,,
2026-10-01T19:54:27.256845+00:00,freq,1,0,500.0,500.0,1200.0,550.0,0,,,,
2026-10-01T19:54:27.256845+00:00,power,0,0,,,,,,2344966189968,875709398146,0.0,
2026-10-01T19:54:28.256665+00:00,freq,0,0,1200.0,1200.0,2500.0,900.0,0,,,,
2026-10-01T19:54:28.256665+00:00,freq,1,0,550.0,550.0,1200.0,500.0,0,,,,
2026-10-01T19:54:28.256665+00:00,power,0,0,,,,,,2344966189968,875710397918,0.0,
2026-10-01T19:54:29.257448+00:00,freq,0,0,1200.0,1200.0,2500.0,900.0,0,,,,
2026-10-01T19:54:29.257448+00:00,freq,1,0,500.0,500.0,1200.0,500.0,0,,,,
2026-10-01T19:54:29.257448+00:00,power,0,0,,,,,,2344966189968,875711398676,0.0,
2026-10-01T19:54:30.247198+00:00,freq,0,0,1200.0,1200.0,2500.0,900.0,0,,,,
2026-10-01T19:54:30.247198+00:00,freq,1,0,500.0,500.0,1200.0,500.0,0,,,,
2026-10-01T19:54:30.247198+00:00,power,0,0,,,,,,2344966189968,875712388388,0.0,
2026-10-01T19:54:31.253443+00:00,freq,0,0,1200.0,1200.0,2500.0,900.0,0,,,,
2026-10-01T19:54:31.253443+00:00,freq,1,0,500.0,500.0,1200.0,500.0,0,,,,
2026-10-01T19:54:31.253443+00:00,power,0,0,,,,,,2344966189968,875713394660,0.0,
2026-10-01T19:54:32.258133+00:00,freq,0,0,1200.0,1200.0,2500.0,900.0,0,,,,
2026-10-01T19:54:32.258133+00:00,freq,1,0,500.0,500.0,1200.0,500.0,0,,,,
2026-10-01T19:54:32.258133+00:00,power,0,0,,,,,,2344966192249,875714399370,0.0022703068547142956,
2026-10-01T19:54:33.246840+00:00,freq,0,0,1200.0,1200.0,2500.0,900.0,0,,,,
2026-10-01T19:54:33.246840+00:00,freq,1,0,500.0,500.0,1200.0,500.0,0,,,,
2026-10-01T19:54:33.246840+00:00,power,0,0,,,,,,2344966192249,875715387991,0.0,
2026-10-01T19:54:34.250641+00:00,freq,0,0,1200.0,1200.0,2500.0,900.0,0,,,,
2026-10-01T19:54:34.250641+00:00,freq,1,0,500.0,500.0,1200.0,500.0,0,,,,
2026-10-01T19:54:34.250641+00:00,power,0,0,,,,,,2344966192249,875716391786,0.0,
2026-10-01T19:54:35.265730+00:00,freq,0,0,2500.0,4250.0,2500.0,900.0,0,,,,
2026-10-01T19:54:35.265730+00:00,freq,1,0,500.0,500.0,1200.0,550.0,0,,,,
2026-10-01T19:54:35.265730+00:00,power,0,0,,,,,,2344991935046,875717406724,25.363910898990873,
2026-10-01T19:54:36.254583+00:00,freq,0,0,2500.0,4250.0,2500.0,900.0,0,,,,
2026-10-01T19:54:36.254583+00:00,freq,1,0,550.0,550.0,1200.0,550.0,0,,,,
2026-10-01T19:54:36.254583+00:00,power,0,0,,,,,,2345014831248,875718395495,23.156223230657048,
2026-10-01T19:54:37.269482+00:00,freq,0,0,2500.0,4250.0,2500.0,900.0,0,,,,
2026-10-01T19:54:37.269482+00:00,freq,1,0,550.0,550.0,1200.0,550.0,0,,,,
2026-10-01T19:54:37.269482+00:00,power,0,0,,,,,,2345038581125,875719410414,23.40076104595539,
2026-10-01T19:54:38.269324+00:00,freq,0,0,2500.0,4250.0,2500.0,900.0,0,,,,
2026-10-01T19:54:38.269324+00:00,freq,1,0,550.0,550.0,1200.0,550.0,0,,,,
2026-10-01T19:54:38.269324+00:00,power,0,0,,,,,,2345061998384,875720410227,23.42163884646429,
2026-10-01T19:54:39.260595+00:00,freq,0,0,2500.0,4250.0,2500.0,900.0,0,,,,
2026-10-01T19:54:39.260595+00:00,freq,1,0,550.0,550.0,1200.0,550.0,0,,,,
2026-10-01T19:54:39.260595+00:00,power,0,0,,,,,,2345085320893,875721401414,23.529877813167445,
2026-10-01T19:54:40.252404+00:00,freq,0,0,2500.0,4250.0,2500.0,900.0,0,,,,
2026-10-01T19:54:40.252404+00:00,freq,1,0,550.0,550.0,1200.0,550.0,0,,,,
2026-10-01T19:54:40.252404+00:00,power,0,0,,,,,,2345108627899,875722393161,23.500959418077393,
2026-10-01T19:54:41.258168+00:00,freq,0,0,2500.0,4250.0,2500.0,900.0,0,,,,
2026-10-01T19:54:41.258168+00:00,freq,1,0,550.0,550.0,1200.0,550.0,0,,,,
2026-10-01T19:54:41.258168+00:00,power,0,0,,,,,,2345119729607,875723399194,11.03513304235547,
2026-10-01T19:54:42.258757+00:00,freq,0,0,2500.0,4250.0,2500.0,900.0,0,,,,
2026-10-01T19:54:42.258757+00:00,freq,1,0,550.0,550.0,1200.0,550.0,0,,,,
2026-10-01T19:54:42.258757+00:00,power,0,0,,,,,,2345119731278,875724399625,0.0016702801092729033,
2026-10-01T19:54:43.254174+00:00,freq,0,0,2500.0,4250.0,2500.0,900.0,0,,,,
2026-10-01T19:54:43.254174+00:00,freq,1,0,550.0,550.0,1200.0,550.0,0,,,,
2026-10-01T19:54:43.254174+00:00,power,0,0,,,,,,2345119736282,875725395038,0.005027059120184286,
2026-10-01T19:54:44.265083+00:00,freq,0,0,2500.0,4250.0,2500.0,900.0,0,,,,
2026-10-01T19:54:44.265083+00:00,freq,1,0,550.0,550.0,1200.0,550.0,0,,,,
2026-10-01T19:54:44.265083+00:00,power,0,0,,,,,,2345119736282,875726405798,0.0,
2026-10-01T19:54:45.254118+00:00,freq,0,0,2500.0,4250.0,2500.0,1000.0,0,,,,
2026-10-01T19:54:45.254118+00:00,freq,1,0,550.0,550.0,1200.0,550.0,0,,,,
2026-10-01T19:54:45.254118+00:00,power,0,0,,,,,,2345119742812,875727394861,0.006602208352754072,
2026-10-01T19:54:46.255012+00:00,freq,0,0,1800.0,1800.0,2500.0,1000.0,0,,,,
2026-10-01T19:54:46.255012+00:00,freq,1,0,550.0,550.0,1200.0,550.0,0,,,,
2026-10-01T19:54:46.255012+00:00,power,0,0,,,,,,2345122926039,875728395699,3.180561689304363,
2026-10-01T19:54:47.251883+00:00,freq,0,0,2500.0,4250.0,2500.0,900.0,0,,,,
2026-10-01T19:54:47.251883+00:00,freq,1,0,550.0,550.0,1200.0,550.0,0,,,,
2026-10-01T19:54:47.251883+00:00,power,0,0,,,,,,2345122942419,875729392597,0.016430968865420535,
2026-10-01T19:54:48.265401+00:00,freq,0,0,2500.0,4250.0,2500.0,900.0,0,,,,
2026-10-01T19:54:48.265401+00:00,freq,1,0,550.0,550.0,1200.0,550.0,0,,,,
2026-10-01T19:54:48.265401+00:00,power,0,0,,,,,,2345122942419,875730406274,0.0,
2026-10-01T19:54:49.265233+00:00,freq,0,0,2500.0,4250.0,2500.0,900.0,0,,,,
2026-10-01T19:54:49.265233+00:00,freq,1,0,550.0,550.0,1200.0,550.0,0,,,,
2026-10-01T19:54:49.265233+00:00,power,0,0,,,,,,2345122942419,875731406056,0.0,
2026-10-01T19:54:50.253057+00:00,freq,0,0,2500.0,4250.0,2500.0,900.0,0,,,,
2026-10-01T19:54:50.253057+00:00,freq,1,0,550.0,550.0,1200.0,550.0,0,,,,
2026-10-01T19:54:50.253057+00:00,power,0,0,,,,,,2345122942419,875732393803,0.0,
2026-10-01T19:54:51.254255+00:00,freq,0,0,2500.0,4250.0,2500.0,900.0,0,,,,
2026-10-01T19:54:51.254255+00:00,freq,1,0,550.0,550.0,1200.0,550.0,0,,,,
2026-10-01T19:54:51.254255+00:00,power,0,0,,,,,,2345123938451,875733394914,0.9949266365068409,
2026-10-01T19:54:52.258024+00:00,freq,0,0,2500.0,4250.0,2500.0,900.0,0,,,,
2026-10-01T19:54:52.258024+00:00,freq,1,0,550.0,550.0,1200.0,550.0,0,,,,
2026-10-01T19:54:52.258024+00:00,power,0,0,,,,,,2345125242039,875734398848,1.2984797805433426,
2026-10-01T19:54:53.245020+00:00,freq,0,0,2500.0,4250.0,2500.0,900.0,0,,,,
2026-10-01T19:54:53.245020+00:00,freq,1,0,550.0,550.0,1200.0,550.0,0,,,,
2026-10-01T19:54:53.245020+00:00,power,0,0,,,,,,2345125243893,875735385576,0.0018789372552517006,
2026-10-01T19:54:54.250587+00:00,freq,0,0,2500.0,4250.0,2500.0,900.0,0,,,,
2026-10-01T19:54:54.250587+00:00,freq,1,0,550.0,550.0,1200.0,550.0,0,,,,
2026-10-01T19:54:54.250587+00:00,power,0,0,,,,,,2345125243893,875736391350,0.0,
2026-10-01T19:54:55.253035+00:00,freq,0,0,2500.0,4250.0,2500.0,900.0,0,,,,
2026-10-01T19:54:55.253035+00:00,freq,1,0,550.0,550.0,1200.0,550.0,0,,,,
2026-10-01T19:54:55.253035+00:00,power,0,0,,,,,,2345125243893,875737393710,0.0,
2026-10-01T19:54:56.254199+00:00,freq,0,0,2500.0,4250.0,2500.0,900.0,0,,,,
2026-10-01T19:54:56.254199+00:00,freq,1,0,550.0,550.0,1200.0,550.0,0,,,,
2026-10-01T19:54:56.254199+00:00,power,0,0,,,,,,2345125243893,875738394882,0.0,
2026-10-01T19:54:57.255312+00:00,freq,0,0,2500.0,4250.0,2500.0,900.0,0,,,,
2026-10-01T19:54:57.255312+00:00,freq,1,0,550.0,550.0,1200.0,550.0,0,,,,
2026-10-01T19:54:57.255312+00:00,power,0,0,,,,,,2345125243893,875739395969,0.0,
2026-10-01T19:54:58.240961+00:00,freq,0,0,2500.0,4250.0,2500.0,900.0,0,,,,
2026-10-01T19:54:58.240961+00:00,freq,1,0,550.0,550.0,1200.0,550.0,0,,,,
2026-10-01T19:54:58.240961+00:00,power,0,0,,,,,,2345125243893,875740381699,0.0,
2026-10-01T19:54:59.245251+00:00,freq,0,0,2500.0,4250.0,2500.0,900.0,0,,,,
2026-10-01T19:54:59.245251+00:00,freq,1,0,550.0,550.0,1200.0,550.0,0,,,,
2026-10-01T19:54:59.245251+00:00,power,0,0,,,,,,2345125243893,875741385856,0.0,
2026-10-01T19:55:00.250318+00:00,freq,0,0,2500.0,4250.0,2500.0,900.0,0,,,,
2026-10-01T19:55:00.250318+00:00,freq,1,0,550.0,550.0,1200.0,550.0,0,,,,
2026-10-01T19:55:00.250318+00:00,power,0,0,,,,,,2345125243893,875742390951,0.0,
2026-10-01T19:55:01.254948+00:00,freq,0,0,2500.0,4250.0,2500.0,900.0,0,,,,
2026-10-01T19:55:01.254948+00:00,freq,1,0,550.0,550.0,1200.0,550.0,0,,,,
2026-10-01T19:55:01.254948+00:00,power,0,0,,,,,,2345125243893,875743395516,0.0,
2026-10-01T19:55:02.255889+00:00,freq,0,0,2500.0,4250.0,2500.0,900.0,0,,,,
2026-10-01T19:55:02.255889+00:00,freq,1,0,550.0,550.0,1200.0,550.0,0,,,,
2026-10-01T19:55:02.255889+00:00,power,0,0,,,,,,2345125243954,875744396525,6.09385130403423e-05,
2026-10-01T19:55:03.255691+00:00,freq,0,0,2500.0,4250.0,2500.0,900.0,0,,,,
2026-10-01T19:55:03.255691+00:00,freq,1,0,550.0,550.0,1200.0,550.0,0,,,,
2026-10-01T19:55:03.255691+00:00,power,0,0,,,,,,2345125243954,875745396187,0.0,
2026-10-01T19:55:04.243838+00:00,freq,0,0,2500.0,4250.0,2500.0,900.0,0,,,,
2026-10-01T19:55:04.243838+00:00,freq,1,0,550.0,550.0,1200.0,550.0,0,,,,
2026-10-01T19:55:04.243838+00:00,power,0,0,,,,,,2345125243954,875746384566,0.0,
2026-10-01T19:55:05.246115+00:00,freq,0,0,2500.0,4250.0,2500.0,900.0,0,,,,
2026-10-01T19:55:05.246115+00:00,freq,1,0,550.0,550.0,1200.0,550.0,0,,,,
2026-10-01T19:55:05.246115+00:00,power,0,0,,,,,,2345125243954,875747386683,0.0,
2026-10-01T19:55:06.248700+00:00,freq,0,0,2500.0,4250.0,2500.0,900.0,0,,,,
2026-10-01T19:55:06.248700+00:00,freq,1,0,550.0,550.0,1200.0,550.0,0,,,,
2026-10-01T19:55:06.248700+00:00,power,0,0,,,,,,2345125243954,875748389056,0.0,
2026-10-01T19:55:07.254859+00:00,freq,0,0,2500.0,4250.0,2500.0,900.0,0,,,,
2026-10-01T19:55:07.254859+00:00,freq,1,0,550.0,550.0,1200.0,550.0,0,,,,
2026-10-01T19:55:07.254859+00:00,power,0,0,,,,,,2345125243954,875749395210,0.0,
2026-10-01T19:55:08.253246+00:00,freq,0,0,2500.0,4250.0,2500.0,900.0,0,,,,
2026-10-01T19:55:08.253246+00:00,freq,1,0,550.0,550.0,1200.0,550.0,0,,,,
2026-10-01T19:55:08.253246+00:00,power,0,0,,,,,,2345125243954,875750393654,0.0,
2026-10-01T19:55:09.262499+00:00,freq,0,0,2500.0,4250.0,2500.0,900.0,0,,,,
2026-10-01T19:55:09.262499+00:00,freq,1,0,550.0,550.0,1200.0,550.0,0,,,,
2026-10-01T19:55:09.262499+00:00,power,0,0,,,,,,2345125243954,875751402845,0.0,
2026-10-01T19:55:10.259032+00:00,freq,0,0,2500.0,4250.0,2500.0,900.0,0,,,,
2026-10-01T19:55:10.259032+00:00,freq,1,0,500.0,500.0,1200.0,550.0,0,,,,
2026-10-01T19:55:10.259032+00:00,power,0,0,,,,,,2345125243954,875752399479,0.0,
2026-10-01T19:55:11.257268+00:00,freq,0,0,2500.0,4250.0,2500.0,900.0,0,,,,
2026-10-01T19:55:11.257268+00:00,freq,1,0,550.0,550.0,1200.0,550.0,0,,,,
2026-10-01T19:55:11.257268+00:00,power,0,0,,,,,,2345125245564,875753397637,0.0016129710927528507,
2026-10-01T19:55:12.257887+00:00,freq,0,0,2500.0,4250.0,2500.0,900.0,0,,,,
2026-10-01T19:55:12.257887+00:00,freq,1,0,550.0,550.0,1200.0,500.0,0,,,,
2026-10-01T19:55:12.257887+00:00,power,0,0,,,,,,2345125245564,875754398252,0.0,
2026-10-01T19:55:13.255362+00:00,freq,0,0,2500.0,4250.0,2500.0,900.0,0,,,,
2026-10-01T19:55:13.255362+00:00,freq,1,0,500.0,500.0,1200.0,550.0,0,,,,
2026-10-01T19:55:13.255362+00:00,power,0,0,,,,,,2345125245564,875755395836,0.0,
2026-10-01T19:55:14.254879+00:00,freq,0,0,2500.0,4250.0,2500.0,900.0,0,,,,
2026-10-01T19:55:14.254879+00:00,freq,1,0,550.0,550.0,1200.0,550.0,0,,,,
2026-10-01T19:55:14.254879+00:00,power,0,0,,,,,,2345125245564,875756395195,0.0,
2026-10-01T19:55:15.259170+00:00,freq,0,0,2500.0,4250.0,2500.0,900.0,0,,,,
2026-10-01T19:55:15.259170+00:00,freq,1,0,550.0,550.0,1200.0,550.0,0,,,,
2026-10-01T19:55:15.259170+00:00,power,0,0,,,,,,2345125245564,875757399451,0.0,
2026-10-01T19:55:16.255571+00:00,freq,0,0,900.0,900.0,2500.0,900.0,0,,,,
2026-10-01T19:55:16.255571+00:00,freq,1,0,550.0,550.0,1200.0,500.0,0,,,,
2026-10-01T19:55:16.255571+00:00,power,0,0,,,,,,2345125246052,875758395780,0.0004897980486365447,
2026-10-01T19:55:17.240666+00:00,freq,0,0,900.0,900.0,2500.0,900.0,0,,,,
2026-10-01T19:55:17.240666+00:00,freq,1,0,500.0,500.0,1200.0,550.0,0,,,,
2026-10-01T19:55:17.240666+00:00,power,0,0,,,,,,2345125246052,875759381401,0.0,
2026-10-01T19:55:18.244968+00:00,freq,0,0,900.0,900.0,2500.0,900.0,0,,,,
2026-10-01T19:55:18.244968+00:00,freq,1,0,550.0,550.0,1200.0,550.0,0,,,,
2026-10-01T19:55:18.244968+00:00,power,0,0,,,,,,2345125246052,875760385194,0.0,
2026-10-01T19:55:19.250273+00:00,freq,0,0,900.0,900.0,2500.0,900.0,0,,,,
2026-10-01T19:55:19.250273+00:00,freq,1,0,550.0,550.0,1200.0,500.0,0,,,,
2026-10-01T19:55:19.250273+00:00,power,0,0,,,,,,2345125246052,875761390478,0.0,
2026-10-01T19:55:20.252919+00:00,freq,0,0,900.0,900.0,2500.0,900.0,0,,,,
2026-10-01T19:55:20.252919+00:00,freq,1,0,500.0,500.0,1200.0,500.0,0,,,,
2026-10-01T19:55:20.252919+00:00,power,0,0,,,,,,2345125246052,875762393126,0.0,
2026-10-01T19:55:21.258861+00:00,freq,0,0,900.0,900.0,2500.0,900.0,0,,,,
2026-10-01T19:55:21.258861+00:00,freq,1,0,500.0,500.0,1200.0,500.0,0,,,,
2026-10-01T19:55:21.258861+00:00,power,0,0,,,,,,2345125246052,875763399099,0.0,
2026-10-01T19:55:22.258728+00:00,freq,0,0,2500.0,4250.0,2500.0,900.0,0,,,,
2026-10-01T19:55:22.258728+00:00,freq,1,0,550.0,550.0,1200.0,500.0,0,,,,
2026-10-01T19:55:22.258728+00:00,power,0,0,,,,,,2345125310650,875764398734,0.06462158687921091,
2026-10-01T19:55:23.256543+00:00,freq,0,0,2500.0,4250.0,2500.0,900.0,0,,,,
2026-10-01T19:55:23.256543+00:00,freq,1,0,500.0,500.0,1200.0,550.0,0,,,,
2026-10-01T19:55:23.256543+00:00,power,0,0,,,,,,2345150395916,875765396521,25.14090281793609,
2026-10-01T19:55:24.255977+00:00,freq,0,0,2500.0,4250.0,2500.0,900.0,0,,,,
2026-10-01T19:55:24.255977+00:00,freq,1,0,550.0,550.0,1200.0,550.0,0,,,,
2026-10-01T19:55:24.255977+00:00,power,0,0,,,,,,2345157273197,875766395937,6.881299679012543,
2026-10-01T19:55:25.243964+00:00,freq,0,0,2500.0,4250.0,2500.0,900.0,0,,,,
2026-10-01T19:55:25.243964+00:00,freq,1,0,550.0,550.0,1200.0,550.0,0,,,,
2026-10-01T19:55:25.243964+00:00,power,0,0,,,,,,2345173825321,875767383828,16.755010421190192,
2026-10-01T19:55:26.247817+00:00,freq,0,0,2500.0,4250.0,2500.0,900.0,0,,,,
2026-10-01T19:55:26.247817+00:00,freq,1,0,550.0,550.0,1200.0,550.0,0,,,,
2026-10-01T19:55:26.247817+00:00,power,0,0,,,,,,2345196176029,875768387727,22.263901049806805,
2026-10-01T19:55:27.248007+00:00,freq,0,0,2500.0,4250.0,2500.0,900.0,0,,,,
2026-10-01T19:55:27.248007+00:00,freq,1,0,550.0,550.0,1200.0,550.0,0,,,,
2026-10-01T19:55:27.248007+00:00,power,0,0,,,,,,2345218461124,875769388338,22.271487121368843,
2026-10-01T19:55:28.253729+00:00,freq,0,0,2500.0,4250.0,2500.0,900.0,0,,,,
2026-10-01T19:55:28.253729+00:00,freq,1,0,550.0,550.0,1200.0,550.0,0,,,,
2026-10-01T19:55:28.253729+00:00,power,0,0,,,,,,2345240878994,875770393491,22.302942935055658,
2026-10-01T19:55:29.256809+00:00,freq,0,0,2500.0,4250.0,2500.0,900.0,0,,,,
2026-10-01T19:55:29.256809+00:00,freq,1,0,550.0,550.0,1200.0,550.0,0,,,,
2026-10-01T19:55:29.256809+00:00,power,0,0,,,,,,2345263254383,875771396820,22.301148476720996,
2026-10-01T19:55:30.257236+00:00,freq,0,0,2500.0,4250.0,2500.0,900.0,0,,,,
2026-10-01T19:55:30.257236+00:00,freq,1,0,550.0,550.0,1200.0,550.0,0,,,,
2026-10-01T19:55:30.257236+00:00,power,0,0,,,,,,2345285566296,875772396982,22.308299055553,
2026-10-01T19:55:31.247664+00:00,freq,0,0,2500.0,4250.0,2500.0,900.0,0,,,,
2026-10-01T19:55:31.247664+00:00,freq,1,0,550.0,550.0,1200.0,550.0,0,,,,
2026-10-01T19:55:31.247664+00:00,power,0,0,,,,,,2345304985851,875773388756,19.580625223085097,
2026-10-01T19:55:32.250762+00:00,freq,0,0,2500.0,4250.0,2500.0,900.0,0,,,,
2026-10-01T19:55:32.250762+00:00,freq,1,0,550.0,550.0,1200.0,550.0,0,,,,
2026-10-01T19:55:32.250762+00:00,power,0,0,,,,,,2345304985851,875774390570,0.0,
2026-10-01T19:55:33.255781+00:00,freq,0,0,2500.0,4250.0,2500.0,900.0,0,,,,
2026-10-01T19:55:33.255781+00:00,freq,1,0,550.0,550.0,1200.0,550.0,0,,,,
2026-10-01T19:55:33.255781+00:00,power,0,0,,,,,,2345304985851,875775395725,0.0,
2026-10-01T19:55:34.258854+00:00,freq,0,0,2500.0,4250.0,2500.0,900.0,0,,,,
2026-10-01T19:55:34.258854+00:00,freq,1,0,550.0,550.0,1200.0,550.0,0,,,,
2026-10-01T19:55:34.258854+00:00,power,0,0,,,,,,2345304985851,875776398769,0.0,
2026-10-01T19:55:35.247954+00:00,freq,0,0,2500.0,4250.0,2500.0,900.0,0,,,,
2026-10-01T19:55:35.247954+00:00,freq,1,0,550.0,550.0,1200.0,550.0,0,,,,
2026-10-01T19:55:35.247954+00:00,power,0,0,,,,,,2345304985851,875777387812,0.0,
2026-10-01T19:55:36.248298+00:00,freq,0,0,2500.0,4250.0,2500.0,900.0,0,,,,
2026-10-01T19:55:36.248298+00:00,freq,1,0,550.0,550.0,1200.0,550.0,0,,,,
2026-10-01T19:55:36.248298+00:00,power,0,0,,,,,,2345304985851,875778388505,0.0,
2026-10-01T19:55:37.259850+00:00,freq,0,0,2500.0,4250.0,2500.0,900.0,0,,,,
2026-10-01T19:55:37.259850+00:00,freq,1,0,550.0,550.0,1200.0,550.0,0,,,,
2026-10-01T19:55:37.259850+00:00,power,0,0,,,,,,2345304985851,875779399663,0.0,
2026-10-01T19:55:38.249969+00:00,freq,0,0,2500.0,4250.0,2500.0,900.0,0,,,,
2026-10-01T19:55:38.249969+00:00,freq,1,0,550.0,550.0,1200.0,550.0,0,,,,
2026-10-01T19:55:38.249969+00:00,power,0,0,,,,,,2345304985851,875780389742,0.0,
2026-10-01T19:55:39.255856+00:00,freq,0,0,2500.0,4250.0,2500.0,900.0,0,,,,
2026-10-01T19:55:39.255856+00:00,freq,1,0,550.0,550.0,1200.0,550.0,0,,,,
2026-10-01T19:55:39.255856+00:00,power,0,0,,,,,,2345304985851,875781395637,0.0,
2026-10-01T19:55:40.260292+00:00,freq,0,0,2500.0,4250.0,2500.0,900.0,0,,,,
2026-10-01T19:55:40.260292+00:00,freq,1,0,550.0,550.0,1200.0,550.0,0,,,,
2026-10-01T19:55:40.260292+00:00,power,0,0,,,,,,2345304985851,875782400071,0.0,
2026-10-01T19:55:41.251032+00:00,freq,0,0,2500.0,4250.0,2500.0,900.0,0,,,,
2026-10-01T19:55:41.251032+00:00,freq,1,0,550.0,550.0,1200.0,550.0,0,,,,
2026-10-01T19:55:41.251032+00:00,power,0,0,,,,,,2345304985851,875783390828,0.0,
2026-10-01T19:55:42.257551+00:00,freq,0,0,2500.0,4250.0,2500.0,900.0,0,,,,
2026-10-01T19:55:42.257551+00:00,freq,1,0,550.0,550.0,1200.0,550.0,0,,,,
2026-10-01T19:55:42.257551+00:00,power,0,0,,,,,,2345304985851,875784397344,0.0,
2026-10-01T19:55:43.245043+00:00,freq,0,0,2500.0,4250.0,2500.0,900.0,0,,,,
2026-10-01T19:55:43.245043+00:00,freq,1,0,550.0,550.0,1200.0,550.0,0,,,,
2026-10-01T19:55:43.245043+00:00,power,0,0,,,,,,2345304986095,875785384833,0.0002470913600050228,
2026-10-01T19:55:44.257345+00:00,freq,0,0,2500.0,4250.0,2500.0,900.0,0,,,,
2026-10-01T19:55:44.257345+00:00,freq,1,0,550.0,550.0,1200.0,550.0,0,,,,
2026-10-01T19:55:44.257345+00:00,power,0,0,,,,,,2345304986095,875786397075,0.0,
2026-10-01T19:55:45.246481+00:00,freq,0,0,2500.0,4250.0,2500.0,900.0,0,,,,
2026-10-01T19:55:45.246481+00:00,freq,1,0,550.0,550.0,1200.0,550.0,0,,,,
2026-10-01T19:55:45.246481+00:00,power,0,0,,,,,,2345304986095,875787386261,0.0,
2026-10-01T19:55:46.249091+00:00,freq,0,0,2500.0,4250.0,2500.0,900.0,0,,,,
2026-10-01T19:55:46.249091+00:00,freq,1,0,550.0,550.0,1200.0,550.0,0,,,,
2026-10-01T19:55:46.249091+00:00,power,0,0,,,,,,2345304986095,875788388793,0.0,
2026-10-01T19:55:47.263097+00:00,freq,0,0,1700.0,1700.0,2500.0,900.0,0,,,,
2026-10-01T19:55:47.263097+00:00,freq,1,0,550.0,550.0,1200.0,550.0,0,,,,
2026-10-01T19:55:47.263097+00:00,power,0,0,,,,,,2345304986156,875789402720,6.016212212516286e-05,
2026-10-01T19:55:48.251954+00:00,freq,0,0,1700.0,1700.0,2500.0,900.0,0,,,,
2026-10-01T19:55:48.251954+00:00,freq,1,0,550.0,550.0,1200.0,550.0,0,,,,
2026-10-01T19:55:48.251954+00:00,power,0,0,,,,,,2345304987217,875790391556,0.0010729787345929963,
2026-10-01T19:55:49.254313+00:00,freq,0,0,1700.0,1700.0,2500.0,900.0,0,,,,
2026-10-01T19:55:49.254313+00:00,freq,1,0,550.0,550.0,1200.0,550.0,0,,,,
2026-10-01T19:55:49.254313+00:00,power,0,0,,,,,,2345304987217,875791394003,0.0,
2026-10-01T19:55:50.257461+00:00,freq,0,0,1700.0,1700.0,2500.0,900.0,0,,,,
2026-10-01T19:55:50.257461+00:00,freq,1,0,550.0,550.0,1200.0,550.0,0,,,,
2026-10-01T19:55:50.257461+00:00,power,0,0,,,,,,2345304987217,875792397028,0.0,
2026-10-01T19:55:51.258204+00:00,freq,0,0,1700.0,1700.0,2500.0,900.0,0,,,,
2026-10-01T19:55:51.258204+00:00,freq,1,0,550.0,550.0,1200.0,550.0,0,,,,
2026-10-01T19:55:51.258204+00:00,power,0,0,,,,,,2345304987217,875793397729,0.0,
2026-10-01T19:55:52.247081+00:00,freq,0,0,1700.0,1700.0,2500.0,900.0,0,,,,
2026-10-01T19:55:52.247081+00:00,freq,1,0,550.0,550.0,1200.0,550.0,0,,,,
2026-10-01T19:55:52.247081+00:00,power,0,0,,,,,,2345304987217,875794386628,0.0,
2026-10-01T19:55:53.250089+00:00,freq,0,0,2450.0,4250.0,2450.0,900.0,2,,,,
2026-10-01T19:55:53.250089+00:00,freq,1,0,550.0,550.0,1200.0,550.0,0,,,,
2026-10-01T19:55:53.250089+00:00,power,0,0,,,,,,2345323967502,875795389470,18.926495898656018,
2026-10-01T19:55:54.253463+00:00,freq,0,0,2500.0,4250.0,2500.0,900.0,0,,,,
2026-10-01T19:55:54.253463+00:00,freq,1,0,550.0,550.0,1200.0,550.0,0,,,,
2026-10-01T19:55:54.253463+00:00,power,0,0,,,,,,2345350257968,875796392918,26.200127958798063,
2026-10-01T19:55:55.259337+00:00,freq,0,0,2500.0,4250.0,2500.0,900.0,0,,,,
2026-10-01T19:55:55.259337+00:00,freq,1,0,550.0,550.0,1200.0,550.0,0,,,,
2026-10-01T19:55:55.259337+00:00,power,0,0,,,,,,2345372696468,875797398686,22.309816975684253,
2026-10-01T19:55:56.245872+00:00,freq,0,0,2500.0,4250.0,2500.0,900.0,0,,,,
2026-10-01T19:55:56.245872+00:00,freq,1,0,550.0,550.0,1200.0,550.0,0,,,,
2026-10-01T19:55:56.245872+00:00,power,0,0,,,,,,2345394696773,875798385196,22.301147479498432,
2026-10-01T19:55:57.256618+00:00,freq,0,0,2500.0,4250.0,2500.0,900.0,0,,,,
2026-10-01T19:55:57.256618+00:00,freq,1,0,550.0,550.0,1200.0,550.0,0,,,,
2026-10-01T19:55:57.256618+00:00,power,0,0,,,,,,2345417211261,875799396004,22.273753274608037,
2026-10-01T19:55:58.255115+00:00,freq,0,0,2500.0,4250.0,2500.0,900.0,0,,,,
2026-10-01T19:55:58.255115+00:00,freq,1,0,550.0,550.0,1200.0,550.0,0,,,,
2026-10-01T19:55:58.255115+00:00,power,0,0,,,,,,2345439487445,875800394291,22.314408581900796,
2026-10-01T19:55:59.255809+00:00,freq,0,0,2500.0,4250.0,2500.0,900.0,0,,,,
2026-10-01T19:55:59.255809+00:00,freq,1,0,550.0,550.0,1200.0,550.0,0,,,,
2026-10-01T19:55:59.255809+00:00,power,0,0,,,,,,2345461890704,875801395476,22.376742560066322,
2026-10-01T19:56:00.262485+00:00,freq,0,0,2500.0,4250.0,2500.0,900.0,0,,,,
2026-10-01T19:56:00.262485+00:00,freq,1,0,550.0,550.0,1200.0,550.0,0,,,,
2026-10-01T19:56:00.262485+00:00,power,0,0,,,,,,2345484171367,875802401731,22.142163765645886,
2026-10-01T19:56:01.251044+00:00,freq,0,0,2500.0,4250.0,2500.0,900.0,0,,,,
2026-10-01T19:56:01.251044+00:00,freq,1,0,550.0,550.0,1200.0,550.0,0,,,,
2026-10-01T19:56:01.251044+00:00,power,0,0,,,,,,2345485147281,875803390396,0.9871028103553782,
2026-10-01T19:56:02.257516+00:00,freq,0,0,2500.0,4250.0,2500.0,900.0,0,,,,
2026-10-01T19:56:02.257516+00:00,freq,1,0,550.0,550.0,1200.0,550.0,0,,,,
2026-10-01T19:56:02.257516+00:00,power,0,0,,,,,,2345485147281,875804396854,0.0,
2026-10-01T19:56:03.242737+00:00,freq,0,0,2500.0,4250.0,2500.0,900.0,0,,,,
2026-10-01T19:56:03.242737+00:00,freq,1,0,550.0,550.0,1200.0,550.0,0,,,,
2026-10-01T19:56:03.242737+00:00,power,0,0,,,,,,2345485147281,875805382557,0.0,
2026-10-01T19:56:04.245567+00:00,freq,0,0,2500.0,4250.0,2500.0,900.0,0,,,,
2026-10-01T19:56:04.245567+00:00,freq,1,0,550.0,550.0,1200.0,550.0,0,,,,
2026-10-01T19:56:04.245567+00:00,power,0,0,,,,,,2345485147281,875806384872,0.0,
2026-10-01T19:56:05.260719+00:00,freq,0,0,2500.0,4250.0,2500.0,900.0,0,,,,
2026-10-01T19:56:05.260719+00:00,freq,1,0,550.0,550.0,1200.0,550.0,0,,,,
2026-10-01T19:56:05.260719+00:00,power,0,0,,,,,,2345485147281,875807399982,0.0,
2026-10-01T19:56:06.247613+00:00,freq,0,0,2500.0,4250.0,2500.0,900.0,0,,,,
2026-10-01T19:56:06.247613+00:00,freq,1,0,550.0,550.0,1200.0,550.0,0,,,,
2026-10-01T19:56:06.247613+00:00,power,0,0,,,,,,2345485147281,875808386849,0.0,
2026-10-01T19:56:07.251248+00:00,freq,0,0,2500.0,4250.0,2500.0,900.0,0,,,,
2026-10-01T19:56:07.251248+00:00,freq,1,0,550.0,550.0,1200.0,550.0,0,,,,
2026-10-01T19:56:07.251248+00:00,power,0,0,,,,,,2345485147281,875809390458,0.0,
2026-10-01T19:56:08.257159+00:00,freq,0,0,2500.0,4250.0,2500.0,900.0,0,,,,
2026-10-01T19:56:08.257159+00:00,freq,1,0,550.0,550.0,1200.0,550.0,0,,,,
2026-10-01T19:56:08.257159+00:00,power,0,0,,,,,,2345485148623,875810396338,0.0013341551676144272,
2026-10-01T19:56:09.247410+00:00,freq,0,0,2500.0,4250.0,2500.0,900.0,0,,,,
2026-10-01T19:56:09.247410+00:00,freq,1,0,550.0,550.0,1200.0,550.0,0,,,,
2026-10-01T19:56:09.247410+00:00,power,0,0,,,,,,2345485148623,875811386627,0.0,
2026-10-01T19:56:10.251252+00:00,freq,0,0,2500.0,4250.0,2500.0,900.0,0,,,,
2026-10-01T19:56:10.251252+00:00,freq,1,0,550.0,550.0,1200.0,550.0,0,,,,
2026-10-01T19:56:10.251252+00:00,power,0,0,,,,,,2345485148623,875812390538,0.0,
2026-10-01T19:56:11.256393+00:00,freq,0,0,2500.0,4250.0,2500.0,900.0,0,,,,
2026-10-01T19:56:11.256393+00:00,freq,1,0,550.0,550.0,1200.0,550.0,0,,,,
2026-10-01T19:56:11.256393+00:00,power,0,0,,,,,,2345485148623,875813395583,0.0,
2026-10-01T19:56:12.259041+00:00,freq,0,0,2500.0,4250.0,2500.0,900.0,0,,,,
2026-10-01T19:56:12.259041+00:00,freq,1,0,550.0,550.0,1200.0,550.0,0,,,,
2026-10-01T19:56:12.259041+00:00,power,0,0,,,,,,2345485148623,875814398185,0.0,
2026-10-01T19:56:13.246305+00:00,freq,0,0,2500.0,4250.0,2500.0,900.0,0,,,,
2026-10-01T19:56:13.246305+00:00,freq,1,0,550.0,550.0,1200.0,550.0,0,,,,
2026-10-01T19:56:13.246305+00:00,power,0,0,,,,,,2345485148806,875815385443,0.00018536188108883394,
2026-10-01T19:56:14.249362+00:00,freq,0,0,2500.0,4250.0,2500.0,900.0,0,,,,
2026-10-01T19:56:14.249362+00:00,freq,1,0,550.0,550.0,1200.0,550.0,0,,,,
2026-10-01T19:56:14.249362+00:00,power,0,0,,,,,,2345485150660,875816388429,0.0018484804374138822,
2026-10-01T19:56:15.253363+00:00,freq,0,0,2500.0,4250.0,2500.0,900.0,0,,,,
2026-10-01T19:56:15.253363+00:00,freq,1,0,550.0,550.0,1200.0,550.0,0,,,,
2026-10-01T19:56:15.253363+00:00,power,0,0,,,,,,2345485150660,875817392401,0.0,
2026-10-01T19:56:16.256420+00:00,freq,0,0,2500.0,4250.0,2500.0,900.0,0,,,,
2026-10-01T19:56:16.256420+00:00,freq,1,0,550.0,550.0,1200.0,550.0,0,,,,
2026-10-01T19:56:16.256420+00:00,power,0,0,,,,,,2345485150721,875818395436,6.081542518456484e-05,
2026-10-01T19:56:17.257596+00:00,freq,0,0,1000.0,1000.0,2500.0,900.0,0,,,,
2026-10-01T19:56:17.257596+00:00,freq,1,0,550.0,550.0,1200.0,550.0,0,,,,
2026-10-01T19:56:17.257596+00:00,power,0,0,,,,,,2345485152209,875819396681,0.0014861497435692563,
2026-10-01T19:56:18.252641+00:00,freq,0,0,1000.0,1000.0,2500.0,900.0,0,,,,
2026-10-01T19:56:18.252641+00:00,freq,1,0,550.0,550.0,1200.0,550.0,0,,,,
2026-10-01T19:56:18.252641+00:00,power,0,0,,,,,,2345485152514,875820391588,0.0003065613167863931,
2026-10-01T19:56:19.257146+00:00,freq,0,0,1000.0,1000.0,2500.0,900.0,0,,,,
2026-10-01T19:56:19.257146+00:00,freq,1,0,550.0,550.0,1200.0,550.0,0,,,,
2026-10-01T19:56:19.257146+00:00,power,0,0,,,,,,2345485152514,875821396129,0.0,
2026-10-01T19:56:20.246549+00:00,freq,0,0,1000.0,1000.0,2500.0,900.0,0,,,,
2026-10-01T19:56:20.246549+00:00,freq,1,0,550.0,550.0,1200.0,550.0,0,,,,
2026-10-01T19:56:20.246549+00:00,power,0,0,,,,,,2345485152514,875822385550,0.0,
2026-10-01T19:56:21.250777+00:00,freq,0,0,1000.0,1000.0,2500.0,900.0,0,,,,
2026-10-01T19:56:21.250777+00:00,freq,1,0,550.0,550.0,1200.0,550.0,0,,,,
2026-10-01T19:56:21.250777+00:00,power,0,0,,,,,,2345485152514,875823389762,0.0,
2026-10-01T19:56:22.254914+00:00,freq,0,0,2500.0,4250.0,2500.0,900.0,0,,,,
2026-10-01T19:56:22.254914+00:00,freq,1,0,550.0,550.0,1200.0,550.0,0,,,,
2026-10-01T19:56:22.254914+00:00,power,0,0,,,,,,2345498461314,875824393523,13.258933152413771,
2026-10-01T19:56:23.260343+00:00,freq,0,0,2500.0,4250.0,2500.0,900.0,0,,,,
2026-10-01T19:56:23.260343+00:00,freq,1,0,550.0,550.0,1200.0,550.0,0,,,,
2026-10-01T19:56:23.260343+00:00,power,0,0,,,,,,2345526553538,875825399168,27.934533558064725,
2026-10-01T19:56:24.248839+00:00,freq,0,0,2500.0,4250.0,2500.0,900.0,0,,,,
2026-10-01T19:56:24.248839+00:00,freq,1,0,550.0,550.0,1200.0,550.0,0,,,,
2026-10-01T19:56:24.248839+00:00,power,0,0,,,,,,2345548562472,875826387600,22.26651302264597,
2026-10-01T19:56:25.248950+00:00,freq,0,0,2500.0,4250.0,2500.0,900.0,0,,,,
2026-10-01T19:56:25.248950+00:00,freq,1,0,550.0,550.0,1200.0,550.0,0,,,,
2026-10-01T19:56:25.248950+00:00,power,0,0,,,,,,2345570771151,875827388300,22.19314379934046,
2026-10-01T19:56:26.261863+00:00,freq,0,0,2500.0,4250.0,2500.0,900.0,0,,,,
2026-10-01T19:56:26.261863+00:00,freq,1,0,550.0,550.0,1200.0,550.0,0,,,,
2026-10-01T19:56:26.261863+00:00,power,0,0,,,,,,2345593413081,875828400640,22.365934369875735,
2026-10-01T19:56:27.262055+00:00,freq,0,0,2500.0,4250.0,2500.0,900.0,0,,,,
2026-10-01T19:56:27.262055+00:00,freq,1,0,550.0,550.0,1200.0,550.0,0,,,,
2026-10-01T19:56:27.262055+00:00,power,0,0,,,,,,2345615724933,875829400723,22.310000269977593,
2026-10-01T19:56:28.252842+00:00,freq,0,0,2500.0,4250.0,2500.0,900.0,0,,,,
2026-10-01T19:56:28.252842+00:00,freq,1,0,550.0,550.0,1200.0,550.0,0,,,,
2026-10-01T19:56:28.252842+00:00,power,0,0,,,,,,2345637756267,875830391635,22.233391057934508,
2026-10-01T19:56:29.257633+00:00,freq,0,0,2500.0,4250.0,2500.0,900.0,0,,,,
2026-10-01T19:56:29.257633+00:00,freq,1,0,550.0,550.0,1200.0,550.0,0,,,,
2026-10-01T19:56:29.257633+00:00,power,0,0,,,,,,2345660221415,875831396297,22.36090147731277,
2026-10-01T19:56:30.249637+00:00,freq,0,0,2500.0,4250.0,2500.0,900.0,0,,,,
2026-10-01T19:56:30.249637+00:00,freq,1,0,550.0,550.0,1200.0,550.0,0,,,,
2026-10-01T19:56:30.249637+00:00,power,0,0,,,,,,2345665667178,875832388229,5.490056778085594,
2026-10-01T19:56:31.250233+00:00,freq,0,0,2500.0,4250.0,2500.0,900.0,0,,,,
2026-10-01T19:56:31.250233+00:00,freq,1,0,550.0,550.0,1200.0,550.0,0,,,,
2026-10-01T19:56:31.250233+00:00,power,0,0,,,,,,2345665667178,875833388927,0.0,
2026-10-01T19:56:32.264727+00:00,freq,0,0,2500.0,4250.0,2500.0,900.0,0,,,,
2026-10-01T19:56:32.264727+00:00,freq,1,0,550.0,550.0,1200.0,550.0,0,,,,
2026-10-01T19:56:32.264727+00:00,power,0,0,,,,,,2345665667178,875834403365,0.0,
2026-10-01T19:56:33.265206+00:00,freq,0,0,2500.0,4250.0,2500.0,900.0,0,,,,
2026-10-01T19:56:33.265206+00:00,freq,1,0,550.0,550.0,1200.0,550.0,0,,,,
2026-10-01T19:56:33.265206+00:00,power,0,0,,,,,,2345665667178,875835404180,0.0,
2026-10-01T19:56:34.256498+00:00,freq,0,0,2500.0,4250.0,2500.0,900.0,0,,,,
2026-10-01T19:56:34.256498+00:00,freq,1,0,550.0,550.0,1200.0,550.0,0,,,,
2026-10-01T19:56:34.256498+00:00,power,0,0,,,,,,2345665667178,875836395067,0.0,
2026-10-01T19:56:35.267992+00:00,freq,0,0,2500.0,4250.0,2500.0,900.0,0,,,,
2026-10-01T19:56:35.267992+00:00,freq,1,0,550.0,550.0,1200.0,550.0,0,,,,
2026-10-01T19:56:35.267992+00:00,power,0,0,,,,,,2345665667178,875837406563,0.0,
2026-10-01T19:56:36.267421+00:00,freq,0,0,2500.0,4250.0,2500.0,900.0,0,,,,
2026-10-01T19:56:36.267421+00:00,freq,1,0,550.0,550.0,1200.0,550.0,0,,,,
2026-10-01T19:56:36.267421+00:00,power,0,0,,,,,,2345665667178,875838406006,0.0,
2026-10-01T19:56:37.266730+00:00,freq,0,0,2500.0,4250.0,2500.0,900.0,0,,,,
2026-10-01T19:56:37.266730+00:00,freq,1,0,550.0,550.0,1200.0,550.0,0,,,,
2026-10-01T19:56:37.266730+00:00,power,0,0,,,,,,2345665668337,875839405311,0.0011598060652153247,
2026-10-01T19:56:38.266247+00:00,freq,0,0,2500.0,4250.0,2500.0,900.0,0,,,,
2026-10-01T19:56:38.266247+00:00,freq,1,0,550.0,550.0,1200.0,550.0,0,,,,
2026-10-01T19:56:38.266247+00:00,power,0,0,,,,,,2345665668337,875840404788,0.0,
2026-10-01T19:56:39.267065+00:00,freq,0,0,2500.0,4250.0,2500.0,900.0,0,,,,
2026-10-01T19:56:39.267065+00:00,freq,1,0,550.0,550.0,1200.0,550.0,0,,,,
2026-10-01T19:56:39.267065+00:00,power,0,0,,,,,,2345665668520,875841405456,0.0001828778376044802,
2026-10-01T19:56:40.258950+00:00,freq,0,0,2500.0,4250.0,2500.0,900.0,0,,,,
2026-10-01T19:56:40.258950+00:00,freq,1,0,550.0,550.0,1200.0,550.0,0,,,,
2026-10-01T19:56:40.258950+00:00,power,0,0,,,,,,2345665668520,875842397548,0.0,
2026-10-01T19:56:41.248526+00:00,freq,0,0,2500.0,4250.0,2500.0,900.0,0,,,,
2026-10-01T19:56:41.248526+00:00,freq,1,0,550.0,550.0,1200.0,550.0,0,,,,
2026-10-01T19:56:41.248526+00:00,power,0,0,,,,,,2345665668520,875843387160,0.0,
2026-10-01T19:56:42.252599+00:00,freq,0,0,2500.0,4250.0,2500.0,900.0,0,,,,
2026-10-01T19:56:42.252599+00:00,freq,1,0,550.0,550.0,1200.0,550.0,0,,,,
2026-10-01T19:56:42.252599+00:00,power,0,0,,,,,,2345665668520,875844391143,0.0,
2026-10-01T19:56:43.258290+00:00,freq,0,0,2500.0,4250.0,2500.0,900.0,0,,,,
2026-10-01T19:56:43.258290+00:00,freq,1,0,550.0,550.0,1200.0,550.0,0,,,,
2026-10-01T19:56:43.258290+00:00,power,0,0,,,,,,2345665668520,875845396823,0.0,
2026-10-01T19:56:44.246861+00:00,freq,0,0,2500.0,4250.0,2500.0,900.0,0,,,,
2026-10-01T19:56:44.246861+00:00,freq,1,0,550.0,550.0,1200.0,550.0,0,,,,
2026-10-01T19:56:44.246861+00:00,power,0,0,,,,,,2345665670191,875846385335,0.001690419539671749,
2026-10-01T19:56:45.247799+00:00,freq,0,0,2500.0,4250.0,2500.0,900.0,0,,,,
2026-10-01T19:56:45.247799+00:00,freq,1,0,550.0,550.0,1200.0,550.0,0,,,,
2026-10-01T19:56:45.247799+00:00,power,0,0,,,,,,2345665671655,875847386325,0.001462552073447287,
2026-10-01T19:56:46.260239+00:00,freq,0,0,2500.0,4250.0,2500.0,900.0,0,,,,
2026-10-01T19:56:46.260239+00:00,freq,1,0,550.0,550.0,1200.0,550.0,0,,,,
2026-10-01T19:56:46.260239+00:00,power,0,0,,,,,,2345665671655,875848398652,0.0,
2026-10-01T19:56:47.248554+00:00,freq,0,0,1650.0,1650.0,2500.0,900.0,0,,,,
2026-10-01T19:56:47.248554+00:00,freq,1,0,550.0,550.0,1200.0,550.0,0,,,,
2026-10-01T19:56:47.248554+00:00,power,0,0,,,,,,2345665672753,875849386950,0.0011110009329169947,
2026-10-01T19:56:48.254294+00:00,freq,0,0,1650.0,1650.0,2500.0,900.0,0,,,,
2026-10-01T19:56:48.254294+00:00,freq,1,0,550.0,550.0,1200.0,550.0,0,,,,
2026-10-01T19:56:48.254294+00:00,power,0,0,,,,,,2345665672753,875850392710,0.0,
2026-10-01T19:56:49.261129+00:00,freq,0,0,1650.0,1650.0,2500.0,900.0,0,,,,
2026-10-01T19:56:49.261129+00:00,freq,1,0,550.0,550.0,1200.0,550.0,0,,,,
2026-10-01T19:56:49.261129+00:00,power,0,0,,,,,,2345665672753,875851399486,0.0,
2026-10-01T19:56:50.251148+00:00,freq,0,0,1650.0,1650.0,2500.0,900.0,0,,,,
2026-10-01T19:56:50.251148+00:00,freq,1,0,550.0,550.0,1200.0,550.0,0,,,,
2026-10-01T19:56:50.251148+00:00,power,0,0,,,,,,2345665672753,875852389504,0.0,
2026-10-01T19:56:51.255969+00:00,freq,0,0,2500.0,4250.0,2500.0,900.0,0,,,,
2026-10-01T19:56:51.255969+00:00,freq,1,0,550.0,550.0,1200.0,550.0,0,,,,
2026-10-01T19:56:51.255969+00:00,power,0,0,,,,,,2345672500718,875853394207,6.796003396028478,
2026-10-01T19:56:52.260198+00:00,freq,0,0,2500.0,4250.0,2500.0,900.0,0,,,,
2026-10-01T19:56:52.260198+00:00,freq,1,0,550.0,550.0,1200.0,550.0,0,,,,
2026-10-01T19:56:52.260198+00:00,power,0,0,,,,,,2345702730599,875854398431,30.102727080810656,
2026-10-01T19:56:53.259360+00:00,freq,0,0,2500.0,4250.0,2500.0,900.0,0,,,,
2026-10-01T19:56:53.259360+00:00,freq,1,0,550.0,550.0,1200.0,550.0,0,,,,
2026-10-01T19:56:53.259360+00:00,power,0,0,,,,,,2345724903755,875855397335,22.197484442949474,
2026-10-01T19:56:54.248791+00:00,freq,0,0,2500.0,4250.0,2500.0,900.0,0,,,,
2026-10-01T19:56:54.248791+00:00,freq,1,0,550.0,550.0,1200.0,550.0,0,,,,
2026-10-01T19:56:54.248791+00:00,power,0,0,,,,,,2345746972565,875856386985,22.299610973576517,
2026-10-01T19:56:55.252671+00:00,freq,0,0,2500.0,4250.0,2500.0,900.0,0,,,,
2026-10-01T19:56:55.252671+00:00,freq,1,0,550.0,550.0,1200.0,550.0,0,,,,
2026-10-01T19:56:55.252671+00:00,power,0,0,,,,,,2345769363396,875857390744,22.306979065692065,
2026-10-01T19:56:56.263542+00:00,freq,0,0,2500.0,4250.0,2500.0,900.0,0,,,,
2026-10-01T19:56:56.263542+00:00,freq,1,0,550.0,550.0,1200.0,550.0,0,,,,
2026-10-01T19:56:56.263542+00:00,power,0,0,,,,,,2345791831657,875858401580,22.227404841141393,
2026-10-01T19:56:57.256358+00:00,freq,0,0,2500.0,4250.0,2500.0,900.0,0,,,,
2026-10-01T19:56:57.256358+00:00,freq,1,0,550.0,550.0,1200.0,550.0,0,,,,
2026-10-01T19:56:57.256358+00:00,power,0,0,,,,,,2345813838920,875859394323,22.168137171453235,
2026-10-01T19:56:58.262573+00:00,freq,0,0,2500.0,4250.0,2500.0,900.0,0,,,,
2026-10-01T19:56:58.262573+00:00,freq,1,0,550.0,550.0,1200.0,550.0,0,,,,
2026-10-01T19:56:58.262573+00:00,power,0,0,,,,,,2345836394950,875860400751,22.411965883302134,
2026-10-01T19:56:59.247843+00:00,freq,0,0,2500.0,4250.0,2500.0,900.0,0,,,,
2026-10-01T19:56:59.247843+00:00,freq,1,0,550.0,550.0,1200.0,550.0,0,,,,
2026-10-01T19:56:59.247843+00:00,power,0,0,,,,,,2345845897781,875861386418,9.641015677708598,
2026-10-01T19:57:00.250210+00:00,freq,0,0,2500.0,4250.0,2500.0,900.0,0,,,,
2026-10-01T19:57:00.250210+00:00,freq,1,0,550.0,550.0,1200.0,550.0,0,,,,
2026-10-01T19:57:00.250210+00:00,power,0,0,,,,,,2345845900184,875862388337,0.002398397475245005,
2026-10-01T19:57:01.256020+00:00,freq,0,0,2500.0,4250.0,2500.0,900.0,0,,,,
2026-10-01T19:57:01.256020+00:00,freq,1,0,550.0,550.0,1200.0,550.0,0,,,,
2026-10-01T19:57:01.256020+00:00,power,0,0,,,,,,2345845900184,875863394167,0.0,
2026-10-01T19:57:02.261081+00:00,freq,0,0,2500.0,4250.0,2500.0,900.0,0,,,,
2026-10-01T19:57:02.261081+00:00,freq,1,0,550.0,550.0,1200.0,550.0,0,,,,
2026-10-01T19:57:02.261081+00:00,power,0,0,,,,,,2345845900184,875864399179,0.0,
2026-10-01T19:57:03.251696+00:00,freq,0,0,2500.0,4250.0,2500.0,900.0,0,,,,
2026-10-01T19:57:03.251696+00:00,freq,1,0,550.0,550.0,1200.0,550.0,0,,,,
2026-10-01T19:57:03.251696+00:00,power,0,0,,,,,,2345845900184,875865389818,0.0,
2026-10-01T19:57:04.257987+00:00,freq,0,0,2500.0,4250.0,2500.0,900.0,0,,,,
2026-10-01T19:57:04.257987+00:00,freq,1,0,550.0,550.0,1200.0,550.0,0,,,,
2026-10-01T19:57:04.257987+00:00,power,0,0,,,,,,2345845900184,875866396166,0.0,
2026-10-01T19:57:05.246075+00:00,freq,0,0,2500.0,4250.0,2500.0,900.0,0,,,,
2026-10-01T19:57:05.246075+00:00,freq,1,0,550.0,550.0,1200.0,550.0,0,,,,
2026-10-01T19:57:05.246075+00:00,power,0,0,,,,,,2345845900184,875867384180,0.0,
2026-10-01T19:57:06.256756+00:00,freq,0,0,2500.0,4250.0,2500.0,900.0,0,,,,
2026-10-01T19:57:06.256756+00:00,freq,1,0,550.0,550.0,1200.0,550.0,0,,,,
2026-10-01T19:57:06.256756+00:00,power,0,0,,,,,,2345845900184,875868394650,0.0,
2026-10-01T19:57:07.260344+00:00,freq,0,0,2500.0,4250.0,2500.0,900.0,0,,,,
2026-10-01T19:57:07.260344+00:00,freq,1,0,550.0,550.0,1200.0,550.0,0,,,,
2026-10-01T19:57:07.260344+00:00,power,0,0,,,,,,2345845900184,875869398307,0.0,
2026-10-01T19:57:08.249499+00:00,freq,0,0,2500.0,4250.0,2500.0,900.0,0,,,,
2026-10-01T19:57:08.249499+00:00,freq,1,0,550.0,550.0,1200.0,550.0,0,,,,
2026-10-01T19:57:08.249499+00:00,power,0,0,,,,,,2345845900245,875870387397,6.167285080225257e-05,
2026-10-01T19:57:09.255416+00:00,freq,0,0,2500.0,4250.0,2500.0,900.0,0,,,,
2026-10-01T19:57:09.255416+00:00,freq,1,0,550.0,550.0,1200.0,550.0,0,,,,
2026-10-01T19:57:09.255416+00:00,power,0,0,,,,,,2345845900367,875871393422,0.0001212693521532765,
2026-10-01T19:57:10.260982+00:00,freq,0,0,2500.0,4250.0,2500.0,900.0,0,,,,
2026-10-01T19:57:10.260982+00:00,freq,1,0,550.0,550.0,1200.0,550.0,0,,,,
2026-10-01T19:57:10.260982+00:00,power,0,0,,,,,,2345845900367,875872398925,0.0,
2026-10-01T19:57:11.250845+00:00,freq,0,0,2500.0,4250.0,2500.0,900.0,0,,,,
2026-10-01T19:57:11.250845+00:00,freq,1,0,550.0,550.0,1200.0,550.0,0,,,,
2026-10-01T19:57:11.250845+00:00,power,0,0,,,,,,2345845900367,875873388843,0.0,
2026-10-01T19:57:12.255023+00:00,freq,0,0,2500.0,4250.0,2500.0,900.0,0,,,,
2026-10-01T19:57:12.255023+00:00,freq,1,0,550.0,550.0,1200.0,550.0,0,,,,
2026-10-01T19:57:12.255023+00:00,power,0,0,,,,,,2345845900367,875874392962,0.0,
2026-10-01T19:57:13.269858+00:00,freq,0,0,2500.0,4250.0,2500.0,900.0,0,,,,
2026-10-01T19:57:13.269858+00:00,freq,1,0,550.0,550.0,1200.0,550.0,0,,,,
2026-10-01T19:57:13.269858+00:00,power,0,0,,,,,,2345845900367,875875407761,0.0,
2026-10-01T19:57:14.259082+00:00,freq,0,0,2500.0,4250.0,2500.0,900.0,0,,,,
2026-10-01T19:57:14.259082+00:00,freq,1,0,550.0,550.0,1200.0,550.0,0,,,,
2026-10-01T19:57:14.259082+00:00,power,0,0,,,,,,2345845900367,875876396944,0.0,
2026-10-01T19:57:15.259741+00:00,freq,0,0,2500.0,4250.0,2500.0,900.0,0,,,,
2026-10-01T19:57:15.259741+00:00,freq,1,0,550.0,550.0,1200.0,550.0,0,,,,
2026-10-01T19:57:15.259741+00:00,power,0,0,,,,,,2345845901465,875877397433,0.0010974633404265315,
2026-10-01T19:57:16.259410+00:00,freq,0,0,2500.0,4250.0,2500.0,900.0,0,,,,
2026-10-01T19:57:16.259410+00:00,freq,1,0,550.0,550.0,1200.0,550.0,0,,,,
2026-10-01T19:57:16.259410+00:00,power,0,0,,,,,,2345845901465,875878397257,0.0,
2026-10-01T19:57:17.249027+00:00,freq,0,0,950.0,950.0,2500.0,900.0,0,,,,
2026-10-01T19:57:17.249027+00:00,freq,1,0,550.0,550.0,1200.0,550.0,0,,,,
2026-10-01T19:57:17.249027+00:00,power,0,0,,,,,,2345845903441,875879386817,0.0019968470835522857,
2026-10-01T19:57:18.254169+00:00,freq,0,0,950.0,950.0,2500.0,900.0,0,,,,
2026-10-01T19:57:18.254169+00:00,freq,1,0,550.0,550.0,1200.0,550.0,0,,,,
2026-10-01T19:57:18.254169+00:00,power,0,0,,,,,,2345845903441,875880391987,0.0,
2026-10-01T19:57:19.257486+00:00,freq,0,0,950.0,950.0,2500.0,900.0,0,,,,
2026-10-01T19:57:19.257486+00:00,freq,1,0,550.0,550.0,1200.0,550.0,0,,,,
2026-10-01T19:57:19.257486+00:00,power,0,0,,,,,,2345845903441,875881395320,0.0,
2026-10-01T19:57:20.258196+00:00,freq,0,0,950.0,950.0,2500.0,900.0,0,,,,
2026-10-01T19:57:20.258196+00:00,freq,1,0,550.0,550.0,1200.0,550.0,0,,,,
2026-10-01T19:57:20.258196+00:00,power,0,0,,,,,,2345845903441,875882396079,0.0,
2026-10-01T19:57:21.244815+00:00,freq,0,0,2500.0,4250.0,2500.0,900.0,0,,,,
2026-10-01T19:57:21.244815+00:00,freq,1,0,550.0,550.0,1200.0,550.0,0,,,,
2026-10-01T19:57:21.244815+00:00,power,0,0,,,,,,2345878104490,875883382180,32.65491972931779,
2026-10-01T19:57:22.256290+00:00,freq,0,0,2500.0,4250.0,2500.0,900.0,0,,,,
2026-10-01T19:57:22.256290+00:00,freq,1,0,550.0,550.0,1200.0,550.0,0,,,,
2026-10-01T19:57:22.256290+00:00,power,0,0,,,,,,2345907843137,875884393804,29.396937004262455,
2026-10-01T19:57:23.261756+00:00,freq,0,0,2500.0,4250.0,2500.0,900.0,0,,,,
2026-10-01T19:57:23.261756+00:00,freq,1,0,550.0,550.0,1200.0,550.0,0,,,,
2026-10-01T19:57:23.261756+00:00,power,0,0,,,,,,2345931739766,875885399156,23.769415090435988,
2026-10-01T19:57:24.250364+00:00,freq,0,0,2500.0,4250.0,2500.0,900.0,0,,,,
2026-10-01T19:57:24.250364+00:00,freq,1,0,550.0,550.0,1200.0,550.0,0,,,,
2026-10-01T19:57:24.250364+00:00,power,0,0,,,,,,2345952484357,875886387984,20.97896803084055,
2026-10-01T19:57:25.255852+00:00,freq,0,0,2500.0,4250.0,2500.0,900.0,0,,,,
2026-10-01T19:57:25.255852+00:00,freq,1,0,550.0,550.0,1200.0,550.0,0,,,,
2026-10-01T19:57:25.255852+00:00,power,0,0,,,,,,2345973652386,875887393300,21.05609480004297,
2026-10-01T19:57:26.270119+00:00,freq,0,0,2500.0,4250.0,2500.0,900.0,0,,,,
2026-10-01T19:57:26.270119+00:00,freq,1,0,550.0,550.0,1200.0,550.0,0,,,,
2026-10-01T19:57:26.270119+00:00,power,0,0,,,,,,2345995154240,875888407509,21.20061446900984,
2026-10-01T19:57:27.269297+00:00,freq,0,0,2500.0,4250.0,2500.0,900.0,0,,,,
2026-10-01T19:57:27.269297+00:00,freq,1,0,550.0,550.0,1200.0,550.0,0,,,,
2026-10-01T19:57:27.269297+00:00,power,0,0,,,,,,2346016331143,875889406857,21.19071934901556,
2026-10-01T19:57:28.259240+00:00,freq,0,0,2500.0,4250.0,2500.0,900.0,0,,,,
2026-10-01T19:57:28.259240+00:00,freq,1,0,550.0,550.0,1200.0,550.0,0,,,,
2026-10-01T19:57:28.259240+00:00,power,0,0,,,,,,2346037334805,875890396659,21.220064214863175,
2026-10-01T19:57:29.251173+00:00,freq,0,0,2500.0,4250.0,2500.0,900.0,0,,,,
2026-10-01T19:57:29.251173+00:00,freq,1,0,550.0,550.0,1200.0,550.0,0,,,,
2026-10-01T19:57:29.251173+00:00,power,0,0,,,,,,2346058441982,875891388522,21.28033508659966,
2026-10-01T19:57:30.255891+00:00,freq,0,0,2500.0,4250.0,2500.0,900.0,0,,,,
2026-10-01T19:57:30.255891+00:00,freq,1,0,550.0,550.0,1200.0,550.0,0,,,,
2026-10-01T19:57:30.255891+00:00,power,0,0,,,,,,2346072666736,875892393526,14.153927745561212,
2026-10-01T19:57:31.260646+00:00,freq,0,0,2500.0,4250.0,2500.0,900.0,0,,,,
2026-10-01T19:57:31.260646+00:00,freq,1,0,550.0,550.0,1200.0,550.0,0,,,,
2026-10-01T19:57:31.260646+00:00,power,0,0,,,,,,2346072666736,875893398182,0.0,
2026-10-01T19:57:32.251000+00:00,freq,0,0,2500.0,4250.0,2500.0,900.0,0,,,,
2026-10-01T19:57:32.251000+00:00,freq,1,0,550.0,550.0,1200.0,550.0,0,,,,
2026-10-01T19:57:32.251000+00:00,power,0,0,,,,,,2346072666736,875894388502,0.0,
2026-10-01T19:57:33.254377+00:00,freq,0,0,2500.0,4250.0,2500.0,900.0,0,,,,
2026-10-01T19:57:33.254377+00:00,freq,1,0,550.0,550.0,1200.0,550.0,0,,,,
2026-10-01T19:57:33.254377+00:00,power,0,0,,,,,,2346072666736,875895391844,0.0,
2026-10-01T19:57:34.268602+00:00,freq,0,0,2500.0,4250.0,2500.0,900.0,0,,,,
2026-10-01T19:57:34.268602+00:00,freq,1,0,550.0,550.0,1200.0,550.0,0,,,,
2026-10-01T19:57:34.268602+00:00,power,0,0,,,,,,2346072666736,875896406032,0.0,
2026-10-01T19:57:35.255762+00:00,freq,0,0,2500.0,4250.0,2500.0,900.0,0,,,,
2026-10-01T19:57:35.255762+00:00,freq,1,0,550.0,550.0,1200.0,550.0,0,,,,
2026-10-01T19:57:35.255762+00:00,power,0,0,,,,,,2346072666736,875897393163,0.0,
2026-10-01T19:57:36.260410+00:00,freq,0,0,2500.0,4250.0,2500.0,900.0,0,,,,
2026-10-01T19:57:36.260410+00:00,freq,1,0,550.0,550.0,1200.0,550.0,0,,,,
2026-10-01T19:57:36.260410+00:00,power,0,0,,,,,,2346072666736,875898397747,0.0,
2026-10-01T19:57:37.247734+00:00,freq,0,0,2500.0,4250.0,2500.0,900.0,0,,,,
2026-10-01T19:57:37.247734+00:00,freq,1,0,550.0,550.0,1200.0,550.0,0,,,,
2026-10-01T19:57:37.247734+00:00,power,0,0,,,,,,2346072666736,875899385197,0.0,
2026-10-01T19:57:38.252017+00:00,freq,0,0,2500.0,4250.0,2500.0,900.0,0,,,,
2026-10-01T19:57:38.252017+00:00,freq,1,0,550.0,550.0,1200.0,550.0,0,,,,
2026-10-01T19:57:38.252017+00:00,power,0,0,,,,,,2346072666736,875900389450,0.0,
2026-10-01T19:57:39.256758+00:00,freq,0,0,2500.0,4250.0,2500.0,900.0,0,,,,
2026-10-01T19:57:39.256758+00:00,freq,1,0,550.0,550.0,1200.0,550.0,0,,,,
2026-10-01T19:57:39.256758+00:00,power,0,0,,,,,,2346072666736,875901394244,0.0,
2026-10-01T19:57:40.259913+00:00,freq,0,0,2500.0,4250.0,2500.0,900.0,0,,,,
2026-10-01T19:57:40.259913+00:00,freq,1,0,550.0,550.0,1200.0,550.0,0,,,,
2026-10-01T19:57:40.259913+00:00,power,0,0,,,,,,2346072666736,875902397244,0.0,
2026-10-01T19:57:41.260774+00:00,freq,0,0,2500.0,4250.0,2500.0,900.0,0,,,,
2026-10-01T19:57:41.260774+00:00,freq,1,0,550.0,550.0,1200.0,550.0,0,,,,
2026-10-01T19:57:41.260774+00:00,power,0,0,,,,,,2346072666736,875903398083,0.0,
2026-10-01T19:57:42.250161+00:00,freq,0,0,2500.0,4250.0,2500.0,900.0,0,,,,
2026-10-01T19:57:42.250161+00:00,freq,1,0,550.0,550.0,1200.0,550.0,0,,,,
2026-10-01T19:57:42.250161+00:00,power,0,0,,,,,,2346072666736,875904387459,0.0,
2026-10-01T19:57:43.256131+00:00,freq,0,0,2500.0,4250.0,2500.0,900.0,0,,,,
2026-10-01T19:57:43.256131+00:00,freq,1,0,550.0,550.0,1200.0,550.0,0,,,,
2026-10-01T19:57:43.256131+00:00,power,0,0,,,,,,2346072666736,875905393426,0.0,
2026-10-01T19:57:44.262235+00:00,freq,0,0,2500.0,4250.0,2500.0,900.0,0,,,,
2026-10-01T19:57:44.262235+00:00,freq,1,0,550.0,550.0,1200.0,550.0,0,,,,
2026-10-01T19:57:44.262235+00:00,power,0,0,,,,,,2346072666736,875906399553,0.0,
2026-10-01T19:57:45.260687+00:00,freq,0,0,2500.0,4250.0,2500.0,900.0,0,,,,
2026-10-01T19:57:45.260687+00:00,freq,1,0,550.0,550.0,1200.0,550.0,0,,,,
2026-10-01T19:57:45.260687+00:00,power,0,0,,,,,,2346072666736,875907397755,0.0,
2026-10-01T19:57:46.250810+00:00,freq,0,0,2500.0,4250.0,2500.0,900.0,0,,,,
2026-10-01T19:57:46.250810+00:00,freq,1,0,550.0,550.0,1200.0,550.0,0,,,,
2026-10-01T19:57:46.250810+00:00,power,0,0,,,,,,2346072666736,875908387955,0.0,
2026-10-01T19:57:47.265431+00:00,freq,0,0,1200.0,1200.0,2500.0,900.0,0,,,,
2026-10-01T19:57:47.265431+00:00,freq,1,0,550.0,550.0,1200.0,550.0,0,,,,
2026-10-01T19:57:47.265431+00:00,power,0,0,,,,,,2346072669055,875909402457,0.0022858505946760084,
2026-10-01T19:57:48.251385+00:00,freq,0,0,1200.0,1200.0,2500.0,900.0,0,,,,
2026-10-01T19:57:48.251385+00:00,freq,1,0,550.0,550.0,1200.0,550.0,0,,,,
2026-10-01T19:57:48.251385+00:00,power,0,0,,,,,,2346072669055,875910388522,0.0,
2026-10-01T19:57:49.253671+00:00,freq,0,0,1200.0,1200.0,2500.0,900.0,0,,,,
2026-10-01T19:57:49.253671+00:00,freq,1,0,550.0,550.0,1200.0,550.0,0,,,,
2026-10-01T19:57:49.253671+00:00,power,0,0,,,,,,2346072669055,875911390610,0.0,
2026-10-01T19:57:50.259787+00:00,freq,0,0,1200.0,1200.0,2500.0,900.0,0,,,,
2026-10-01T19:57:50.259787+00:00,freq,1,0,550.0,550.0,1200.0,550.0,0,,,,
2026-10-01T19:57:50.259787+00:00,power,0,0,,,,,,2346072669055,875912396778,0.0,
2026-10-01T19:57:51.257663+00:00,freq,0,0,1200.0,1200.0,2500.0,900.0,0,,,,
2026-10-01T19:57:51.257663+00:00,freq,1,0,550.0,550.0,1200.0,550.0,0,,,,
2026-10-01T19:57:51.257663+00:00,power,0,0,,,,,,2346072669055,875913394703,0.0,
2026-10-01T19:57:52.272161+00:00,freq,0,0,1200.0,1200.0,2500.0,900.0,0,,,,
2026-10-01T19:57:52.272161+00:00,freq,1,0,550.0,550.0,1200.0,550.0,0,,,,
2026-10-01T19:57:52.272161+00:00,power,0,0,,,,,,2346072669055,875914409269,0.0,
2026-10-01T19:57:53.267547+00:00,freq,0,0,1200.0,1200.0,2500.0,900.0,0,,,,
2026-10-01T19:57:53.267547+00:00,freq,1,0,550.0,550.0,1200.0,550.0,0,,,,
2026-10-01T19:57:53.267547+00:00,power,0,0,,,,,,2346072670177,875915404537,0.0011273345470767674,
2026-10-01T19:57:54.262630+00:00,freq,0,0,1200.0,1200.0,2500.0,900.0,0,,,,
2026-10-01T19:57:54.262630+00:00,freq,1,0,550.0,550.0,1200.0,550.0,0,,,,
2026-10-01T19:57:54.262630+00:00,power,0,0,,,,,,2346072670543,875916399524,0.00036784400198193543,
2026-10-01T19:57:55.261212+00:00,freq,0,0,1200.0,1200.0,2500.0,900.0,0,,,,
2026-10-01T19:57:55.261212+00:00,freq,1,0,550.0,550.0,1200.0,550.0,0,,,,
2026-10-01T19:57:55.261212+00:00,power,0,0,,,,,,2346072670543,875917398252,0.0,
2026-10-01T19:57:56.250750+00:00,freq,0,0,1200.0,1200.0,2500.0,900.0,0,,,,
2026-10-01T19:57:56.250750+00:00,freq,1,0,550.0,550.0,1200.0,550.0,0,,,,
2026-10-01T19:57:56.250750+00:00,power,0,0,,,,,,2346072670543,875918387706,0.0,
2026-10-01T19:57:57.258038+00:00,freq,0,0,1200.0,1200.0,2500.0,900.0,0,,,,
2026-10-01T19:57:57.258038+00:00,freq,1,0,550.0,550.0,1200.0,550.0,0,,,,
2026-10-01T19:57:57.258038+00:00,power,0,0,,,,,,2346072670543,875919395099,0.0,
2026-10-01T19:57:58.260598+00:00,freq,0,0,1200.0,1200.0,2500.0,900.0,0,,,,
2026-10-01T19:57:58.260598+00:00,freq,1,0,550.0,550.0,1200.0,550.0,0,,,,
2026-10-01T19:57:58.260598+00:00,power,0,0,,,,,,2346072670543,875920397572,0.0,
2026-10-01T19:57:59.248846+00:00,freq,0,0,1200.0,1200.0,2500.0,900.0,0,,,,
2026-10-01T19:57:59.248846+00:00,freq,1,0,550.0,550.0,1200.0,550.0,0,,,,
2026-10-01T19:57:59.248846+00:00,power,0,0,,,,,,2346072670543,875921385846,0.0,
2026-10-01T19:58:00.253365+00:00,freq,0,0,1200.0,1200.0,2500.0,900.0,0,,,,
2026-10-01T19:58:00.253365+00:00,freq,1,0,550.0,550.0,1200.0,550.0,0,,,,
2026-10-01T19:58:00.253365+00:00,power,0,0,,,,,,2346072670543,875922390366,0.0,
2026-10-01T19:58:01.265341+00:00,freq,0,0,1200.0,1200.0,2500.0,900.0,0,,,,
2026-10-01T19:58:01.265341+00:00,freq,1,0,550.0,550.0,1200.0,550.0,0,,,,
2026-10-01T19:58:01.265341+00:00,power,0,0,,,,,,2346072670543,875923402261,0.0,
2026-10-01T19:58:02.258505+00:00,freq,0,0,2500.0,4250.0,2500.0,900.0,0,,,,
2026-10-01T19:58:02.258505+00:00,freq,1,0,550.0,550.0,1200.0,550.0,0,,,,
2026-10-01T19:58:02.258505+00:00,power,0,0,,,,,,2346098608653,875924395239,26.121535421731398,
2026-10-01T19:58:03.263442+00:00,freq,0,0,2500.0,4250.0,2500.0,900.0,0,,,,
2026-10-01T19:58:03.263442+00:00,freq,1,0,550.0,550.0,1200.0,550.0,0,,,,
2026-10-01T19:58:03.263442+00:00,power,0,0,,,,,,2346129860972,875925400230,31.097113307482356,
2026-10-01T19:58:04.252220+00:00,freq,0,0,2500.0,4250.0,2500.0,900.0,0,,,,
2026-10-01T19:58:04.252220+00:00,freq,1,0,550.0,550.0,1200.0,550.0,0,,,,
2026-10-01T19:58:04.252220+00:00,power,0,0,,,,,,2346154891207,875926388983,25.314952268159995,
2026-10-01T19:58:05.253147+00:00,freq,0,0,2500.0,4250.0,2500.0,900.0,0,,,,
2026-10-01T19:58:05.253147+00:00,freq,1,0,550.0,550.0,1200.0,550.0,0,,,,
2026-10-01T19:58:05.253147+00:00,power,0,0,,,,,,2346176016268,875927389829,21.107204305157836,
2026-10-01T19:58:06.261777+00:00,freq,0,0,2500.0,4250.0,2500.0,900.0,0,,,,
2026-10-01T19:58:06.261777+00:00,freq,1,0,550.0,550.0,1200.0,550.0,0,,,,
2026-10-01T19:58:06.261777+00:00,power,0,0,,,,,,2346197407686,875928398464,21.208284463656327,
2026-10-01T19:58:07.247713+00:00,freq,0,0,2500.0,4250.0,2500.0,900.0,0,,,,
2026-10-01T19:58:07.247713+00:00,freq,1,0,550.0,550.0,1200.0,550.0,0,,,,
2026-10-01T19:58:07.247713+00:00,power,0,0,,,,,,2346218265253,875929384605,21.150694474725217,
2026-10-01T19:58:08.263049+00:00,freq,0,0,2500.0,4250.0,2500.0,900.0,0,,,,
2026-10-01T19:58:08.263049+00:00,freq,1,0,550.0,550.0,1200.0,550.0,0,,,,
2026-10-01T19:58:08.263049+00:00,power,0,0,,,,,,2346239740411,875930399663,21.156582185451473,
2026-10-01T19:58:09.251074+00:00,freq,0,0,2500.0,4250.0,2500.0,900.0,0,,,,
2026-10-01T19:58:09.251074+00:00,freq,1,0,550.0,550.0,1200.0,550.0,0,,,,
2026-10-01T19:58:09.251074+00:00,power,0,0,,,,,,2346260715874,875931387534,21.232998033144003,
2026-10-01T19:58:10.256629+00:00,freq,0,0,2500.0,4250.0,2500.0,900.0,0,,,,
2026-10-01T19:58:10.256629+00:00,freq,1,0,550.0,550.0,1200.0,550.0,0,,,,
2026-10-01T19:58:10.256629+00:00,power,0,0,,,,,,2346282047379,875932393269,21.209866416103644,
2026-10-01T19:58:11.262597+00:00,freq,0,0,2500.0,4250.0,2500.0,900.0,0,,,,
2026-10-01T19:58:11.262597+00:00,freq,1,0,550.0,550.0,1200.0,550.0,0,,,,
2026-10-01T19:58:11.262597+00:00,power,0,0,,,,,,2346299730911,875933399283,17.57781899655472,
2026-10-01T19:58:12.252785+00:00,freq,0,0,2500.0,4250.0,2500.0,900.0,0,,,,
2026-10-01T19:58:12.252785+00:00,freq,1,0,550.0,550.0,1200.0,550.0,0,,,,
2026-10-01T19:58:12.252785+00:00,power,0,0,,,,,,2346299730911,875934389564,0.0,
2026-10-01T19:58:13.256771+00:00,freq,0,0,2500.0,4250.0,2500.0,900.0,0,,,,
2026-10-01T19:58:13.256771+00:00,freq,1,0,550.0,550.0,1200.0,550.0,0,,,,
2026-10-01T19:58:13.256771+00:00,power,0,0,,,,,,2346299731094,875935393437,0.00018229397543314743,
2026-10-01T19:58:14.258253+00:00,freq,0,0,2500.0,4250.0,2500.0,900.0,0,,,,
2026-10-01T19:58:14.258253+00:00,freq,1,0,550.0,550.0,1200.0,550.0,0,,,,
2026-10-01T19:58:14.258253+00:00,power,0,0,,,,,,2346299731094,875936394933,0.0,
2026-10-01T19:58:15.271896+00:00,freq,0,0,2500.0,4250.0,2500.0,900.0,0,,,,
2026-10-01T19:58:15.271896+00:00,freq,1,0,550.0,550.0,1200.0,550.0,0,,,,
2026-10-01T19:58:15.271896+00:00,power,0,0,,,,,,2346299731094,875937408495,0.0,
2026-10-01T19:58:16.260423+00:00,freq,0,0,2500.0,4250.0,2500.0,900.0,0,,,,
2026-10-01T19:58:16.260423+00:00,freq,1,0,550.0,550.0,1200.0,550.0,0,,,,
2026-10-01T19:58:16.260423+00:00,power,0,0,,,,,,2346299731094,875938396995,0.0,
2026-10-01T19:58:17.254044+00:00,freq,0,0,1100.0,1100.0,2500.0,900.0,0,,,,
2026-10-01T19:58:17.254044+00:00,freq,1,0,550.0,550.0,1200.0,550.0,0,,,,
2026-10-01T19:58:17.254044+00:00,power,0,0,,,,,,2346299731094,875939390504,0.0,
2026-10-01T19:58:18.257760+00:00,freq,0,0,1100.0,1100.0,2500.0,900.0,0,,,,
2026-10-01T19:58:18.257760+00:00,freq,1,0,550.0,550.0,1200.0,550.0,0,,,,
2026-10-01T19:58:18.257760+00:00,power,0,0,,,,,,2346299733314,875940394334,0.0022115298407100804,
2026-10-01T19:58:19.261767+00:00,freq,0,0,1100.0,1100.0,2500.0,900.0,0,,,,
2026-10-01T19:58:19.261767+00:00,freq,1,0,550.0,550.0,1200.0,550.0,0,,,,
2026-10-01T19:58:19.261767+00:00,power,0,0,,,,,,2346299733314,875941398272,0.0,
2026-10-01T19:58:20.251120+00:00,freq,0,0,1100.0,1100.0,2500.0,900.0,0,,,,
2026-10-01T19:58:20.251120+00:00,freq,1,0,550.0,550.0,1200.0,550.0,0,,,,
2026-10-01T19:58:20.251120+00:00,power,0,0,,,,,,2346299733314,875942387661,0.0,
2026-10-01T19:58:21.255109+00:00,freq,0,0,1100.0,1100.0,2500.0,900.0,0,,,,
2026-10-01T19:58:21.255109+00:00,freq,1,0,550.0,550.0,1200.0,550.0,0,,,,
2026-10-01T19:58:21.255109+00:00,power,0,0,,,,,,2346299733314,875943391613,0.0,
2026-10-01T19:58:22.256663+00:00,freq,0,0,1100.0,1100.0,2500.0,900.0,0,,,,
2026-10-01T19:58:22.256663+00:00,freq,1,0,550.0,550.0,1200.0,550.0,0,,,,
2026-10-01T19:58:22.256663+00:00,power,0,0,,,,,,2346299733314,875944393040,0.0,
2026-10-01T19:58:23.258274+00:00,freq,0,0,1100.0,1100.0,2500.0,900.0,0,,,,
2026-10-01T19:58:23.258274+00:00,freq,1,0,550.0,550.0,1200.0,550.0,0,,,,
2026-10-01T19:58:23.258274+00:00,power,0,0,,,,,,2346299733558,875945394715,0.0002435919834277585,
2026-10-01T19:58:24.271042+00:00,freq,0,0,1100.0,1100.0,2500.0,900.0,0,,,,
2026-10-01T19:58:24.271042+00:00,freq,1,0,550.0,550.0,1200.0,550.0,0,,,,
2026-10-01T19:58:24.271042+00:00,power,0,0,,,,,,2346299733558,875946407447,0.0,
2026-10-01T19:58:25.267969+00:00,freq,0,0,1100.0,1100.0,2500.0,900.0,0,,,,
2026-10-01T19:58:25.267969+00:00,freq,1,0,550.0,550.0,1200.0,550.0,0,,,,
2026-10-01T19:58:25.267969+00:00,power,0,0,,,,,,2346299733558,875947404348,0.0,
2026-10-01T19:58:26.258435+00:00,freq,0,0,1100.0,1100.0,2500.0,900.0,0,,,,
2026-10-01T19:58:26.258435+00:00,freq,1,0,550.0,550.0,1200.0,550.0,0,,,,
2026-10-01T19:58:26.258435+00:00,power,0,0,,,,,,2346299733558,875948394625,0.0,
2026-10-01T19:58:27.271213+00:00,freq,0,0,1100.0,1100.0,2500.0,900.0,0,,,,
2026-10-01T19:58:27.271213+00:00,freq,1,0,550.0,550.0,1200.0,550.0,0,,,,
2026-10-01T19:58:27.271213+00:00,power,0,0,,,,,,2346299733558,875949407477,0.0,
2026-10-01T19:58:28.262740+00:00,freq,0,0,1100.0,1100.0,2500.0,900.0,0,,,,
2026-10-01T19:58:28.262740+00:00,freq,1,0,550.0,550.0,1200.0,550.0,0,,,,
2026-10-01T19:58:28.262740+00:00,power,0,0,,,,,,2346299733558,875950398881,0.0,
2026-10-01T19:58:29.259871+00:00,freq,0,0,1100.0,1100.0,2500.0,900.0,0,,,,
2026-10-01T19:58:29.259871+00:00,freq,1,0,550.0,550.0,1200.0,550.0,0,,,,
2026-10-01T19:58:29.259871+00:00,power,0,0,,,,,,2346299733558,875951396207,0.0,
2026-10-01T19:58:30.252829+00:00,freq,0,0,1100.0,1100.0,2500.0,900.0,0,,,,
2026-10-01T19:58:30.252829+00:00,freq,1,0,550.0,550.0,1200.0,550.0,0,,,,
2026-10-01T19:58:30.252829+00:00,power,0,0,,,,,,2346299733558,875952389017,0.0,
2026-10-01T19:58:31.262327+00:00,freq,0,0,1100.0,1100.0,2500.0,900.0,0,,,,
2026-10-01T19:58:31.262327+00:00,freq,1,0,550.0,550.0,1200.0,550.0,0,,,,
2026-10-01T19:58:31.262327+00:00,power,0,0,,,,,,2346299733558,875953398539,0.0,
2026-10-01T19:58:32.253788+00:00,freq,0,0,1100.0,1100.0,2500.0,900.0,0,,,,
2026-10-01T19:58:32.253788+00:00,freq,1,0,550.0,550.0,1200.0,550.0,0,,,,
2026-10-01T19:58:32.253788+00:00,power,0,0,,,,,,2346299733558,875954389944,0.0,
2026-10-01T19:58:33.258488+00:00,freq,0,0,1100.0,1100.0,2500.0,900.0,0,,,,
2026-10-01T19:58:33.258488+00:00,freq,1,0,550.0,550.0,1200.0,550.0,0,,,,
2026-10-01T19:58:33.258488+00:00,power,0,0,,,,,,2346299735229,875955394608,0.0016632426363440912,
2026-10-01T19:58:34.263166+00:00,freq,0,0,1100.0,1100.0,2500.0,900.0,0,,,,
2026-10-01T19:58:34.263166+00:00,freq,1,0,550.0,550.0,1200.0,550.0,0,,,,
2026-10-01T19:58:34.263166+00:00,power,0,0,,,,,,2346299735290,875956399450,6.070606125142062e-05,
2026-10-01T19:58:35.257260+00:00,freq,0,0,1100.0,1100.0,1750.0,900.0,0,,,,
2026-10-01T19:58:35.257260+00:00,freq,1,0,550.0,550.0,1200.0,550.0,0,,,,
2026-10-01T19:58:35.257260+00:00,power,0,0,,,,,,2346299735473,875957393308,0.00018413093218548325,
2026-10-01T19:58:36.268739+00:00,freq,0,0,1100.0,1100.0,2500.0,900.0,0,,,,
2026-10-01T19:58:36.268739+00:00,freq,1,0,550.0,550.0,1200.0,550.0,0,,,,
2026-10-01T19:58:36.268739+00:00,power,0,0,,,,,,2346299735473,875958404899,0.0,
2026-10-01T19:58:37.260177+00:00,freq,0,0,1100.0,1100.0,2500.0,900.0,0,,,,
2026-10-01T19:58:37.260177+00:00,freq,1,0,550.0,550.0,1200.0,550.0,0,,,,
2026-10-01T19:58:37.260177+00:00,power,0,0,,,,,,2346299736571,875959396361,0.0011074554546719895,
2026-10-01T19:58:38.251039+00:00,freq,0,0,1100.0,1100.0,2500.0,900.0,0,,,,
2026-10-01T19:58:38.251039+00:00,freq,1,0,550.0,550.0,1200.0,550.0,0,,,,
2026-10-01T19:58:38.251039+00:00,power,0,0,,,,,,2346299736571,875960387217,0.0,
2026-10-01T19:58:39.256959+00:00,freq,0,0,1100.0,1100.0,2500.0,900.0,0,,,,
2026-10-01T19:58:39.256959+00:00,freq,1,0,550.0,550.0,1200.0,550.0,0,,,,
2026-10-01T19:58:39.256959+00:00,power,0,0,,,,,,2346299736571,875961393149,0.0,
2026-10-01T19:58:40.260795+00:00,freq,0,0,1100.0,1100.0,2500.0,900.0,0,,,,
2026-10-01T19:58:40.260795+00:00,freq,1,0,550.0,550.0,1200.0,550.0,0,,,,
2026-10-01T19:58:40.260795+00:00,power,0,0,,,,,,2346299736571,875962396928,0.0,
2026-10-01T19:58:41.248868+00:00,freq,0,0,1100.0,1100.0,2500.0,900.0,0,,,,
2026-10-01T19:58:41.248868+00:00,freq,1,0,550.0,550.0,1200.0,550.0,0,,,,
2026-10-01T19:58:41.248868+00:00,power,0,0,,,,,,2346299736937,875963384995,0.000370420224539429,
2026-10-01T19:58:42.251065+00:00,freq,0,0,1100.0,1100.0,2500.0,900.0,0,,,,
2026-10-01T19:58:42.251065+00:00,freq,1,0,550.0,550.0,1200.0,550.0,0,,,,
2026-10-01T19:58:42.251065+00:00,power,0,0,,,,,,2346299736937,875964387024,0.0,
2026-10-01T19:58:43.263093+00:00,freq,0,0,2500.0,4250.0,2500.0,900.0,0,,,,
2026-10-01T19:58:43.263093+00:00,freq,1,0,550.0,550.0,1200.0,550.0,0,,,,
2026-10-01T19:58:43.263093+00:00,power,0,0,,,,,,2346320568259,875965399001,20.584778112546037,
2026-10-01T19:58:44.260067+00:00,freq,0,0,2500.0,4250.0,2500.0,900.0,0,,,,
2026-10-01T19:58:44.260067+00:00,freq,1,0,550.0,550.0,1200.0,550.0,0,,,,
2026-10-01T19:58:44.260067+00:00,power,0,0,,,,,,2346351569845,875966395881,31.098613674664954,
2026-10-01T19:58:45.250314+00:00,freq,0,0,2500.0,4250.0,2500.0,900.0,0,,,,
2026-10-01T19:58:45.250314+00:00,freq,1,0,550.0,550.0,1200.0,550.0,0,,,,
2026-10-01T19:58:45.250314+00:00,power,0,0,,,,,,2346378163106,875967386210,26.852955936865424,
2026-10-01T19:58:46.251431+00:00,freq,0,0,2500.0,4250.0,2500.0,900.0,0,,,,
2026-10-01T19:58:46.251431+00:00,freq,1,0,550.0,550.0,1200.0,550.0,0,,,,
2026-10-01T19:58:46.251431+00:00,power,0,0,,,,,,2346399241803,875968387304,21.055662105656413,
2026-10-01T19:58:47.261428+00:00,freq,0,0,2500.0,4250.0,2500.0,900.0,0,,,,
2026-10-01T19:58:47.261428+00:00,freq,1,0,550.0,550.0,1200.0,550.0,0,,,,
2026-10-01T19:58:47.261428+00:00,power,0,0,,,,,,2346420259526,875969397163,20.812532244600483,
2026-10-01T19:58:48.247291+00:00,freq,0,0,2500.0,4250.0,2500.0,900.0,0,,,,
2026-10-01T19:58:48.247291+00:00,freq,1,0,550.0,550.0,1200.0,550.0,0,,,,
2026-10-01T19:58:48.247291+00:00,power,0,0,,,,,,2346441049626,875970383110,21.086427566593336,
2026-10-01T19:58:49.262402+00:00,freq,0,0,2500.0,4250.0,2500.0,900.0,0,,,,
2026-10-01T19:58:49.262402+00:00,freq,1,0,550.0,550.0,1200.0,550.0,0,,,,
2026-10-01T19:58:49.262402+00:00,power,0,0,,,,,,2346462524197,875971398099,21.157442100357738,
2026-10-01T19:58:50.250567+00:00,freq,0,0,2500.0,4250.0,2500.0,900.0,0,,,,
2026-10-01T19:58:50.250567+00:00,freq,1,0,550.0,550.0,1200.0,550.0,0,,,,
2026-10-01T19:58:50.250567+00:00,power,0,0,,,,,,2346483436855,875972386324,21.161838650104986,
2026-10-01T19:58:51.257748+00:00,freq,0,0,2500.0,4250.0,2500.0,900.0,0,,,,
2026-10-01T19:58:51.257748+00:00,freq,1,0,550.0,550.0,1200.0,550.0,0,,,,
2026-10-01T19:58:51.257748+00:00,power,0,0,,,,,,2346504665210,875973393415,21.078884629095086,
2026-10-01T19:58:52.264511+00:00,freq,0,0,2500.0,4250.0,2500.0,900.0,0,,,,
2026-10-01T19:58:52.264511+00:00,freq,1,0,550.0,550.0,1200.0,550.0,0,,,,
2026-10-01T19:58:52.264511+00:00,power,0,0,,,,,,2346525829577,875974400057,21.02472080441706,
2026-10-01T19:58:53.250827+00:00,freq,0,0,2500.0,4250.0,2500.0,900.0,0,,,,
2026-10-01T19:58:53.250827+00:00,freq,1,0,550.0,550.0,1200.0,550.0,0,,,,
2026-10-01T19:58:53.250827+00:00,power,0,0,,,,,,2346526051744,875975386608,0.22519565638269082,
2026-10-01T19:58:54.253726+00:00,freq,0,0,2500.0,4250.0,2500.0,900.0,0,,,,
2026-10-01T19:58:54.253726+00:00,freq,1,0,550.0,550.0,1200.0,550.0,0,,,,
2026-10-01T19:58:54.253726+00:00,power,0,0,,,,,,2346526051744,875976389552,0.0,
2026-10-01T19:58:55.259306+00:00,freq,0,0,2500.0,4250.0,2500.0,900.0,0,,,,
2026-10-01T19:58:55.259306+00:00,freq,1,0,550.0,550.0,1200.0,550.0,0,,,,
2026-10-01T19:58:55.259306+00:00,power,0,0,,,,,,2346526051744,875977395098,0.0,
2026-10-01T19:58:56.259916+00:00,freq,0,0,2500.0,4250.0,2500.0,900.0,0,,,,
2026-10-01T19:58:56.259916+00:00,freq,1,0,550.0,550.0,1200.0,550.0,0,,,,
2026-10-01T19:58:56.259916+00:00,power,0,0,,,,,,2346526051744,875978395899,0.0,
2026-10-01T19:58:57.260366+00:00,freq,0,0,2500.0,4250.0,2500.0,900.0,0,,,,
2026-10-01T19:58:57.260366+00:00,freq,1,0,550.0,550.0,1200.0,550.0,0,,,,
2026-10-01T19:58:57.260366+00:00,power,0,0,,,,,,2346526052110,875979396534,0.0003657677374866959,
2026-10-01T19:58:58.260895+00:00,freq,0,0,2500.0,4250.0,2500.0,900.0,0,,,,
2026-10-01T19:58:58.260895+00:00,freq,1,0,550.0,550.0,1200.0,550.0,0,,,,
2026-10-01T19:58:58.260895+00:00,power,0,0,,,,,,2346526052110,875980396606,0.0,
2026-10-01T19:58:59.252940+00:00,freq,0,0,2500.0,4250.0,2500.0,1000.0,0,,,,
2026-10-01T19:58:59.252940+00:00,freq,1,0,550.0,550.0,1200.0,550.0,0,,,,
2026-10-01T19:58:59.252940+00:00,power,0,0,,,,,,2346526052110,875981388568,0.0,
2026-10-01T19:59:00.258247+00:00,freq,0,0,2500.0,4250.0,2500.0,900.0,0,,,,
2026-10-01T19:59:00.258247+00:00,freq,1,0,550.0,550.0,1200.0,550.0,0,,,,
2026-10-01T19:59:00.258247+00:00,power,0,0,,,,,,2346526052110,875982393922,0.0,
2026-10-01T19:59:01.270598+00:00,freq,0,0,2500.0,4250.0,2500.0,900.0,0,,,,
2026-10-01T19:59:01.270598+00:00,freq,1,0,550.0,550.0,1200.0,550.0,0,,,,
2026-10-01T19:59:01.270598+00:00,power,0,0,,,,,,2346526052110,875983406327,0.0,
2026-10-01T19:59:02.265911+00:00,freq,0,0,2500.0,4250.0,2500.0,900.0,0,,,,
2026-10-01T19:59:02.265911+00:00,freq,1,0,550.0,550.0,1200.0,550.0,0,,,,
2026-10-01T19:59:02.265911+00:00,power,0,0,,,,,,2346526052110,875984401585,0.0,
2026-10-01T19:59:03.258022+00:00,freq,0,0,1750.0,4250.0,1750.0,900.0,2,,,,
2026-10-01T19:59:03.258022+00:00,freq,1,0,550.0,550.0,1200.0,550.0,0,,,,
2026-10-01T19:59:03.258022+00:00,power,0,0,,,,,,2346526052110,875985393641,0.0,
2026-10-01T19:59:04.269562+00:00,freq,0,0,2500.0,4250.0,2500.0,900.0,0,,,,
2026-10-01T19:59:04.269562+00:00,freq,1,0,550.0,550.0,1200.0,550.0,0,,,,
2026-10-01T19:59:04.269562+00:00,power,0,0,,,,,,2346526052110,875986405162,0.0,
2026-10-01T19:59:05.260845+00:00,freq,0,0,2500.0,4250.0,2500.0,900.0,0,,,,
2026-10-01T19:59:05.260845+00:00,freq,1,0,550.0,550.0,1200.0,550.0,0,,,,
2026-10-01T19:59:05.260845+00:00,power,0,0,,,,,,2346526055124,875987396476,0.0030404089925089328,
2026-10-01T19:59:06.252268+00:00,freq,0,0,2500.0,4250.0,2500.0,900.0,0,,,,
2026-10-01T19:59:06.252268+00:00,freq,1,0,550.0,550.0,1200.0,550.0,0,,,,
2026-10-01T19:59:06.252268+00:00,power,0,0,,,,,,2346526055124,875988387891,0.0,
2026-10-01T19:59:07.258794+00:00,freq,0,0,2500.0,4250.0,2500.0,900.0,0,,,,
2026-10-01T19:59:07.258794+00:00,freq,1,0,550.0,550.0,1200.0,550.0,0,,,,
2026-10-01T19:59:07.258794+00:00,power,0,0,,,,,,2346526055124,875989394423,0.0,
2026-10-01T19:59:08.263619+00:00,freq,0,0,2500.0,4250.0,2500.0,900.0,0,,,,
2026-10-01T19:59:08.263619+00:00,freq,1,0,550.0,550.0,1200.0,550.0,0,,,,
2026-10-01T19:59:08.263619+00:00,power,0,0,,,,,,2346526055124,875990399241,0.0,
2026-10-01T19:59:09.251533+00:00,freq,0,0,2500.0,4250.0,2500.0,900.0,0,,,,
2026-10-01T19:59:09.251533+00:00,freq,1,0,550.0,550.0,1200.0,550.0,0,,,,
2026-10-01T19:59:09.251533+00:00,power,0,0,,,,,,2346526055124,875991387114,0.0,
2026-10-01T19:59:10.265960+00:00,freq,0,0,2500.0,4250.0,2500.0,900.0,0,,,,
2026-10-01T19:59:10.265960+00:00,freq,1,0,550.0,550.0,1200.0,550.0,0,,,,
2026-10-01T19:59:10.265960+00:00,power,0,0,,,,,,2346526055124,875992401392,0.0,
2026-10-01T19:59:11.256667+00:00,freq,0,0,2500.0,4250.0,2500.0,900.0,0,,,,
2026-10-01T19:59:11.256667+00:00,freq,1,0,550.0,550.0,1200.0,550.0,0,,,,
2026-10-01T19:59:11.256667+00:00,power,0,0,,,,,,2346526055124,875993392144,0.0,
2026-10-01T19:59:12.261823+00:00,freq,0,0,2500.0,4250.0,2500.0,900.0,0,,,,
2026-10-01T19:59:12.261823+00:00,freq,1,0,550.0,550.0,1200.0,550.0,0,,,,
2026-10-01T19:59:12.261823+00:00,power,0,0,,,,,,2346526055124,875994397284,0.0,
2026-10-01T19:59:13.257035+00:00,freq,0,0,2500.0,4250.0,2500.0,900.0,0,,,,
2026-10-01T19:59:13.257035+00:00,freq,1,0,550.0,550.0,1200.0,550.0,0,,,,
2026-10-01T19:59:13.257035+00:00,power,0,0,,,,,,2346526055124,875995392418,0.0,
2026-10-01T19:59:14.266293+00:00,freq,0,0,2500.0,4250.0,2500.0,900.0,0,,,,
2026-10-01T19:59:14.266293+00:00,freq,1,0,550.0,550.0,1200.0,550.0,0,,,,
2026-10-01T19:59:14.266293+00:00,power,0,0,,,,,,2346540695749,875996401378,14.510609934982556,
2026-10-01T19:59:15.255341+00:00,freq,0,0,2500.0,4250.0,2500.0,900.0,0,,,,
2026-10-01T19:59:15.255341+00:00,freq,1,0,550.0,550.0,1200.0,550.0,0,,,,
2026-10-01T19:59:15.255341+00:00,power,0,0,,,,,,2346572245980,875997390616,31.893468508084,
2026-10-01T19:59:16.255883+00:00,freq,0,0,2500.0,4250.0,2500.0,900.0,0,,,,
2026-10-01T19:59:16.255883+00:00,freq,1,0,550.0,550.0,1200.0,550.0,0,,,,
2026-10-01T19:59:16.255883+00:00,power,0,0,,,,,,2346601125520,875998391205,28.862539963961225,
2026-10-01T19:59:17.259837+00:00,freq,0,0,2500.0,4250.0,2500.0,900.0,0,,,,
2026-10-01T19:59:17.259837+00:00,freq,1,0,550.0,550.0,1200.0,550.0,0,,,,
2026-10-01T19:59:17.259837+00:00,power,0,0,,,,,,2346622089288,875999395101,20.882410130133003,
2026-10-01T19:59:18.266920+00:00,freq,0,0,2500.0,4250.0,2500.0,900.0,0,,,,
2026-10-01T19:59:18.266920+00:00,freq,1,0,550.0,550.0,1200.0,550.0,0,,,,
2026-10-01T19:59:18.266920+00:00,power,0,0,,,,,,2346643413163,876000402286,21.17175593361696,
2026-10-01T19:59:19.257654+00:00,freq,0,0,2500.0,4250.0,2500.0,900.0,0,,,,
2026-10-01T19:59:19.257654+00:00,freq,1,0,550.0,550.0,1200.0,550.0,0,,,,
2026-10-01T19:59:19.257654+00:00,power,0,0,,,,,,2346664492813,876001392752,21.282557907086158,
2026-10-01T19:59:20.263172+00:00,freq,0,0,2500.0,4250.0,2500.0,900.0,0,,,,
2026-10-01T19:59:20.263172+00:00,freq,1,0,550.0,550.0,1200.0,550.0,0,,,,
2026-10-01T19:59:20.263172+00:00,power,0,0,,,,,,2346685872780,876002398415,21.259574032255337,
2026-10-01T19:59:21.253018+00:00,freq,0,0,2500.0,4250.0,2500.0,900.0,0,,,,
2026-10-01T19:59:21.253018+00:00,freq,1,0,550.0,550.0,1200.0,550.0,0,,,,
2026-10-01T19:59:21.253018+00:00,power,0,0,,,,,,2346706884583,876003387981,21.23335179260403,
2026-10-01T19:59:22.256730+00:00,freq,0,0,2500.0,4250.0,2500.0,900.0,0,,,,
2026-10-01T19:59:22.256730+00:00,freq,1,0,550.0,550.0,1200.0,550.0,0,,,,
2026-10-01T19:59:22.256730+00:00,power,0,0,,,,,,2346728141907,876004391697,21.17862423235258,
2026-10-01T19:59:23.268021+00:00,freq,0,0,2500.0,4250.0,2500.0,900.0,0,,,,
2026-10-01T19:59:23.268021+00:00,freq,1,0,550.0,550.0,1200.0,550.0,0,,,,
2026-10-01T19:59:23.268021+00:00,power,0,0,,,,,,2346749419335,876005403094,21.03766176882075,
2026-10-01T19:59:24.262420+00:00,freq,0,0,2500.0,4250.0,2500.0,900.0,0,,,,
2026-10-01T19:59:24.262420+00:00,freq,1,0,550.0,550.0,1200.0,550.0,0,,,,
2026-10-01T19:59:24.262420+00:00,power,0,0,,,,,,2346753004540,876006397608,3.604981930872768,
2026-10-01T19:59:25.261044+00:00,freq,0,0,2500.0,4250.0,2500.0,900.0,0,,,,
2026-10-01T19:59:25.261044+00:00,freq,1,0,550.0,550.0,1200.0,550.0,0,,,,
2026-10-01T19:59:25.261044+00:00,power,0,0,,,,,,2346753004540,876007396195,0.0,
2026-10-01T19:59:26.261871+00:00,freq,0,0,2500.0,4250.0,2500.0,900.0,0,,,,
2026-10-01T19:59:26.261871+00:00,freq,1,0,550.0,550.0,1200.0,550.0,0,,,,
2026-10-01T19:59:26.261871+00:00,power,0,0,,,,,,2346753004540,876008396991,0.0,
2026-10-01T19:59:27.262565+00:00,freq,0,0,2500.0,4250.0,2500.0,900.0,0,,,,
2026-10-01T19:59:27.262565+00:00,freq,1,0,550.0,550.0,1200.0,550.0,0,,,,
2026-10-01T19:59:27.262565+00:00,power,0,0,,,,,,2346753004540,876009397676,0.0,
2026-10-01T19:59:28.252758+00:00,freq,0,0,2500.0,4250.0,2500.0,900.0,0,,,,
2026-10-01T19:59:28.252758+00:00,freq,1,0,550.0,550.0,1200.0,550.0,0,,,,
2026-10-01T19:59:28.252758+00:00,power,0,0,,,,,,2346753004540,876010387882,0.0,
2026-10-01T19:59:29.259929+00:00,freq,0,0,2500.0,4250.0,2500.0,900.0,0,,,,
2026-10-01T19:59:29.259929+00:00,freq,1,0,550.0,550.0,1200.0,550.0,0,,,,
2026-10-01T19:59:29.259929+00:00,power,0,0,,,,,,2346753004540,876011395046,0.0,
2026-10-01T19:59:30.274008+00:00,freq,0,0,2500.0,4250.0,2500.0,900.0,0,,,,
2026-10-01T19:59:30.274008+00:00,freq,1,0,550.0,550.0,1200.0,550.0,0,,,,
2026-10-01T19:59:30.274008+00:00,power,0,0,,,,,,2346753004540,876012409068,0.0,
2026-10-01T19:59:31.264626+00:00,freq,0,0,2500.0,4250.0,2500.0,900.0,0,,,,
2026-10-01T19:59:31.264626+00:00,freq,1,0,550.0,550.0,1200.0,550.0,0,,,,
2026-10-01T19:59:31.264626+00:00,power,0,0,,,,,,2346753004540,876013399705,0.0,
2026-10-01T19:59:32.253667+00:00,freq,0,0,2500.0,4250.0,2500.0,900.0,0,,,,
2026-10-01T19:59:32.253667+00:00,freq,1,0,550.0,550.0,1200.0,550.0,0,,,,
2026-10-01T19:59:32.253667+00:00,power,0,0,,,,,,2346753004540,876014388697,0.0,
2026-10-01T19:59:33.256131+00:00,freq,0,0,2500.0,4250.0,2500.0,900.0,0,,,,
2026-10-01T19:59:33.256131+00:00,freq,1,0,550.0,550.0,1200.0,550.0,0,,,,
2026-10-01T19:59:33.256131+00:00,power,0,0,,,,,,2346753004540,876015391063,0.0,
2026-10-01T19:59:34.261722+00:00,freq,0,0,2500.0,4250.0,2500.0,900.0,0,,,,
2026-10-01T19:59:34.261722+00:00,freq,1,0,550.0,550.0,1200.0,550.0,0,,,,
2026-10-01T19:59:34.261722+00:00,power,0,0,,,,,,2346753004540,876016396694,0.0,
2026-10-01T19:59:35.252808+00:00,freq,0,0,2500.0,4250.0,2500.0,900.0,0,,,,
2026-10-01T19:59:35.252808+00:00,freq,1,0,550.0,550.0,1200.0,550.0,0,,,,
2026-10-01T19:59:35.252808+00:00,power,0,0,,,,,,2346753004540,876017387801,0.0,
2026-10-01T19:59:36.256924+00:00,freq,0,0,2500.0,4250.0,2500.0,900.0,0,,,,
2026-10-01T19:59:36.256924+00:00,freq,1,0,550.0,550.0,1200.0,550.0,0,,,,
2026-10-01T19:59:36.256924+00:00,power,0,0,,,,,,2346753004540,876018391899,0.0,
2026-10-01T19:59:37.259634+00:00,freq,0,0,2500.0,4250.0,2500.0,900.0,0,,,,
2026-10-01T19:59:37.259634+00:00,freq,1,0,550.0,550.0,1200.0,550.0,0,,,,
2026-10-01T19:59:37.259634+00:00,power,0,0,,,,,,2346753004540,876019394552,0.0,
2026-10-01T19:59:38.266747+00:00,freq,0,0,2500.0,4250.0,2500.0,900.0,0,,,,
2026-10-01T19:59:38.266747+00:00,freq,1,0,550.0,550.0,1200.0,550.0,0,,,,
2026-10-01T19:59:38.266747+00:00,power,0,0,,,,,,2346753004540,876020401625,0.0,
2026-10-01T19:59:39.258456+00:00,freq,0,0,2500.0,4250.0,2500.0,900.0,0,,,,
2026-10-01T19:59:39.258456+00:00,freq,1,0,550.0,550.0,1200.0,550.0,0,,,,
2026-10-01T19:59:39.258456+00:00,power,0,0,,,,,,2346753004540,876021393245,0.0,
2026-10-01T19:59:40.263958+00:00,freq,0,0,2500.0,4250.0,2500.0,900.0,0,,,,
2026-10-01T19:59:40.263958+00:00,freq,1,0,550.0,550.0,1200.0,550.0,0,,,,
2026-10-01T19:59:40.263958+00:00,power,0,0,,,,,,2346753004784,876022398659,0.00024268609746830658,
2026-10-01T19:59:41.254973+00:00,freq,0,0,2500.0,4250.0,2500.0,900.0,0,,,,
2026-10-01T19:59:41.254973+00:00,freq,1,0,550.0,550.0,1200.0,550.0,0,,,,
2026-10-01T19:59:41.254973+00:00,power,0,0,,,,,,2346753004784,876023389860,0.0,
2026-10-01T19:59:42.265168+00:00,freq,0,0,2500.0,4250.0,2500.0,900.0,0,,,,
2026-10-01T19:59:42.265168+00:00,freq,1,0,550.0,550.0,1200.0,550.0,0,,,,
2026-10-01T19:59:42.265168+00:00,power,0,0,,,,,,2346753004784,876024399957,0.0,
2026-10-01T19:59:43.259555+00:00,freq,0,0,2500.0,4250.0,2500.0,900.0,0,,,,
2026-10-01T19:59:43.259555+00:00,freq,1,0,550.0,550.0,1200.0,550.0,0,,,,
2026-10-01T19:59:43.259555+00:00,power,0,0,,,,,,2346753004784,876025394214,0.0,
2026-10-01T19:59:44.261881+00:00,freq,0,0,2500.0,4250.0,2500.0,900.0,0,,,,
2026-10-01T19:59:44.261881+00:00,freq,1,0,550.0,550.0,1200.0,550.0,0,,,,
2026-10-01T19:59:44.261881+00:00,power,0,0,,,,,,2346753005089,876026396658,0.00030425639736484034,
2026-10-01T19:59:45.254053+00:00,freq,0,0,2500.0,4250.0,2500.0,900.0,0,,,,
2026-10-01T19:59:45.254053+00:00,freq,1,0,550.0,550.0,1200.0,550.0,0,,,,
2026-10-01T19:59:45.254053+00:00,power,0,0,,,,,,2346753005089,876027388860,0.0,
2026-10-01T19:59:46.261723+00:00,freq,0,0,2500.0,4250.0,2500.0,900.0,0,,,,
2026-10-01T19:59:46.261723+00:00,freq,1,0,550.0,550.0,1200.0,550.0,0,,,,
2026-10-01T19:59:46.261723+00:00,power,0,0,,,,,,2346753006455,876028396531,0.0013556011833227312,
2026-10-01T19:59:47.252053+00:00,freq,0,0,900.0,900.0,2500.0,900.0,0,,,,
2026-10-01T19:59:47.252053+00:00,freq,1,0,550.0,550.0,1200.0,550.0,0,,,,
2026-10-01T19:59:47.252053+00:00,power,0,0,,,,,,2346753007614,876029386823,0.0011703618730637025,
2026-10-01T19:59:48.258795+00:00,freq,0,0,900.0,900.0,2500.0,900.0,0,,,,
2026-10-01T19:59:48.258795+00:00,freq,1,0,550.0,550.0,1200.0,550.0,0,,,,
2026-10-01T19:59:48.258795+00:00,power,0,0,,,,,,2346753007614,876030393536,0.0,
2026-10-01T19:59:49.261229+00:00,freq,0,0,900.0,900.0,2500.0,950.0,0,,,,
2026-10-01T19:59:49.261229+00:00,freq,1,0,550.0,550.0,1200.0,550.0,0,,,,
2026-10-01T19:59:49.261229+00:00,power,0,0,,,,,,2346753007614,876031395708,0.0,
2026-10-01T19:59:50.251785+00:00,freq,0,0,2300.0,4250.0,2300.0,900.0,2,,,,
2026-10-01T19:59:50.251785+00:00,freq,1,0,550.0,550.0,1200.0,550.0,0,,,,
2026-10-01T19:59:50.251785+00:00,power,0,0,,,,,,2346759566024,876032386131,6.621827239472427,
2026-10-01T19:59:51.253652+00:00,freq,0,0,2500.0,4250.0,2500.0,900.0,0,,,,
2026-10-01T19:59:51.253652+00:00,freq,1,0,550.0,550.0,1200.0,550.0,0,,,,
2026-10-01T19:59:51.253652+00:00,power,0,0,,,,,,2346791470344,876033388083,31.842164095685224,
2026-10-01T19:59:52.267772+00:00,freq,0,0,2500.0,4250.0,2500.0,900.0,0,,,,
2026-10-01T19:59:52.267772+00:00,freq,1,0,550.0,550.0,1200.0,550.0,0,,,,
2026-10-01T19:59:52.267772+00:00,power,0,0,,,,,,2346821381415,876034402267,29.492745892264125,
2026-10-01T19:59:53.252950+00:00,freq,0,0,2500.0,4250.0,2500.0,900.0,0,,,,
2026-10-01T19:59:53.252950+00:00,freq,1,0,550.0,550.0,1200.0,550.0,0,,,,
2026-10-01T19:59:53.252950+00:00,power,0,0,,,,,,2346848633551,876035387834,27.651226146979354,
2026-10-01T19:59:54.259041+00:00,freq,0,0,2500.0,4250.0,2500.0,900.0,0,,,,
2026-10-01T19:59:54.259041+00:00,freq,1,0,550.0,550.0,1200.0,550.0,0,,,,
2026-10-01T19:59:54.259041+00:00,power,0,0,,,,,,2346875174223,876036393301,26.3963630830251,
2026-10-01T19:59:55.266111+00:00,freq,0,0,2500.0,4250.0,2500.0,900.0,0,,,,
2026-10-01T19:59:55.266111+00:00,freq,1,0,550.0,550.0,1200.0,550.0,0,,,,
2026-10-01T19:59:55.266111+00:00,power,0,0,,,,,,2346900324613,876037400556,24.96923817702568,
2026-10-01T19:59:56.252965+00:00,freq,0,0,2500.0,4250.0,2500.0,900.0,0,,,,
2026-10-01T19:59:56.252965+00:00,freq,1,0,550.0,550.0,1200.0,550.0,0,,,,
2026-10-01T19:59:56.252965+00:00,power,0,0,,,,,,2346923768643,876038387387,23.756884410805903,
2026-10-01T19:59:57.268090+00:00,freq,0,0,2500.0,4250.0,2500.0,900.0,0,,,,
2026-10-01T19:59:57.268090+00:00,freq,1,0,550.0,550.0,1200.0,550.0,0,,,,
2026-10-01T19:59:57.268090+00:00,power,0,0,,,,,,2346945450955,876039402433,21.360915662935472,
2026-10-01T19:59:58.259284+00:00,freq,0,0,2500.0,4250.0,2500.0,900.0,0,,,,
2026-10-01T19:59:58.259284+00:00,freq,1,0,550.0,550.0,1200.0,600.0,0,,,,
2026-10-01T19:59:58.259284+00:00,power,0,0,,,,,,2346964296254,876040393643,19.012418155587614,
2026-10-01T19:59:59.265895+00:00,freq,0,0,2500.0,4250.0,2500.0,900.0,0,,,,
2026-10-01T19:59:59.265895+00:00,freq,1,0,600.0,600.0,1200.0,550.0,0,,,,
2026-10-01T19:59:59.265895+00:00,power,0,0,,,,,,2346983521656,876041400254,19.09913760131769,
2026-10-01T20:00:00.256255+00:00,freq,0,0,2500.0,4250.0,2500.0,900.0,0,,,,
2026-10-01T20:00:00.256255+00:00,freq,1,0,550.0,550.0,1200.0,550.0,0,,,,
2026-10-01T20:00:00.256255+00:00,power,0,0,,,,,,2347002504345,876042390701,19.165779693411157,
2026-10-01T20:00:01.262224+00:00,freq,0,0,2500.0,4250.0,2500.0,900.0,0,,,,
2026-10-01T20:00:01.262224+00:00,freq,1,0,550.0,550.0,1200.0,550.0,0,,,,
2026-10-01T20:00:01.262224+00:00,power,0,0,,,,,,2347021756359,876043396443,19.14210006144717,
2026-10-01T20:00:02.260847+00:00,freq,0,0,2500.0,4250.0,2500.0,900.0,0,,,,
2026-10-01T20:00:02.260847+00:00,freq,1,0,550.0,550.0,1200.0,600.0,0,,,,
2026-10-01T20:00:02.260847+00:00,power,0,0,,,,,,2347040841075,876044395207,19.10833390070127,
2026-10-01T20:00:03.275067+00:00,freq,0,0,2500.0,4250.0,2500.0,900.0,0,,,,
2026-10-01T20:00:03.275067+00:00,freq,1,0,600.0,600.0,1200.0,550.0,0,,,,
2026-10-01T20:00:03.275067+00:00,power,0,0,,,,,,2347060110263,876045409332,19.000801676321952,
2026-10-01T20:00:04.274301+00:00,freq,0,0,2500.0,4250.0,2500.0,900.0,0,,,,
2026-10-01T20:00:04.274301+00:00,freq,1,0,550.0,550.0,1200.0,550.0,0,,,,
2026-10-01T20:00:04.274301+00:00,power,0,0,,,,,,2347078969699,876046408507,18.87500788150224,
2026-10-01T20:00:05.272520+00:00,freq,0,0,2500.0,4250.0,2500.0,900.0,0,,,,
2026-10-01T20:00:05.272520+00:00,freq,1,0,550.0,550.0,1200.0,600.0,0,,,,
2026-10-01T20:00:05.272520+00:00,power,0,0,,,,,,2347097782466,876047406753,18.845822572792677,
2026-10-01T20:00:06.262210+00:00,freq,0,0,2500.0,4250.0,2500.0,900.0,0,,,,
2026-10-01T20:00:06.262210+00:00,freq,1,0,600.0,600.0,1200.0,550.0,0,,,,
2026-10-01T20:00:06.262210+00:00,power,0,0,,,,,,2347102321711,876048396669,4.58548503105314,
2026-10-01T20:00:07.253657+00:00,freq,0,0,2500.0,4250.0,2500.0,900.0,0,,,,
2026-10-01T20:00:07.253657+00:00,freq,1,0,550.0,550.0,1200.0,550.0,0,,,,
2026-10-01T20:00:07.253657+00:00,power,0,0,,,,,,2347102321711,876049388095,0.0,
2026-10-01T20:00:08.268148+00:00,freq,0,0,2500.0,4250.0,2500.0,900.0,0,,,,
2026-10-01T20:00:08.268148+00:00,freq,1,0,550.0,550.0,1200.0,550.0,0,,,,
2026-10-01T20:00:08.268148+00:00,power,0,0,,,,,,2347102321711,876050402434,0.0,
2026-10-01T20:00:09.267434+00:00,freq,0,0,2500.0,4250.0,2500.0,900.0,0,,,,
2026-10-01T20:00:09.267434+00:00,freq,1,0,550.0,550.0,1200.0,550.0,0,,,,
2026-10-01T20:00:09.267434+00:00,power,0,0,,,,,,2347102321711,876051401672,0.0,
2026-10-01T20:00:10.255492+00:00,freq,0,0,2500.0,4250.0,2500.0,900.0,0,,,,
2026-10-01T20:00:10.255492+00:00,freq,1,0,550.0,550.0,1200.0,550.0,0,,,,
2026-10-01T20:00:10.255492+00:00,power,0,0,,,,,,2347102321711,876052389840,0.0,
2026-10-01T20:00:11.270833+00:00,freq,0,0,2500.0,4250.0,2500.0,900.0,0,,,,
2026-10-01T20:00:11.270833+00:00,freq,1,0,550.0,550.0,1200.0,550.0,0,,,,
2026-10-01T20:00:11.270833+00:00,power,0,0,,,,,,2347102321711,876053405064,0.0,
2026-10-01T20:00:12.257577+00:00,freq,0,0,2500.0,4250.0,2500.0,900.0,0,,,,
2026-10-01T20:00:12.257577+00:00,freq,1,0,550.0,550.0,1200.0,550.0,0,,,,
2026-10-01T20:00:12.257577+00:00,power,0,0,,,,,,2347102321711,876054391713,0.0,
2026-10-01T20:00:13.263824+00:00,freq,0,0,2500.0,4250.0,2500.0,900.0,0,,,,
2026-10-01T20:00:13.263824+00:00,freq,1,0,550.0,550.0,1200.0,550.0,0,,,,
2026-10-01T20:00:13.263824+00:00,power,0,0,,,,,,2347102321711,876055398011,0.0,
2026-10-01T20:00:14.255735+00:00,freq,0,0,2500.0,4250.0,2500.0,900.0,0,,,,
2026-10-01T20:00:14.255735+00:00,freq,1,0,550.0,550.0,1200.0,550.0,0,,,,
2026-10-01T20:00:14.255735+00:00,power,0,0,,,,,,2347102321711,876056389951,0.0,
2026-10-01T20:00:15.261123+00:00,freq,0,0,2500.0,4250.0,2500.0,900.0,0,,,,
2026-10-01T20:00:15.261123+00:00,freq,1,0,550.0,550.0,1200.0,550.0,0,,,,
2026-10-01T20:00:15.261123+00:00,power,0,0,,,,,,2347102321711,876057395298,0.0,
2026-10-01T20:00:16.268560+00:00,freq,0,0,2500.0,4250.0,2500.0,900.0,0,,,,
2026-10-01T20:00:16.268560+00:00,freq,1,0,550.0,550.0,1200.0,550.0,0,,,,
2026-10-01T20:00:16.268560+00:00,power,0,0,,,,,,2347102321711,876058402648,0.0,
2026-10-01T20:00:17.256067+00:00,freq,0,0,1250.0,1250.0,2500.0,900.0,0,,,,
2026-10-01T20:00:17.256067+00:00,freq,1,0,550.0,550.0,1200.0,550.0,0,,,,
2026-10-01T20:00:17.256067+00:00,power,0,0,,,,,,2347102323565,876059390307,0.0018771661069255684,
2026-10-01T20:00:18.257775+00:00,freq,0,0,1250.0,1250.0,2500.0,900.0,0,,,,
2026-10-01T20:00:18.257775+00:00,freq,1,0,550.0,550.0,1200.0,550.0,0,,,,
2026-10-01T20:00:18.257775+00:00,power,0,0,,,,,,2347102323565,876060391814,0.0,
2026-10-01T20:00:19.263226+00:00,freq,0,0,1250.0,1250.0,2500.0,900.0,0,,,,
2026-10-01T20:00:19.263226+00:00,freq,1,0,550.0,550.0,1200.0,550.0,0,,,,
2026-10-01T20:00:19.263226+00:00,power,0,0,,,,,,2347102323565,876061397406,0.0,
2026-10-01T20:00:20.256371+00:00,freq,0,0,1250.0,1250.0,2500.0,900.0,0,,,,
2026-10-01T20:00:20.256371+00:00,freq,1,0,550.0,550.0,1200.0,550.0,0,,,,
2026-10-01T20:00:20.256371+00:00,power,0,0,,,,,,2347102323565,876062390453,0.0,
2026-10-01T20:00:21.260230+00:00,freq,0,0,1250.0,1250.0,2500.0,900.0,0,,,,
2026-10-01T20:00:21.260230+00:00,freq,1,0,550.0,550.0,1200.0,550.0,0,,,,
2026-10-01T20:00:21.260230+00:00,power,0,0,,,,,,2347102324907,876063394366,0.0013367692220341803,
2026-10-01T20:00:22.274590+00:00,freq,0,0,1250.0,1250.0,2500.0,900.0,0,,,,
2026-10-01T20:00:22.274590+00:00,freq,1,0,550.0,550.0,1200.0,550.0,0,,,,
2026-10-01T20:00:22.274590+00:00,power,0,0,,,,,,2347102324907,876064408558,0.0,
2026-10-01T20:00:23.265735+00:00,freq,0,0,1250.0,1250.0,2500.0,900.0,0,,,,
2026-10-01T20:00:23.265735+00:00,freq,1,0,550.0,550.0,1200.0,550.0,0,,,,
2026-10-01T20:00:23.265735+00:00,power,0,0,,,,,,2347102324907,876065399718,0.0,
2026-10-01T20:00:24.264413+00:00,freq,0,0,1250.0,1250.0,2500.0,900.0,0,,,,
2026-10-01T20:00:24.264413+00:00,freq,1,0,550.0,550.0,1200.0,550.0,0,,,,
2026-10-01T20:00:24.264413+00:00,power,0,0,,,,,,2347102324907,876066398278,0.0,
2026-10-01T20:00:25.250600+00:00,freq,0,0,1250.0,1250.0,2500.0,900.0,0,,,,
2026-10-01T20:00:25.250600+00:00,freq,1,0,550.0,550.0,1200.0,550.0,0,,,,
2026-10-01T20:00:25.250600+00:00,power,0,0,,,,,,2347102324907,876067384558,0.0,
2026-10-01T20:00:26.250843+00:00,freq,0,0,1250.0,1250.0,2500.0,900.0,0,,,,
2026-10-01T20:00:26.250843+00:00,freq,1,0,550.0,550.0,1200.0,550.0,0,,,,
2026-10-01T20:00:26.250843+00:00,power,0,0,,,,,,2347102324907,876068385340,0.0,
2026-10-01T20:00:27.254797+00:00,freq,0,0,1250.0,1250.0,2500.0,900.0,0,,,,
2026-10-01T20:00:27.254797+00:00,freq,1,0,550.0,550.0,1200.0,550.0,0,,,,
2026-10-01T20:00:27.254797+00:00,power,0,0,,,,,,2347102324907,876069388674,0.0,
2026-10-01T20:00:28.267151+00:00,freq,0,0,1250.0,1250.0,2500.0,900.0,0,,,,
2026-10-01T20:00:28.267151+00:00,freq,1,0,550.0,550.0,1200.0,550.0,0,,,,
2026-10-01T20:00:28.267151+00:00,power,0,0,,,,,,2347102324907,876070400914,0.0,
2026-10-01T20:00:29.256726+00:00,freq,0,0,1250.0,1250.0,2500.0,900.0,0,,,,
2026-10-01T20:00:29.256726+00:00,freq,1,0,550.0,550.0,1200.0,550.0,0,,,,
2026-10-01T20:00:29.256726+00:00,power,0,0,,,,,,2347102325090,876071390454,0.00018493441397012753,
2026-10-01T20:00:30.257839+00:00,freq,0,0,2500.0,4250.0,2500.0,1000.0,0,,,,
2026-10-01T20:00:30.257839+00:00,freq,1,0,550.0,550.0,1200.0,550.0,0,,,,
2026-10-01T20:00:30.257839+00:00,power,0,0,,,,,,2347102331277,876072391631,0.0061797264619542795,
2026-10-01T20:00:31.262856+00:00,freq,0,0,2500.0,4250.0,2500.0,900.0,0,,,,
2026-10-01T20:00:31.262856+00:00,freq,1,0,550.0,550.0,1200.0,550.0,0,,,,
2026-10-01T20:00:31.262856+00:00,power,0,0,,,,,,2347105781411,876073396683,3.4327915371542965,
2026-10-01T20:00:32.255104+00:00,freq,0,0,2500.0,4250.0,2500.0,1000.0,0,,,,
2026-10-01T20:00:32.255104+00:00,freq,1,0,550.0,550.0,1200.0,550.0,0,,,,
2026-10-01T20:00:32.255104+00:00,power,0,0,,,,,,2347105826943,876074388836,0.04589211542977746,
2026-10-01T20:00:33.255801+00:00,freq,0,0,2500.0,4250.0,2500.0,900.0,0,,,,
2026-10-01T20:00:33.255801+00:00,freq,1,0,550.0,550.0,1200.0,550.0,0,,,,
2026-10-01T20:00:33.255801+00:00,power,0,0,,,,,,2347108287476,876075389633,2.458573516907025,
2026-10-01T20:00:34.268217+00:00,freq,0,0,2500.0,4250.0,2500.0,900.0,0,,,,
2026-10-01T20:00:34.268217+00:00,freq,1,0,550.0,550.0,1200.0,550.0,0,,,,
2026-10-01T20:00:34.268217+00:00,power,0,0,,,,,,2347114928528,876076402983,6.553561947994276,
2026-10-01T20:00:35.262578+00:00,freq,0,0,2500.0,4250.0,2500.0,900.0,0,,,,
2026-10-01T20:00:35.262578+00:00,freq,1,0,550.0,550.0,1200.0,550.0,0,,,,
2026-10-01T20:00:35.262578+00:00,power,0,0,,,,,,2347114952819,876077396248,0.024455709201471915,
2026-10-01T20:00:36.252089+00:00,freq,0,0,2500.0,4250.0,2500.0,900.0,0,,,,
2026-10-01T20:00:36.252089+00:00,freq,1,0,550.0,550.0,1200.0,550.0,0,,,,
2026-10-01T20:00:36.252089+00:00,power,0,0,,,,,,2347114952819,876078385935,0.0,
2026-10-01T20:00:37.256728+00:00,freq,0,0,2500.0,4250.0,2500.0,900.0,0,,,,
2026-10-01T20:00:37.256728+00:00,freq,1,0,550.0,550.0,1200.0,550.0,0,,,,
2026-10-01T20:00:37.256728+00:00,power,0,0,,,,,,2347114954124,876079390477,0.0012990994901158936,
2026-10-01T20:00:38.263217+00:00,freq,0,0,2500.0,4250.0,2500.0,900.0,0,,,,
2026-10-01T20:00:38.263217+00:00,freq,1,0,550.0,550.0,1200.0,550.0,0,,,,
2026-10-01T20:00:38.263217+00:00,power,0,0,,,,,,2347114954124,876080396986,0.0,
2026-10-01T20:00:39.258647+00:00,freq,0,0,2500.0,4250.0,2500.0,900.0,0,,,,
2026-10-01T20:00:39.258647+00:00,freq,1,0,550.0,550.0,1200.0,550.0,0,,,,
2026-10-01T20:00:39.258647+00:00,power,0,0,,,,,,2347114954124,876081392271,0.0,
2026-10-01T20:00:40.265206+00:00,freq,0,0,2500.0,4250.0,2500.0,900.0,0,,,,
2026-10-01T20:00:40.265206+00:00,freq,1,0,550.0,550.0,1200.0,550.0,0,,,,
2026-10-01T20:00:40.265206+00:00,power,0,0,,,,,,2347114954124,876082398848,0.0,
2026-10-01T20:00:41.252220+00:00,freq,0,0,2500.0,4250.0,2500.0,900.0,0,,,,
2026-10-01T20:00:41.252220+00:00,freq,1,0,550.0,550.0,1200.0,550.0,0,,,,
2026-10-01T20:00:41.252220+00:00,power,0,0,,,,,,2347114954124,876083385807,0.0,
2026-10-01T20:00:42.267388+00:00,freq,0,0,2500.0,4250.0,2500.0,900.0,0,,,,
2026-10-01T20:00:42.267388+00:00,freq,1,0,550.0,550.0,1200.0,550.0,0,,,,
2026-10-01T20:00:42.267388+00:00,power,0,0,,,,,,2347121650657,876084400834,6.597393960948822,
2026-10-01T20:00:43.254534+00:00,freq,0,0,2500.0,4250.0,2500.0,900.0,0,,,,
2026-10-01T20:00:43.254534+00:00,freq,1,0,550.0,550.0,1200.0,550.0,0,,,,
2026-10-01T20:00:43.254534+00:00,power,0,0,,,,,,2347154339927,876085388024,33.11345333725018,
2026-10-01T20:00:44.263844+00:00,freq,0,0,2500.0,4250.0,2500.0,900.0,0,,,,
2026-10-01T20:00:44.263844+00:00,freq,1,0,550.0,550.0,1200.0,600.0,0,,,,
2026-10-01T20:00:44.263844+00:00,power,0,0,,,,,,2347184699569,876086397307,30.08040559486289,
2026-10-01T20:00:45.251963+00:00,freq,0,0,2500.0,4250.0,2500.0,900.0,0,,,,
2026-10-01T20:00:45.251963+00:00,freq,1,0,600.0,600.0,1200.0,550.0,0,,,,
2026-10-01T20:00:45.251963+00:00,power,0,0,,,,,,2347212393440,876087385192,28.033496813900403,
2026-10-01T20:00:46.253232+00:00,freq,0,0,2500.0,4250.0,2500.0,900.0,0,,,,
2026-10-01T20:00:46.253232+00:00,freq,1,0,550.0,550.0,1200.0,550.0,0,,,,
2026-10-01T20:00:46.253232+00:00,power,0,0,,,,,,2347238465766,876088386417,26.04042647756498,
2026-10-01T20:00:47.263290+00:00,freq,0,0,2500.0,4250.0,2500.0,900.0,0,,,,
2026-10-01T20:00:47.263290+00:00,freq,1,0,550.0,550.0,1200.0,550.0,0,,,,
2026-10-01T20:00:47.263290+00:00,power,0,0,,,,,,2347263595489,876089396655,24.875052215418545,
2026-10-01T20:00:48.253005+00:00,freq,0,0,2500.0,4250.0,2500.0,900.0,0,,,,
2026-10-01T20:00:48.253005+00:00,freq,1,0,550.0,550.0,1200.0,550.0,0,,,,
2026-10-01T20:00:48.253005+00:00,power,0,0,,,,,,2347287095207,876090386351,23.74438009247284,
2026-10-01T20:00:49.260760+00:00,freq,0,0,2500.0,4250.0,2500.0,900.0,0,,,,
2026-10-01T20:00:49.260760+00:00,freq,1,0,550.0,550.0,1200.0,550.0,0,,,,
2026-10-01T20:00:49.260760+00:00,power,0,0,,,,,,2347308739799,876091394224,21.47551526829273,
2026-10-01T20:00:50.264947+00:00,freq,0,0,2500.0,4250.0,2500.0,900.0,0,,,,
2026-10-01T20:00:50.264947+00:00,freq,1,0,550.0,550.0,1200.0,550.0,0,,,,
2026-10-01T20:00:50.264947+00:00,power,0,0,,,,,,2347327858024,876092398167,19.043137907231785,
2026-10-01T20:00:51.251642+00:00,freq,0,0,2500.0,4250.0,2500.0,900.0,0,,,,
2026-10-01T20:00:51.251642+00:00,freq,1,0,550.0,550.0,1200.0,550.0,0,,,,
2026-10-01T20:00:51.251642+00:00,power,0,0,,,,,,2347346720962,876093385012,19.114387771129206,
2026-10-01T20:00:52.256763+00:00,freq,0,0,2500.0,4250.0,2500.0,900.0,0,,,,
2026-10-01T20:00:52.256763+00:00,freq,1,0,550.0,550.0,1200.0,550.0,0,,,,
2026-10-01T20:00:52.256763+00:00,power,0,0,,,,,,2347365919960,876094389959,19.10448809738225,
2026-10-01T20:00:53.266498+00:00,freq,0,0,2500.0,4250.0,2500.0,900.0,0,,,,
2026-10-01T20:00:53.266498+00:00,freq,1,0,550.0,550.0,1200.0,550.0,0,,,,
2026-10-01T20:00:53.266498+00:00,power,0,0,,,,,,2347385134338,876095399586,19.031164974787718,
2026-10-01T20:00:54.265543+00:00,freq,0,0,2500.0,4250.0,2500.0,900.0,0,,,,
2026-10-01T20:00:54.265543+00:00,freq,1,0,550.0,550.0,1200.0,600.0,0,,,,
2026-10-01T20:00:54.265543+00:00,power,0,0,,,,,,2347404149657,876096398758,19.03107673153371,
2026-10-01T20:00:55.254851+00:00,freq,0,0,2500.0,4250.0,2500.0,900.0,0,,,,
2026-10-01T20:00:55.254851+00:00,freq,1,0,600.0,600.0,1200.0,600.0,0,,,,
2026-10-01T20:00:55.254851+00:00,power,0,0,,,,,,2347422858420,876097388153,18.909296084981225,
2026-10-01T20:00:56.260414+00:00,freq,0,0,2500.0,4250.0,2500.0,900.0,0,,,,
2026-10-01T20:00:56.260414+00:00,freq,1,0,600.0,600.0,1200.0,600.0,0,,,,
2026-10-01T20:00:56.260414+00:00,power,0,0,,,,,,2347441906088,876098393693,18.942725301827874,
2026-10-01T20:00:57.266999+00:00,freq,0,0,2500.0,4250.0,2500.0,900.0,0,,,,
2026-10-01T20:00:57.266999+00:00,freq,1,0,600.0,600.0,1200.0,600.0,0,,,,
2026-10-01T20:00:57.266999+00:00,power,0,0,,,,,,2347460898848,876099400269,18.868679563192448,
2026-10-01T20:00:58.258952+00:00,freq,0,0,2500.0,4250.0,2500.0,900.0,0,,,,
2026-10-01T20:00:58.258952+00:00,freq,1,0,600.0,600.0,1200.0,550.0,0,,,,
2026-10-01T20:00:58.258952+00:00,power,0,0,,,,,,2347465108222,876100392295,4.243209351367807,
2026-10-01T20:00:59.265244+00:00,freq,0,0,2500.0,4250.0,2500.0,900.0,0,,,,
2026-10-01T20:00:59.265244+00:00,freq,1,0,550.0,550.0,1200.0,550.0,0,,,,
2026-10-01T20:00:59.265244+00:00,power,0,0,,,,,,2347465108466,876101398560,0.00024248085742821225,
2026-10-01T20:01:00.261852+00:00,freq,0,0,2500.0,4250.0,2500.0,950.0,0,,,,
2026-10-01T20:01:00.261852+00:00,freq,1,0,550.0,550.0,1200.0,550.0,0,,,,
2026-10-01T20:01:00.261852+00:00,power,0,0,,,,,,2347465108466,876102395085,0.0,
2026-10-01T20:01:01.274635+00:00,freq,0,0,2500.0,4250.0,2500.0,900.0,0,,,,
2026-10-01T20:01:01.274635+00:00,freq,1,0,550.0,550.0,1200.0,550.0,0,,,,
2026-10-01T20:01:01.274635+00:00,power,0,0,,,,,,2347465108466,876103407806,0.0,
2026-10-01T20:01:02.267007+00:00,freq,0,0,2500.0,4250.0,2500.0,900.0,0,,,,
2026-10-01T20:01:02.267007+00:00,freq,1,0,550.0,550.0,1200.0,550.0,0,,,,
2026-10-01T20:01:02.267007+00:00,power,0,0,,,,,,2347465108466,876104400184,0.0,
2026-10-01T20:01:03.255754+00:00,freq,0,0,2500.0,4250.0,2500.0,900.0,0,,,,
2026-10-01T20:01:03.255754+00:00,freq,1,0,550.0,550.0,1200.0,550.0,0,,,,
2026-10-01T20:01:03.255754+00:00,power,0,0,,,,,,2347465108466,876105388761,0.0,
2026-10-01T20:01:04.260303+00:00,freq,0,0,2500.0,4250.0,2500.0,900.0,0,,,,
2026-10-01T20:01:04.260303+00:00,freq,1,0,550.0,550.0,1200.0,550.0,0,,,,
2026-10-01T20:01:04.260303+00:00,power,0,0,,,,,,2347465108466,876106393444,0.0,
2026-10-01T20:01:05.268898+00:00,freq,0,0,2500.0,4250.0,2500.0,900.0,0,,,,
2026-10-01T20:01:05.268898+00:00,freq,1,0,550.0,550.0,1200.0,550.0,0,,,,
2026-10-01T20:01:05.268898+00:00,power,0,0,,,,,,2347465108466,876107402060,0.0,
2026-10-01T20:01:06.257214+00:00,freq,0,0,2500.0,4250.0,2500.0,900.0,0,,,,
2026-10-01T20:01:06.257214+00:00,freq,1,0,550.0,550.0,1200.0,550.0,0,,,,
2026-10-01T20:01:06.257214+00:00,power,0,0,,,,,,2347465108466,876108390363,0.0,
2026-10-01T20:01:07.260195+00:00,freq,0,0,2500.0,4250.0,2500.0,900.0,0,,,,
2026-10-01T20:01:07.260195+00:00,freq,1,0,550.0,550.0,1200.0,550.0,0,,,,
2026-10-01T20:01:07.260195+00:00,power,0,0,,,,,,2347465108466,876109393248,0.0,
2026-10-01T20:01:08.267613+00:00,freq,0,0,2500.0,4250.0,2500.0,900.0,0,,,,
2026-10-01T20:01:08.267613+00:00,freq,1,0,550.0,550.0,1200.0,550.0,0,,,,
2026-10-01T20:01:08.267613+00:00,power,0,0,,,,,,2347465108466,876110400669,0.0,
2026-10-01T20:01:09.259261+00:00,freq,0,0,2500.0,4250.0,2500.0,900.0,0,,,,
2026-10-01T20:01:09.259261+00:00,freq,1,0,550.0,550.0,1200.0,550.0,0,,,,
2026-10-01T20:01:09.259261+00:00,power,0,0,,,,,,2347465109686,876111392441,0.001230121439201752,
2026-10-01T20:01:10.267824+00:00,freq,0,0,2500.0,4250.0,2500.0,900.0,0,,,,
2026-10-01T20:01:10.267824+00:00,freq,1,0,550.0,550.0,1200.0,550.0,0,,,,
2026-10-01T20:01:10.267824+00:00,power,0,0,,,,,,2347465109686,876112400936,0.0,
2026-10-01T20:01:11.256342+00:00,freq,0,0,2500.0,4250.0,2500.0,900.0,0,,,,
2026-10-01T20:01:11.256342+00:00,freq,1,0,550.0,550.0,1200.0,550.0,0,,,,
2026-10-01T20:01:11.256342+00:00,power,0,0,,,,,,2347465109686,876113389339,0.0,
2026-10-01T20:01:12.262699+00:00,freq,0,0,2500.0,4250.0,2500.0,900.0,0,,,,
2026-10-01T20:01:12.262699+00:00,freq,1,0,550.0,550.0,1200.0,550.0,0,,,,
2026-10-01T20:01:12.262699+00:00,power,0,0,,,,,,2347465109686,876114395610,0.0,
2026-10-01T20:01:13.265242+00:00,freq,0,0,2500.0,4250.0,2500.0,900.0,0,,,,
2026-10-01T20:01:13.265242+00:00,freq,1,0,550.0,550.0,1200.0,550.0,0,,,,
2026-10-01T20:01:13.265242+00:00,power,0,0,,,,,,2347465109686,876115398204,0.0,
2026-10-01T20:01:14.265253+00:00,freq,0,0,2500.0,4250.0,2500.0,900.0,0,,,,
2026-10-01T20:01:14.265253+00:00,freq,1,0,550.0,550.0,1200.0,550.0,0,,,,
2026-10-01T20:01:14.265253+00:00,power,0,0,,,,,,2347465109686,876116398225,0.0,
2026-10-01T20:01:15.256656+00:00,freq,0,0,2500.0,4250.0,2500.0,900.0,0,,,,
2026-10-01T20:01:15.256656+00:00,freq,1,0,550.0,550.0,1200.0,550.0,0,,,,
2026-10-01T20:01:15.256656+00:00,power,0,0,,,,,,2347465109686,876117389595,0.0,
2026-10-01T20:01:16.264208+00:00,freq,0,0,2500.0,4250.0,2500.0,900.0,0,,,,
2026-10-01T20:01:16.264208+00:00,freq,1,0,550.0,550.0,1200.0,550.0,0,,,,
2026-10-01T20:01:16.264208+00:00,power,0,0,,,,,,2347465109686,876118397391,0.0,
2026-10-01T20:01:17.252181+00:00,freq,0,0,1500.0,1500.0,2500.0,900.0,0,,,,
2026-10-01T20:01:17.252181+00:00,freq,1,0,550.0,550.0,1200.0,550.0,0,,,,
2026-10-01T20:01:17.252181+00:00,power,0,0,,,,,,2347465109686,876119385191,0.0,
2026-10-01T20:01:18.258326+00:00,freq,0,0,1500.0,1500.0,2500.0,900.0,0,,,,
2026-10-01T20:01:18.258326+00:00,freq,1,0,550.0,550.0,1200.0,550.0,0,,,,
2026-10-01T20:01:18.258326+00:00,power,0,0,,,,,,2347465109686,876120391350,0.0,
2026-10-01T20:01:19.265896+00:00,freq,0,0,2450.0,4250.0,2450.0,900.0,2,,,,
2026-10-01T20:01:19.265896+00:00,freq,1,0,550.0,550.0,1200.0,550.0,0,,,,
2026-10-01T20:01:19.265896+00:00,power,0,0,,,,,,2347472322539,876121398742,7.1599268209396145,
2026-10-01T20:01:20.254648+00:00,freq,0,0,2500.0,4250.0,2450.0,900.0,0,,,,
2026-10-01T20:01:20.254648+00:00,freq,1,0,550.0,550.0,1200.0,550.0,0,,,,
2026-10-01T20:01:20.254648+00:00,power,0,0,,,,,,2347504483061,876122387332,32.53170879737809,
2026-10-01T20:01:21.267614+00:00,freq,0,0,2500.0,4250.0,2500.0,900.0,0,,,,
2026-10-01T20:01:21.267614+00:00,freq,1,0,550.0,550.0,1200.0,550.0,0,,,,
2026-10-01T20:01:21.267614+00:00,power,0,0,,,,,,2347534510550,876123400497,29.637313764293083,
2026-10-01T20:01:22.268586+00:00,freq,0,0,2500.0,4250.0,2500.0,900.0,0,,,,
2026-10-01T20:01:22.268586+00:00,freq,1,0,550.0,550.0,1200.0,600.0,0,,,,
2026-10-01T20:01:22.268586+00:00,power,0,0,,,,,,2347562111685,876124401092,27.584722090356237,
2026-10-01T20:01:23.260283+00:00,freq,0,0,2500.0,4250.0,2500.0,900.0,0,,,,
2026-10-01T20:01:23.260283+00:00,freq,1,0,600.0,600.0,1200.0,600.0,0,,,,
2026-10-01T20:01:23.260283+00:00,power,0,0,,,,,,2347588203505,876125392710,26.312370287751936,
2026-10-01T20:01:24.269047+00:00,freq,0,0,2500.0,4250.0,2500.0,900.0,0,,,,
2026-10-01T20:01:24.269047+00:00,freq,1,0,600.0,600.0,1200.0,600.0,0,,,,
2026-10-01T20:01:24.269047+00:00,power,0,0,,,,,,2347613237989,876126401732,24.81064238440787,
2026-10-01T20:01:25.269943+00:00,freq,0,0,2500.0,4250.0,2500.0,900.0,0,,,,
2026-10-01T20:01:25.269943+00:00,freq,1,0,600.0,600.0,1200.0,600.0,0,,,,
2026-10-01T20:01:25.269943+00:00,power,0,0,,,,,,2347636985326,876127402692,23.724561421035805,
2026-10-01T20:01:26.268050+00:00,freq,0,0,2500.0,4250.0,2500.0,900.0,0,,,,
2026-10-01T20:01:26.268050+00:00,freq,1,0,600.0,600.0,1200.0,600.0,0,,,,
2026-10-01T20:01:26.268050+00:00,power,0,0,,,,,,2347658162694,876128400563,21.22255081067593,
2026-10-01T20:01:27.269350+00:00,freq,0,0,2500.0,4250.0,2500.0,900.0,0,,,,
2026-10-01T20:01:27.269350+00:00,freq,1,0,600.0,600.0,1200.0,600.0,0,,,,
2026-10-01T20:01:27.269350+00:00,power,0,0,,,,,,2347676965268,876129401698,18.781257272995152,
2026-10-01T20:01:28.260989+00:00,freq,0,0,2500.0,4250.0,2500.0,900.0,0,,,,
2026-10-01T20:01:28.260989+00:00,freq,1,0,600.0,600.0,1200.0,600.0,0,,,,
2026-10-01T20:01:28.260989+00:00,power,0,0,,,,,,2347695621456,876130393591,18.808669886772062,
2026-10-01T20:01:29.265304+00:00,freq,0,0,2500.0,4250.0,2500.0,900.0,0,,,,
2026-10-01T20:01:29.265304+00:00,freq,1,0,600.0,600.0,1200.0,600.0,0,,,,
2026-10-01T20:01:29.265304+00:00,power,0,0,,,,,,2347714409199,876131397666,18.711493663321964,
2026-10-01T20:01:30.261755+00:00,freq,0,0,2500.0,4250.0,2500.0,900.0,0,,,,
2026-10-01T20:01:30.261755+00:00,freq,1,0,600.0,600.0,1200.0,600.0,0,,,,
2026-10-01T20:01:30.261755+00:00,power,0,0,,,,,,2347733140118,876132394207,18.795934136177035,
2026-10-01T20:01:31.270512+00:00,freq,0,0,2500.0,4250.0,2500.0,900.0,0,,,,
2026-10-01T20:01:31.270512+00:00,freq,1,0,600.0,600.0,1200.0,600.0,0,,,,
2026-10-01T20:01:31.270512+00:00,power,0,0,,,,,,2347752002361,876133403076,18.696424411890938,
2026-10-01T20:01:32.263560+00:00,freq,0,0,2500.0,4250.0,2500.0,900.0,0,,,,
2026-10-01T20:01:32.263560+00:00,freq,1,0,600.0,600.0,1200.0,600.0,0,,,,
2026-10-01T20:01:32.263560+00:00,power,0,0,,,,,,2347770503642,876134396125,18.63078357664123,
2026-10-01T20:01:33.258277+00:00,freq,0,0,2500.0,4250.0,2500.0,900.0,0,,,,
2026-10-01T20:01:33.258277+00:00,freq,1,0,600.0,600.0,1200.0,600.0,0,,,,
2026-10-01T20:01:33.258277+00:00,power,0,0,,,,,,2347788960147,876135390556,18.559864887558817,
2026-10-01T20:01:34.266511+00:00,freq,0,0,2500.0,4250.0,2500.0,900.0,0,,,,
2026-10-01T20:01:34.266511+00:00,freq,1,0,600.0,600.0,1200.0,600.0,0,,,,
2026-10-01T20:01:34.266511+00:00,power,0,0,,,,,,2347807691836,876136398999,18.574861444821373,
2026-10-01T20:01:35.261242+00:00,freq,0,0,2500.0,4250.0,2500.0,900.0,0,,,,
2026-10-01T20:01:35.261242+00:00,freq,1,0,600.0,600.0,1200.0,600.0,0,,,,
2026-10-01T20:01:35.261242+00:00,power,0,0,,,,,,2347814089808,876137393746,6.431758024904825,
2026-10-01T20:01:36.268971+00:00,freq,0,0,2500.0,4250.0,2500.0,900.0,0,,,,
2026-10-01T20:01:36.268971+00:00,freq,1,0,600.0,600.0,1200.0,600.0,0,,,,
2026-10-01T20:01:36.268971+00:00,power,0,0,,,,,,2347814089808,876138401317,0.0,
2026-10-01T20:01:37.263103+00:00,freq,0,0,2500.0,4250.0,2500.0,900.0,0,,,,
2026-10-01T20:01:37.263103+00:00,freq,1,0,600.0,600.0,1200.0,600.0,0,,,,
2026-10-01T20:01:37.263103+00:00,power,0,0,,,,,,2347814091723,876139395463,0.0019262764221754148,
2026-10-01T20:01:38.273236+00:00,freq,0,0,2500.0,4250.0,2500.0,900.0,0,,,,
2026-10-01T20:01:38.273236+00:00,freq,1,0,600.0,600.0,1200.0,600.0,0,,,,
2026-10-01T20:01:38.273236+00:00,power,0,0,,,,,,2347814091723,876140405677,0.0,
2026-10-01T20:01:39.263243+00:00,freq,0,0,2500.0,4250.0,2500.0,900.0,0,,,,
2026-10-01T20:01:39.263243+00:00,freq,1,0,600.0,600.0,1200.0,600.0,0,,,,
2026-10-01T20:01:39.263243+00:00,power,0,0,,,,,,2347814091723,876141395627,0.0,
2026-10-01T20:01:40.249522+00:00,freq,0,0,2500.0,4250.0,2500.0,900.0,0,,,,
2026-10-01T20:01:40.249522+00:00,freq,1,0,600.0,600.0,1200.0,600.0,0,,,,
2026-10-01T20:01:40.249522+00:00,power,0,0,,,,,,2347814091723,876142381857,0.0,
2026-10-01T20:01:41.263607+00:00,freq,0,0,2500.0,4250.0,2500.0,900.0,0,,,,
2026-10-01T20:01:41.263607+00:00,freq,1,0,600.0,600.0,1200.0,550.0,0,,,,
2026-10-01T20:01:41.263607+00:00,power,0,0,,,,,,2347814091723,876143396042,0.0,
2026-10-01T20:01:42.263367+00:00,freq,0,0,2500.0,4250.0,2500.0,900.0,0,,,,
2026-10-01T20:01:42.263367+00:00,freq,1,0,550.0,550.0,1200.0,550.0,0,,,,
2026-10-01T20:01:42.263367+00:00,power,0,0,,,,,,2347814091723,876144395703,0.0,
2026-10-01T20:01:43.249060+00:00,freq,0,0,2500.0,4250.0,2500.0,900.0,0,,,,
2026-10-01T20:01:43.249060+00:00,freq,1,0,600.0,600.0,1200.0,550.0,0,,,,
2026-10-01T20:01:43.249060+00:00,power,0,0,,,,,,2347814091723,876145381372,0.0,
2026-10-01T20:01:44.251745+00:00,freq,0,0,2500.0,4250.0,2500.0,900.0,0,,,,
2026-10-01T20:01:44.251745+00:00,freq,1,0,550.0,550.0,1200.0,550.0,0,,,,
2026-10-01T20:01:44.251745+00:00,power,0,0,,,,,,2347814091723,876146383901,0.0,
2026-10-01T20:01:45.255399+00:00,freq,0,0,2500.0,4250.0,2500.0,900.0,0,,,,
2026-10-01T20:01:45.255399+00:00,freq,1,0,550.0,550.0,1200.0,550.0,0,,,,
2026-10-01T20:01:45.255399+00:00,power,0,0,,,,,,2347814091723,876147387553,0.0,
2026-10-01T20:01:46.264895+00:00,freq,0,0,2500.0,4250.0,2500.0,900.0,0,,,,
2026-10-01T20:01:46.264895+00:00,freq,1,0,550.0,550.0,1200.0,550.0,0,,,,
2026-10-01T20:01:46.264895+00:00,power,0,0,,,,,,2347814091723,876148397246,0.0,
2026-10-01T20:01:47.262281+00:00,freq,0,0,1850.0,1850.0,2500.0,900.0,0,,,,
2026-10-01T20:01:47.262281+00:00,freq,1,0,550.0,550.0,1200.0,550.0,0,,,,
2026-10-01T20:01:47.262281+00:00,power,0,0,,,,,,2347814093920,876149394484,0.002203084920550561,
2026-10-01T20:01:48.268525+00:00,freq,0,0,1850.0,1850.0,2500.0,900.0,0,,,,
2026-10-01T20:01:48.268525+00:00,freq,1,0,550.0,550.0,1200.0,550.0,0,,,,
2026-10-01T20:01:48.268525+00:00,power,0,0,,,,,,2347814093920,876150400793,0.0,
2026-10-01T20:01:49.263669+00:00,freq,0,0,1850.0,1850.0,2500.0,900.0,0,,,,
2026-10-01T20:01:49.263669+00:00,freq,1,0,550.0,550.0,1200.0,550.0,0,,,,
2026-10-01T20:01:49.263669+00:00,power,0,0,,,,,,2347814093920,876151395770,0.0,
2026-10-01T20:01:50.257543+00:00,freq,0,0,1850.0,1850.0,2500.0,900.0,0,,,,
2026-10-01T20:01:50.257543+00:00,freq,1,0,550.0,550.0,1200.0,550.0,0,,,,
2026-10-01T20:01:50.257543+00:00,power,0,0,,,,,,2347814093920,876152389630,0.0,
2026-10-01T20:01:51.266822+00:00,freq,0,0,1850.0,1850.0,2500.0,900.0,0,,,,
2026-10-01T20:01:51.266822+00:00,freq,1,0,550.0,550.0,1200.0,550.0,0,,,,
2026-10-01T20:01:51.266822+00:00,power,0,0,,,,,,2347814093920,876153398957,0.0,
2026-10-01T20:01:52.262038+00:00,freq,0,0,1850.0,1850.0,2500.0,900.0,0,,,,
2026-10-01T20:01:52.262038+00:00,freq,1,0,550.0,550.0,1200.0,550.0,0,,,,
2026-10-01T20:01:52.262038+00:00,power,0,0,,,,,,2347814093920,876154394046,0.0,
2026-10-01T20:01:53.276963+00:00,freq,0,0,1850.0,1850.0,2500.0,900.0,0,,,,
2026-10-01T20:01:53.276963+00:00,freq,1,0,550.0,550.0,1200.0,550.0,0,,,,
2026-10-01T20:01:53.276963+00:00,power,0,0,,,,,,2347814093920,876155408945,0.0,
2026-10-01T20:01:54.273411+00:00,freq,0,0,1850.0,1850.0,2500.0,900.0,0,,,,
2026-10-01T20:01:54.273411+00:00,freq,1,0,550.0,550.0,1200.0,550.0,0,,,,
2026-10-01T20:01:54.273411+00:00,power,0,0,,,,,,2347814093920,876156405370,0.0,
2026-10-01T20:01:55.270056+00:00,freq,0,0,1850.0,1850.0,2500.0,900.0,0,,,,
2026-10-01T20:01:55.270056+00:00,freq,1,0,550.0,550.0,1200.0,550.0,0,,,,
2026-10-01T20:01:55.270056+00:00,power,0,0,,,,,,2347814093920,876157402002,0.0,
2026-10-01T20:01:56.266399+00:00,freq,0,0,1850.0,1850.0,2500.0,900.0,0,,,,
2026-10-01T20:01:56.266399+00:00,freq,1,0,550.0,550.0,1200.0,550.0,0,,,,
2026-10-01T20:01:56.266399+00:00,power,0,0,,,,,,2347814093920,876158398382,0.0,
2026-10-01T20:01:57.262439+00:00,freq,0,0,1850.0,1850.0,2500.0,900.0,0,,,,
2026-10-01T20:01:57.262439+00:00,freq,1,0,550.0,550.0,1200.0,550.0,0,,,,
2026-10-01T20:01:57.262439+00:00,power,0,0,,,,,,2347814093920,876159394473,0.0,
2026-10-01T20:01:58.265877+00:00,freq,0,0,1850.0,1850.0,2500.0,900.0,0,,,,
2026-10-01T20:01:58.265877+00:00,freq,1,0,550.0,550.0,1200.0,550.0,0,,,,
2026-10-01T20:01:58.265877+00:00,power,0,0,,,,,,2347814093920,876160397665,0.0,
2026-10-01T20:01:59.262074+00:00,freq,0,0,1850.0,1850.0,2500.0,900.0,0,,,,
2026-10-01T20:01:59.262074+00:00,freq,1,0,550.0,550.0,1200.0,550.0,0,,,,
2026-10-01T20:01:59.262074+00:00,power,0,0,,,,,,2347814093920,876161393910,0.0,
2026-10-01T20:02:00.275112+00:00,freq,0,0,1850.0,1850.0,2500.0,900.0,0,,,,
2026-10-01T20:02:00.275112+00:00,freq,1,0,550.0,550.0,1200.0,550.0,0,,,,
2026-10-01T20:02:00.275112+00:00,power,0,0,,,,,,2347814093920,876162407013,0.0,
2026-10-01T20:02:01.270166+00:00,freq,0,0,1850.0,1850.0,2500.0,950.0,0,,,,
2026-10-01T20:02:01.270166+00:00,freq,1,0,550.0,550.0,1200.0,550.0,0,,,,
2026-10-01T20:02:01.270166+00:00,power,0,0,,,,,,2347814093920,876163401979,0.0,
2026-10-01T20:02:02.266919+00:00,freq,0,0,1850.0,1850.0,2500.0,900.0,0,,,,
2026-10-01T20:02:02.266919+00:00,freq,1,0,550.0,550.0,1200.0,550.0,0,,,,
2026-10-01T20:02:02.266919+00:00,power,0,0,,,,,,2347814093920,876164398738,0.0,
2026-10-01T20:02:03.259798+00:00,freq,0,0,1850.0,1850.0,2500.0,900.0,0,,,,
2026-10-01T20:02:03.259798+00:00,freq,1,0,550.0,550.0,1200.0,550.0,0,,,,
2026-10-01T20:02:03.259798+00:00,power,0,0,,,,,,2347814095347,876165391785,0.0014369914012126314,
2026-10-01T20:02:04.266294+00:00,freq,0,0,1850.0,1850.0,2500.0,900.0,0,,,,
2026-10-01T20:02:04.266294+00:00,freq,1,0,550.0,550.0,1200.0,550.0,0,,,,
2026-10-01T20:02:04.266294+00:00,power,0,0,,,,,,2347814095347,876166398264,0.0,
2026-10-01T20:02:05.257246+00:00,freq,0,0,1850.0,1850.0,2500.0,900.0,0,,,,
2026-10-01T20:02:05.257246+00:00,freq,1,0,550.0,550.0,1200.0,550.0,0,,,,
2026-10-01T20:02:05.257246+00:00,power,0,0,,,,,,2347814095347,876167389140,0.0,
2026-10-01T20:02:06.264349+00:00,freq,0,0,1850.0,1850.0,2500.0,900.0,0,,,,
2026-10-01T20:02:06.264349+00:00,freq,1,0,550.0,550.0,1200.0,550.0,0,,,,
2026-10-01T20:02:06.264349+00:00,power,0,0,,,,,,2347814095347,876168396267,0.0,
2026-10-01T20:02:07.252726+00:00,freq,0,0,1850.0,1850.0,2500.0,900.0,0,,,,
2026-10-01T20:02:07.252726+00:00,freq,1,0,550.0,550.0,1200.0,550.0,0,,,,
2026-10-01T20:02:07.252726+00:00,power,0,0,,,,,,2347814095347,876169384708,0.0,
2026-10-01T20:02:08.255109+00:00,freq,0,0,1850.0,1850.0,2500.0,900.0,0,,,,
2026-10-01T20:02:08.255109+00:00,freq,1,0,550.0,550.0,1200.0,550.0,0,,,,
2026-10-01T20:02:08.255109+00:00,power,0,0,,,,,,2347814095347,876170387002,0.0,
2026-10-01T20:02:09.262213+00:00,freq,0,0,1850.0,1850.0,2500.0,900.0,0,,,,
2026-10-01T20:02:09.262213+00:00,freq,1,0,550.0,550.0,1200.0,550.0,0,,,,
2026-10-01T20:02:09.262213+00:00,power,0,0,,,,,,2347814095347,876171394084,0.0,
2026-10-01T20:02:10.267558+00:00,freq,0,0,1850.0,1850.0,2500.0,900.0,0,,,,
2026-10-01T20:02:10.267558+00:00,freq,1,0,550.0,550.0,1200.0,550.0,0,,,,
2026-10-01T20:02:10.267558+00:00,power,0,0,,,,,,2347814095347,876172399418,0.0,
2026-10-01T20:02:11.267103+00:00,freq,0,0,2500.0,4250.0,2500.0,900.0,0,,,,
2026-10-01T20:02:11.267103+00:00,freq,1,0,550.0,550.0,1200.0,550.0,0,,,,
2026-10-01T20:02:11.267103+00:00,power,0,0,,,,,,2347818079355,876173398864,3.9862163638655814,
2026-10-01T20:02:12.255789+00:00,freq,0,0,2500.0,4250.0,2500.0,900.0,0,,,,
2026-10-01T20:02:12.255789+00:00,freq,1,0,550.0,550.0,1200.0,550.0,0,,,,
2026-10-01T20:02:12.255789+00:00,power,0,0,,,,,,2347850505441,876174387373,32.80302556678796,
2026-10-01T20:02:13.264417+00:00,freq,0,0,2500.0,4250.0,2500.0,900.0,0,,,,
2026-10-01T20:02:13.264417+00:00,freq,1,0,550.0,550.0,1200.0,550.0,0,,,,
2026-10-01T20:02:13.264417+00:00,power,0,0,,,,,,2347880907845,876175396119,30.1388099680197,
2026-10-01T20:02:14.256422+00:00,freq,0,0,2500.0,4250.0,2500.0,900.0,0,,,,
2026-10-01T20:02:14.256422+00:00,freq,1,0,550.0,550.0,1200.0,600.0,0,,,,
2026-10-01T20:02:14.256422+00:00,power,0,0,,,,,,2347908705109,876176387937,28.026577456751138,
2026-10-01T20:02:15.257545+00:00,freq,0,0,2500.0,4250.0,2500.0,900.0,0,,,,
2026-10-01T20:02:15.257545+00:00,freq,1,0,600.0,600.0,1200.0,600.0,0,,,,
2026-10-01T20:02:15.257545+00:00,power,0,0,,,,,,2347934916351,876177388973,26.18411525659417,
2026-10-01T20:02:16.264841+00:00,freq,0,0,2450.0,4250.0,2500.0,900.0,2,,,,
2026-10-01T20:02:16.264841+00:00,freq,1,0,550.0,550.0,1200.0,550.0,0,,,,
2026-10-01T20:02:16.264841+00:00,power,0,0,,,,,,2347960139091,876178396791,25.027078301836244,
2026-10-01T20:02:17.254703+00:00,freq,0,0,2500.0,4250.0,2500.0,900.0,0,,,,
2026-10-01T20:02:17.254703+00:00,freq,1,0,550.0,550.0,1200.0,600.0,0,,,,
2026-10-01T20:02:17.254703+00:00,power,0,0,,,,,,2347983652640,876179386259,23.76382965391503,
2026-10-01T20:02:18.257456+00:00,freq,0,0,2500.0,4250.0,2500.0,900.0,0,,,,
2026-10-01T20:02:18.257456+00:00,freq,1,0,600.0,600.0,1200.0,600.0,0,,,,
2026-10-01T20:02:18.257456+00:00,power,0,0,,,,,,2348005469619,876180389101,21.75515086125232,
2026-10-01T20:02:19.271405+00:00,freq,0,0,2500.0,4250.0,2500.0,900.0,0,,,,
2026-10-01T20:02:19.271405+00:00,freq,1,0,600.0,600.0,1200.0,600.0,0,,,,
2026-10-01T20:02:19.271405+00:00,power,0,0,,,,,,2348024628272,876181403045,18.89517862919451,
2026-10-01T20:02:20.269784+00:00,freq,0,0,2500.0,4250.0,2500.0,900.0,0,,,,
2026-10-01T20:02:20.269784+00:00,freq,1,0,600.0,600.0,1200.0,600.0,0,,,,
2026-10-01T20:02:20.269784+00:00,power,0,0,,,,,,2348043451232,876182401379,18.854371382723617,
2026-10-01T20:02:21.259220+00:00,freq,0,0,2500.0,4250.0,2500.0,900.0,0,,,,
2026-10-01T20:02:21.259220+00:00,freq,1,0,600.0,600.0,1200.0,600.0,0,,,,
2026-10-01T20:02:21.259220+00:00,power,0,0,,,,,,2348061972655,876183390719,18.72098873996806,
2026-10-01T20:02:22.273834+00:00,freq,0,0,2500.0,4250.0,2500.0,900.0,0,,,,
2026-10-01T20:02:22.273834+00:00,freq,1,0,600.0,600.0,1200.0,550.0,0,,,,
2026-10-01T20:02:22.273834+00:00,power,0,0,,,,,,2348080989218,876184405369,18.741992805400876,
2026-10-01T20:02:23.271172+00:00,freq,0,0,2500.0,4250.0,2500.0,900.0,0,,,,
2026-10-01T20:02:23.271172+00:00,freq,1,0,550.0,550.0,1200.0,600.0,0,,,,
2026-10-01T20:02:23.271172+00:00,power,0,0,,,,,,2348099743002,876185402380,18.810007111255544,
2026-10-01T20:02:24.261640+00:00,freq,0,0,2500.0,4250.0,2500.0,900.0,0,,,,
2026-10-01T20:02:24.261640+00:00,freq,1,0,600.0,600.0,1200.0,600.0,0,,,,
2026-10-01T20:02:24.261640+00:00,power,0,0,,,,,,2348118360945,876186393003,18.794175988241744,
2026-10-01T20:02:25.263903+00:00,freq,0,0,2500.0,4250.0,2500.0,900.0,0,,,,
2026-10-01T20:02:25.263903+00:00,freq,1,0,600.0,600.0,1200.0,600.0,0,,,,
2026-10-01T20:02:25.263903+00:00,power,0,0,,,,,,2348137223639,876187395174,18.821831803155348,
2026-10-01T20:02:26.259656+00:00,freq,0,0,2500.0,4250.0,2500.0,900.0,0,,,,
2026-10-01T20:02:26.259656+00:00,freq,1,0,600.0,600.0,1200.0,600.0,0,,,,
2026-10-01T20:02:26.259656+00:00,power,0,0,,,,,,2348155836737,876188391166,18.687999502004033,
2026-10-01T20:02:27.270482+00:00,freq,0,0,2500.0,4250.0,2500.0,900.0,0,,,,
2026-10-01T20:02:27.270482+00:00,freq,1,0,600.0,600.0,1200.0,600.0,0,,,,
2026-10-01T20:02:27.270482+00:00,power,0,0,,,,,,2348162888091,876189401999,6.975785317653855,
2026-10-01T20:02:28.265253+00:00,freq,0,0,2500.0,4250.0,2500.0,900.0,0,,,,
2026-10-01T20:02:28.265253+00:00,freq,1,0,600.0,600.0,1200.0,550.0,0,,,,
2026-10-01T20:02:28.265253+00:00,power,0,0,,,,,,2348162888091,876190396741,0.0,
2026-10-01T20:02:29.261745+00:00,freq,0,0,2500.0,4250.0,2500.0,900.0,0,,,,
2026-10-01T20:02:29.261745+00:00,freq,1,0,550.0,550.0,1200.0,550.0,0,,,,
2026-10-01T20:02:29.261745+00:00,power,0,0,,,,,,2348162888091,876191393113,0.0,
2026-10-01T20:02:30.273623+00:00,freq,0,0,2500.0,4250.0,2500.0,900.0,0,,,,
2026-10-01T20:02:30.273623+00:00,freq,1,0,550.0,550.0,1200.0,550.0,0,,,,
2026-10-01T20:02:30.273623+00:00,power,0,0,,,,,,2348162888091,876192404988,0.0,
2026-10-01T20:02:31.271590+00:00,freq,0,0,2500.0,4250.0,2500.0,900.0,0,,,,
2026-10-01T20:02:31.271590+00:00,freq,1,0,600.0,600.0,1200.0,600.0,0,,,,
2026-10-01T20:02:31.271590+00:00,power,0,0,,,,,,2348162888091,876193402895,0.0,
2026-10-01T20:02:32.258479+00:00,freq,0,0,2500.0,4250.0,2500.0,900.0,0,,,,
2026-10-01T20:02:32.258479+00:00,freq,1,0,600.0,600.0,1200.0,550.0,0,,,,
2026-10-01T20:02:32.258479+00:00,power,0,0,,,,,,2348162888091,876194389686,0.0,
2026-10-01T20:02:33.264383+00:00,freq,0,0,2500.0,4250.0,2500.0,900.0,0,,,,
2026-10-01T20:02:33.264383+00:00,freq,1,0,550.0,550.0,1200.0,550.0,0,,,,
2026-10-01T20:02:33.264383+00:00,power,0,0,,,,,,2348162888091,876195395594,0.0,
2026-10-01T20:02:34.278153+00:00,freq,0,0,2500.0,4250.0,2500.0,900.0,0,,,,
2026-10-01T20:02:34.278153+00:00,freq,1,0,550.0,550.0,1200.0,550.0,0,,,,
2026-10-01T20:02:34.278153+00:00,power,0,0,,,,,,2348162888091,876196409315,0.0,
2026-10-01T20:02:35.277989+00:00,freq,0,0,2500.0,4250.0,2500.0,900.0,0,,,,
2026-10-01T20:02:35.277989+00:00,freq,1,0,550.0,550.0,1200.0,550.0,0,,,,
2026-10-01T20:02:35.277989+00:00,power,0,0,,,,,,2348162888091,876197409222,0.0,
2026-10-01T20:02:36.277590+00:00,freq,0,0,2500.0,4250.0,2500.0,900.0,0,,,,
2026-10-01T20:02:36.277590+00:00,freq,1,0,550.0,550.0,1200.0,550.0,0,,,,
2026-10-01T20:02:36.277590+00:00,power,0,0,,,,,,2348162888091,876198408769,0.0,
2026-10-01T20:02:37.277360+00:00,freq,0,0,2500.0,4250.0,2500.0,900.0,0,,,,
2026-10-01T20:02:37.277360+00:00,freq,1,0,550.0,550.0,1200.0,550.0,0,,,,
2026-10-01T20:02:37.277360+00:00,power,0,0,,,,,,2348162888091,876199408453,0.0,
2026-10-01T20:02:38.268653+00:00,freq,0,0,2500.0,4250.0,2500.0,900.0,0,,,,
2026-10-01T20:02:38.268653+00:00,freq,1,0,550.0,550.0,1200.0,550.0,0,,,,
2026-10-01T20:02:38.268653+00:00,power,0,0,,,,,,2348162888091,876200399816,0.0,
2026-10-01T20:02:39.263690+00:00,freq,0,0,2500.0,4250.0,2500.0,900.0,0,,,,
2026-10-01T20:02:39.263690+00:00,freq,1,0,550.0,550.0,1200.0,550.0,0,,,,
2026-10-01T20:02:39.263690+00:00,power,0,0,,,,,,2348162888091,876201394865,0.0,
2026-10-01T20:02:40.273509+00:00,freq,0,0,2500.0,4250.0,2500.0,900.0,0,,,,
2026-10-01T20:02:40.273509+00:00,freq,1,0,550.0,550.0,1200.0,550.0,0,,,,
2026-10-01T20:02:40.273509+00:00,power,0,0,,,,,,2348162888823,876202404604,0.0007249398111789285,
2026-10-01T20:02:41.270894+00:00,freq,0,0,2500.0,4250.0,2500.0,900.0,0,,,,
2026-10-01T20:02:41.270894+00:00,freq,1,0,550.0,550.0,1200.0,550.0,0,,,,
2026-10-01T20:02:41.270894+00:00,power,0,0,,,,,,2348162888823,876203401933,0.0,
2026-10-01T20:02:42.266248+00:00,freq,0,0,2500.0,4250.0,2500.0,900.0,0,,,,
2026-10-01T20:02:42.266248+00:00,freq,1,0,550.0,550.0,1200.0,550.0,0,,,,
2026-10-01T20:02:42.266248+00:00,power,0,0,,,,,,2348162888823,876204397443,0.0,
2026-10-01T20:02:43.254016+00:00,freq,0,0,2500.0,4250.0,2500.0,900.0,0,,,,
2026-10-01T20:02:43.254016+00:00,freq,1,0,550.0,550.0,1200.0,550.0,0,,,,
2026-10-01T20:02:43.254016+00:00,power,0,0,,,,,,2348162888823,876205385144,0.0,
2026-10-01T20:02:44.261450+00:00,freq,0,0,2500.0,4250.0,2500.0,900.0,0,,,,
2026-10-01T20:02:44.261450+00:00,freq,1,0,550.0,550.0,1200.0,550.0,0,,,,
2026-10-01T20:02:44.261450+00:00,power,0,0,,,,,,2348162890616,876206392619,0.0017796967666691482,
2026-10-01T20:02:45.267364+00:00,freq,0,0,2500.0,4250.0,2500.0,900.0,0,,,,
2026-10-01T20:02:45.267364+00:00,freq,1,0,550.0,550.0,1200.0,550.0,0,,,,
2026-10-01T20:02:45.267364+00:00,power,0,0,,,,,,2348162890616,876207398540,0.0,
2026-10-01T20:02:46.255743+00:00,freq,0,0,2500.0,4250.0,2500.0,900.0,0,,,,
2026-10-01T20:02:46.255743+00:00,freq,1,0,550.0,550.0,1200.0,550.0,0,,,,
2026-10-01T20:02:46.255743+00:00,power,0,0,,,,,,2348162890616,876208386975,0.0,
2026-10-01T20:02:47.264187+00:00,freq,0,0,900.0,900.0,2500.0,900.0,0,,,,
2026-10-01T20:02:47.264187+00:00,freq,1,0,550.0,550.0,1200.0,550.0,0,,,,
2026-10-01T20:02:47.264187+00:00,power,0,0,,,,,,2348162890799,876209395296,0.00018148982318130834,
2026-10-01T20:02:48.272429+00:00,freq,0,0,2500.0,4250.0,2500.0,900.0,0,,,,
2026-10-01T20:02:48.272429+00:00,freq,1,0,550.0,550.0,1200.0,550.0,0,,,,
2026-10-01T20:02:48.272429+00:00,power,0,0,,,,,,2348163587172,876210403310,0.6908366352054635,
2026-10-01T20:02:49.268498+00:00,freq,0,0,2450.0,4250.0,2450.0,900.0,2,,,,
2026-10-01T20:02:49.268498+00:00,freq,1,0,550.0,550.0,1200.0,550.0,0,,,,
2026-10-01T20:02:49.268498+00:00,power,0,0,,,,,,2348195481459,876211399308,32.02244080811407,
2026-10-01T20:02:50.266919+00:00,freq,0,0,2450.0,4250.0,2450.0,900.0,2,,,,
2026-10-01T20:02:50.266919+00:00,freq,1,0,550.0,550.0,1200.0,600.0,0,,,,
2026-10-01T20:02:50.266919+00:00,power,0,0,,,,,,2348225360792,876212398043,29.917178230461534,
2026-10-01T20:02:51.256320+00:00,freq,0,0,2500.0,4250.0,2500.0,900.0,0,,,,
2026-10-01T20:02:51.256320+00:00,freq,1,0,600.0,600.0,1200.0,600.0,0,,,,
2026-10-01T20:02:51.256320+00:00,power,0,0,,,,,,2348253191687,876213387165,28.136968948218723,
2026-10-01T20:02:52.263097+00:00,freq,0,0,2500.0,4250.0,2500.0,900.0,0,,,,
2026-10-01T20:02:52.263097+00:00,freq,1,0,600.0,600.0,1200.0,550.0,0,,,,
2026-10-01T20:02:52.263097+00:00,power,0,0,,,,,,2348279995238,876214394055,26.620138247474898,
2026-10-01T20:02:53.269130+00:00,freq,0,0,2500.0,4250.0,2500.0,900.0,0,,,,
2026-10-01T20:02:53.269130+00:00,freq,1,0,550.0,550.0,1200.0,600.0,0,,,,
2026-10-01T20:02:53.269130+00:00,power,0,0,,,,,,2348305183714,876215400013,25.03929189886655,
2026-10-01T20:02:54.258747+00:00,freq,0,0,2500.0,4250.0,2500.0,900.0,0,,,,
2026-10-01T20:02:54.258747+00:00,freq,1,0,600.0,600.0,1200.0,550.0,0,,,,
2026-10-01T20:02:54.258747+00:00,power,0,0,,,,,,2348328841452,876216389508,23.908901005058137,
2026-10-01T20:02:55.260386+00:00,freq,0,0,2500.0,4250.0,2500.0,900.0,0,,,,
2026-10-01T20:02:55.260386+00:00,freq,1,0,550.0,550.0,1200.0,600.0,0,,,,
2026-10-01T20:02:55.260386+00:00,power,0,0,,,,,,2348351800802,876217391138,22.92198716092769,
2026-10-01T20:02:56.261874+00:00,freq,0,0,2450.0,4250.0,2500.0,900.0,2,,,,
2026-10-01T20:02:56.261874+00:00,freq,1,0,600.0,600.0,1200.0,550.0,0,,,,
2026-10-01T20:02:56.261874+00:00,power,0,0,,,,,,2348373754499,876218392681,21.9198746334406,
2026-10-01T20:02:57.266994+00:00,freq,0,0,2500.0,4250.0,2500.0,900.0,0,,,,
2026-10-01T20:02:57.266994+00:00,freq,1,0,550.0,550.0,1200.0,600.0,0,,,,
2026-10-01T20:02:57.266994+00:00,power,0,0,,,,,,2348395250836,876219397796,21.386942787641214,
2026-10-01T20:02:58.258186+00:00,freq,0,0,2500.0,4250.0,2500.0,900.0,0,,,,
2026-10-01T20:02:58.258186+00:00,freq,1,0,600.0,600.0,1200.0,600.0,0,,,,
2026-10-01T20:02:58.258186+00:00,power,0,0,,,,,,2348416352299,876220388687,21.29544319203626,
2026-10-01T20:02:59.262892+00:00,freq,0,0,2500.0,4250.0,2500.0,900.0,0,,,,
2026-10-01T20:02:59.262892+00:00,freq,1,0,600.0,600.0,1200.0,600.0,0,,,,
2026-10-01T20:02:59.262892+00:00,power,0,0,,,,,,2348436958988,876221393645,20.50502508562547,
2026-10-01T20:03:00.270774+00:00,freq,0,0,2500.0,4250.0,2500.0,900.0,0,,,,
2026-10-01T20:03:00.270774+00:00,freq,1,0,600.0,600.0,1200.0,600.0,0,,,,
2026-10-01T20:03:00.270774+00:00,power,0,0,,,,,,2348457858974,876222401284,20.741541365508876,
2026-10-01T20:03:01.264214+00:00,freq,0,0,2500.0,4250.0,2500.0,900.0,0,,,,
2026-10-01T20:03:01.264214+00:00,freq,1,0,600.0,600.0,1200.0,600.0,0,,,,
2026-10-01T20:03:01.264214+00:00,power,0,0,,,,,,2348477693653,876223394855,19.963021263704356,
2026-10-01T20:03:02.270041+00:00,freq,0,0,2500.0,4250.0,2500.0,900.0,0,,,,
2026-10-01T20:03:02.270041+00:00,freq,1,0,600.0,600.0,1200.0,600.0,0,,,,
2026-10-01T20:03:02.270041+00:00,power,0,0,,,,,,2348498030529,876224400491,20.222899737081807,
2026-10-01T20:03:03.269840+00:00,freq,0,0,2500.0,4250.0,2500.0,900.0,0,,,,
2026-10-01T20:03:03.269840+00:00,freq,1,0,600.0,600.0,1200.0,600.0,0,,,,
2026-10-01T20:03:03.269840+00:00,power,0,0,,,,,,2348517659618,876225400447,19.62995271791959,
2026-10-01T20:03:04.267497+00:00,freq,0,0,2500.0,4250.0,2500.0,900.0,0,,,,
2026-10-01T20:03:04.267497+00:00,freq,1,0,600.0,600.0,1200.0,600.0,0,,,,
2026-10-01T20:03:04.267497+00:00,power,0,0,,,,,,2348537266002,876226398169,19.65114931814674,
2026-10-01T20:03:05.263112+00:00,freq,0,0,2500.0,4250.0,2500.0,900.0,0,,,,
2026-10-01T20:03:05.263112+00:00,freq,1,0,600.0,600.0,1200.0,600.0,0,,,,
2026-10-01T20:03:05.263112+00:00,power,0,0,,,,,,2348556625010,876227393879,19.44241596448765,
2026-10-01T20:03:06.277954+00:00,freq,0,0,2500.0,4250.0,2500.0,900.0,0,,,,
2026-10-01T20:03:06.277954+00:00,freq,1,0,600.0,600.0,1200.0,600.0,0,,,,
2026-10-01T20:03:06.277954+00:00,power,0,0,,,,,,2348576463290,876228408376,19.554794149218775,
2026-10-01T20:03:07.263481+00:00,freq,0,0,2500.0,4250.0,2500.0,900.0,0,,,,
2026-10-01T20:03:07.263481+00:00,freq,1,0,600.0,600.0,1200.0,600.0,0,,,,
2026-10-01T20:03:07.263481+00:00,power,0,0,,,,,,2348595845492,876229393954,19.665822491979327,
2026-10-01T20:03:08.266207+00:00,freq,0,0,2500.0,4250.0,2500.0,900.0,0,,,,
2026-10-01T20:03:08.266207+00:00,freq,1,0,600.0,600.0,1200.0,600.0,0,,,,
2026-10-01T20:03:08.266207+00:00,power,0,0,,,,,,2348614801142,876230396520,18.90713429340313,
2026-10-01T20:03:09.263804+00:00,freq,0,0,2500.0,4250.0,2500.0,900.0,0,,,,
2026-10-01T20:03:09.263804+00:00,freq,1,0,600.0,600.0,1200.0,600.0,0,,,,
2026-10-01T20:03:09.263804+00:00,power,0,0,,,,,,2348634015680,876231394158,19.260030191311877,
2026-10-01T20:03:10.277068+00:00,freq,0,0,2500.0,4250.0,2500.0,900.0,0,,,,
2026-10-01T20:03:10.277068+00:00,freq,1,0,600.0,600.0,1200.0,600.0,0,,,,
2026-10-01T20:03:10.277068+00:00,power,0,0,,,,,,2348653000322,876232407492,18.73483175340016,
2026-10-01T20:03:11.269834+00:00,freq,0,0,2500.0,4250.0,2500.0,900.0,0,,,,
2026-10-01T20:03:11.269834+00:00,freq,1,0,600.0,600.0,1200.0,600.0,0,,,,
2026-10-01T20:03:11.269834+00:00,power,0,0,,,,,,2348671942301,876233400380,19.0776593130343,
2026-10-01T20:03:12.261370+00:00,freq,0,0,2500.0,4250.0,2500.0,900.0,0,,,,
2026-10-01T20:03:12.261370+00:00,freq,1,0,600.0,600.0,1200.0,600.0,0,,,,
2026-10-01T20:03:12.261370+00:00,power,0,0,,,,,,2348690922708,876234391657,19.147430032170625,
2026-10-01T20:03:13.265847+00:00,freq,0,0,2500.0,4250.0,2500.0,900.0,0,,,,
2026-10-01T20:03:13.265847+00:00,freq,1,0,600.0,600.0,1200.0,600.0,0,,,,
2026-10-01T20:03:13.265847+00:00,power,0,0,,,,,,2348708726846,876235396362,17.720761815657333,
2026-10-01T20:03:14.257148+00:00,freq,0,0,2500.0,4250.0,2500.0,900.0,0,,,,
2026-10-01T20:03:14.257148+00:00,freq,1,0,600.0,600.0,1200.0,600.0,0,,,,
2026-10-01T20:03:14.257148+00:00,power,0,0,,,,,,2348724939576,876236387541,16.35701523135579,
2026-10-01T20:03:15.260518+00:00,freq,0,0,2500.0,4250.0,2500.0,900.0,0,,,,
2026-10-01T20:03:15.260518+00:00,freq,1,0,600.0,600.0,1200.0,600.0,0,,,,
2026-10-01T20:03:15.260518+00:00,power,0,0,,,,,,2348741350647,876237390926,16.355706932035062,
2026-10-01T20:03:16.274546+00:00,freq,0,0,2500.0,4250.0,2500.0,900.0,0,,,,
2026-10-01T20:03:16.274546+00:00,freq,1,0,600.0,600.0,1200.0,600.0,0,,,,
2026-10-01T20:03:16.274546+00:00,power,0,0,,,,,,2348757906005,876238404800,16.328812061459313,
2026-10-01T20:03:17.261286+00:00,freq,0,0,2500.0,4250.0,2500.0,900.0,0,,,,
2026-10-01T20:03:17.261286+00:00,freq,1,0,600.0,600.0,1200.0,600.0,0,,,,
2026-10-01T20:03:17.261286+00:00,power,0,0,,,,,,2348773962608,876239391589,16.27156666724092,
2026-10-01T20:03:18.275920+00:00,freq,0,0,2500.0,4250.0,2500.0,900.0,0,,,,
2026-10-01T20:03:18.275920+00:00,freq,1,0,600.0,600.0,1200.0,600.0,0,,,,
2026-10-01T20:03:18.275920+00:00,power,0,0,,,,,,2348790445640,876240406105,16.247187821581917,
2026-10-01T20:03:19.261523+00:00,freq,0,0,2500.0,4250.0,2500.0,900.0,0,,,,
2026-10-01T20:03:19.261523+00:00,freq,1,0,600.0,600.0,1200.0,600.0,0,,,,
2026-10-01T20:03:19.261523+00:00,power,0,0,,,,,,2348806492698,876241391785,16.280190325460595,
2026-10-01T20:03:20.278309+00:00,freq,0,0,2500.0,4250.0,2500.0,900.0,0,,,,
2026-10-01T20:03:20.278309+00:00,freq,1,0,600.0,600.0,1200.0,600.0,0,,,,
2026-10-01T20:03:20.278309+00:00,power,0,0,,,,,,2348823019637,876242408458,16.255904307481362,
2026-10-01T20:03:21.266731+00:00,freq,0,0,2500.0,4250.0,2500.0,900.0,0,,,,
2026-10-01T20:03:21.266731+00:00,freq,1,0,600.0,600.0,1200.0,600.0,0,,,,
2026-10-01T20:03:21.266731+00:00,power,0,0,,,,,,2348839103743,876243396994,16.270632531339274,
2026-10-01T20:03:22.256228+00:00,freq,0,0,2500.0,4250.0,2500.0,900.0,0,,,,
2026-10-01T20:03:22.256228+00:00,freq,1,0,600.0,600.0,1200.0,600.0,0,,,,
2026-10-01T20:03:22.256228+00:00,power,0,0,,,,,,2348855217230,876244386372,16.28648201193073,
2026-10-01T20:03:23.272034+00:00,freq,0,0,2500.0,4250.0,2500.0,900.0,0,,,,
2026-10-01T20:03:23.272034+00:00,freq,1,0,600.0,600.0,1200.0,600.0,0,,,,
2026-10-01T20:03:23.272034+00:00,power,0,0,,,,,,2348871741399,876245402211,16.266523533748952,
2026-10-01T20:03:24.261339+00:00,freq,0,0,2500.0,4250.0,2500.0,900.0,0,,,,
2026-10-01T20:03:24.261339+00:00,freq,1,0,600.0,600.0,1200.0,600.0,0,,,,
2026-10-01T20:03:24.261339+00:00,power,0,0,,,,,,2348884330571,876246391652,12.723519643920152,
2026-10-01T20:03:25.269864+00:00,freq,0,0,2500.0,4250.0,2500.0,900.0,0,,,,
2026-10-01T20:03:25.269864+00:00,freq,1,0,600.0,600.0,1200.0,600.0,0,,,,
2026-10-01T20:03:25.269864+00:00,power,0,0,,,,,,2348884330571,876247400107,0.0,
2026-10-01T20:03:26.261189+00:00,freq,0,0,2500.0,4250.0,2500.0,900.0,0,,,,
2026-10-01T20:03:26.261189+00:00,freq,1,0,600.0,600.0,1200.0,600.0,0,,,,
2026-10-01T20:03:26.261189+00:00,power,0,0,,,,,,2348884331852,876248391584,0.0012920118167138522,
2026-10-01T20:03:27.267580+00:00,freq,0,0,2500.0,4250.0,2500.0,900.0,0,,,,
2026-10-01T20:03:27.267580+00:00,freq,1,0,600.0,600.0,1200.0,550.0,0,,,,
2026-10-01T20:03:27.267580+00:00,power,0,0,,,,,,2348884333828,876249397935,0.0019635296233620277,
2026-10-01T20:03:28.260923+00:00,freq,0,0,2500.0,4250.0,2500.0,900.0,0,,,,
2026-10-01T20:03:28.260923+00:00,freq,1,0,550.0,550.0,1200.0,550.0,0,,,,
2026-10-01T20:03:28.260923+00:00,power,0,0,,,,,,2348884333828,876250391200,0.0,
2026-10-01T20:03:29.263247+00:00,freq,0,0,2500.0,4250.0,2500.0,900.0,0,,,,
2026-10-01T20:03:29.263247+00:00,freq,1,0,550.0,550.0,1200.0,550.0,0,,,,
2026-10-01T20:03:29.263247+00:00,power,0,0,,,,,,2348884333950,876251393456,0.00012172538752574193,
2026-10-01T20:03:30.270420+00:00,freq,0,0,2500.0,4250.0,2500.0,900.0,0,,,,
2026-10-01T20:03:30.270420+00:00,freq,1,0,550.0,550.0,1200.0,550.0,0,,,,
2026-10-01T20:03:30.270420+00:00,power,0,0,,,,,,2348884333950,876252400573,0.0,
2026-10-01T20:03:31.262351+00:00,freq,0,0,2500.0,4250.0,2500.0,900.0,0,,,,
2026-10-01T20:03:31.262351+00:00,freq,1,0,550.0,550.0,1200.0,550.0,0,,,,
2026-10-01T20:03:31.262351+00:00,power,0,0,,,,,,2348884335194,876253392558,0.0012540512205325685,
2026-10-01T20:03:32.270668+00:00,freq,0,0,2500.0,4250.0,2500.0,900.0,0,,,,
2026-10-01T20:03:32.270668+00:00,freq,1,0,550.0,550.0,1200.0,550.0,0,,,,
2026-10-01T20:03:32.270668+00:00,power,0,0,,,,,,2348884335194,876254400855,0.0,
2026-10-01T20:03:33.261555+00:00,freq,0,0,2500.0,4250.0,2500.0,900.0,0,,,,
2026-10-01T20:03:33.261555+00:00,freq,1,0,550.0,550.0,1200.0,600.0,0,,,,
2026-10-01T20:03:33.261555+00:00,power,0,0,,,,,,2348884335194,876255391788,0.0,
2026-10-01T20:03:34.268725+00:00,freq,0,0,2500.0,4250.0,2500.0,900.0,0,,,,
2026-10-01T20:03:34.268725+00:00,freq,1,0,600.0,600.0,1200.0,550.0,0,,,,
2026-10-01T20:03:34.268725+00:00,power,0,0,,,,,,2348884335194,876256398918,0.0,
2026-10-01T20:03:35.258311+00:00,freq,0,0,2500.0,4250.0,2500.0,900.0,0,,,,
2026-10-01T20:03:35.258311+00:00,freq,1,0,550.0,550.0,1200.0,550.0,0,,,,
2026-10-01T20:03:35.258311+00:00,power,0,0,,,,,,2348884335743,876257388472,0.0005547953926718502,
2026-10-01T20:03:36.260896+00:00,freq,0,0,2500.0,4250.0,2500.0,900.0,0,,,,
2026-10-01T20:03:36.260896+00:00,freq,1,0,550.0,550.0,1200.0,550.0,0,,,,
2026-10-01T20:03:36.260896+00:00,power,0,0,,,,,,2348884335743,876258390965,0.0,
2026-10-01T20:03:37.263832+00:00,freq,0,0,2500.0,4250.0,2500.0,900.0,0,,,,
2026-10-01T20:03:37.263832+00:00,freq,1,0,550.0,550.0,1200.0,550.0,0,,,,
2026-10-01T20:03:37.263832+00:00,power,0,0,,,,,,2348884335743,876259393906,0.0,
2026-10-01T20:03:38.269964+00:00,freq,0,0,2500.0,4250.0,2500.0,900.0,0,,,,
2026-10-01T20:03:38.269964+00:00,freq,1,0,550.0,550.0,1200.0,550.0,0,,,,
2026-10-01T20:03:38.269964+00:00,power,0,0,,,,,,2348884335743,876260400019,0.0,
2026-10-01T20:03:39.270053+00:00,freq,0,0,2500.0,4250.0,2500.0,900.0,0,,,,
2026-10-01T20:03:39.270053+00:00,freq,1,0,550.0,550.0,1200.0,550.0,0,,,,
2026-10-01T20:03:39.270053+00:00,power,0,0,,,,,,2348884335743,876261400031,0.0,
2026-10-01T20:03:40.260781+00:00,freq,0,0,2500.0,4250.0,2500.0,900.0,0,,,,
2026-10-01T20:03:40.260781+00:00,freq,1,0,550.0,550.0,1200.0,550.0,0,,,,
2026-10-01T20:03:40.260781+00:00,power,0,0,,,,,,2348884335743,876262390761,0.0,
2026-10-01T20:03:41.268128+00:00,freq,0,0,2500.0,4250.0,2500.0,900.0,0,,,,
2026-10-01T20:03:41.268128+00:00,freq,1,0,550.0,550.0,1200.0,550.0,0,,,,
2026-10-01T20:03:41.268128+00:00,power,0,0,,,,,,2348884335743,876263398130,0.0,
2026-10-01T20:03:42.256821+00:00,freq,0,0,2500.0,4250.0,2500.0,900.0,0,,,,
2026-10-01T20:03:42.256821+00:00,freq,1,0,550.0,550.0,1200.0,550.0,0,,,,
2026-10-01T20:03:42.256821+00:00,power,0,0,,,,,,2348884335926,876264386766,0.00018510351635991408,
2026-10-01T20:03:43.257394+00:00,freq,0,0,2500.0,4250.0,2500.0,900.0,0,,,,
2026-10-01T20:03:43.257394+00:00,freq,1,0,550.0,550.0,1200.0,550.0,0,,,,
2026-10-01T20:03:43.257394+00:00,power,0,0,,,,,,2348884335926,876265387514,0.0,
2026-10-01T20:03:44.258776+00:00,freq,0,0,2500.0,4250.0,2500.0,900.0,0,,,,
2026-10-01T20:03:44.258776+00:00,freq,1,0,550.0,550.0,1200.0,550.0,0,,,,
2026-10-01T20:03:44.258776+00:00,power,0,0,,,,,,2348884335926,876266388701,0.0,
2026-10-01T20:03:45.267502+00:00,freq,0,0,2500.0,4250.0,2500.0,900.0,0,,,,
2026-10-01T20:03:45.267502+00:00,freq,1,0,550.0,550.0,1200.0,550.0,0,,,,
2026-10-01T20:03:45.267502+00:00,power,0,0,,,,,,2348884335926,876267397383,0.0,
2026-10-01T20:03:46.255529+00:00,freq,0,0,2500.0,4250.0,2500.0,900.0,0,,,,
2026-10-01T20:03:46.255529+00:00,freq,1,0,550.0,550.0,1200.0,600.0,0,,,,
2026-10-01T20:03:46.255529+00:00,power,0,0,,,,,,2348905618237,876268385181,21.545205598715526,
2026-10-01T20:03:47.261634+00:00,freq,0,0,2450.0,4250.0,2450.0,900.0,2,,,,
2026-10-01T20:03:47.261634+00:00,freq,1,0,600.0,600.0,1200.0,600.0,0,,,,
2026-10-01T20:03:47.261634+00:00,power,0,0,,,,,,2348937342076,876269391475,31.525418018988486,
2026-10-01T20:03:48.264365+00:00,freq,0,0,2500.0,4250.0,2500.0,900.0,0,,,,
2026-10-01T20:03:48.264365+00:00,freq,1,0,600.0,600.0,1200.0,600.0,0,,,,
2026-10-01T20:03:48.264365+00:00,power,0,0,,,,,,2348966150791,876270393893,28.739223557438116,
2026-10-01T20:03:49.277295+00:00,freq,0,0,2500.0,4250.0,2500.0,900.0,0,,,,
2026-10-01T20:03:49.277295+00:00,freq,1,0,600.0,600.0,1200.0,550.0,0,,,,
2026-10-01T20:03:49.277295+00:00,power,0,0,,,,,,2348993326473,876271406826,26.828706340893227,
2026-10-01T20:03:50.275820+00:00,freq,0,0,2500.0,4250.0,2500.0,900.0,0,,,,
2026-10-01T20:03:50.275820+00:00,freq,1,0,550.0,550.0,1200.0,600.0,0,,,,
2026-10-01T20:03:50.275820+00:00,power,0,0,,,,,,2349018569111,876272405465,25.277040051510106,
2026-10-01T20:03:51.265127+00:00,freq,0,0,2500.0,4250.0,2500.0,900.0,0,,,,
2026-10-01T20:03:51.265127+00:00,freq,1,0,600.0,600.0,1200.0,600.0,0,,,,
2026-10-01T20:03:51.265127+00:00,power,0,0,,,,,,2349042660846,876273394764,24.35232927557796,
2026-10-01T20:03:52.273233+00:00,freq,0,0,2500.0,4250.0,2500.0,900.0,0,,,,
2026-10-01T20:03:52.273233+00:00,freq,1,0,600.0,600.0,1200.0,600.0,0,,,,
2026-10-01T20:03:52.273233+00:00,power,0,0,,,,,,2349065940105,876274402698,23.096015215281952,
2026-10-01T20:03:53.263932+00:00,freq,0,0,2500.0,4250.0,2500.0,900.0,0,,,,
2026-10-01T20:03:53.263932+00:00,freq,1,0,600.0,600.0,1200.0,600.0,0,,,,
2026-10-01T20:03:53.263932+00:00,power,0,0,,,,,,2349087939555,876275393840,22.1960627236057,
2026-10-01T20:03:54.268987+00:00,freq,0,0,2500.0,4250.0,2500.0,900.0,0,,,,
2026-10-01T20:03:54.268987+00:00,freq,1,0,600.0,600.0,1200.0,600.0,0,,,,
2026-10-01T20:03:54.268987+00:00,power,0,0,,,,,,2349109737124,876276398599,21.694325703974783,
2026-10-01T20:03:55.261271+00:00,freq,0,0,2500.0,4250.0,2500.0,900.0,0,,,,
2026-10-01T20:03:55.261271+00:00,freq,1,0,600.0,600.0,1200.0,600.0,0,,,,
2026-10-01T20:03:55.261271+00:00,power,0,0,,,,,,2349130822329,876277390840,21.2500844048976,
2026-10-01T20:03:56.264499+00:00,freq,0,0,2500.0,4250.0,2500.0,900.0,0,,,,
2026-10-01T20:03:56.264499+00:00,freq,1,0,600.0,600.0,1200.0,600.0,0,,,,
2026-10-01T20:03:56.264499+00:00,power,0,0,,,,,,2349151622279,876278394153,20.73126731139734,
2026-10-01T20:03:57.268476+00:00,freq,0,0,2500.0,4250.0,2500.0,900.0,0,,,,
2026-10-01T20:03:57.268476+00:00,freq,1,0,600.0,600.0,1200.0,600.0,0,,,,
2026-10-01T20:03:57.268476+00:00,power,0,0,,,,,,2349172292811,876279397947,20.592404417639475,
2026-10-01T20:03:58.256309+00:00,freq,0,0,2500.0,4250.0,2500.0,900.0,0,,,,
2026-10-01T20:03:58.256309+00:00,freq,1,0,600.0,600.0,1200.0,600.0,0,,,,
2026-10-01T20:03:58.256309+00:00,power,0,0,,,,,,2349192078112,876280385725,20.030108992101464,
2026-10-01T20:03:59.260991+00:00,freq,0,0,2500.0,4250.0,2500.0,900.0,0,,,,
2026-10-01T20:03:59.260991+00:00,freq,1,0,600.0,600.0,1200.0,600.0,0,,,,
2026-10-01T20:03:59.260991+00:00,power,0,0,,,,,,2349212281077,876281390433,20.108295146450512,
2026-10-01T20:04:00.265846+00:00,freq,0,0,2500.0,4250.0,2500.0,900.0,0,,,,
2026-10-01T20:04:00.265846+00:00,freq,1,0,600.0,600.0,1200.0,600.0,0,,,,
2026-10-01T20:04:00.265846+00:00,power,0,0,,,,,,2349232312388,876282395317,19.933953570760405,
2026-10-01T20:04:01.274016+00:00,freq,0,0,2500.0,4250.0,2500.0,900.0,0,,,,
2026-10-01T20:04:01.274016+00:00,freq,1,0,600.0,600.0,1200.0,600.0,0,,,,
2026-10-01T20:04:01.274016+00:00,power,0,0,,,,,,2349252300608,876283403517,19.82564967268399,
2026-10-01T20:04:02.262595+00:00,freq,0,0,2500.0,4250.0,2500.0,900.0,0,,,,
2026-10-01T20:04:02.262595+00:00,freq,1,0,600.0,600.0,1200.0,600.0,0,,,,
2026-10-01T20:04:02.262595+00:00,power,0,0,,,,,,2349271699045,876284392006,19.62433269363645,
2026-10-01T20:04:03.264864+00:00,freq,0,0,2400.0,4250.0,2400.0,900.0,2,,,,
2026-10-01T20:04:03.264864+00:00,freq,1,0,600.0,600.0,1200.0,600.0,0,,,,
2026-10-01T20:04:03.264864+00:00,power,0,0,,,,,,2349291240145,876285394317,19.49604464083503,
2026-10-01T20:04:04.270732+00:00,freq,0,0,2500.0,4250.0,2500.0,900.0,0,,,,
2026-10-01T20:04:04.270732+00:00,freq,1,0,600.0,600.0,1200.0,600.0,0,,,,
2026-10-01T20:04:04.270732+00:00,power,0,0,,,,,,2349310750704,876286399924,19.40177325734606,
2026-10-01T20:04:05.260536+00:00,freq,0,0,2500.0,4250.0,2500.0,900.0,0,,,,
2026-10-01T20:04:05.260536+00:00,freq,1,0,600.0,600.0,1200.0,600.0,0,,,,
2026-10-01T20:04:05.260536+00:00,power,0,0,,,,,,2349329791193,876287389852,19.234216023791628,
2026-10-01T20:04:06.268304+00:00,freq,0,0,2500.0,4250.0,2500.0,900.0,0,,,,
2026-10-01T20:04:06.268304+00:00,freq,1,0,600.0,600.0,1200.0,600.0,0,,,,
2026-10-01T20:04:06.268304+00:00,power,0,0,,,,,,2349349299554,876288397620,19.357988148065825,
2026-10-01T20:04:07.259879+00:00,freq,0,0,2500.0,4250.0,2500.0,900.0,0,,,,
2026-10-01T20:04:07.259879+00:00,freq,1,0,600.0,600.0,1200.0,600.0,0,,,,
2026-10-01T20:04:07.259879+00:00,power,0,0,,,,,,2349368435380,876289389023,19.30176325873535,
2026-10-01T20:04:08.261241+00:00,freq,0,0,2500.0,4250.0,2500.0,900.0,0,,,,
2026-10-01T20:04:08.261241+00:00,freq,1,0,600.0,600.0,1200.0,600.0,0,,,,
2026-10-01T20:04:08.261241+00:00,power,0,0,,,,,,2349387385049,876290390515,18.921438214184437,
2026-10-01T20:04:09.262188+00:00,freq,0,0,2500.0,4250.0,2500.0,900.0,0,,,,
2026-10-01T20:04:09.262188+00:00,freq,1,0,600.0,600.0,1200.0,600.0,0,,,,
2026-10-01T20:04:09.262188+00:00,power,0,0,,,,,,2349406423257,876291391417,19.021051011987186,
2026-10-01T20:04:10.263606+00:00,freq,0,0,2500.0,4250.0,2500.0,900.0,0,,,,
2026-10-01T20:04:10.263606+00:00,freq,1,0,600.0,600.0,1200.0,600.0,0,,,,
2026-10-01T20:04:10.263606+00:00,power,0,0,,,,,,2349425238015,876292392759,18.7895424340535,
2026-10-01T20:04:11.278698+00:00,freq,0,0,2500.0,4250.0,2500.0,900.0,0,,,,
2026-10-01T20:04:11.278698+00:00,freq,1,0,600.0,600.0,1200.0,600.0,0,,,,
2026-10-01T20:04:11.278698+00:00,power,0,0,,,,,,2349441901673,876293407851,16.41590909986484,
2026-10-01T20:04:12.276088+00:00,freq,0,0,2500.0,4250.0,2500.0,900.0,0,,,,
2026-10-01T20:04:12.276088+00:00,freq,1,0,600.0,600.0,1200.0,600.0,0,,,,
2026-10-01T20:04:12.276088+00:00,power,0,0,,,,,,2349458214562,876294405074,16.358316043653225,
2026-10-01T20:04:13.266711+00:00,freq,0,0,2500.0,4250.0,2500.0,900.0,0,,,,
2026-10-01T20:04:13.266711+00:00,freq,1,0,600.0,600.0,1200.0,600.0,0,,,,
2026-10-01T20:04:13.266711+00:00,power,0,0,,,,,,2349474429955,876295395826,16.366752729240012,
2026-10-01T20:04:14.258286+00:00,freq,0,0,2500.0,4250.0,2500.0,900.0,0,,,,
2026-10-01T20:04:14.258286+00:00,freq,1,0,600.0,600.0,1200.0,600.0,0,,,,
2026-10-01T20:04:14.258286+00:00,power,0,0,,,,,,2349490661057,876296387426,16.36859822509076,
2026-10-01T20:04:15.266733+00:00,freq,0,0,2500.0,4250.0,2500.0,900.0,0,,,,
2026-10-01T20:04:15.266733+00:00,freq,1,0,600.0,600.0,1200.0,600.0,0,,,,
2026-10-01T20:04:15.266733+00:00,power,0,0,,,,,,2349507179916,876297395946,16.37930730178876,
2026-10-01T20:04:16.253572+00:00,freq,0,0,2500.0,4250.0,2500.0,900.0,0,,,,
2026-10-01T20:04:16.253572+00:00,freq,1,0,600.0,600.0,1200.0,600.0,0,,,,
2026-10-01T20:04:16.253572+00:00,power,0,0,,,,,,2349523327926,876298382750,16.363948666604514,
2026-10-01T20:04:17.266502+00:00,freq,0,0,2500.0,4250.0,2500.0,900.0,0,,,,
2026-10-01T20:04:17.266502+00:00,freq,1,0,600.0,600.0,1200.0,600.0,0,,,,
2026-10-01T20:04:17.266502+00:00,power,0,0,,,,,,2349539902900,876299395475,16.366707645214642,
2026-10-01T20:04:18.267875+00:00,freq,0,0,2500.0,4250.0,2500.0,900.0,0,,,,
2026-10-01T20:04:18.267875+00:00,freq,1,0,600.0,600.0,1200.0,600.0,0,,,,
2026-10-01T20:04:18.267875+00:00,power,0,0,,,,,,2349556308502,876300396902,16.382224565544966,
2026-10-01T20:04:19.256247+00:00,freq,0,0,2500.0,4250.0,2500.0,900.0,0,,,,
2026-10-01T20:04:19.256247+00:00,freq,1,0,600.0,600.0,1200.0,600.0,0,,,,
2026-10-01T20:04:19.256247+00:00,power,0,0,,,,,,2349572469475,876301385304,16.350607343975426,
2026-10-01T20:04:20.260201+00:00,freq,0,0,2500.0,4250.0,2500.0,900.0,0,,,,
2026-10-01T20:04:20.260201+00:00,freq,1,0,600.0,600.0,1200.0,600.0,0,,,,
2026-10-01T20:04:20.260201+00:00,power,0,0,,,,,,2349588882279,876302389409,16.3457048814616,
2026-10-01T20:04:21.267290+00:00,freq,0,0,2500.0,4250.0,2500.0,900.0,0,,,,
2026-10-01T20:04:21.267290+00:00,freq,1,0,600.0,600.0,1200.0,600.0,0,,,,
2026-10-01T20:04:21.267290+00:00,power,0,0,,,,,,2349605319534,876303396204,16.326317671422682,
2026-10-01T20:04:22.257276+00:00,freq,0,0,2500.0,4250.0,2500.0,900.0,0,,,,
2026-10-01T20:04:22.257276+00:00,freq,1,0,600.0,600.0,1200.0,600.0,0,,,,
2026-10-01T20:04:22.257276+00:00,power,0,0,,,,,,2349607097084,876304386429,1.7950970738973466,
2026-10-01T20:04:23.260953+00:00,freq,0,0,2500.0,4250.0,2500.0,900.0,0,,,,
2026-10-01T20:04:23.260953+00:00,freq,1,0,600.0,600.0,1200.0,600.0,0,,,,
2026-10-01T20:04:23.260953+00:00,power,0,0,,,,,,2349607097084,876305390106,0.0,
2026-10-01T20:04:24.264588+00:00,freq,0,0,2500.0,4250.0,2500.0,900.0,0,,,,
2026-10-01T20:04:24.264588+00:00,freq,1,0,600.0,600.0,1200.0,600.0,0,,,,
2026-10-01T20:04:24.264588+00:00,power,0,0,,,,,,2349607097084,876306393659,0.0,
2026-10-01T20:04:25.273239+00:00,freq,0,0,2500.0,4250.0,2500.0,900.0,0,,,,
2026-10-01T20:04:25.273239+00:00,freq,1,0,600.0,600.0,1200.0,600.0,0,,,,
2026-10-01T20:04:25.273239+00:00,power,0,0,,,,,,2349607097084,876307402322,0.0,
2026-10-01T20:04:26.263537+00:00,freq,0,0,2500.0,4250.0,2500.0,900.0,0,,,,
2026-10-01T20:04:26.263537+00:00,freq,1,0,600.0,600.0,1200.0,600.0,0,,,,
2026-10-01T20:04:26.263537+00:00,power,0,0,,,,,,2349607097084,876308392598,0.0,
2026-10-01T20:04:27.268676+00:00,freq,0,0,2500.0,4250.0,2500.0,900.0,0,,,,
2026-10-01T20:04:27.268676+00:00,freq,1,0,600.0,600.0,1200.0,600.0,0,,,,
2026-10-01T20:04:27.268676+00:00,power,0,0,,,,,,2349607097389,876309397779,0.00030342793984366995,
2026-10-01T20:04:28.266596+00:00,freq,0,0,2500.0,4250.0,2500.0,900.0,0,,,,
2026-10-01T20:04:28.266596+00:00,freq,1,0,600.0,600.0,1200.0,600.0,0,,,,
2026-10-01T20:04:28.266596+00:00,power,0,0,,,,,,2349607097389,876310395564,0.0,
2026-10-01T20:04:29.272293+00:00,freq,0,0,2500.0,4250.0,2500.0,900.0,0,,,,
2026-10-01T20:04:29.272293+00:00,freq,1,0,600.0,600.0,1200.0,600.0,0,,,,
2026-10-01T20:04:29.272293+00:00,power,0,0,,,,,,2349607097389,876311401250,0.0,
2026-10-01T20:04:30.258987+00:00,freq,0,0,2500.0,4250.0,2500.0,900.0,0,,,,
2026-10-01T20:04:30.258987+00:00,freq,1,0,600.0,600.0,1200.0,550.0,0,,,,
2026-10-01T20:04:30.258987+00:00,power,0,0,,,,,,2349607097389,876312387964,0.0,
2026-10-01T20:04:31.259993+00:00,freq,0,0,2500.0,4250.0,2500.0,900.0,0,,,,
2026-10-01T20:04:31.259993+00:00,freq,1,0,550.0,550.0,1200.0,600.0,0,,,,
2026-10-01T20:04:31.259993+00:00,power,0,0,,,,,,2349607097389,876313388954,0.0,
2026-10-01T20:04:32.267347+00:00,freq,0,0,2500.0,4250.0,2500.0,900.0,0,,,,
2026-10-01T20:04:32.267347+00:00,freq,1,0,600.0,600.0,1200.0,600.0,0,,,,
2026-10-01T20:04:32.267347+00:00,power,0,0,,,,,,2349607097389,876314396335,0.0,
2026-10-01T20:04:33.260261+00:00,freq,0,0,2500.0,4250.0,2500.0,900.0,0,,,,
2026-10-01T20:04:33.260261+00:00,freq,1,0,600.0,600.0,1200.0,550.0,0,,,,
2026-10-01T20:04:33.260261+00:00,power,0,0,,,,,,2349607097389,876315389233,0.0,
2026-10-01T20:04:34.267713+00:00,freq,0,0,2500.0,4250.0,2500.0,900.0,0,,,,
2026-10-01T20:04:34.267713+00:00,freq,1,0,550.0,550.0,1200.0,550.0,0,,,,
2026-10-01T20:04:34.267713+00:00,power,0,0,,,,,,2349607097511,876316396611,0.0001211064764169954,
2026-10-01T20:04:35.258656+00:00,freq,0,0,2500.0,4250.0,2500.0,900.0,0,,,,
2026-10-01T20:04:35.258656+00:00,freq,1,0,550.0,550.0,1200.0,550.0,0,,,,
2026-10-01T20:04:35.258656+00:00,power,0,0,,,,,,2349607097511,876317387621,0.0,
2026-10-01T20:04:36.266403+00:00,freq,0,0,2500.0,4250.0,2500.0,900.0,0,,,,
2026-10-01T20:04:36.266403+00:00,freq,1,0,550.0,550.0,1200.0,550.0,0,,,,
2026-10-01T20:04:36.266403+00:00,power,0,0,,,,,,2349607097511,876318395222,0.0,
2026-10-01T20:04:37.280949+00:00,freq,0,0,2500.0,4250.0,2500.0,900.0,0,,,,
2026-10-01T20:04:37.280949+00:00,freq,1,0,550.0,550.0,1200.0,550.0,0,,,,
2026-10-01T20:04:37.280949+00:00,power,0,0,,,,,,2349607097511,876319409640,0.0,
2026-10-01T20:04:38.277418+00:00,freq,0,0,2500.0,4250.0,2500.0,900.0,0,,,,
2026-10-01T20:04:38.277418+00:00,freq,1,0,550.0,550.0,1200.0,550.0,0,,,,
2026-10-01T20:04:38.277418+00:00,power,0,0,,,,,,2349607097511,876320406193,0.0,
2026-10-01T20:04:39.268885+00:00,freq,0,0,2500.0,4250.0,2500.0,900.0,0,,,,
2026-10-01T20:04:39.268885+00:00,freq,1,0,550.0,550.0,1200.0,550.0,0,,,,
2026-10-01T20:04:39.268885+00:00,power,0,0,,,,,,2349607098609,876321397799,0.0011072946311337366,
2026-10-01T20:04:40.260516+00:00,freq,0,0,2500.0,4250.0,2500.0,900.0,0,,,,
2026-10-01T20:04:40.260516+00:00,freq,1,0,550.0,550.0,1200.0,550.0,0,,,,
2026-10-01T20:04:40.260516+00:00,power,0,0,,,,,,2349607098609,876322389302,0.0,
2026-10-01T20:04:41.272998+00:00,freq,0,0,2500.0,4250.0,2500.0,900.0,0,,,,
2026-10-01T20:04:41.272998+00:00,freq,1,0,550.0,550.0,1200.0,550.0,0,,,,
2026-10-01T20:04:41.272998+00:00,power,0,0,,,,,,2349607098609,876323401694,0.0,
2026-10-01T20:04:42.261707+00:00,freq,0,0,2500.0,4250.0,2500.0,900.0,0,,,,
2026-10-01T20:04:42.261707+00:00,freq,1,0,550.0,550.0,1200.0,550.0,0,,,,
2026-10-01T20:04:42.261707+00:00,power,0,0,,,,,,2349607098609,876324390372,0.0,
2026-10-01T20:04:43.265187+00:00,freq,0,0,2500.0,4250.0,2500.0,900.0,0,,,,
2026-10-01T20:04:43.265187+00:00,freq,1,0,550.0,550.0,1200.0,550.0,0,,,,
2026-10-01T20:04:43.265187+00:00,power,0,0,,,,,,2349607098609,876325393951,0.0,
2026-10-01T20:04:44.280403+00:00,freq,0,0,2500.0,4250.0,2500.0,900.0,0,,,,
2026-10-01T20:04:44.280403+00:00,freq,1,0,550.0,550.0,1200.0,550.0,0,,,,
2026-10-01T20:04:44.280403+00:00,power,0,0,,,,,,2349607098609,876326409013,0.0,
2026-10-01T20:04:45.271265+00:00,freq,0,0,2500.0,4250.0,2500.0,900.0,0,,,,
2026-10-01T20:04:45.271265+00:00,freq,1,0,550.0,550.0,1200.0,550.0,0,,,,
2026-10-01T20:04:45.271265+00:00,power,0,0,,,,,,2349607098609,876327399939,0.0,
2026-10-01T20:04:46.263145+00:00,freq,0,0,2500.0,4250.0,2500.0,900.0,0,,,,
2026-10-01T20:04:46.263145+00:00,freq,1,0,550.0,550.0,1200.0,550.0,0,,,,
2026-10-01T20:04:46.263145+00:00,power,0,0,,,,,,2349607098609,876328391700,0.0,
2026-10-01T20:04:47.263713+00:00,freq,0,0,900.0,900.0,2500.0,900.0,0,,,,
2026-10-01T20:04:47.263713+00:00,freq,1,0,550.0,550.0,1200.0,550.0,0,,,,
2026-10-01T20:04:47.263713+00:00,power,0,0,,,,,,2349607098609,876329392398,0.0,
2026-10-01T20:04:48.264968+00:00,freq,0,0,900.0,900.0,2500.0,900.0,0,,,,
2026-10-01T20:04:48.264968+00:00,freq,1,0,550.0,550.0,1200.0,550.0,0,,,,
2026-10-01T20:04:48.264968+00:00,power,0,0,,,,,,2349607098670,876330393503,6.093266940031265e-05,
2026-10-01T20:04:49.273781+00:00,freq,0,0,900.0,900.0,2500.0,900.0,0,,,,
2026-10-01T20:04:49.273781+00:00,freq,1,0,550.0,550.0,1200.0,550.0,0,,,,
2026-10-01T20:04:49.273781+00:00,power,0,0,,,,,,2349607098731,876331402399,6.046212890129409e-05,
2026-10-01T20:04:50.263357+00:00,freq,0,0,900.0,900.0,2500.0,900.0,0,,,,
2026-10-01T20:04:50.263357+00:00,freq,1,0,550.0,550.0,1200.0,550.0,0,,,,
2026-10-01T20:04:50.263357+00:00,power,0,0,,,,,,2349607098731,876332391988,0.0,
2026-10-01T20:04:51.279270+00:00,freq,0,0,900.0,900.0,2500.0,900.0,0,,,,
2026-10-01T20:04:51.279270+00:00,freq,1,0,550.0,550.0,1200.0,550.0,0,,,,
2026-10-01T20:04:51.279270+00:00,power,0,0,,,,,,2349607098731,876333407710,0.0,
2026-10-01T20:04:52.270885+00:00,freq,0,0,900.0,900.0,2500.0,900.0,0,,,,
2026-10-01T20:04:52.270885+00:00,freq,1,0,550.0,550.0,1200.0,550.0,0,,,,
2026-10-01T20:04:52.270885+00:00,power,0,0,,,,,,2349607098731,876334399372,0.0,
2026-10-01T20:04:53.261740+00:00,freq,0,0,900.0,900.0,2500.0,900.0,0,,,,
2026-10-01T20:04:53.261740+00:00,freq,1,0,550.0,550.0,1200.0,550.0,0,,,,
2026-10-01T20:04:53.261740+00:00,power,0,0,,,,,,2349607098731,876335390188,0.0,
2026-10-01T20:04:54.268066+00:00,freq,0,0,900.0,900.0,2500.0,900.0,0,,,,
2026-10-01T20:04:54.268066+00:00,freq,1,0,550.0,550.0,1200.0,550.0,0,,,,
2026-10-01T20:04:54.268066+00:00,power,0,0,,,,,,2349607098792,876336396542,6.061485322262345e-05,
2026-10-01T20:04:55.258937+00:00,freq,0,0,900.0,900.0,2500.0,900.0,0,,,,
2026-10-01T20:04:55.258937+00:00,freq,1,0,550.0,550.0,1200.0,550.0,0,,,,
2026-10-01T20:04:55.258937+00:00,power,0,0,,,,,,2349607101439,876337387410,0.0026713951807909833,
2026-10-01T20:04:56.267297+00:00,freq,0,0,900.0,900.0,2500.0,900.0,0,,,,
2026-10-01T20:04:56.267297+00:00,freq,1,0,550.0,550.0,1200.0,550.0,0,,,,
2026-10-01T20:04:56.267297+00:00,power,0,0,,,,,,2349607101439,876338395761,0.0,
2026-10-01T20:04:57.280478+00:00,freq,0,0,900.0,900.0,2500.0,950.0,0,,,,
2026-10-01T20:04:57.280478+00:00,freq,1,0,550.0,550.0,1200.0,550.0,0,,,,
2026-10-01T20:04:57.280478+00:00,power,0,0,,,,,,2349607101439,876339408752,0.0,
2026-10-01T20:04:58.275594+00:00,freq,0,0,2500.0,4250.0,2500.0,900.0,0,,,,
2026-10-01T20:04:58.275594+00:00,freq,1,0,550.0,550.0,1200.0,550.0,0,,,,
2026-10-01T20:04:58.275594+00:00,power,0,0,,,,,,2349618478415,876340403788,11.433733050864491,
2026-10-01T20:04:59.265710+00:00,freq,0,0,2500.0,4250.0,2500.0,900.0,0,,,,
2026-10-01T20:04:59.265710+00:00,freq,1,0,550.0,550.0,1200.0,550.0,0,,,,
2026-10-01T20:04:59.265710+00:00,power,0,0,,,,,,2349650436666,876341394126,32.270044166739034,
2026-10-01T20:05:00.273341+00:00,freq,0,0,2500.0,4250.0,2500.0,900.0,0,,,,
2026-10-01T20:05:00.273341+00:00,freq,1,0,550.0,550.0,1200.0,550.0,0,,,,
2026-10-01T20:05:00.273341+00:00,power,0,0,,,,,,2349680348127,876342401441,29.694247578959907,
2026-10-01T20:05:01.264468+00:00,freq,0,0,2500.0,4250.0,2500.0,900.0,0,,,,
2026-10-01T20:05:01.264468+00:00,freq,1,0,550.0,550.0,1200.0,600.0,0,,,,
2026-10-01T20:05:01.264468+00:00,power,0,0,,,,,,2349707803510,876343392665,27.69846472643923,
2026-10-01T20:05:02.270633+00:00,freq,0,0,2500.0,4250.0,2500.0,900.0,0,,,,
2026-10-01T20:05:02.270633+00:00,freq,1,0,600.0,600.0,1200.0,550.0,0,,,,
2026-10-01T20:05:02.270633+00:00,power,0,0,,,,,,2349734028509,876344398773,26.065789159811867,
2026-10-01T20:05:03.259682+00:00,freq,0,0,2500.0,4250.0,2500.0,900.0,0,,,,
2026-10-01T20:05:03.259682+00:00,freq,1,0,550.0,550.0,1200.0,600.0,0,,,,
2026-10-01T20:05:03.259682+00:00,power,0,0,,,,,,2349758286748,876345387620,24.53184264097479,
2026-10-01T20:05:04.264247+00:00,freq,0,0,2500.0,4250.0,2500.0,900.0,0,,,,
2026-10-01T20:05:04.264247+00:00,freq,1,0,600.0,600.0,1200.0,600.0,0,,,,
2026-10-01T20:05:04.264247+00:00,power,0,0,,,,,,2349781794217,876346392411,23.395381726150017,
2026-10-01T20:05:05.266835+00:00,freq,0,0,2500.0,4250.0,2500.0,900.0,0,,,,
2026-10-01T20:05:05.266835+00:00,freq,1,0,600.0,600.0,1200.0,600.0,0,,,,
2026-10-01T20:05:05.266835+00:00,power,0,0,,,,,,2349804273220,876347394926,22.422610135509196,
2026-10-01T20:05:06.276667+00:00,freq,0,0,2500.0,4250.0,2500.0,900.0,0,,,,
2026-10-01T20:05:06.276667+00:00,freq,1,0,600.0,600.0,1200.0,600.0,0,,,,
2026-10-01T20:05:06.276667+00:00,power,0,0,,,,,,2349826250514,876348404530,21.768231900824482,
2026-10-01T20:05:07.266829+00:00,freq,0,0,2500.0,4250.0,2500.0,900.0,0,,,,
2026-10-01T20:05:07.266829+00:00,freq,1,0,600.0,600.0,1200.0,600.0,0,,,,
2026-10-01T20:05:07.266829+00:00,power,0,0,,,,,,2349847024463,876349394872,20.976540427448295,
2026-10-01T20:05:08.271515+00:00,freq,0,0,2500.0,4250.0,2500.0,900.0,0,,,,
2026-10-01T20:05:08.271515+00:00,freq,1,0,600.0,600.0,1200.0,600.0,0,,,,
2026-10-01T20:05:08.271515+00:00,power,0,0,,,,,,2349868124462,876350399518,21.00242174855621,
2026-10-01T20:05:09.262864+00:00,freq,0,0,2500.0,4250.0,2500.0,900.0,0,,,,
2026-10-01T20:05:09.262864+00:00,freq,1,0,600.0,600.0,1200.0,600.0,0,,,,
2026-10-01T20:05:09.262864+00:00,power,0,0,,,,,,2349888471629,876351390944,20.523132336654477,
2026-10-01T20:05:10.268466+00:00,freq,0,0,2500.0,4250.0,2500.0,900.0,0,,,,
2026-10-01T20:05:10.268466+00:00,freq,1,0,600.0,600.0,1200.0,600.0,0,,,,
2026-10-01T20:05:10.268466+00:00,power,0,0,,,,,,2349908907504,876352396539,20.32217244516928,
2026-10-01T20:05:11.256445+00:00,freq,0,0,2500.0,4250.0,2500.0,900.0,0,,,,
2026-10-01T20:05:11.256445+00:00,freq,1,0,600.0,600.0,1200.0,600.0,0,,,,
2026-10-01T20:05:11.256445+00:00,power,0,0,,,,,,2349928760836,876353384469,20.095889384875445,
2026-10-01T20:05:12.260235+00:00,freq,0,0,2500.0,4250.0,2500.0,900.0,0,,,,
2026-10-01T20:05:12.260235+00:00,freq,1,0,600.0,600.0,1200.0,600.0,0,,,,
2026-10-01T20:05:12.260235+00:00,power,0,0,,,,,,2349948865999,876354388074,20.032944236029117,
2026-10-01T20:05:13.266589+00:00,freq,0,0,2450.0,4250.0,2500.0,900.0,2,,,,
2026-10-01T20:05:13.266589+00:00,freq,1,0,600.0,600.0,1200.0,600.0,0,,,,
2026-10-01T20:05:13.266589+00:00,power,0,0,,,,,,2349968712396,876355394648,19.716778895540717,
2026-10-01T20:05:14.274166+00:00,freq,0,0,2500.0,4250.0,2500.0,900.0,0,,,,
2026-10-01T20:05:14.274166+00:00,freq,1,0,600.0,600.0,1200.0,600.0,0,,,,
2026-10-01T20:05:14.274166+00:00,power,0,0,,,,,,2349988603509,876356401934,19.747234648352105,
2026-10-01T20:05:15.263806+00:00,freq,0,0,2500.0,4250.0,2500.0,900.0,0,,,,
2026-10-01T20:05:15.263806+00:00,freq,1,0,600.0,600.0,1200.0,600.0,0,,,,
2026-10-01T20:05:15.263806+00:00,power,0,0,,,,,,2350007836076,876357391678,19.43186015777817,
2026-10-01T20:05:16.264966+00:00,freq,0,0,2450.0,4250.0,2500.0,900.0,2,,,,
2026-10-01T20:05:16.264966+00:00,freq,1,0,600.0,600.0,1200.0,600.0,0,,,,
2026-10-01T20:05:16.264966+00:00,power,0,0,,,,,,2350027365800,876358392860,19.506667119464794,
2026-10-01T20:05:17.279404+00:00,freq,0,0,2500.0,4250.0,2500.0,900.0,0,,,,
2026-10-01T20:05:17.279404+00:00,freq,1,0,600.0,600.0,1200.0,600.0,0,,,,
2026-10-01T20:05:17.279404+00:00,power,0,0,,,,,,2350046836648,876359407101,19.197457014654308,
2026-10-01T20:05:18.277222+00:00,freq,0,0,2500.0,4250.0,2500.0,900.0,0,,,,
2026-10-01T20:05:18.277222+00:00,freq,1,0,600.0,600.0,1200.0,600.0,0,,,,
2026-10-01T20:05:18.277222+00:00,power,0,0,,,,,,2350066124085,876360405237,19.323455921838306,
2026-10-01T20:05:19.270006+00:00,freq,0,0,2500.0,4250.0,2500.0,900.0,0,,,,
2026-10-01T20:05:19.270006+00:00,freq,1,0,600.0,600.0,1200.0,600.0,0,,,,
2026-10-01T20:05:19.270006+00:00,power,0,0,,,,,,2350085267456,876361397646,19.28979987081939,
2026-10-01T20:05:20.260573+00:00,freq,0,0,2500.0,4250.0,2500.0,900.0,0,,,,
2026-10-01T20:05:20.260573+00:00,freq,1,0,600.0,600.0,1200.0,600.0,0,,,,
2026-10-01T20:05:20.260573+00:00,power,0,0,,,,,,2350104113769,876362388270,19.0246884791808,
2026-10-01T20:05:21.269047+00:00,freq,0,0,2500.0,4250.0,2500.0,900.0,0,,,,
2026-10-01T20:05:21.269047+00:00,freq,1,0,600.0,600.0,1200.0,600.0,0,,,,
2026-10-01T20:05:21.269047+00:00,power,0,0,,,,,,2350123458396,876363396812,19.18078473677844,
2026-10-01T20:05:22.257802+00:00,freq,0,0,2500.0,4250.0,2500.0,900.0,0,,,,
2026-10-01T20:05:22.257802+00:00,freq,1,0,600.0,600.0,1200.0,600.0,0,,,,
2026-10-01T20:05:22.257802+00:00,power,0,0,,,,,,2350142456283,876364385396,19.21727136995946,
2026-10-01T20:05:23.259166+00:00,freq,0,0,2500.0,4250.0,2500.0,900.0,0,,,,
2026-10-01T20:05:23.259166+00:00,freq,1,0,600.0,600.0,1200.0,600.0,0,,,,
2026-10-01T20:05:23.259166+00:00,power,0,0,,,,,,2350159243941,876365386764,16.76472385776258,
2026-10-01T20:05:24.263616+00:00,freq,0,0,2500.0,4250.0,2500.0,900.0,0,,,,
2026-10-01T20:05:24.263616+00:00,freq,1,0,600.0,600.0,1200.0,600.0,0,,,,
2026-10-01T20:05:24.263616+00:00,power,0,0,,,,,,2350175663764,876366391332,16.345158316808817,
2026-10-01T20:05:25.275696+00:00,freq,0,0,2500.0,4250.0,2500.0,900.0,0,,,,
2026-10-01T20:05:25.275696+00:00,freq,1,0,600.0,600.0,1200.0,600.0,0,,,,
2026-10-01T20:05:25.275696+00:00,power,0,0,,,,,,2350192173430,876367403321,16.31407653640504,
2026-10-01T20:05:26.276572+00:00,freq,0,0,2500.0,4250.0,2500.0,900.0,0,,,,
2026-10-01T20:05:26.276572+00:00,freq,1,0,600.0,600.0,1200.0,600.0,0,,,,
2026-10-01T20:05:26.276572+00:00,power,0,0,,,,,,2350208484770,876368404177,16.297389434643947,
2026-10-01T20:05:27.263541+00:00,freq,0,0,2500.0,4250.0,2500.0,900.0,0,,,,
2026-10-01T20:05:27.263541+00:00,freq,1,0,600.0,600.0,1200.0,600.0,0,,,,
2026-10-01T20:05:27.263541+00:00,power,0,0,,,,,,2350224617239,876369391172,16.34503619572541,
2026-10-01T20:05:28.268179+00:00,freq,0,0,2500.0,4250.0,2500.0,900.0,0,,,,
2026-10-01T20:05:28.268179+00:00,freq,1,0,600.0,600.0,1200.0,600.0,0,,,,
2026-10-01T20:05:28.268179+00:00,power,0,0,,,,,,2350241055898,876370395641,16.365521484485832,
2026-10-01T20:05:29.258314+00:00,freq,0,0,2500.0,4250.0,2500.0,900.0,0,,,,
2026-10-01T20:05:29.258314+00:00,freq,1,0,600.0,600.0,1200.0,600.0,0,,,,
2026-10-01T20:05:29.258314+00:00,power,0,0,,,,,,2350257249891,876371385983,16.351919841832416,
2026-10-01T20:05:30.263765+00:00,freq,0,0,2500.0,4250.0,2500.0,900.0,0,,,,
2026-10-01T20:05:30.263765+00:00,freq,1,0,600.0,600.0,1200.0,600.0,0,,,,
2026-10-01T20:05:30.263765+00:00,power,0,0,,,,,,2350273673963,876372391184,16.339092380528868,
2026-10-01T20:05:31.264195+00:00,freq,0,0,2500.0,4250.0,2500.0,900.0,0,,,,
2026-10-01T20:05:31.264195+00:00,freq,1,0,600.0,600.0,1200.0,600.0,0,,,,
2026-10-01T20:05:31.264195+00:00,power,0,0,,,,,,2350290038427,876373391889,16.352935180697607,
2026-10-01T20:05:32.265544+00:00,freq,0,0,2500.0,4250.0,2500.0,900.0,0,,,,
2026-10-01T20:05:32.265544+00:00,freq,1,0,600.0,600.0,1200.0,600.0,0,,,,
2026-10-01T20:05:32.265544+00:00,power,0,0,,,,,,2350306428929,876374393057,16.37138022789382,
2026-10-01T20:05:33.272111+00:00,freq,0,0,2500.0,4250.0,2500.0,900.0,0,,,,
2026-10-01T20:05:33.272111+00:00,freq,1,0,600.0,600.0,1200.0,600.0,0,,,,
2026-10-01T20:05:33.272111+00:00,power,0,0,,,,,,2350322827976,876375399618,16.29215417644832,
2026-10-01T20:05:34.264863+00:00,freq,0,0,2500.0,4250.0,2500.0,900.0,0,,,,
2026-10-01T20:05:34.264863+00:00,freq,1,0,600.0,600.0,1200.0,600.0,0,,,,
2026-10-01T20:05:34.264863+00:00,power,0,0,,,,,,2350330188167,876376392556,7.412538345798025,
2026-10-01T20:05:35.270316+00:00,freq,0,0,2500.0,4250.0,2500.0,900.0,0,,,,
2026-10-01T20:05:35.270316+00:00,freq,1,0,600.0,600.0,1200.0,600.0,0,,,,
2026-10-01T20:05:35.270316+00:00,power,0,0,,,,,,2350330188167,876377398016,0.0,
2026-10-01T20:05:36.256049+00:00,freq,0,0,2500.0,4250.0,2500.0,1000.0,0,,,,
2026-10-01T20:05:36.256049+00:00,freq,1,0,600.0,600.0,1200.0,600.0,0,,,,
2026-10-01T20:05:36.256049+00:00,power,0,0,,,,,,2350330188167,876378383686,0.0,
2026-10-01T20:05:37.260632+00:00,freq,0,0,2500.0,4250.0,2500.0,900.0,0,,,,
2026-10-01T20:05:37.260632+00:00,freq,1,0,600.0,600.0,1200.0,600.0,0,,,,
2026-10-01T20:05:37.260632+00:00,power,0,0,,,,,,2350330188167,876379388180,0.0,
2026-10-01T20:05:38.263408+00:00,freq,0,0,2500.0,4250.0,2500.0,900.0,0,,,,
2026-10-01T20:05:38.263408+00:00,freq,1,0,600.0,600.0,1200.0,600.0,0,,,,
2026-10-01T20:05:38.263408+00:00,power,0,0,,,,,,2350330188167,876380390824,0.0,
2026-10-01T20:05:39.268839+00:00,freq,0,0,2500.0,4250.0,2500.0,900.0,0,,,,
2026-10-01T20:05:39.268839+00:00,freq,1,0,600.0,600.0,1200.0,600.0,0,,,,
2026-10-01T20:05:39.268839+00:00,power,0,0,,,,,,2350330188167,876381396365,0.0,
2026-10-01T20:05:40.257939+00:00,freq,0,0,2500.0,4250.0,2500.0,900.0,0,,,,
2026-10-01T20:05:40.257939+00:00,freq,1,0,600.0,600.0,1200.0,600.0,0,,,,
2026-10-01T20:05:40.257939+00:00,power,0,0,,,,,,2350330188594,876382385456,0.0004317095191443457,
2026-10-01T20:05:41.266492+00:00,freq,0,0,2500.0,4250.0,2500.0,900.0,0,,,,
2026-10-01T20:05:41.266492+00:00,freq,1,0,600.0,600.0,1200.0,600.0,0,,,,
2026-10-01T20:05:41.266492+00:00,power,0,0,,,,,,2350330188594,876383394010,0.0,
2026-10-01T20:05:42.271969+00:00,freq,0,0,2500.0,4250.0,2500.0,900.0,0,,,,
2026-10-01T20:05:42.271969+00:00,freq,1,0,600.0,600.0,1200.0,550.0,0,,,,
2026-10-01T20:05:42.271969+00:00,power,0,0,,,,,,2350330188777,876384399466,0.00018200696997183367,
2026-10-01T20:05:43.264717+00:00,freq,0,0,2500.0,4250.0,2500.0,900.0,0,,,,
2026-10-01T20:05:43.264717+00:00,freq,1,0,550.0,550.0,1200.0,600.0,0,,,,
2026-10-01T20:05:43.264717+00:00,power,0,0,,,,,,2350330188777,876385392211,0.0,
2026-10-01T20:05:44.271816+00:00,freq,0,0,2500.0,4250.0,2500.0,900.0,0,,,,
2026-10-01T20:05:44.271816+00:00,freq,1,0,600.0,600.0,1200.0,550.0,0,,,,
2026-10-01T20:05:44.271816+00:00,power,0,0,,,,,,2350330188777,876386399280,0.0,
2026-10-01T20:05:45.270890+00:00,freq,0,0,2500.0,4250.0,2500.0,900.0,0,,,,
2026-10-01T20:05:45.270890+00:00,freq,1,0,550.0,550.0,1200.0,550.0,0,,,,
2026-10-01T20:05:45.270890+00:00,power,0,0,,,,,,2350330188777,876387398217,0.0,
2026-10-01T20:05:46.270424+00:00,freq,0,0,2500.0,4250.0,2500.0,900.0,0,,,,
2026-10-01T20:05:46.270424+00:00,freq,1,0,550.0,550.0,1200.0,550.0,0,,,,
2026-10-01T20:05:46.270424+00:00,power,0,0,,,,,,2350330188777,876388397776,0.0,
2026-10-01T20:05:47.259852+00:00,freq,0,0,1300.0,1300.0,2500.0,900.0,0,,,,
2026-10-01T20:05:47.259852+00:00,freq,1,0,550.0,550.0,1200.0,550.0,0,,,,
2026-10-01T20:05:47.259852+00:00,power,0,0,,,,,,2350330188777,876389387239,0.0,
2026-10-01T20:05:48.264994+00:00,freq,0,0,1300.0,1300.0,2500.0,900.0,0,,,,
2026-10-01T20:05:48.264994+00:00,freq,1,0,550.0,550.0,1200.0,550.0,0,,,,
2026-10-01T20:05:48.264994+00:00,power,0,0,,,,,,2350330188777,876390392393,0.0,
2026-10-01T20:05:49.270650+00:00,freq,0,0,1300.0,1300.0,2500.0,900.0,0,,,,
2026-10-01T20:05:49.270650+00:00,freq,1,0,550.0,550.0,1200.0,550.0,0,,,,
2026-10-01T20:05:49.270650+00:00,power,0,0,,,,,,2350330188777,876391398018,0.0,
2026-10-01T20:05:50.262395+00:00,freq,0,0,1300.0,1300.0,2500.0,900.0,0,,,,
2026-10-01T20:05:50.262395+00:00,freq,1,0,550.0,550.0,1200.0,550.0,0,,,,
2026-10-01T20:05:50.262395+00:00,power,0,0,,,,,,2350330188777,876392389641,0.0,
2026-10-01T20:05:51.264179+00:00,freq,0,0,1300.0,1300.0,2500.0,900.0,0,,,,
2026-10-01T20:05:51.264179+00:00,freq,1,0,550.0,550.0,1200.0,550.0,0,,,,
2026-10-01T20:05:51.264179+00:00,power,0,0,,,,,,2350330188899,876393391471,0.00012177714781949033,
2026-10-01T20:05:52.265863+00:00,freq,0,0,1300.0,1300.0,2500.0,900.0,0,,,,
2026-10-01T20:05:52.265863+00:00,freq,1,0,550.0,550.0,1200.0,550.0,0,,,,
2026-10-01T20:05:52.265863+00:00,power,0,0,,,,,,2350330188899,876394393006,0.0,
2026-10-01T20:05:53.273406+00:00,freq,0,0,1300.0,1300.0,2500.0,900.0,0,,,,
2026-10-01T20:05:53.273406+00:00,freq,1,0,550.0,550.0,1200.0,550.0,0,,,,
2026-10-01T20:05:53.273406+00:00,power,0,0,,,,,,2350330188899,876395400628,0.0,
2026-10-01T20:05:54.264760+00:00,freq,0,0,1300.0,1300.0,2500.0,900.0,0,,,,
2026-10-01T20:05:54.264760+00:00,freq,1,0,550.0,550.0,1200.0,550.0,0,,,,
2026-10-01T20:05:54.264760+00:00,power,0,0,,,,,,2350330188899,876396392025,0.0,
2026-10-01T20:05:55.269493+00:00,freq,0,0,1300.0,1300.0,2500.0,900.0,0,,,,
2026-10-01T20:05:55.269493+00:00,freq,1,0,550.0,550.0,1200.0,550.0,0,,,,
2026-10-01T20:05:55.269493+00:00,power,0,0,,,,,,2350330190265,876397396485,0.001359934691276905,
2026-10-01T20:05:56.255510+00:00,freq,0,0,2450.0,4250.0,2450.0,900.0,2,,,,
2026-10-01T20:05:56.255510+00:00,freq,1,0,550.0,550.0,1200.0,600.0,0,,,,
2026-10-01T20:05:56.255510+00:00,power,0,0,,,,,,2350361923602,876398382420,32.186033562050234,
2026-10-01T20:05:57.263009+00:00,freq,0,0,2500.0,4250.0,2500.0,900.0,0,,,,
2026-10-01T20:05:57.263009+00:00,freq,1,0,600.0,600.0,1200.0,600.0,0,,,,
2026-10-01T20:05:57.263009+00:00,power,0,0,,,,,,2350392445818,876399390097,30.289682110438168,
2026-10-01T20:05:58.264641+00:00,freq,0,0,2350.0,4250.0,2350.0,900.0,2,,,,
2026-10-01T20:05:58.264641+00:00,freq,1,0,600.0,600.0,1200.0,600.0,0,,,,
2026-10-01T20:05:58.264641+00:00,power,0,0,,,,,,2350420788835,876400391935,28.29101810871618,
2026-10-01T20:05:59.271991+00:00,freq,0,0,2500.0,4250.0,2500.0,900.0,0,,,,
2026-10-01T20:05:59.271991+00:00,freq,1,0,600.0,600.0,1200.0,600.0,0,,,,
2026-10-01T20:05:59.271991+00:00,power,0,0,,,,,,2350446865640,876401399007,25.893684860665374,
2026-10-01T20:06:00.260372+00:00,freq,0,0,2500.0,4250.0,2500.0,900.0,0,,,,
2026-10-01T20:06:00.260372+00:00,freq,1,0,600.0,600.0,1200.0,600.0,0,,,,
2026-10-01T20:06:00.260372+00:00,power,0,0,,,,,,2350471578248,876402387330,25.00458655722876,
2026-10-01T20:06:01.266063+00:00,freq,0,0,2500.0,4250.0,2500.0,900.0,0,,,,
2026-10-01T20:06:01.266063+00:00,freq,1,0,600.0,600.0,1200.0,600.0,0,,,,
2026-10-01T20:06:01.266063+00:00,power,0,0,,,,,,2350495790833,876403393052,24.074828829437955,
2026-10-01T20:06:02.273468+00:00,freq,0,0,2500.0,4250.0,2500.0,900.0,0,,,,
2026-10-01T20:06:02.273468+00:00,freq,1,0,600.0,600.0,1200.0,600.0,0,,,,
2026-10-01T20:06:02.273468+00:00,power,0,0,,,,,,2350518736596,876404400467,22.77687249048307,
2026-10-01T20:06:03.264930+00:00,freq,0,0,2500.0,4250.0,2500.0,900.0,0,,,,
2026-10-01T20:06:03.264930+00:00,freq,1,0,600.0,600.0,1200.0,600.0,0,,,,
2026-10-01T20:06:03.264930+00:00,power,0,0,,,,,,2350540719041,876405391858,22.173335243107918,
2026-10-01T20:06:04.270779+00:00,freq,0,0,2500.0,4250.0,2500.0,900.0,0,,,,
2026-10-01T20:06:04.270779+00:00,freq,1,0,600.0,600.0,1200.0,600.0,0,,,,
2026-10-01T20:06:04.270779+00:00,power,0,0,,,,,,2350562193284,876406397702,21.34947665840826,
2026-10-01T20:06:05.270589+00:00,freq,0,0,2500.0,4250.0,2500.0,900.0,0,,,,
2026-10-01T20:06:05.270589+00:00,freq,1,0,600.0,600.0,1200.0,600.0,0,,,,
2026-10-01T20:06:05.270589+00:00,power,0,0,,,,,,2350583550522,876407397233,21.36725924458571,
2026-10-01T20:06:06.268528+00:00,freq,0,0,2500.0,4250.0,2500.0,900.0,0,,,,
2026-10-01T20:06:06.268528+00:00,freq,1,0,600.0,600.0,1200.0,600.0,0,,,,
2026-10-01T20:06:06.268528+00:00,power,0,0,,,,,,2350603794601,876408395389,20.281478045515932,
2026-10-01T20:06:07.277855+00:00,freq,0,0,2500.0,4250.0,2500.0,900.0,0,,,,
2026-10-01T20:06:07.277855+00:00,freq,1,0,600.0,600.0,1200.0,600.0,0,,,,
2026-10-01T20:06:07.277855+00:00,power,0,0,,,,,,2350624753242,876409404463,20.770172455142042,
2026-10-01T20:06:08.269255+00:00,freq,0,0,2500.0,4250.0,2500.0,900.0,0,,,,
2026-10-01T20:06:08.269255+00:00,freq,1,0,600.0,600.0,1200.0,600.0,0,,,,
2026-10-01T20:06:08.269255+00:00,power,0,0,,,,,,2350644609992,876410396074,20.02473752308113,
2026-10-01T20:06:09.260383+00:00,freq,0,0,2500.0,4250.0,2500.0,900.0,0,,,,
2026-10-01T20:06:09.260383+00:00,freq,1,0,600.0,600.0,1200.0,600.0,0,,,,
2026-10-01T20:06:09.260383+00:00,power,0,0,,,,,,2350664706450,876411386962,20.281260848854764,
2026-10-01T20:06:10.267582+00:00,freq,0,0,2500.0,4250.0,2500.0,900.0,0,,,,
2026-10-01T20:06:10.267582+00:00,freq,1,0,600.0,600.0,1200.0,600.0,0,,,,
2026-10-01T20:06:10.267582+00:00,power,0,0,,,,,,2350684574858,876412394347,19.722755450994406,
2026-10-01T20:06:11.272906+00:00,freq,0,0,2500.0,4250.0,2500.0,900.0,0,,,,
2026-10-01T20:06:11.272906+00:00,freq,1,0,600.0,600.0,1200.0,600.0,0,,,,
2026-10-01T20:06:11.272906+00:00,power,0,0,,,,,,2350704604300,876413399658,19.92362761374341,
2026-10-01T20:06:12.271433+00:00,freq,0,0,2500.0,4250.0,2500.0,900.0,0,,,,
2026-10-01T20:06:12.271433+00:00,freq,1,0,600.0,600.0,1200.0,600.0,0,,,,
2026-10-01T20:06:12.271433+00:00,power,0,0,,,,,,2350723997427,876414398204,19.421365665677897,
2026-10-01T20:06:13.262655+00:00,freq,0,0,2450.0,4250.0,2500.0,900.0,2,,,,
2026-10-01T20:06:13.262655+00:00,freq,1,0,600.0,600.0,1200.0,600.0,0,,,,
2026-10-01T20:06:13.262655+00:00,power,0,0,,,,,,2350743355703,876415389548,19.527304346422635,
2026-10-01T20:06:14.269070+00:00,freq,0,0,2500.0,4250.0,2500.0,900.0,0,,,,
2026-10-01T20:06:14.269070+00:00,freq,1,0,600.0,600.0,1200.0,600.0,0,,,,
2026-10-01T20:06:14.269070+00:00,power,0,0,,,,,,2350762942800,876416395624,19.468804543593127,
2026-10-01T20:06:15.268220+00:00,freq,0,0,2500.0,4250.0,2500.0,900.0,0,,,,
2026-10-01T20:06:15.268220+00:00,freq,1,0,600.0,600.0,1200.0,600.0,0,,,,
2026-10-01T20:06:15.268220+00:00,power,0,0,,,,,,2350782037953,876417394697,19.11287063107501,
2026-10-01T20:06:16.274665+00:00,freq,0,0,2450.0,4250.0,2450.0,900.0,2,,,,
2026-10-01T20:06:16.274665+00:00,freq,1,0,600.0,600.0,1200.0,600.0,0,,,,
2026-10-01T20:06:16.274665+00:00,power,0,0,,,,,,2350801370557,876418401285,19.206074381971572,
2026-10-01T20:06:17.263847+00:00,freq,0,0,2500.0,4250.0,2500.0,900.0,0,,,,
2026-10-01T20:06:17.263847+00:00,freq,1,0,600.0,600.0,1200.0,600.0,0,,,,
2026-10-01T20:06:17.263847+00:00,power,0,0,,,,,,2350820293248,876419390527,19.12847513550779,
2026-10-01T20:06:18.266960+00:00,freq,0,0,2500.0,4250.0,2500.0,900.0,0,,,,
2026-10-01T20:06:18.266960+00:00,freq,1,0,600.0,600.0,1200.0,600.0,0,,,,
2026-10-01T20:06:18.266960+00:00,power,0,0,,,,,,2350839479771,876420393712,19.12560793871519,
2026-10-01T20:06:19.282252+00:00,freq,0,0,2500.0,4250.0,2450.0,900.0,0,,,,
2026-10-01T20:06:19.282252+00:00,freq,1,0,600.0,600.0,1200.0,600.0,0,,,,
2026-10-01T20:06:19.282252+00:00,power,0,0,,,,,,2350858759091,876421408811,18.99255146542357,
2026-10-01T20:06:20.271123+00:00,freq,0,0,2500.0,4250.0,2500.0,900.0,0,,,,
2026-10-01T20:06:20.271123+00:00,freq,1,0,600.0,600.0,1200.0,600.0,0,,,,
2026-10-01T20:06:20.271123+00:00,power,0,0,,,,,,2350876305111,876422397573,17.745443291712263,
2026-10-01T20:06:21.262022+00:00,freq,0,0,2500.0,4250.0,2500.0,900.0,0,,,,
2026-10-01T20:06:21.262022+00:00,freq,1,0,600.0,600.0,1200.0,600.0,0,,,,
2026-10-01T20:06:21.262022+00:00,power,0,0,,,,,,2350892548336,876423388588,16.390493584859968,
2026-10-01T20:06:22.265675+00:00,freq,0,0,2500.0,4250.0,2500.0,900.0,0,,,,
2026-10-01T20:06:22.265675+00:00,freq,1,0,600.0,600.0,1200.0,600.0,0,,,,
2026-10-01T20:06:22.265675+00:00,power,0,0,,,,,,2350908995906,876424392162,16.388995729263613,
2026-10-01T20:06:23.273897+00:00,freq,0,0,2500.0,4250.0,2500.0,900.0,0,,,,
2026-10-01T20:06:23.273897+00:00,freq,1,0,600.0,600.0,1200.0,600.0,0,,,,
2026-10-01T20:06:23.273897+00:00,power,0,0,,,,,,2350925438251,876425400395,16.30808057264541,
2026-10-01T20:06:24.263023+00:00,freq,0,0,2500.0,4250.0,2500.0,900.0,0,,,,
2026-10-01T20:06:24.263023+00:00,freq,1,0,600.0,600.0,1200.0,600.0,0,,,,
2026-10-01T20:06:24.263023+00:00,power,0,0,,,,,,2350941592144,876426389689,16.32870814944799,
2026-10-01T20:06:25.273477+00:00,freq,0,0,2500.0,4250.0,2500.0,900.0,0,,,,
2026-10-01T20:06:25.273477+00:00,freq,1,0,600.0,600.0,1200.0,600.0,0,,,,
2026-10-01T20:06:25.273477+00:00,power,0,0,,,,,,2350958063213,876427399871,16.305050971013145,
2026-10-01T20:06:26.258898+00:00,freq,0,0,2500.0,4250.0,2500.0,900.0,0,,,,
2026-10-01T20:06:26.258898+00:00,freq,1,0,600.0,600.0,1200.0,600.0,0,,,,
2026-10-01T20:06:26.258898+00:00,power,0,0,,,,,,2350974121745,876428385412,16.29412880844125,
2026-10-01T20:06:27.265594+00:00,freq,0,0,2500.0,4250.0,2500.0,900.0,0,,,,
2026-10-01T20:06:27.265594+00:00,freq,1,0,600.0,600.0,1200.0,600.0,0,,,,
2026-10-01T20:06:27.265594+00:00,power,0,0,,,,,,2350990554629,876429391923,16.32658162702643,
2026-10-01T20:06:28.277946+00:00,freq,0,0,2500.0,4250.0,2500.0,900.0,0,,,,
2026-10-01T20:06:28.277946+00:00,freq,1,0,600.0,600.0,1200.0,600.0,0,,,,
2026-10-01T20:06:28.277946+00:00,power,0,0,,,,,,2351007053309,876430404378,16.29571684667467,
2026-10-01T20:06:29.278100+00:00,freq,0,0,2500.0,4250.0,2500.0,900.0,0,,,,
2026-10-01T20:06:29.278100+00:00,freq,1,0,600.0,600.0,1200.0,600.0,0,,,,
2026-10-01T20:06:29.278100+00:00,power,0,0,,,,,,2351023405261,876431404607,16.34820826030839,
2026-10-01T20:06:30.267467+00:00,freq,0,0,2500.0,4250.0,2500.0,900.0,0,,,,
2026-10-01T20:06:30.267467+00:00,freq,1,0,600.0,600.0,1200.0,600.0,0,,,,
2026-10-01T20:06:30.267467+00:00,power,0,0,,,,,,2351039529955,876432393906,16.29911078450499,
2026-10-01T20:06:31.273253+00:00,freq,0,0,2500.0,4250.0,2500.0,900.0,0,,,,
2026-10-01T20:06:31.273253+00:00,freq,1,0,600.0,600.0,1200.0,600.0,0,,,,
2026-10-01T20:06:31.273253+00:00,power,0,0,,,,,,2351052758127,876433399792,13.150766587863833,
2026-10-01T20:06:32.259462+00:00,freq,0,0,2500.0,4250.0,2500.0,900.0,0,,,,
2026-10-01T20:06:32.259462+00:00,freq,1,0,600.0,600.0,1200.0,600.0,0,,,,
2026-10-01T20:06:32.259462+00:00,power,0,0,,,,,,2351052758127,876434386115,0.0,
2026-10-01T20:06:33.261632+00:00,freq,0,0,2500.0,4250.0,2500.0,900.0,0,,,,
2026-10-01T20:06:33.261632+00:00,freq,1,0,600.0,600.0,1200.0,600.0,0,,,,
2026-10-01T20:06:33.261632+00:00,power,0,0,,,,,,2351052758127,876435388030,0.0,
2026-10-01T20:06:34.268329+00:00,freq,0,0,2500.0,4250.0,2500.0,900.0,0,,,,
2026-10-01T20:06:34.268329+00:00,freq,1,0,600.0,600.0,1200.0,600.0,0,,,,
2026-10-01T20:06:34.268329+00:00,power,0,0,,,,,,2351052758249,876436394754,0.00012118515104437761,
2026-10-01T20:06:35.269089+00:00,freq,0,0,2500.0,4250.0,2500.0,900.0,0,,,,
2026-10-01T20:06:35.269089+00:00,freq,1,0,600.0,600.0,1200.0,600.0,0,,,,
2026-10-01T20:06:35.269089+00:00,power,0,0,,,,,,2351052758554,876437395470,0.0003047817762482063,
2026-10-01T20:06:36.273853+00:00,freq,0,0,2500.0,4250.0,2500.0,900.0,0,,,,
2026-10-01T20:06:36.273853+00:00,freq,1,0,600.0,600.0,1200.0,600.0,0,,,,
2026-10-01T20:06:36.273853+00:00,power,0,0,,,,,,2351052758554,876438400279,0.0,
2026-10-01T20:06:37.266745+00:00,freq,0,0,2500.0,4250.0,2500.0,900.0,0,,,,
2026-10-01T20:06:37.266745+00:00,freq,1,0,600.0,600.0,1200.0,600.0,0,,,,
2026-10-01T20:06:37.266745+00:00,power,0,0,,,,,,2351052758554,876439393065,0.0,
2026-10-01T20:06:38.273324+00:00,freq,0,0,2500.0,4250.0,2500.0,900.0,0,,,,
2026-10-01T20:06:38.273324+00:00,freq,1,0,600.0,600.0,1200.0,600.0,0,,,,
2026-10-01T20:06:38.273324+00:00,power,0,0,,,,,,2351052758554,876440399651,0.0,
2026-10-01T20:06:39.259047+00:00,freq,0,0,2500.0,4250.0,2500.0,900.0,0,,,,
2026-10-01T20:06:39.259047+00:00,freq,1,0,600.0,600.0,1200.0,600.0,0,,,,
2026-10-01T20:06:39.259047+00:00,power,0,0,,,,,,2351052758554,876441385279,0.0,
2026-10-01T20:06:40.263952+00:00,freq,0,0,2500.0,4250.0,2500.0,900.0,0,,,,
2026-10-01T20:06:40.263952+00:00,freq,1,0,600.0,600.0,1200.0,600.0,0,,,,
2026-10-01T20:06:40.263952+00:00,power,0,0,,,,,,2351052758554,876442390907,0.0,
2026-10-01T20:06:41.271697+00:00,freq,0,0,2500.0,4250.0,2500.0,900.0,0,,,,
2026-10-01T20:06:41.271697+00:00,freq,1,0,600.0,600.0,1200.0,600.0,0,,,,
2026-10-01T20:06:41.271697+00:00,power,0,0,,,,,,2351052758554,876443398014,0.0,
2026-10-01T20:06:42.263423+00:00,freq,0,0,2500.0,4250.0,2500.0,900.0,0,,,,
2026-10-01T20:06:42.263423+00:00,freq,1,0,550.0,550.0,1200.0,600.0,0,,,,
2026-10-01T20:06:42.263423+00:00,power,0,0,,,,,,2351052758554,876444389734,0.0,
2026-10-01T20:06:43.270108+00:00,freq,0,0,2500.0,4250.0,2500.0,900.0,0,,,,
2026-10-01T20:06:43.270108+00:00,freq,1,0,600.0,600.0,1200.0,550.0,0,,,,
2026-10-01T20:06:43.270108+00:00,power,0,0,,,,,,2351052758554,876445396378,0.0,
2026-10-01T20:06:44.257218+00:00,freq,0,0,2500.0,4250.0,2500.0,900.0,0,,,,
2026-10-01T20:06:44.257218+00:00,freq,1,0,550.0,550.0,1200.0,600.0,0,,,,
2026-10-01T20:06:44.257218+00:00,power,0,0,,,,,,2351052758554,876446383516,0.0,
2026-10-01T20:06:45.257253+00:00,freq,0,0,2500.0,4250.0,2500.0,900.0,0,,,,
2026-10-01T20:06:45.257253+00:00,freq,1,0,600.0,600.0,1200.0,550.0,0,,,,
2026-10-01T20:06:45.257253+00:00,power,0,0,,,,,,2351052758554,876447384288,0.0,
2026-10-01T20:06:46.259171+00:00,freq,0,0,2500.0,4250.0,2500.0,900.0,0,,,,
2026-10-01T20:06:46.259171+00:00,freq,1,0,550.0,550.0,1200.0,550.0,0,,,,
2026-10-01T20:06:46.259171+00:00,power,0,0,,,,,,2351052758554,876448385310,0.0,
2026-10-01T20:06:47.264430+00:00,freq,0,0,1200.0,1200.0,2500.0,900.0,0,,,,
2026-10-01T20:06:47.264430+00:00,freq,1,0,550.0,550.0,1200.0,550.0,0,,,,
2026-10-01T20:06:47.264430+00:00,power,0,0,,,,,,2351052758981,876449390635,0.00042473826871907095,
2026-10-01T20:06:48.272955+00:00,freq,0,0,1200.0,1200.0,2500.0,900.0,0,,,,
2026-10-01T20:06:48.272955+00:00,freq,1,0,550.0,550.0,1200.0,550.0,0,,,,
2026-10-01T20:06:48.272955+00:00,power,0,0,,,,,,2351052758981,876450399137,0.0,
2026-10-01T20:06:49.263770+00:00,freq,0,0,1200.0,1200.0,2500.0,900.0,0,,,,
2026-10-01T20:06:49.263770+00:00,freq,1,0,550.0,550.0,1200.0,550.0,0,,,,
2026-10-01T20:06:49.263770+00:00,power,0,0,,,,,,2351052758981,876451389982,0.0,
2026-10-01T20:06:50.273017+00:00,freq,0,0,1200.0,1200.0,2500.0,900.0,0,,,,
2026-10-01T20:06:50.273017+00:00,freq,1,0,550.0,550.0,1200.0,550.0,0,,,,
2026-10-01T20:06:50.273017+00:00,power,0,0,,,,,,2351052758981,876452399145,0.0,
2026-10-01T20:06:51.264254+00:00,freq,0,0,1200.0,1200.0,2500.0,900.0,0,,,,
2026-10-01T20:06:51.264254+00:00,freq,1,0,550.0,550.0,1200.0,550.0,0,,,,
2026-10-01T20:06:51.264254+00:00,power,0,0,,,,,,2351052758981,876453390393,0.0,
2026-10-01T20:06:52.268489+00:00,freq,0,0,1200.0,1200.0,2500.0,900.0,0,,,,
2026-10-01T20:06:52.268489+00:00,freq,1,0,550.0,550.0,1200.0,550.0,0,,,,
2026-10-01T20:06:52.268489+00:00,power,0,0,,,,,,2351052758981,876454394621,0.0,
2026-10-01T20:06:53.282429+00:00,freq,0,0,2500.0,4250.0,2500.0,900.0,0,,,,
2026-10-01T20:06:53.282429+00:00,freq,1,0,550.0,550.0,1200.0,600.0,0,,,,
2026-10-01T20:06:53.282429+00:00,power,0,0,,,,,,2351072158906,876455408395,19.136341038535218,
2026-10-01T20:06:54.281509+00:00,freq,0,0,2500.0,4250.0,2500.0,900.0,0,,,,
2026-10-01T20:06:54.281509+00:00,freq,1,0,600.0,600.0,1200.0,600.0,0,,,,
2026-10-01T20:06:54.281509+00:00,power,0,0,,,,,,2351103693902,876456407153,31.57421117027348,
2026-10-01T20:06:55.269598+00:00,freq,0,0,2500.0,4250.0,2500.0,900.0,0,,,,
2026-10-01T20:06:55.269598+00:00,freq,1,0,600.0,600.0,1200.0,600.0,0,,,,
2026-10-01T20:06:55.269598+00:00,power,0,0,,,,,,2351132226701,876457395425,28.871402812181262,
2026-10-01T20:06:56.278312+00:00,freq,0,0,2500.0,4250.0,2500.0,900.0,0,,,,
2026-10-01T20:06:56.278312+00:00,freq,1,0,600.0,600.0,1200.0,600.0,0,,,,
2026-10-01T20:06:56.278312+00:00,power,0,0,,,,,,2351159768228,876458404214,27.301573470765444,
2026-10-01T20:06:57.267420+00:00,freq,0,0,2400.0,4250.0,2450.0,900.0,2,,,,
2026-10-01T20:06:57.267420+00:00,freq,1,0,600.0,600.0,1200.0,600.0,0,,,,
2026-10-01T20:06:57.267420+00:00,power,0,0,,,,,,2351185252786,876459393378,25.763733819669945,
2026-10-01T20:06:58.274207+00:00,freq,0,0,2500.0,4250.0,2500.0,900.0,0,,,,
2026-10-01T20:06:58.274207+00:00,freq,1,0,600.0,600.0,1200.0,600.0,0,,,,
2026-10-01T20:06:58.274207+00:00,power,0,0,,,,,,2351209544618,876460399972,24.132700969805104,
2026-10-01T20:06:59.272492+00:00,freq,0,0,2500.0,4250.0,2500.0,900.0,0,,,,
2026-10-01T20:06:59.272492+00:00,freq,1,0,600.0,600.0,1200.0,600.0,0,,,,
2026-10-01T20:06:59.272492+00:00,power,0,0,,,,,,2351232635682,876461398218,23.131636891107,
2026-10-01T20:07:00.259776+00:00,freq,0,0,2500.0,4250.0,2500.0,900.0,0,,,,
2026-10-01T20:07:00.259776+00:00,freq,1,0,600.0,600.0,1200.0,600.0,0,,,,
2026-10-01T20:07:00.259776+00:00,power,0,0,,,,,,2351254559693,876462385445,22.207669563332445,
2026-10-01T20:07:01.265488+00:00,freq,0,0,2500.0,4250.0,2500.0,900.0,0,,,,
2026-10-01T20:07:01.265488+00:00,freq,1,0,600.0,600.0,1200.0,600.0,0,,,,
2026-10-01T20:07:01.265488+00:00,power,0,0,,,,,,2351276634240,876463391226,21.947667533986028,
2026-10-01T20:07:02.273122+00:00,freq,0,0,2500.0,4250.0,2500.0,900.0,0,,,,
2026-10-01T20:07:02.273122+00:00,freq,1,0,600.0,600.0,1200.0,600.0,0,,,,
2026-10-01T20:07:02.273122+00:00,power,0,0,,,,,,2351297935166,876464398774,21.141351082032816,
2026-10-01T20:07:03.260965+00:00,freq,0,0,2500.0,4250.0,2500.0,900.0,0,,,,
2026-10-01T20:07:03.260965+00:00,freq,1,0,600.0,600.0,1200.0,600.0,0,,,,
2026-10-01T20:07:03.260965+00:00,power,0,0,,,,,,2351318601303,876465386694,20.91883654546927,
2026-10-01T20:07:04.275244+00:00,freq,0,0,2500.0,4250.0,2500.0,900.0,0,,,,
2026-10-01T20:07:04.275244+00:00,freq,1,0,600.0,600.0,1200.0,600.0,0,,,,
2026-10-01T20:07:04.275244+00:00,power,0,0,,,,,,2351339386238,876466400869,20.494426504301526,
2026-10-01T20:07:05.262392+00:00,freq,0,0,2500.0,4250.0,2500.0,900.0,0,,,,
2026-10-01T20:07:05.262392+00:00,freq,1,0,600.0,600.0,1200.0,600.0,0,,,,
2026-10-01T20:07:05.262392+00:00,power,0,0,,,,,,2351359451789,876467387977,20.32761460752015,
2026-10-01T20:07:06.263719+00:00,freq,0,0,2500.0,4250.0,2500.0,900.0,0,,,,
2026-10-01T20:07:06.263719+00:00,freq,1,0,600.0,600.0,1200.0,600.0,0,,,,
2026-10-01T20:07:06.263719+00:00,power,0,0,,,,,,2351379611053,876468389253,20.133573560137265,
2026-10-01T20:07:07.268072+00:00,freq,0,0,2500.0,4250.0,2500.0,900.0,0,,,,
2026-10-01T20:07:07.268072+00:00,freq,1,0,600.0,600.0,1200.0,600.0,0,,,,
2026-10-01T20:07:07.268072+00:00,power,0,0,,,,,,2351399485503,876469393701,19.78643991525694,
2026-10-01T20:07:08.275578+00:00,freq,0,0,2500.0,4250.0,2500.0,900.0,0,,,,
2026-10-01T20:07:08.275578+00:00,freq,1,0,600.0,600.0,1200.0,600.0,0,,,,
2026-10-01T20:07:08.275578+00:00,power,0,0,,,,,,2351419471305,876470401206,19.836925871335627,
2026-10-01T20:07:09.267109+00:00,freq,0,0,2500.0,4250.0,2500.0,900.0,0,,,,
2026-10-01T20:07:09.267109+00:00,freq,1,0,600.0,600.0,1200.0,600.0,0,,,,
2026-10-01T20:07:09.267109+00:00,power,0,0,,,,,,2351439252860,876471392469,19.955909783780893,
2026-10-01T20:07:10.275476+00:00,freq,0,0,2500.0,4250.0,2500.0,900.0,0,,,,
2026-10-01T20:07:10.275476+00:00,freq,1,0,600.0,600.0,1200.0,600.0,0,,,,
2026-10-01T20:07:10.275476+00:00,power,0,0,,,,,,2351458618300,876472400853,19.204430058390454,
2026-10-01T20:07:11.267293+00:00,freq,0,0,2500.0,4250.0,2500.0,900.0,0,,,,
2026-10-01T20:07:11.267293+00:00,freq,1,0,600.0,600.0,1200.0,600.0,0,,,,
2026-10-01T20:07:11.267293+00:00,power,0,0,,,,,,2351478105200,876473392857,19.643973209785443,
2026-10-01T20:07:12.270463+00:00,freq,0,0,2500.0,4250.0,2500.0,900.0,0,,,,
2026-10-01T20:07:12.270463+00:00,freq,1,0,600.0,600.0,1200.0,600.0,0,,,,
2026-10-01T20:07:12.270463+00:00,power,0,0,,,,,,2351497299780,876474395964,19.13512715991415,
2026-10-01T20:07:13.270314+00:00,freq,0,0,2500.0,4250.0,2500.0,900.0,0,,,,
2026-10-01T20:07:13.270314+00:00,freq,1,0,600.0,600.0,1200.0,600.0,0,,,,
2026-10-01T20:07:13.270314+00:00,power,0,0,,,,,,2351516424009,876475395641,19.13040812182335,
2026-10-01T20:07:14.270662+00:00,freq,0,0,2500.0,4250.0,2500.0,900.0,0,,,,
2026-10-01T20:07:14.270662+00:00,freq,1,0,600.0,600.0,1200.0,600.0,0,,,,
2026-10-01T20:07:14.270662+00:00,power,0,0,,,,,,2351535606870,876476395874,19.178392434562745,
2026-10-01T20:07:15.259932+00:00,freq,0,0,2500.0,4250.0,2500.0,900.0,0,,,,
2026-10-01T20:07:15.259932+00:00,freq,1,0,600.0,600.0,1200.0,600.0,0,,,,
2026-10-01T20:07:15.259932+00:00,power,0,0,,,,,,2351554273763,876477385420,18.86409828345524,
2026-10-01T20:07:16.267581+00:00,freq,0,0,2500.0,4250.0,2500.0,900.0,0,,,,
2026-10-01T20:07:16.267581+00:00,freq,1,0,600.0,600.0,1200.0,600.0,0,,,,
2026-10-01T20:07:16.267581+00:00,power,0,0,,,,,,2351573498700,876478393011,19.080099961194573,
2026-10-01T20:07:17.270360+00:00,freq,0,0,2500.0,4250.0,2500.0,900.0,0,,,,
2026-10-01T20:07:17.270360+00:00,freq,1,0,600.0,600.0,1200.0,600.0,0,,,,
2026-10-01T20:07:17.270360+00:00,power,0,0,,,,,,2351592445378,876479395560,18.89850570894789,
2026-10-01T20:07:18.261599+00:00,freq,0,0,2500.0,4250.0,2500.0,900.0,0,,,,
2026-10-01T20:07:18.261599+00:00,freq,1,0,600.0,600.0,1200.0,600.0,0,,,,
2026-10-01T20:07:18.261599+00:00,power,0,0,,,,,,2351610922330,876480387051,18.635521653751773,
2026-10-01T20:07:19.266660+00:00,freq,0,0,2500.0,4250.0,2500.0,900.0,0,,,,
2026-10-01T20:07:19.266660+00:00,freq,1,0,600.0,600.0,1200.0,600.0,0,,,,
2026-10-01T20:07:19.266660+00:00,power,0,0,,,,,,2351629908841,876481392107,18.890998113537954,
2026-10-01T20:07:20.268332+00:00,freq,0,0,2500.0,4250.0,2500.0,900.0,0,,,,
2026-10-01T20:07:20.268332+00:00,freq,1,0,600.0,600.0,1200.0,600.0,0,,,,
2026-10-01T20:07:20.268332+00:00,power,0,0,,,,,,2351648689565,876482393485,18.754879775669128,
2026-10-01T20:07:21.275475+00:00,freq,0,0,2500.0,4250.0,2500.0,900.0,0,,,,
2026-10-01T20:07:21.275475+00:00,freq,1,0,600.0,600.0,1200.0,600.0,0,,,,
2026-10-01T20:07:21.275475+00:00,power,0,0,,,,,,2351667367078,876483400810,18.541695083513265,
2026-10-01T20:07:22.266282+00:00,freq,0,0,2500.0,4250.0,2500.0,900.0,0,,,,
2026-10-01T20:07:22.266282+00:00,freq,1,0,600.0,600.0,1200.0,600.0,0,,,,
2026-10-01T20:07:22.266282+00:00,power,0,0,,,,,,2351685836255,876484391606,18.640746430143036,
2026-10-01T20:07:23.268738+00:00,freq,0,0,2500.0,4250.0,2500.0,900.0,0,,,,
2026-10-01T20:07:23.268738+00:00,freq,1,0,600.0,600.0,1200.0,600.0,0,,,,
2026-10-01T20:07:23.268738+00:00,power,0,0,,,,,,2351704782421,876485393833,18.904066643584738,
2026-10-01T20:07:24.273530+00:00,freq,0,0,2500.0,4250.0,2500.0,900.0,0,,,,
2026-10-01T20:07:24.273530+00:00,freq,1,0,600.0,600.0,1200.0,600.0,0,,,,
2026-10-01T20:07:24.273530+00:00,power,0,0,,,,,,2351723155589,876486398754,18.283196390562043,
2026-10-01T20:07:25.264559+00:00,freq,0,0,2500.0,4250.0,2500.0,900.0,0,,,,
2026-10-01T20:07:25.264559+00:00,freq,1,0,600.0,600.0,1200.0,600.0,0,,,,
2026-10-01T20:07:25.264559+00:00,power,0,0,,,,,,2351741532908,876487389810,18.543169104470383,
2026-10-01T20:07:26.269511+00:00,freq,0,0,2350.0,4250.0,2350.0,900.0,2,,,,
2026-10-01T20:07:26.269511+00:00,freq,1,0,600.0,600.0,1200.0,600.0,0,,,,
2026-10-01T20:07:26.269511+00:00,power,0,0,,,,,,2351760158945,876488394656,18.536210523801657,
2026-10-01T20:07:27.274652+00:00,freq,0,0,2500.0,4250.0,2500.0,900.0,0,,,,
2026-10-01T20:07:27.274652+00:00,freq,1,0,600.0,600.0,1200.0,600.0,0,,,,
2026-10-01T20:07:27.274652+00:00,power,0,0,,,,,,2351778446260,876489399691,18.195699652250916,
2026-10-01T20:07:28.268921+00:00,freq,0,0,2500.0,4250.0,2500.0,900.0,0,,,,
2026-10-01T20:07:28.268921+00:00,freq,1,0,600.0,600.0,1200.0,600.0,0,,,,
2026-10-01T20:07:28.268921+00:00,power,0,0,,,,,,2351796580659,876490394073,18.236853643770704,
2026-10-01T20:07:29.284284+00:00,freq,0,0,2500.0,4250.0,2500.0,900.0,0,,,,
2026-10-01T20:07:29.284284+00:00,freq,1,0,600.0,600.0,1200.0,600.0,0,,,,
2026-10-01T20:07:29.284284+00:00,power,0,0,,,,,,2351815301019,876491409400,18.437764385267013,
2026-10-01T20:07:30.271018+00:00,freq,0,0,2500.0,4250.0,2500.0,900.0,0,,,,
2026-10-01T20:07:30.271018+00:00,freq,1,0,600.0,600.0,1200.0,600.0,0,,,,
2026-10-01T20:07:30.271018+00:00,power,0,0,,,,,,2351833373467,876492396130,18.31549461352143,
2026-10-01T20:07:31.261310+00:00,freq,0,0,2500.0,4250.0,2500.0,900.0,0,,,,
2026-10-01T20:07:31.261310+00:00,freq,1,0,600.0,600.0,1200.0,600.0,0,,,,
2026-10-01T20:07:31.261310+00:00,power,0,0,,,,,,2351851573479,876493386401,18.37881953525853,
2026-10-01T20:07:32.266111+00:00,freq,0,0,2500.0,4250.0,2500.0,900.0,0,,,,
2026-10-01T20:07:32.266111+00:00,freq,1,0,600.0,600.0,1200.0,600.0,0,,,,
2026-10-01T20:07:32.266111+00:00,power,0,0,,,,,,2351869950028,876494390903,18.294188563088973,
2026-10-01T20:07:33.280780+00:00,freq,0,0,2500.0,4250.0,2500.0,900.0,0,,,,
2026-10-01T20:07:33.280780+00:00,freq,1,0,600.0,600.0,1200.0,600.0,0,,,,
2026-10-01T20:07:33.280780+00:00,power,0,0,,,,,,2351888538834,876495405582,18.319888358781448,
2026-10-01T20:07:34.266847+00:00,freq,0,0,2500.0,4250.0,2500.0,900.0,0,,,,
2026-10-01T20:07:34.266847+00:00,freq,1,0,600.0,600.0,1200.0,600.0,0,,,,
2026-10-01T20:07:34.266847+00:00,power,0,0,,,,,,2351906433449,876496391838,18.143985942797812,
2026-10-01T20:07:35.273319+00:00,freq,0,0,2500.0,4250.0,2500.0,900.0,0,,,,
2026-10-01T20:07:35.273319+00:00,freq,1,0,600.0,600.0,1200.0,600.0,0,,,,
2026-10-01T20:07:35.273319+00:00,power,0,0,,,,,,2351924649414,876497398337,18.09834386323285,
2026-10-01T20:07:36.264034+00:00,freq,0,0,2500.0,4250.0,2500.0,900.0,0,,,,
2026-10-01T20:07:36.264034+00:00,freq,1,0,600.0,600.0,1200.0,600.0,0,,,,
2026-10-01T20:07:36.264034+00:00,power,0,0,,,,,,2351942785057,876498389144,18.303910852466725,
2026-10-01T20:07:37.269356+00:00,freq,0,0,2500.0,4250.0,2500.0,900.0,0,,,,
2026-10-01T20:07:37.269356+00:00,freq,1,0,600.0,600.0,1200.0,600.0,0,,,,
2026-10-01T20:07:37.269356+00:00,power,0,0,,,,,,2351961081687,876499394120,18.20603676107688,
2026-10-01T20:07:38.274399+00:00,freq,0,0,2500.0,4250.0,2500.0,900.0,0,,,,
2026-10-01T20:07:38.274399+00:00,freq,1,0,600.0,600.0,1200.0,600.0,0,,,,
2026-10-01T20:07:38.274399+00:00,power,0,0,,,,,,2351979104880,876500399408,17.92838768591687,
2026-10-01T20:07:39.261671+00:00,freq,0,0,2500.0,4250.0,2500.0,900.0,0,,,,
2026-10-01T20:07:39.261671+00:00,freq,1,0,600.0,600.0,1200.0,600.0,0,,,,
2026-10-01T20:07:39.261671+00:00,power,0,0,,,,,,2351997000289,876501386547,18.128560415503795,
2026-10-01T20:07:40.263664+00:00,freq,0,0,2500.0,4250.0,2500.0,900.0,0,,,,
2026-10-01T20:07:40.263664+00:00,freq,1,0,600.0,600.0,1200.0,600.0,0,,,,
2026-10-01T20:07:40.263664+00:00,power,0,0,,,,,,2352015162886,876502388496,18.12726695670139,
2026-10-01T20:07:41.269441+00:00,freq,0,0,2500.0,4250.0,2500.0,900.0,0,,,,
2026-10-01T20:07:41.269441+00:00,freq,1,0,600.0,600.0,1200.0,600.0,0,,,,
2026-10-01T20:07:41.269441+00:00,power,0,0,,,,,,2352033514044,876503394202,18.247040387548648,
2026-10-01T20:07:42.273877+00:00,freq,0,0,2500.0,4250.0,2450.0,900.0,0,,,,
2026-10-01T20:07:42.273877+00:00,freq,1,0,600.0,600.0,1200.0,600.0,0,,,,
2026-10-01T20:07:42.273877+00:00,power,0,0,,,,,,2352051472845,876504398987,17.8732773677951,
2026-10-01T20:07:43.261264+00:00,freq,0,0,2500.0,4250.0,2500.0,900.0,0,,,,
2026-10-01T20:07:43.261264+00:00,freq,1,0,600.0,600.0,1200.0,600.0,0,,,,
2026-10-01T20:07:43.261264+00:00,power,0,0,,,,,,2352069168303,876505386131,17.92591354452846,
2026-10-01T20:07:44.267471+00:00,freq,0,0,2500.0,4250.0,2500.0,900.0,0,,,,
2026-10-01T20:07:44.267471+00:00,freq,1,0,600.0,600.0,1200.0,600.0,0,,,,
2026-10-01T20:07:44.267471+00:00,power,0,0,,,,,,2352087349699,876506392270,18.070461437236805,
2026-10-01T20:07:45.270921+00:00,freq,0,0,2500.0,4250.0,2500.0,900.0,0,,,,
2026-10-01T20:07:45.270921+00:00,freq,1,0,600.0,600.0,1200.0,600.0,0,,,,
2026-10-01T20:07:45.270921+00:00,power,0,0,,,,,,2352105560171,876507395643,18.149254564354433,
2026-10-01T20:07:46.256621+00:00,freq,0,0,2500.0,4250.0,2500.0,900.0,0,,,,
2026-10-01T20:07:46.256621+00:00,freq,1,0,600.0,600.0,1200.0,600.0,0,,,,
2026-10-01T20:07:46.256621+00:00,power,0,0,,,,,,2352123081899,876508381425,17.774445059861105,
2026-10-01T20:07:47.257277+00:00,freq,0,0,2500.0,4250.0,2500.0,900.0,0,,,,
2026-10-01T20:07:47.257277+00:00,freq,1,0,600.0,600.0,1200.0,600.0,0,,,,
2026-10-01T20:07:47.257277+00:00,power,0,0,,,,,,2352141113942,876509382056,18.020671955995766,
2026-10-01T20:07:48.266433+00:00,freq,0,0,2500.0,4250.0,2500.0,900.0,0,,,,
2026-10-01T20:07:48.266433+00:00,freq,1,0,600.0,600.0,1200.0,600.0,0,,,,
2026-10-01T20:07:48.266433+00:00,power,0,0,,,,,,2352159178723,876510391226,17.900632202701228,
2026-10-01T20:07:49.271883+00:00,freq,0,0,2500.0,4250.0,2500.0,900.0,0,,,,
2026-10-01T20:07:49.271883+00:00,freq,1,0,600.0,600.0,1200.0,600.0,0,,,,
2026-10-01T20:07:49.271883+00:00,power,0,0,,,,,,2352177397435,876511396397,18.12498768866193,
2026-10-01T20:07:50.258823+00:00,freq,0,0,2500.0,4250.0,2500.0,900.0,0,,,,
2026-10-01T20:07:50.258823+00:00,freq,1,0,600.0,600.0,1200.0,600.0,0,,,,
2026-10-01T20:07:50.258823+00:00,power,0,0,,,,,,2352194981846,876512383624,17.811922688500214,
2026-10-01T20:07:51.265264+00:00,freq,0,0,2500.0,4250.0,2500.0,900.0,0,,,,
2026-10-01T20:07:51.265264+00:00,freq,1,0,600.0,600.0,1200.0,600.0,0,,,,
2026-10-01T20:07:51.265264+00:00,power,0,0,,,,,,2352212928524,876513390001,17.832957231733236,
2026-10-01T20:07:52.269016+00:00,freq,0,0,2500.0,4250.0,2500.0,900.0,0,,,,
2026-10-01T20:07:52.269016+00:00,freq,1,0,600.0,600.0,1200.0,600.0,0,,,,
2026-10-01T20:07:52.269016+00:00,power,0,0,,,,,,2352230849079,876514393699,17.85452895193574,
2026-10-01T20:07:53.281526+00:00,freq,0,0,2500.0,4250.0,2500.0,900.0,0,,,,
2026-10-01T20:07:53.281526+00:00,freq,1,0,600.0,600.0,1200.0,600.0,0,,,,
2026-10-01T20:07:53.281526+00:00,power,0,0,,,,,,2352248861835,876515406147,17.79129002180853,
2026-10-01T20:07:54.267692+00:00,freq,0,0,2500.0,4250.0,2500.0,900.0,0,,,,
2026-10-01T20:07:54.267692+00:00,freq,1,0,600.0,600.0,1200.0,600.0,0,,,,
2026-10-01T20:07:54.267692+00:00,power,0,0,,,,,,2352266614360,876516392166,18.004242311760727,
2026-10-01T20:07:55.268950+00:00,freq,0,0,2500.0,4250.0,2500.0,900.0,0,,,,
2026-10-01T20:07:55.268950+00:00,freq,1,0,600.0,600.0,1200.0,600.0,0,,,,
2026-10-01T20:07:55.268950+00:00,power,0,0,,,,,,2352284146708,876517393492,17.50913089243663,
2026-10-01T20:07:56.272910+00:00,freq,0,0,2500.0,4250.0,2500.0,900.0,0,,,,
2026-10-01T20:07:56.272910+00:00,freq,1,0,600.0,600.0,1200.0,600.0,0,,,,
2026-10-01T20:07:56.272910+00:00,power,0,0,,,,,,2352302080264,876518397531,17.861413749864298,
2026-10-01T20:07:57.265742+00:00,freq,0,0,2500.0,4250.0,2500.0,900.0,0,,,,
2026-10-01T20:07:57.265742+00:00,freq,1,0,600.0,600.0,1200.0,600.0,0,,,,
2026-10-01T20:07:57.265742+00:00,power,0,0,,,,,,2352319845766,876519390391,17.89325987551115,
2026-10-01T20:07:58.274979+00:00,freq,0,0,2500.0,4250.0,2500.0,900.0,0,,,,
2026-10-01T20:07:58.274979+00:00,freq,1,0,600.0,600.0,1200.0,600.0,0,,,,
2026-10-01T20:07:58.274979+00:00,power,0,0,,,,,,2352337884950,876520399291,17.880051541282587,
2026-10-01T20:07:59.261396+00:00,freq,0,0,2500.0,4250.0,2500.0,900.0,0,,,,
2026-10-01T20:07:59.261396+00:00,freq,1,0,600.0,600.0,1200.0,600.0,0,,,,
2026-10-01T20:07:59.261396+00:00,power,0,0,,,,,,2352355240075,876521385932,17.59011129681414,
2026-10-01T20:08:00.262544+00:00,freq,0,0,2500.0,4250.0,2500.0,900.0,0,,,,
2026-10-01T20:08:00.262544+00:00,freq,1,0,600.0,600.0,1200.0,600.0,0,,,,
2026-10-01T20:08:00.262544+00:00,power,0,0,,,,,,2352373041832,876522387009,17.78260513427039,
2026-10-01T20:08:01.271011+00:00,freq,0,0,2450.0,4250.0,2450.0,900.0,2,,,,
2026-10-01T20:08:01.271011+00:00,freq,1,0,600.0,600.0,1200.0,600.0,0,,,,
2026-10-01T20:08:01.271011+00:00,power,0,0,,,,,,2352390954147,876523395533,17.76092091016178,
2026-10-01T20:08:02.272753+00:00,freq,0,0,2500.0,4250.0,2500.0,900.0,0,,,,
2026-10-01T20:08:02.272753+00:00,freq,1,0,600.0,600.0,1200.0,600.0,0,,,,
2026-10-01T20:08:02.272753+00:00,power,0,0,,,,,,2352408716987,876524397282,17.73182703451663,
2026-10-01T20:08:03.271541+00:00,freq,0,0,2500.0,4250.0,2500.0,900.0,0,,,,
2026-10-01T20:08:03.271541+00:00,freq,1,0,600.0,600.0,1200.0,600.0,0,,,,
2026-10-01T20:08:03.271541+00:00,power,0,0,,,,,,2352426592902,876525395782,17.902769153730596,
2026-10-01T20:08:04.259311+00:00,freq,0,0,2500.0,4250.0,2500.0,900.0,0,,,,
2026-10-01T20:08:04.259311+00:00,freq,1,0,600.0,600.0,1200.0,600.0,0,,,,
2026-10-01T20:08:04.259311+00:00,power,0,0,,,,,,2352443911101,876526383739,17.529304413046315,
2026-10-01T20:08:05.266249+00:00,freq,0,0,2500.0,4250.0,2500.0,900.0,0,,,,
2026-10-01T20:08:05.266249+00:00,freq,1,0,600.0,600.0,1200.0,600.0,0,,,,
2026-10-01T20:08:05.266249+00:00,power,0,0,,,,,,2352461604765,876527390637,17.57244924510725,
2026-10-01T20:08:06.269416+00:00,freq,0,0,2500.0,4250.0,2500.0,900.0,0,,,,
2026-10-01T20:08:06.269416+00:00,freq,1,0,600.0,600.0,1200.0,600.0,0,,,,
2026-10-01T20:08:06.269416+00:00,power,0,0,,,,,,2352479484182,876528393845,17.822243243674293,
2026-10-01T20:08:07.271841+00:00,freq,0,0,2500.0,4250.0,2500.0,900.0,0,,,,
2026-10-01T20:08:07.271841+00:00,freq,1,0,600.0,600.0,1200.0,600.0,0,,,,
2026-10-01T20:08:07.271841+00:00,power,0,0,,,,,,2352497138014,876529396149,17.61325106953579,
2026-10-01T20:08:08.261141+00:00,freq,0,0,2500.0,4250.0,2500.0,900.0,0,,,,
2026-10-01T20:08:08.261141+00:00,freq,1,0,600.0,600.0,1200.0,600.0,0,,,,
2026-10-01T20:08:08.261141+00:00,power,0,0,,,,,,2352514646375,876530385240,17.701466295821113,
2026-10-01T20:08:09.266301+00:00,freq,0,0,2500.0,4250.0,2500.0,900.0,0,,,,
2026-10-01T20:08:09.266301+00:00,freq,1,0,600.0,600.0,1200.0,600.0,0,,,,
2026-10-01T20:08:09.266301+00:00,power,0,0,,,,,,2352532204419,876531390615,17.464174064403828,
2026-10-01T20:08:10.272630+00:00,freq,0,0,2500.0,4250.0,2500.0,900.0,0,,,,
2026-10-01T20:08:10.272630+00:00,freq,1,0,600.0,600.0,1200.0,600.0,0,,,,
2026-10-01T20:08:10.272630+00:00,power,0,0,,,,,,2352550013867,876532397035,17.695840702688738,
2026-10-01T20:08:11.264452+00:00,freq,0,0,2500.0,4250.0,2500.0,900.0,0,,,,
2026-10-01T20:08:11.264452+00:00,freq,1,0,600.0,600.0,1200.0,600.0,0,,,,
2026-10-01T20:08:11.264452+00:00,power,0,0,,,,,,2352567547093,876533388851,17.67790194955516,
2026-10-01T20:08:12.278548+00:00,freq,0,0,2500.0,4250.0,2500.0,900.0,0,,,,
2026-10-01T20:08:12.278548+00:00,freq,1,0,600.0,600.0,1200.0,600.0,0,,,,
2026-10-01T20:08:12.278548+00:00,power,0,0,,,,,,2352585393894,876534402843,17.6005343237422,
2026-10-01T20:08:13.275333+00:00,freq,0,0,2500.0,4250.0,2500.0,900.0,0,,,,
2026-10-01T20:08:13.275333+00:00,freq,1,0,600.0,600.0,1200.0,600.0,0,,,,
2026-10-01T20:08:13.275333+00:00,power,0,0,,,,,,2352603025448,876535399417,17.69216736539384,
2026-10-01T20:08:14.261533+00:00,freq,0,0,2500.0,4250.0,2500.0,900.0,0,,,,
2026-10-01T20:08:14.261533+00:00,freq,1,0,600.0,600.0,1200.0,600.0,0,,,,
2026-10-01T20:08:14.261533+00:00,power,0,0,,,,,,2352620294796,876536385703,17.509472911508425,
2026-10-01T20:08:15.267993+00:00,freq,0,0,2500.0,4250.0,2500.0,900.0,0,,,,
2026-10-01T20:08:15.267993+00:00,freq,1,0,600.0,600.0,1200.0,600.0,0,,,,
2026-10-01T20:08:15.267993+00:00,power,0,0,,,,,,2352638016193,876537392223,17.606601955251758,
2026-10-01T20:08:16.275440+00:00,freq,0,0,2500.0,4250.0,2500.0,900.0,0,,,,
2026-10-01T20:08:16.275440+00:00,freq,1,0,600.0,600.0,1200.0,600.0,0,,,,
2026-10-01T20:08:16.275440+00:00,power,0,0,,,,,,2352655591961,876538399667,17.445900715076966,
2026-10-01T20:08:17.266921+00:00,freq,0,0,2500.0,4250.0,2500.0,900.0,0,,,,
2026-10-01T20:08:17.266921+00:00,freq,1,0,600.0,600.0,1200.0,600.0,0,,,,
2026-10-01T20:08:17.266921+00:00,power,0,0,,,,,,2352673109783,876539391061,17.669889065295937,
2026-10-01T20:08:18.270203+00:00,freq,0,0,2500.0,4250.0,2500.0,900.0,0,,,,
2026-10-01T20:08:18.270203+00:00,freq,1,0,600.0,600.0,1200.0,600.0,0,,,,
2026-10-01T20:08:18.270203+00:00,power,0,0,,,,,,2352690837467,876540394127,17.67349705802011,
2026-10-01T20:08:19.281471+00:00,freq,0,0,2500.0,4250.0,2500.0,900.0,0,,,,
2026-10-01T20:08:19.281471+00:00,freq,1,0,600.0,600.0,1200.0,600.0,0,,,,
2026-10-01T20:08:19.281471+00:00,power,0,0,,,,,,2352708543521,876541405373,17.50914614248165,
2026-10-01T20:08:20.272158+00:00,freq,0,0,2500.0,4250.0,2500.0,900.0,0,,,,
2026-10-01T20:08:20.272158+00:00,freq,1,0,600.0,600.0,1200.0,600.0,0,,,,
2026-10-01T20:08:20.272158+00:00,power,0,0,,,,,,2352726019008,876542396057,17.639819559011755,
2026-10-01T20:08:21.262582+00:00,freq,0,0,2500.0,4250.0,2500.0,900.0,0,,,,
2026-10-01T20:08:21.262582+00:00,freq,1,0,600.0,600.0,1200.0,600.0,0,,,,
2026-10-01T20:08:21.262582+00:00,power,0,0,,,,,,2352743270900,876543386492,17.418499952041273,
2026-10-01T20:08:22.267869+00:00,freq,0,0,2500.0,4250.0,2500.0,900.0,0,,,,
2026-10-01T20:08:22.267869+00:00,freq,1,0,600.0,600.0,1200.0,600.0,0,,,,
2026-10-01T20:08:22.267869+00:00,power,0,0,,,,,,2352760972583,876544391850,17.60734285697234,
2026-10-01T20:08:23.283764+00:00,freq,0,0,2500.0,4250.0,2500.0,900.0,0,,,,
2026-10-01T20:08:23.283764+00:00,freq,1,0,600.0,600.0,1200.0,600.0,0,,,,
2026-10-01T20:08:23.283764+00:00,power,0,0,,,,,,2352778909312,876545407799,17.655147059547282,
2026-10-01T20:08:24.272417+00:00,freq,0,0,2500.0,4250.0,2500.0,900.0,0,,,,
2026-10-01T20:08:24.272417+00:00,freq,1,0,600.0,600.0,1200.0,600.0,0,,,,
2026-10-01T20:08:24.272417+00:00,power,0,0,,,,,,2352796269015,876546396226,17.56295912596479,
2026-10-01T20:08:25.260374+00:00,freq,0,0,2500.0,4250.0,2500.0,900.0,0,,,,
2026-10-01T20:08:25.260374+00:00,freq,1,0,600.0,600.0,1200.0,600.0,0,,,,
2026-10-01T20:08:25.260374+00:00,power,0,0,,,,,,2352799481417,876547384450,3.2506820316041707,
2026-10-01T20:08:26.275067+00:00,freq,0,0,2500.0,4250.0,2500.0,900.0,0,,,,
2026-10-01T20:08:26.275067+00:00,freq,1,0,600.0,600.0,1200.0,600.0,0,,,,
2026-10-01T20:08:26.275067+00:00,power,0,0,,,,,,2352799481417,876548399113,0.0,
2026-10-01T20:08:27.273038+00:00,freq,0,0,2500.0,4250.0,2500.0,900.0,0,,,,
2026-10-01T20:08:27.273038+00:00,freq,1,0,600.0,600.0,1200.0,600.0,0,,,,
2026-10-01T20:08:27.273038+00:00,power,0,0,,,,,,2352799481417,876549396962,0.0,
2026-10-01T20:08:28.262450+00:00,freq,0,0,2500.0,4250.0,2500.0,900.0,0,,,,
2026-10-01T20:08:28.262450+00:00,freq,1,0,600.0,600.0,1200.0,600.0,0,,,,
2026-10-01T20:08:28.262450+00:00,power,0,0,,,,,,2352809739778,876550386348,10.368411317726347,
2026-10-01T20:08:29.267868+00:00,freq,0,0,2500.0,4250.0,2500.0,900.0,0,,,,
2026-10-01T20:08:29.267868+00:00,freq,1,0,600.0,600.0,1200.0,600.0,0,,,,
2026-10-01T20:08:29.267868+00:00,power,0,0,,,,,,2352823485223,876551391799,13.670924788975295,
2026-10-01T20:08:30.271851+00:00,freq,0,0,2500.0,4250.0,2500.0,900.0,0,,,,
2026-10-01T20:08:30.271851+00:00,freq,1,0,600.0,600.0,1200.0,600.0,0,,,,
2026-10-01T20:08:30.271851+00:00,power,0,0,,,,,,2352837207696,876552395717,13.668918178576337,
2026-10-01T20:08:31.262990+00:00,freq,0,0,2500.0,4250.0,2500.0,900.0,0,,,,
2026-10-01T20:08:31.262990+00:00,freq,1,0,600.0,600.0,1200.0,600.0,0,,,,
2026-10-01T20:08:31.262990+00:00,power,0,0,,,,,,2352850697648,876553386762,13.611846081661277,
2026-10-01T20:08:32.277567+00:00,freq,0,0,2500.0,4250.0,2500.0,900.0,0,,,,
2026-10-01T20:08:32.277567+00:00,freq,1,0,600.0,600.0,1200.0,600.0,0,,,,
2026-10-01T20:08:32.277567+00:00,power,0,0,,,,,,2352864550858,876554401272,13.655074863727316,
2026-10-01T20:08:33.265346+00:00,freq,0,0,2500.0,4250.0,2500.0,900.0,0,,,,
2026-10-01T20:08:33.265346+00:00,freq,1,0,600.0,600.0,1200.0,600.0,0,,,,
2026-10-01T20:08:33.265346+00:00,power,0,0,,,,,,2352878046120,876555389106,13.661467412540974,
2026-10-01T20:08:34.279696+00:00,freq,0,0,2500.0,4250.0,2500.0,900.0,0,,,,
2026-10-01T20:08:34.279696+00:00,freq,1,0,600.0,600.0,1200.0,600.0,0,,,,
2026-10-01T20:08:34.279696+00:00,power,0,0,,,,,,2352891871620,876556403527,13.628956813788358,
2026-10-01T20:08:35.265718+00:00,freq,0,0,2500.0,4250.0,2500.0,900.0,0,,,,
2026-10-01T20:08:35.265718+00:00,freq,1,0,600.0,600.0,1200.0,600.0,0,,,,
2026-10-01T20:08:35.265718+00:00,power,0,0,,,,,,2352905341834,876557389567,13.660920449474666,
2026-10-01T20:08:36.272820+00:00,freq,0,0,2500.0,4250.0,2500.0,900.0,0,,,,
2026-10-01T20:08:36.272820+00:00,freq,1,0,600.0,600.0,1200.0,600.0,0,,,,
2026-10-01T20:08:36.272820+00:00,power,0,0,,,,,,2352919070837,876558396598,13.633148334063202,
2026-10-01T20:08:37.263009+00:00,freq,0,0,2500.0,4250.0,2500.0,900.0,0,,,,
2026-10-01T20:08:37.263009+00:00,freq,1,0,600.0,600.0,1200.0,600.0,0,,,,
2026-10-01T20:08:37.263009+00:00,power,0,0,,,,,,2352932635191,876559386777,13.698890806611734,
2026-10-01T20:08:38.267709+00:00,freq,0,0,2500.0,4250.0,2500.0,900.0,0,,,,
2026-10-01T20:08:38.267709+00:00,freq,1,0,600.0,600.0,1200.0,600.0,0,,,,
2026-10-01T20:08:38.267709+00:00,power,0,0,,,,,,2352946385435,876560391580,13.684517263583011,
2026-10-01T20:08:39.275001+00:00,freq,0,0,2500.0,4250.0,2500.0,900.0,0,,,,
2026-10-01T20:08:39.275001+00:00,freq,1,0,600.0,600.0,1200.0,600.0,0,,,,
2026-10-01T20:08:39.275001+00:00,power,0,0,,,,,,2352960139120,876561398686,13.656640909695703,
2026-10-01T20:08:40.263774+00:00,freq,0,0,2500.0,4250.0,2500.0,900.0,0,,,,
2026-10-01T20:08:40.263774+00:00,freq,1,0,600.0,600.0,1200.0,600.0,0,,,,
2026-10-01T20:08:40.263774+00:00,power,0,0,,,,,,2352973596456,876562387378,13.611252038046226,
2026-10-01T20:08:41.277829+00:00,freq,0,0,2500.0,4250.0,2500.0,900.0,0,,,,
2026-10-01T20:08:41.277829+00:00,freq,1,0,600.0,600.0,1200.0,600.0,0,,,,
2026-10-01T20:08:41.277829+00:00,power,0,0,,,,,,2352987484761,876563401744,13.69161131189334,
2026-10-01T20:08:42.277840+00:00,freq,0,0,2500.0,4250.0,2500.0,900.0,0,,,,
2026-10-01T20:08:42.277840+00:00,freq,1,0,600.0,600.0,1200.0,600.0,0,,,,
2026-10-01T20:08:42.277840+00:00,power,0,0,,,,,,2353001140546,876564401519,13.6588582431047,
2026-10-01T20:08:43.267201+00:00,freq,0,0,2500.0,4250.0,2500.0,900.0,0,,,,
2026-10-01T20:08:43.267201+00:00,freq,1,0,600.0,600.0,1200.0,600.0,0,,,,
2026-10-01T20:08:43.267201+00:00,power,0,0,,,,,,2353014693768,876565390823,13.699754574933488,
2026-10-01T20:08:44.273250+00:00,freq,0,0,2500.0,4250.0,2500.0,900.0,0,,,,
2026-10-01T20:08:44.273250+00:00,freq,1,0,600.0,600.0,1200.0,600.0,0,,,,
2026-10-01T20:08:44.273250+00:00,power,0,0,,,,,,2353024340153,876566397103,9.586183765949835,
2026-10-01T20:08:45.265335+00:00,freq,0,0,2500.0,4250.0,2500.0,900.0,0,,,,
2026-10-01T20:08:45.265335+00:00,freq,1,0,600.0,600.0,1200.0,600.0,0,,,,
2026-10-01T20:08:45.265335+00:00,power,0,0,,,,,,2353024340153,876567389076,0.0,
2026-10-01T20:08:46.269935+00:00,freq,0,0,2500.0,4250.0,2500.0,900.0,0,,,,
2026-10-01T20:08:46.269935+00:00,freq,1,0,600.0,600.0,1200.0,600.0,0,,,,
2026-10-01T20:08:46.269935+00:00,power,0,0,,,,,,2353024340153,876568393516,0.0,
2026-10-01T20:08:47.283766+00:00,freq,0,0,2300.0,2300.0,2500.0,900.0,0,,,,
2026-10-01T20:08:47.283766+00:00,freq,1,0,600.0,600.0,1200.0,600.0,0,,,,
2026-10-01T20:08:47.283766+00:00,power,0,0,,,,,,2353024340153,876569407323,0.0,
2026-10-01T20:08:48.281540+00:00,freq,0,0,2300.0,2300.0,2500.0,900.0,0,,,,
2026-10-01T20:08:48.281540+00:00,freq,1,0,600.0,600.0,1200.0,600.0,0,,,,
2026-10-01T20:08:48.281540+00:00,power,0,0,,,,,,2353024340153,876570405158,0.0,
2026-10-01T20:08:49.273545+00:00,freq,0,0,2300.0,2300.0,2500.0,900.0,0,,,,
2026-10-01T20:08:49.273545+00:00,freq,1,0,600.0,600.0,1200.0,600.0,0,,,,
2026-10-01T20:08:49.273545+00:00,power,0,0,,,,,,2353024340153,876571397247,0.0,
2026-10-01T20:08:50.264467+00:00,freq,0,0,2300.0,2300.0,2500.0,900.0,0,,,,
2026-10-01T20:08:50.264467+00:00,freq,1,0,600.0,600.0,1200.0,600.0,0,,,,
2026-10-01T20:08:50.264467+00:00,power,0,0,,,,,,2353024340153,876572388169,0.0,
2026-10-01T20:08:51.269165+00:00,freq,0,0,2300.0,2300.0,2500.0,900.0,0,,,,
2026-10-01T20:08:51.269165+00:00,freq,1,0,600.0,600.0,1200.0,600.0,0,,,,
2026-10-01T20:08:51.269165+00:00,power,0,0,,,,,,2353024340153,876573392828,0.0,
2026-10-01T20:08:52.270883+00:00,freq,0,0,2300.0,2300.0,2500.0,900.0,0,,,,
2026-10-01T20:08:52.270883+00:00,freq,1,0,600.0,600.0,1200.0,600.0,0,,,,
2026-10-01T20:08:52.270883+00:00,power,0,0,,,,,,2353024340153,876574394405,0.0,
2026-10-01T20:08:53.276788+00:00,freq,0,0,2300.0,2300.0,2500.0,900.0,0,,,,
2026-10-01T20:08:53.276788+00:00,freq,1,0,600.0,600.0,1200.0,600.0,0,,,,
2026-10-01T20:08:53.276788+00:00,power,0,0,,,,,,2353024341556,876575400406,0.0013946308204465005,
2026-10-01T20:08:54.263581+00:00,freq,0,0,2300.0,2300.0,2500.0,1000.0,0,,,,
2026-10-01T20:08:54.263581+00:00,freq,1,0,600.0,600.0,1200.0,600.0,0,,,,
2026-10-01T20:08:54.263581+00:00,power,0,0,,,,,,2353024341556,876576387032,0.0,
2026-10-01T20:08:55.266659+00:00,freq,0,0,2300.0,2300.0,2500.0,900.0,0,,,,
2026-10-01T20:08:55.266659+00:00,freq,1,0,600.0,600.0,1200.0,600.0,0,,,,
2026-10-01T20:08:55.266659+00:00,power,0,0,,,,,,2353024341556,876577390149,0.0,
2026-10-01T20:08:56.274545+00:00,freq,0,0,2300.0,2300.0,2500.0,900.0,0,,,,
2026-10-01T20:08:56.274545+00:00,freq,1,0,600.0,600.0,1200.0,600.0,0,,,,
2026-10-01T20:08:56.274545+00:00,power,0,0,,,,,,2353024341556,876578398087,0.0,
2026-10-01T20:08:57.267122+00:00,freq,0,0,2300.0,2300.0,2500.0,900.0,0,,,,
2026-10-01T20:08:57.267122+00:00,freq,1,0,600.0,600.0,1200.0,600.0,0,,,,
2026-10-01T20:08:57.267122+00:00,power,0,0,,,,,,2353024341556,876579390613,0.0,
2026-10-01T20:08:58.275891+00:00,freq,0,0,2300.0,2300.0,2500.0,900.0,0,,,,
2026-10-01T20:08:58.275891+00:00,freq,1,0,600.0,600.0,1200.0,600.0,0,,,,
2026-10-01T20:08:58.275891+00:00,power,0,0,,,,,,2353024343410,876580399337,0.0018379655882084693,
2026-10-01T20:08:59.265758+00:00,freq,0,0,2300.0,2300.0,2500.0,900.0,0,,,,
2026-10-01T20:08:59.265758+00:00,freq,1,0,600.0,600.0,1200.0,600.0,0,,,,
2026-10-01T20:08:59.265758+00:00,power,0,0,,,,,,2353024343410,876581389203,0.0,
2026-10-01T20:09:00.272437+00:00,freq,0,0,2300.0,2300.0,2500.0,900.0,0,,,,
2026-10-01T20:09:00.272437+00:00,freq,1,0,600.0,600.0,1200.0,600.0,0,,,,
2026-10-01T20:09:00.272437+00:00,power,0,0,,,,,,2353024345081,876582395782,0.001660078344571067,
2026-10-01T20:09:01.269886+00:00,freq,0,0,2300.0,2300.0,2500.0,900.0,0,,,,
2026-10-01T20:09:01.269886+00:00,freq,1,0,600.0,600.0,1200.0,600.0,0,,,,
2026-10-01T20:09:01.269886+00:00,power,0,0,,,,,,2353024345081,876583393160,0.0,
2026-10-01T20:09:02.273103+00:00,freq,0,0,2300.0,2300.0,2500.0,900.0,0,,,,
2026-10-01T20:09:02.273103+00:00,freq,1,0,600.0,600.0,1200.0,600.0,0,,,,
2026-10-01T20:09:02.273103+00:00,power,0,0,,,,,,2353024345508,876584396416,0.00042561420016426515,
2026-10-01T20:09:03.265594+00:00,freq,0,0,2300.0,2300.0,2500.0,900.0,0,,,,
2026-10-01T20:09:03.265594+00:00,freq,1,0,600.0,600.0,1200.0,600.0,0,,,,
2026-10-01T20:09:03.265594+00:00,power,0,0,,,,,,2353024345508,876585389064,0.0,
2026-10-01T20:09:04.273036+00:00,freq,0,0,2300.0,2300.0,2500.0,900.0,0,,,,
2026-10-01T20:09:04.273036+00:00,freq,1,0,600.0,600.0,1200.0,550.0,0,,,,
2026-10-01T20:09:04.273036+00:00,power,0,0,,,,,,2353024345508,876586396314,0.0,
2026-10-01T20:09:05.259340+00:00,freq,0,0,2300.0,2300.0,2500.0,900.0,0,,,,
2026-10-01T20:09:05.259340+00:00,freq,1,0,550.0,550.0,1200.0,550.0,0,,,,
2026-10-01T20:09:05.259340+00:00,power,0,0,,,,,,2353024347118,876587382726,0.0016321780351415027,
2026-10-01T20:09:06.259580+00:00,freq,0,0,2500.0,4250.0,2500.0,900.0,0,,,,
2026-10-01T20:09:06.259580+00:00,freq,1,0,550.0,550.0,1200.0,600.0,0,,,,
2026-10-01T20:09:06.259580+00:00,power,0,0,,,,,,2353046890819,876588383331,22.530070307463983,
2026-10-01T20:09:07.263146+00:00,freq,0,0,2500.0,4250.0,2500.0,900.0,0,,,,
2026-10-01T20:09:07.263146+00:00,freq,1,0,600.0,600.0,1200.0,600.0,0,,,,
2026-10-01T20:09:07.263146+00:00,power,0,0,,,,,,2353078263645,876589386182,31.283636352758286,
2026-10-01T20:09:08.264367+00:00,freq,0,0,2500.0,4250.0,2500.0,900.0,0,,,,
2026-10-01T20:09:08.264367+00:00,freq,1,0,600.0,600.0,1200.0,600.0,0,,,,
2026-10-01T20:09:08.264367+00:00,power,0,0,,,,,,2353106821811,876590387469,28.521458882418326,
2026-10-01T20:09:09.270030+00:00,freq,0,0,2500.0,4250.0,2500.0,900.0,0,,,,
2026-10-01T20:09:09.270030+00:00,freq,1,0,600.0,600.0,1200.0,600.0,0,,,,
2026-10-01T20:09:09.270030+00:00,power,0,0,,,,,,2353134093257,876591393230,27.115235130413687,
2026-10-01T20:09:10.273648+00:00,freq,0,0,2500.0,4250.0,2500.0,900.0,0,,,,
2026-10-01T20:09:10.273648+00:00,freq,1,0,600.0,600.0,1200.0,600.0,0,,,,
2026-10-01T20:09:10.273648+00:00,power,0,0,,,,,,2353159769892,876592396790,25.585550440432062,
2026-10-01T20:09:11.272056+00:00,freq,0,0,2500.0,4250.0,2500.0,900.0,0,,,,
2026-10-01T20:09:11.272056+00:00,freq,1,0,600.0,600.0,1200.0,600.0,0,,,,
2026-10-01T20:09:11.272056+00:00,power,0,0,,,,,,2353183906023,876593395095,24.177111203489915,
2026-10-01T20:09:12.279876+00:00,freq,0,0,2500.0,4250.0,2500.0,900.0,0,,,,
2026-10-01T20:09:12.279876+00:00,freq,1,0,600.0,600.0,1200.0,600.0,0,,,,
2026-10-01T20:09:12.279876+00:00,power,0,0,,,,,,2353206889604,876594402732,22.809385721246837,
2026-10-01T20:09:13.267184+00:00,freq,0,0,2500.0,4250.0,2500.0,900.0,0,,,,
2026-10-01T20:09:13.267184+00:00,freq,1,0,600.0,600.0,1200.0,600.0,0,,,,
2026-10-01T20:09:13.267184+00:00,power,0,0,,,,,,2353228702836,876595390267,22.08856597487684,
2026-10-01T20:09:14.269383+00:00,freq,0,0,2500.0,4250.0,2500.0,900.0,0,,,,
2026-10-01T20:09:14.269383+00:00,freq,1,0,600.0,600.0,1200.0,600.0,0,,,,
2026-10-01T20:09:14.269383+00:00,power,0,0,,,,,,2353250440164,876596392411,21.69082287575438,
2026-10-01T20:09:15.272286+00:00,freq,0,0,2500.0,4250.0,2500.0,900.0,0,,,,
2026-10-01T20:09:15.272286+00:00,freq,1,0,600.0,600.0,1200.0,600.0,0,,,,
2026-10-01T20:09:15.272286+00:00,power,0,0,,,,,,2353271580544,876597395224,21.08107892498402,
2026-10-01T20:09:16.280951+00:00,freq,0,0,2500.0,4250.0,2450.0,900.0,0,,,,
2026-10-01T20:09:16.280951+00:00,freq,1,0,600.0,600.0,1200.0,600.0,0,,,,
2026-10-01T20:09:16.280951+00:00,power,0,0,,,,,,2353292524415,876598403972,20.76224289911851,
2026-10-01T20:09:17.271829+00:00,freq,0,0,2500.0,4250.0,2500.0,900.0,0,,,,
2026-10-01T20:09:17.271829+00:00,freq,1,0,600.0,600.0,1200.0,600.0,0,,,,
2026-10-01T20:09:17.271829+00:00,power,0,0,,,,,,2353313067749,876599394811,20.733271500213455,
2026-10-01T20:09:18.277911+00:00,freq,0,0,2450.0,4250.0,2450.0,900.0,2,,,,
2026-10-01T20:09:18.277911+00:00,freq,1,0,600.0,600.0,1200.0,600.0,0,,,,
2026-10-01T20:09:18.277911+00:00,power,0,0,,,,,,2353333313988,876600400841,20.124885937795096,
2026-10-01T20:09:19.270914+00:00,freq,0,0,2500.0,4250.0,2500.0,900.0,0,,,,
2026-10-01T20:09:19.270914+00:00,freq,1,0,600.0,600.0,1200.0,600.0,0,,,,
2026-10-01T20:09:19.270914+00:00,power,0,0,,,,,,2353353281273,876601393868,20.10749455956384,
2026-10-01T20:09:20.275681+00:00,freq,0,0,2500.0,4250.0,2500.0,900.0,0,,,,
2026-10-01T20:09:20.275681+00:00,freq,1,0,600.0,600.0,1200.0,600.0,0,,,,
2026-10-01T20:09:20.275681+00:00,power,0,0,,,,,,2353373305320,876602398638,19.9289857380296,
2026-10-01T20:09:21.273131+00:00,freq,0,0,2500.0,4250.0,2500.0,900.0,0,,,,
2026-10-01T20:09:21.273131+00:00,freq,1,0,600.0,600.0,1200.0,600.0,0,,,,
2026-10-01T20:09:21.273131+00:00,power,0,0,,,,,,2353392859824,876603395894,19.608309200446023,
2026-10-01T20:09:22.273627+00:00,freq,0,0,2500.0,4250.0,2500.0,900.0,0,,,,
2026-10-01T20:09:22.273627+00:00,freq,1,0,600.0,600.0,1200.0,600.0,0,,,,
2026-10-01T20:09:22.273627+00:00,power,0,0,,,,,,2353412485396,876604396413,19.6153916117535,
2026-10-01T20:09:23.265558+00:00,freq,0,0,2500.0,4250.0,2500.0,900.0,0,,,,
2026-10-01T20:09:23.265558+00:00,freq,1,0,600.0,600.0,1200.0,600.0,0,,,,
2026-10-01T20:09:23.265558+00:00,power,0,0,,,,,,2353431699958,876605388381,19.3701429884835,
2026-10-01T20:09:24.271334+00:00,freq,0,0,2500.0,4250.0,2500.0,900.0,0,,,,
2026-10-01T20:09:24.271334+00:00,freq,1,0,600.0,600.0,1200.0,600.0,0,,,,
2026-10-01T20:09:24.271334+00:00,power,0,0,,,,,,2353451395880,876606393956,19.586726002535862,
2026-10-01T20:09:25.277136+00:00,freq,0,0,2500.0,4250.0,2500.0,900.0,0,,,,
2026-10-01T20:09:25.277136+00:00,freq,1,0,600.0,600.0,1200.0,600.0,0,,,,
2026-10-01T20:09:25.277136+00:00,power,0,0,,,,,,2353470601225,876607399924,19.091407480158413,
2026-10-01T20:09:26.268544+00:00,freq,0,0,2500.0,4250.0,2500.0,900.0,0,,,,
2026-10-01T20:09:26.268544+00:00,freq,1,0,600.0,600.0,1200.0,600.0,0,,,,
2026-10-01T20:09:26.268544+00:00,power,0,0,,,,,,2353489736014,876608391340,19.300464184560266,
2026-10-01T20:09:27.273563+00:00,freq,0,0,2500.0,4250.0,2500.0,900.0,0,,,,
2026-10-01T20:09:27.273563+00:00,freq,1,0,600.0,600.0,1200.0,600.0,0,,,,
2026-10-01T20:09:27.273563+00:00,power,0,0,,,,,,2353508948538,876609396065,19.12217173853542,
2026-10-01T20:09:28.263291+00:00,freq,0,0,2500.0,4250.0,2500.0,900.0,0,,,,
2026-10-01T20:09:28.263291+00:00,freq,1,0,600.0,600.0,1200.0,600.0,0,,,,
2026-10-01T20:09:28.263291+00:00,power,0,0,,,,,,2353527583021,876610386004,18.82386995562353,
2026-10-01T20:09:29.267251+00:00,freq,0,0,2500.0,4250.0,2500.0,900.0,0,,,,
2026-10-01T20:09:29.267251+00:00,freq,1,0,600.0,600.0,1200.0,600.0,0,,,,
2026-10-01T20:09:29.267251+00:00,power,0,0,,,,,,2353546555372,876611389891,18.898891010641638,
2026-10-01T20:09:30.267914+00:00,freq,0,0,2450.0,4250.0,2450.0,900.0,2,,,,
2026-10-01T20:09:30.267914+00:00,freq,1,0,600.0,600.0,1200.0,600.0,0,,,,
2026-10-01T20:09:30.267914+00:00,power,0,0,,,,,,2353565352331,876612390613,18.783397387086524,
2026-10-01T20:09:31.270410+00:00,freq,0,0,2500.0,4250.0,2500.0,900.0,0,,,,
2026-10-01T20:09:31.270410+00:00,freq,1,0,600.0,600.0,1200.0,600.0,0,,,,
2026-10-01T20:09:31.270410+00:00,power,0,0,,,,,,2353584233946,876613393020,18.836276083467094,
2026-10-01T20:09:32.276474+00:00,freq,0,0,2500.0,4250.0,2500.0,900.0,0,,,,
2026-10-01T20:09:32.276474+00:00,freq,1,0,600.0,600.0,1200.0,600.0,0,,,,
2026-10-01T20:09:32.276474+00:00,power,0,0,,,,,,2353603205625,876614399133,18.856409767093755,
2026-10-01T20:09:33.266331+00:00,freq,0,0,2500.0,4250.0,2500.0,900.0,0,,,,
2026-10-01T20:09:33.266331+00:00,freq,1,0,600.0,600.0,1200.0,600.0,0,,,,
2026-10-01T20:09:33.266331+00:00,power,0,0,,,,,,2353621768392,876615389002,18.752751121613063,
2026-10-01T20:09:34.273040+00:00,freq,0,0,2500.0,4250.0,2500.0,900.0,0,,,,
2026-10-01T20:09:34.273040+00:00,freq,1,0,600.0,600.0,1200.0,600.0,0,,,,
2026-10-01T20:09:34.273040+00:00,power,0,0,,,,,,2353640480733,876616395624,18.58924303263787,
2026-10-01T20:09:35.258934+00:00,freq,0,0,2500.0,4250.0,2500.0,900.0,0,,,,
2026-10-01T20:09:35.258934+00:00,freq,1,0,600.0,600.0,1200.0,600.0,0,,,,
2026-10-01T20:09:35.258934+00:00,power,0,0,,,,,,2353658829450,876617381420,18.61309743598067,
2026-10-01T20:09:36.259807+00:00,freq,0,0,2500.0,4250.0,2500.0,900.0,0,,,,
2026-10-01T20:09:36.259807+00:00,freq,1,0,600.0,600.0,1200.0,600.0,0,,,,
2026-10-01T20:09:36.259807+00:00,power,0,0,,,,,,2353677550763,876618382209,18.70655352926541,
2026-10-01T20:09:37.273599+00:00,freq,0,0,2500.0,4250.0,2500.0,900.0,0,,,,
2026-10-01T20:09:37.273599+00:00,freq,1,0,600.0,600.0,1200.0,600.0,0,,,,
2026-10-01T20:09:37.273599+00:00,power,0,0,,,,,,2353696243108,876619395877,18.440302939423955,
2026-10-01T20:09:38.271929+00:00,freq,0,0,2500.0,4250.0,2500.0,900.0,0,,,,
2026-10-01T20:09:38.271929+00:00,freq,1,0,600.0,600.0,1200.0,600.0,0,,,,
2026-10-01T20:09:38.271929+00:00,power,0,0,,,,,,2353714791691,876620394377,18.57644767150726,
2026-10-01T20:09:39.276309+00:00,freq,0,0,2500.0,4250.0,2500.0,900.0,0,,,,
2026-10-01T20:09:39.276309+00:00,freq,1,0,600.0,600.0,1200.0,600.0,0,,,,
2026-10-01T20:09:39.276309+00:00,power,0,0,,,,,,2353733583279,876621398564,18.713235682198633,
2026-10-01T20:09:40.276635+00:00,freq,0,0,2500.0,4250.0,2500.0,900.0,0,,,,
2026-10-01T20:09:40.276635+00:00,freq,1,0,600.0,600.0,1200.0,600.0,0,,,,
2026-10-01T20:09:40.276635+00:00,power,0,0,,,,,,2353751838528,876622398926,18.248642991237173,
2026-10-01T20:09:41.262412+00:00,freq,0,0,2500.0,4250.0,2500.0,900.0,0,,,,
2026-10-01T20:09:41.262412+00:00,freq,1,0,600.0,600.0,1200.0,600.0,0,,,,
2026-10-01T20:09:41.262412+00:00,power,0,0,,,,,,2353769985279,876623384796,18.406839644172152,
2026-10-01T20:09:42.266216+00:00,freq,0,0,2500.0,4250.0,2500.0,900.0,0,,,,
2026-10-01T20:09:42.266216+00:00,freq,1,0,600.0,600.0,1200.0,600.0,0,,,,
2026-10-01T20:09:42.266216+00:00,power,0,0,,,,,,2353788692211,876624388461,18.638621452377038,
2026-10-01T20:09:43.267671+00:00,freq,0,0,2500.0,4250.0,2500.0,900.0,0,,,,
2026-10-01T20:09:43.267671+00:00,freq,1,0,600.0,600.0,1200.0,600.0,0,,,,
2026-10-01T20:09:43.267671+00:00,power,0,0,,,,,,2353807064708,876625390019,18.343917177038175,
2026-10-01T20:09:44.273996+00:00,freq,0,0,2500.0,4250.0,2500.0,900.0,0,,,,
2026-10-01T20:09:44.273996+00:00,freq,1,0,600.0,600.0,1200.0,600.0,0,,,,
2026-10-01T20:09:44.273996+00:00,power,0,0,,,,,,2353825523288,876626396443,18.340758964412615,
2026-10-01T20:09:45.262988+00:00,freq,0,0,2500.0,4250.0,2500.0,900.0,0,,,,
2026-10-01T20:09:45.262988+00:00,freq,1,0,600.0,600.0,1200.0,600.0,0,,,,
2026-10-01T20:09:45.262988+00:00,power,0,0,,,,,,2353843744845,876627385261,18.427614586304053,
2026-10-01T20:09:46.265228+00:00,freq,0,0,2500.0,4250.0,2500.0,900.0,0,,,,
2026-10-01T20:09:46.265228+00:00,freq,1,0,600.0,600.0,1200.0,600.0,0,,,,
2026-10-01T20:09:46.265228+00:00,power,0,0,,,,,,2353862211787,876628387337,18.428684051908238,
2026-10-01T20:09:47.269118+00:00,freq,0,0,2450.0,4250.0,2500.0,900.0,2,,,,
2026-10-01T20:09:47.269118+00:00,freq,1,0,600.0,600.0,1200.0,600.0,0,,,,
2026-10-01T20:09:47.269118+00:00,power,0,0,,,,,,2353880394671,876629391655,18.104707871411247,
2026-10-01T20:09:48.271018+00:00,freq,0,0,2500.0,4250.0,2500.0,900.0,0,,,,
2026-10-01T20:09:48.271018+00:00,freq,1,0,600.0,600.0,1200.0,600.0,0,,,,
2026-10-01T20:09:48.271018+00:00,power,0,0,,,,,,2353898645365,876630393252,18.221594114199622,
2026-10-01T20:09:49.273470+00:00,freq,0,0,2400.0,4250.0,2450.0,900.0,2,,,,
2026-10-01T20:09:49.273470+00:00,freq,1,0,600.0,600.0,1200.0,600.0,0,,,,
2026-10-01T20:09:49.273470+00:00,power,0,0,,,,,,2353916984720,876631395723,18.294150154967078,
2026-10-01T20:09:50.260855+00:00,freq,0,0,2500.0,4250.0,2500.0,900.0,0,,,,
2026-10-01T20:09:50.260855+00:00,freq,1,0,600.0,600.0,1200.0,600.0,0,,,,
2026-10-01T20:09:50.260855+00:00,power,0,0,,,,,,2353935109682,876632382954,18.359393090370947,
2026-10-01T20:09:51.262054+00:00,freq,0,0,2500.0,4250.0,2500.0,900.0,0,,,,
2026-10-01T20:09:51.262054+00:00,freq,1,0,600.0,600.0,1200.0,600.0,0,,,,
2026-10-01T20:09:51.262054+00:00,power,0,0,,,,,,2353953061548,876633384215,17.9292572066624,
2026-10-01T20:09:52.269620+00:00,freq,0,0,2500.0,4250.0,2500.0,900.0,0,,,,
2026-10-01T20:09:52.269620+00:00,freq,1,0,600.0,600.0,1200.0,600.0,0,,,,
2026-10-01T20:09:52.269620+00:00,power,0,0,,,,,,2353971386156,876634391903,18.184803232746646,
2026-10-01T20:09:53.278946+00:00,freq,0,0,2500.0,4250.0,2500.0,900.0,0,,,,
2026-10-01T20:09:53.278946+00:00,freq,1,0,600.0,600.0,1200.0,600.0,0,,,,
2026-10-01T20:09:53.278946+00:00,power,0,0,,,,,,2353989696275,876635401141,18.14251841488331,
2026-10-01T20:09:54.267806+00:00,freq,0,0,2500.0,4250.0,2500.0,900.0,0,,,,
2026-10-01T20:09:54.267806+00:00,freq,1,0,600.0,600.0,1200.0,600.0,0,,,,
2026-10-01T20:09:54.267806+00:00,power,0,0,,,,,,2354007811387,876636389822,18.322504427616188,
2026-10-01T20:09:55.274217+00:00,freq,0,0,2500.0,4250.0,2500.0,900.0,0,,,,
2026-10-01T20:09:55.274217+00:00,freq,1,0,600.0,600.0,1200.0,600.0,0,,,,
2026-10-01T20:09:55.274217+00:00,power,0,0,,,,,,2354025842514,876637396426,17.912830666279888,
2026-10-01T20:09:56.274737+00:00,freq,0,0,2500.0,4250.0,2500.0,900.0,0,,,,
2026-10-01T20:09:56.274737+00:00,freq,1,0,600.0,600.0,1200.0,600.0,0,,,,
2026-10-01T20:09:56.274737+00:00,power,0,0,,,,,,2354043975570,876638396780,18.126639169733913,
2026-10-01T20:09:57.265113+00:00,freq,0,0,2500.0,4250.0,2500.0,900.0,0,,,,
2026-10-01T20:09:57.265113+00:00,freq,1,0,600.0,600.0,1200.0,600.0,0,,,,
2026-10-01T20:09:57.265113+00:00,power,0,0,,,,,,2354061927253,876639387093,18.127281980545543,
2026-10-01T20:09:58.269513+00:00,freq,0,0,2500.0,4250.0,2500.0,900.0,0,,,,
2026-10-01T20:09:58.269513+00:00,freq,1,0,600.0,600.0,1200.0,600.0,0,,,,
2026-10-01T20:09:58.269513+00:00,power,0,0,,,,,,2354080017829,876640391473,18.01168482048627,
2026-10-01T20:09:59.274083+00:00,freq,0,0,2500.0,4250.0,2500.0,900.0,0,,,,
2026-10-01T20:09:59.274083+00:00,freq,1,0,600.0,600.0,1200.0,600.0,0,,,,
2026-10-01T20:09:59.274083+00:00,power,0,0,,,,,,2354098079620,876641396164,17.977458741045755,
2026-10-01T20:10:00.259989+00:00,freq,0,0,2500.0,4250.0,2500.0,900.0,0,,,,
2026-10-01T20:10:00.259989+00:00,freq,1,0,600.0,600.0,1200.0,600.0,0,,,,
2026-10-01T20:10:00.259989+00:00,power,0,0,,,,,,2354115777801,876642381876,17.954718010940315,
2026-10-01T20:10:01.268837+00:00,freq,0,0,2500.0,4250.0,2500.0,900.0,0,,,,
2026-10-01T20:10:01.268837+00:00,freq,1,0,600.0,600.0,1200.0,600.0,0,,,,
2026-10-01T20:10:01.268837+00:00,power,0,0,,,,,,2354134093925,876643390810,18.153936729260785,
2026-10-01T20:10:02.271873+00:00,freq,0,0,2500.0,4250.0,2500.0,900.0,0,,,,
2026-10-01T20:10:02.271873+00:00,freq,1,0,600.0,600.0,1200.0,600.0,0,,,,
2026-10-01T20:10:02.271873+00:00,power,0,0,,,,,,2354152154166,876644393730,18.0076586367806,
2026-10-01T20:10:03.274227+00:00,freq,0,0,2500.0,4250.0,2500.0,900.0,0,,,,
2026-10-01T20:10:03.274227+00:00,freq,1,0,600.0,600.0,1200.0,600.0,0,,,,
2026-10-01T20:10:03.274227+00:00,power,0,0,,,,,,2354170107840,876645396151,17.910313131907653,
2026-10-01T20:10:04.264137+00:00,freq,0,0,2500.0,4250.0,2500.0,900.0,0,,,,
2026-10-01T20:10:04.264137+00:00,freq,1,0,600.0,600.0,1200.0,600.0,0,,,,
2026-10-01T20:10:04.264137+00:00,power,0,0,,,,,,2354187895522,876646386087,17.968517156664674,
2026-10-01T20:10:05.277499+00:00,freq,0,0,2500.0,4250.0,2500.0,900.0,0,,,,
2026-10-01T20:10:05.277499+00:00,freq,1,0,600.0,600.0,1200.0,600.0,0,,,,
2026-10-01T20:10:05.277499+00:00,power,0,0,,,,,,2354206017493,876647399248,17.88656590610969,
2026-10-01T20:10:06.277695+00:00,freq,0,0,2500.0,4250.0,2500.0,900.0,0,,,,
2026-10-01T20:10:06.277695+00:00,freq,1,0,600.0,600.0,1200.0,600.0,0,,,,
2026-10-01T20:10:06.277695+00:00,power,0,0,,,,,,2354223992980,876648399558,17.969916325938957,
2026-10-01T20:10:07.265512+00:00,freq,0,0,2500.0,4250.0,2500.0,900.0,0,,,,
2026-10-01T20:10:07.265512+00:00,freq,1,0,600.0,600.0,1200.0,600.0,0,,,,
2026-10-01T20:10:07.265512+00:00,power,0,0,,,,,,2354241620299,876649387340,17.845353529422486,
2026-10-01T20:10:08.272993+00:00,freq,0,0,2500.0,4250.0,2500.0,900.0,0,,,,
2026-10-01T20:10:08.272993+00:00,freq,1,0,600.0,600.0,1200.0,600.0,0,,,,
2026-10-01T20:10:08.272993+00:00,power,0,0,,,,,,2354259632811,876650394873,17.87783824450415,
2026-10-01T20:10:09.280008+00:00,freq,0,0,2500.0,4250.0,2500.0,900.0,0,,,,
2026-10-01T20:10:09.280008+00:00,freq,1,0,600.0,600.0,1200.0,600.0,0,,,,
2026-10-01T20:10:09.280008+00:00,power,0,0,,,,,,2354277575339,876651401848,17.81824573599146,
2026-10-01T20:10:10.276427+00:00,freq,0,0,2500.0,4250.0,2500.0,900.0,0,,,,
2026-10-01T20:10:10.276427+00:00,freq,1,0,600.0,600.0,1200.0,600.0,0,,,,
2026-10-01T20:10:10.276427+00:00,power,0,0,,,,,,2354295393454,876652398209,17.883191935453112,
2026-10-01T20:10:11.265546+00:00,freq,0,0,2500.0,4250.0,2500.0,900.0,0,,,,
2026-10-01T20:10:11.265546+00:00,freq,1,0,600.0,600.0,1200.0,600.0,0,,,,
2026-10-01T20:10:11.265546+00:00,power,0,0,,,,,,2354313023360,876653387135,17.82732580597537,
2026-10-01T20:10:12.270449+00:00,freq,0,0,2500.0,4250.0,2500.0,900.0,0,,,,
2026-10-01T20:10:12.270449+00:00,freq,1,0,600.0,600.0,1200.0,600.0,0,,,,
2026-10-01T20:10:12.270449+00:00,power,0,0,,,,,,2354330875899,876654392208,17.762430191637822,
2026-10-01T20:10:13.276783+00:00,freq,0,0,2500.0,4250.0,2500.0,900.0,0,,,,
2026-10-01T20:10:13.276783+00:00,freq,1,0,600.0,600.0,1200.0,600.0,0,,,,
2026-10-01T20:10:13.276783+00:00,power,0,0,,,,,,2354348859381,876655398592,17.869403726609328,
2026-10-01T20:10:14.267597+00:00,freq,0,0,2500.0,4250.0,2500.0,900.0,0,,,,
2026-10-01T20:10:14.267597+00:00,freq,1,0,600.0,600.0,1200.0,600.0,0,,,,
2026-10-01T20:10:14.267597+00:00,power,0,0,,,,,,2354366411284,876656389441,17.71400384922425,
2026-10-01T20:10:15.273525+00:00,freq,0,0,2500.0,4250.0,2500.0,900.0,0,,,,
2026-10-01T20:10:15.273525+00:00,freq,1,0,600.0,600.0,1200.0,600.0,0,,,,
2026-10-01T20:10:15.273525+00:00,power,0,0,,,,,,2354384388639,876657395379,17.871235602989447,
2026-10-01T20:10:16.274476+00:00,freq,0,0,2500.0,4250.0,2500.0,900.0,0,,,,
2026-10-01T20:10:16.274476+00:00,freq,1,0,600.0,600.0,1200.0,600.0,0,,,,
2026-10-01T20:10:16.274476+00:00,power,0,0,,,,,,2354402192434,876658395988,17.79295908791546,
2026-10-01T20:10:17.262929+00:00,freq,0,0,2500.0,4250.0,2500.0,900.0,0,,,,
2026-10-01T20:10:17.262929+00:00,freq,1,0,600.0,600.0,1200.0,600.0,0,,,,
2026-10-01T20:10:17.262929+00:00,power,0,0,,,,,,2354419708204,876659384516,17.719042859686322,
2026-10-01T20:10:18.270064+00:00,freq,0,0,2500.0,4250.0,2500.0,900.0,0,,,,
2026-10-01T20:10:18.270064+00:00,freq,1,0,600.0,600.0,1200.0,600.0,0,,,,
2026-10-01T20:10:18.270064+00:00,power,0,0,,,,,,2354437560034,876660391712,17.724286037672904,
2026-10-01T20:10:19.276521+00:00,freq,0,0,2500.0,4250.0,2500.0,900.0,0,,,,
2026-10-01T20:10:19.276521+00:00,freq,1,0,600.0,600.0,1200.0,600.0,0,,,,
2026-10-01T20:10:19.276521+00:00,power,0,0,,,,,,2354455344396,876661398217,17.669422407240898,
2026-10-01T20:10:20.262600+00:00,freq,0,0,2500.0,4250.0,2500.0,900.0,0,,,,
2026-10-01T20:10:20.262600+00:00,freq,1,0,600.0,600.0,1200.0,600.0,0,,,,
2026-10-01T20:10:20.262600+00:00,power,0,0,,,,,,2354472986852,876662384196,17.893338499095822,
2026-10-01T20:10:21.267204+00:00,freq,0,0,2500.0,4250.0,2500.0,900.0,0,,,,
2026-10-01T20:10:21.267204+00:00,freq,1,0,600.0,600.0,1200.0,600.0,0,,,,
2026-10-01T20:10:21.267204+00:00,power,0,0,,,,,,2354490843931,876663388618,17.778462638213817,
2026-10-01T20:10:22.273712+00:00,freq,0,0,2500.0,4250.0,2500.0,900.0,0,,,,
2026-10-01T20:10:22.273712+00:00,freq,1,0,600.0,600.0,1200.0,600.0,0,,,,
2026-10-01T20:10:22.273712+00:00,power,0,0,,,,,,2354508398740,876664395198,17.44005344831012,
2026-10-01T20:10:23.277302+00:00,freq,0,0,2500.0,4250.0,2500.0,900.0,0,,,,
2026-10-01T20:10:23.277302+00:00,freq,1,0,600.0,600.0,1200.0,600.0,0,,,,
2026-10-01T20:10:23.277302+00:00,power,0,0,,,,,,2354526105367,876665398797,17.643129377370844,
2026-10-01T20:10:24.268920+00:00,freq,0,0,2500.0,4250.0,2500.0,900.0,0,,,,
2026-10-01T20:10:24.268920+00:00,freq,1,0,600.0,600.0,1200.0,600.0,0,,,,
2026-10-01T20:10:24.268920+00:00,power,0,0,,,,,,2354543646345,876666390405,17.689427677065936,
2026-10-01T20:10:25.276598+00:00,freq,0,0,2500.0,4250.0,2500.0,900.0,0,,,,
2026-10-01T20:10:25.276598+00:00,freq,1,0,600.0,600.0,1200.0,600.0,0,,,,
2026-10-01T20:10:25.276598+00:00,power,0,0,,,,,,2354561507147,876667398102,17.72437746663928,
2026-10-01T20:10:26.264325+00:00,freq,0,0,2500.0,4250.0,2500.0,900.0,0,,,,
2026-10-01T20:10:26.264325+00:00,freq,1,0,600.0,600.0,1200.0,600.0,0,,,,
2026-10-01T20:10:26.264325+00:00,power,0,0,,,,,,2354579075872,876668385608,17.79100582680004,
2026-10-01T20:10:27.270624+00:00,freq,0,0,2500.0,4250.0,2500.0,900.0,0,,,,
2026-10-01T20:10:27.270624+00:00,freq,1,0,600.0,600.0,1200.0,600.0,0,,,,
2026-10-01T20:10:27.270624+00:00,power,0,0,,,,,,2354596675993,876669392113,17.48637214916965,
2026-10-01T20:10:28.276279+00:00,freq,0,0,2500.0,4250.0,2500.0,900.0,0,,,,
2026-10-01T20:10:28.276279+00:00,freq,1,0,600.0,600.0,1200.0,600.0,0,,,,
2026-10-01T20:10:28.276279+00:00,power,0,0,,,,,,2354614417020,876670397650,17.64333584940186,
2026-10-01T20:10:29.275753+00:00,freq,0,0,2500.0,4250.0,2500.0,900.0,0,,,,
2026-10-01T20:10:29.275753+00:00,freq,1,0,600.0,600.0,1200.0,600.0,0,,,,
2026-10-01T20:10:29.275753+00:00,power,0,0,,,,,,2354632078824,876671397195,17.669843778919407,
2026-10-01T20:10:30.268663+00:00,freq,0,0,2500.0,4250.0,2500.0,900.0,0,,,,
2026-10-01T20:10:30.268663+00:00,freq,1,0,600.0,600.0,1200.0,600.0,0,,,,
2026-10-01T20:10:30.268663+00:00,power,0,0,,,,,,2354649564504,876672389997,17.6124544471103,
2026-10-01T20:10:31.273103+00:00,freq,0,0,2500.0,4250.0,2500.0,900.0,0,,,,
2026-10-01T20:10:31.273103+00:00,freq,1,0,600.0,600.0,1200.0,600.0,0,,,,
2026-10-01T20:10:31.273103+00:00,power,0,0,,,,,,2354667376637,876673394346,17.735003469909365,
2026-10-01T20:10:32.275262+00:00,freq,0,0,2500.0,4250.0,2500.0,900.0,0,,,,
2026-10-01T20:10:32.275262+00:00,freq,1,0,600.0,600.0,1200.0,600.0,0,,,,
2026-10-01T20:10:32.275262+00:00,power,0,0,,,,,,2354684940259,876674396702,17.522339368447938,
2026-10-01T20:10:33.265659+00:00,freq,0,0,2500.0,4250.0,2500.0,900.0,0,,,,
2026-10-01T20:10:33.265659+00:00,freq,1,0,600.0,600.0,1200.0,600.0,0,,,,
2026-10-01T20:10:33.265659+00:00,power,0,0,,,,,,2354702252575,876675387003,17.48187268315391,
2026-10-01T20:10:34.275589+00:00,freq,0,0,2500.0,4250.0,2500.0,900.0,0,,,,
2026-10-01T20:10:34.275589+00:00,freq,1,0,600.0,600.0,1200.0,600.0,0,,,,
2026-10-01T20:10:34.275589+00:00,power,0,0,,,,,,2354720069004,876676396952,17.640919491974348,
2026-10-01T20:10:35.273003+00:00,freq,0,0,2400.0,4250.0,2400.0,900.0,2,,,,
2026-10-01T20:10:35.273003+00:00,freq,1,0,600.0,600.0,1200.0,600.0,0,,,,
2026-10-01T20:10:35.273003+00:00,power,0,0,,,,,,2354737631320,876677394124,17.612123084081784,
2026-10-01T20:10:36.285275+00:00,freq,0,0,2500.0,4250.0,2500.0,900.0,0,,,,
2026-10-01T20:10:36.285275+00:00,freq,1,0,600.0,600.0,1200.0,600.0,0,,,,
2026-10-01T20:10:36.285275+00:00,power,0,0,,,,,,2354755362239,876678406411,17.51570355047531,
2026-10-01T20:10:37.285162+00:00,freq,0,0,2500.0,4250.0,2500.0,900.0,0,,,,
2026-10-01T20:10:37.285162+00:00,freq,1,0,600.0,600.0,1200.0,600.0,0,,,,
2026-10-01T20:10:37.285162+00:00,power,0,0,,,,,,2354772778437,876679406372,17.41687725821307,
2026-10-01T20:10:38.272725+00:00,freq,0,0,2500.0,4250.0,2500.0,900.0,0,,,,
2026-10-01T20:10:38.272725+00:00,freq,1,0,600.0,600.0,1200.0,600.0,0,,,,
2026-10-01T20:10:38.272725+00:00,power,0,0,,,,,,2354786461542,876680393896,13.855972108019653,
2026-10-01T20:10:39.273413+00:00,freq,0,0,2500.0,4250.0,2500.0,900.0,0,,,,
2026-10-01T20:10:39.273413+00:00,freq,1,0,600.0,600.0,1200.0,600.0,0,,,,
2026-10-01T20:10:39.273413+00:00,power,0,0,,,,,,2354800164324,876681394429,13.695482307929874,
2026-10-01T20:10:40.277294+00:00,freq,0,0,2500.0,4250.0,2500.0,900.0,0,,,,
2026-10-01T20:10:40.277294+00:00,freq,1,0,600.0,600.0,1200.0,600.0,0,,,,
2026-10-01T20:10:40.277294+00:00,power,0,0,,,,,,2354813904680,876682398448,13.685354560023267,
2026-10-01T20:10:41.267340+00:00,freq,0,0,2500.0,4250.0,2500.0,900.0,0,,,,
2026-10-01T20:10:41.267340+00:00,freq,1,0,600.0,600.0,1200.0,600.0,0,,,,
2026-10-01T20:10:41.267340+00:00,power,0,0,,,,,,2354827504190,876683388644,13.73415970171562,
2026-10-01T20:10:42.274530+00:00,freq,0,0,2500.0,4250.0,2500.0,900.0,0,,,,
2026-10-01T20:10:42.274530+00:00,freq,1,0,600.0,600.0,1200.0,600.0,0,,,,
2026-10-01T20:10:42.274530+00:00,power,0,0,,,,,,2354841305581,876684395765,13.70380619607773,
2026-10-01T20:10:43.259687+00:00,freq,0,0,2500.0,4250.0,2500.0,900.0,0,,,,
2026-10-01T20:10:43.259687+00:00,freq,1,0,600.0,600.0,1200.0,600.0,0,,,,
2026-10-01T20:10:43.259687+00:00,power,0,0,,,,,,2354854831483,876685381200,13.725818547139081,
2026-10-01T20:10:44.261533+00:00,freq,0,0,2500.0,4250.0,2500.0,900.0,0,,,,
2026-10-01T20:10:44.261533+00:00,freq,1,0,600.0,600.0,1200.0,600.0,0,,,,
2026-10-01T20:10:44.261533+00:00,power,0,0,,,,,,2354868543824,876686382662,13.692322824031267,
2026-10-01T20:10:45.265571+00:00,freq,0,0,2500.0,4250.0,2500.0,900.0,0,,,,
2026-10-01T20:10:45.265571+00:00,freq,1,0,600.0,600.0,1200.0,600.0,0,,,,
2026-10-01T20:10:45.265571+00:00,power,0,0,,,,,,2354882341699,876687386750,13.741698934754723,
2026-10-01T20:10:46.270066+00:00,freq,0,0,2500.0,4250.0,2500.0,900.0,0,,,,
2026-10-01T20:10:46.270066+00:00,freq,1,0,600.0,600.0,1200.0,600.0,0,,,,
2026-10-01T20:10:46.270066+00:00,power,0,0,,,,,,2354896101427,876688391270,13.69781388125672,
2026-10-01T20:10:47.275599+00:00,freq,0,0,2500.0,4250.0,2500.0,900.0,0,,,,
2026-10-01T20:10:47.275599+00:00,freq,1,0,600.0,600.0,1200.0,600.0,0,,,,
2026-10-01T20:10:47.275599+00:00,power,0,0,,,,,,2354909863230,876689396693,13.68757527926057,
2026-10-01T20:10:48.262556+00:00,freq,0,0,2500.0,4250.0,2500.0,900.0,0,,,,
2026-10-01T20:10:48.262556+00:00,freq,1,0,600.0,600.0,1200.0,600.0,0,,,,
2026-10-01T20:10:48.262556+00:00,power,0,0,,,,,,2354923347788,876690383441,13.6656552635526,
2026-10-01T20:10:49.265415+00:00,freq,0,0,2500.0,4250.0,2500.0,900.0,0,,,,
2026-10-01T20:10:49.265415+00:00,freq,1,0,600.0,600.0,1200.0,600.0,0,,,,
2026-10-01T20:10:49.265415+00:00,power,0,0,,,,,,2354937089571,876691386356,13.701842130190494,
2026-10-01T20:10:50.267399+00:00,freq,0,0,2500.0,4250.0,2500.0,900.0,0,,,,
2026-10-01T20:10:50.267399+00:00,freq,1,0,600.0,600.0,1200.0,600.0,0,,,,
2026-10-01T20:10:50.267399+00:00,power,0,0,,,,,,2354950809724,876692388239,13.69436650786569,
2026-10-01T20:10:51.282240+00:00,freq,0,0,2500.0,4250.0,2500.0,900.0,0,,,,
2026-10-01T20:10:51.282240+00:00,freq,1,0,600.0,600.0,1200.0,600.0,0,,,,
2026-10-01T20:10:51.282240+00:00,power,0,0,,,,,,2354964722809,876693403153,13.708634426168128,
2026-10-01T20:10:52.272794+00:00,freq,0,0,2500.0,4250.0,2500.0,900.0,0,,,,
2026-10-01T20:10:52.272794+00:00,freq,1,0,600.0,600.0,1200.0,600.0,0,,,,
2026-10-01T20:10:52.272794+00:00,power,0,0,,,,,,2354978302910,876694393848,13.707650689667355,
2026-10-01T20:10:53.280024+00:00,freq,0,0,2500.0,4250.0,2500.0,900.0,0,,,,
2026-10-01T20:10:53.280024+00:00,freq,1,0,600.0,600.0,1200.0,600.0,0,,,,
2026-10-01T20:10:53.280024+00:00,power,0,0,,,,,,2354992100151,876695401077,13.698216592254592,
2026-10-01T20:10:54.271598+00:00,freq,0,0,2500.0,4250.0,2500.0,900.0,0,,,,
2026-10-01T20:10:54.271598+00:00,freq,1,0,600.0,600.0,1200.0,600.0,0,,,,
2026-10-01T20:10:54.271598+00:00,power,0,0,,,,,,2354996764274,876696392773,4.703178191703909,
2026-10-01T20:10:55.278749+00:00,freq,0,0,2500.0,4250.0,2500.0,900.0,0,,,,
2026-10-01T20:10:55.278749+00:00,freq,1,0,600.0,600.0,1200.0,600.0,0,,,,
2026-10-01T20:10:55.278749+00:00,power,0,0,,,,,,2354996764274,876697399829,0.0,
2026-10-01T20:10:56.268144+00:00,freq,0,0,2500.0,4250.0,2500.0,900.0,0,,,,
2026-10-01T20:10:56.268144+00:00,freq,1,0,600.0,600.0,1200.0,600.0,0,,,,
2026-10-01T20:10:56.268144+00:00,power,0,0,,,,,,2354996764274,876698389209,0.0,
2026-10-01T20:10:57.269754+00:00,freq,0,0,2500.0,4250.0,2500.0,900.0,0,,,,
2026-10-01T20:10:57.269754+00:00,freq,1,0,600.0,600.0,1200.0,600.0,0,,,,
2026-10-01T20:10:57.269754+00:00,power,0,0,,,,,,2354996764274,876699390680,0.0,
2026-10-01T20:10:58.282428+00:00,freq,0,0,2500.0,4250.0,2500.0,900.0,0,,,,
2026-10-01T20:10:58.282428+00:00,freq,1,0,600.0,600.0,1200.0,600.0,0,,,,
2026-10-01T20:10:58.282428+00:00,power,0,0,,,,,,2354996764274,876700403312,0.0,
2026-10-01T20:10:59.268272+00:00,freq,0,0,2500.0,4250.0,2500.0,900.0,0,,,,
2026-10-01T20:10:59.268272+00:00,freq,1,0,600.0,600.0,1200.0,600.0,0,,,,
2026-10-01T20:10:59.268272+00:00,power,0,0,,,,,,2354996764274,876701389210,0.0,
2026-10-01T20:11:00.275380+00:00,freq,0,0,2500.0,4250.0,2500.0,900.0,0,,,,
2026-10-01T20:11:00.275380+00:00,freq,1,0,600.0,600.0,1200.0,600.0,0,,,,
2026-10-01T20:11:00.275380+00:00,power,0,0,,,,,,2354996765372,876702396350,0.0010902158587683937,
2026-10-01T20:11:01.265626+00:00,freq,0,0,2500.0,4250.0,2500.0,900.0,0,,,,
2026-10-01T20:11:01.265626+00:00,freq,1,0,600.0,600.0,1200.0,600.0,0,,,,
2026-10-01T20:11:01.265626+00:00,power,0,0,,,,,,2354996765677,876703386525,0.0003080263589769485,
2026-10-01T20:11:02.273026+00:00,freq,0,0,2500.0,4250.0,2500.0,900.0,0,,,,
2026-10-01T20:11:02.273026+00:00,freq,1,0,600.0,600.0,1200.0,600.0,0,,,,
2026-10-01T20:11:02.273026+00:00,power,0,0,,,,,,2354996765677,876704393871,0.0,
2026-10-01T20:11:03.276783+00:00,freq,0,0,2500.0,4250.0,2500.0,900.0,0,,,,
2026-10-01T20:11:03.276783+00:00,freq,1,0,600.0,600.0,1200.0,600.0,0,,,,
2026-10-01T20:11:03.276783+00:00,power,0,0,,,,,,2354996765677,876705397733,0.0,
2026-10-01T20:11:04.261878+00:00,freq,0,0,2500.0,4250.0,2500.0,900.0,0,,,,
2026-10-01T20:11:04.261878+00:00,freq,1,0,600.0,600.0,1200.0,600.0,0,,,,
2026-10-01T20:11:04.261878+00:00,power,0,0,,,,,,2354996765677,876706383597,0.0,
2026-10-01T20:11:05.268448+00:00,freq,0,0,2500.0,4250.0,2500.0,900.0,0,,,,
2026-10-01T20:11:05.268448+00:00,freq,1,0,600.0,600.0,1200.0,600.0,0,,,,
2026-10-01T20:11:05.268448+00:00,power,0,0,,,,,,2354996765677,876707389248,0.0,
2026-10-01T20:11:06.276472+00:00,freq,0,0,2500.0,4250.0,2500.0,900.0,0,,,,
2026-10-01T20:11:06.276472+00:00,freq,1,0,600.0,600.0,1200.0,600.0,0,,,,
2026-10-01T20:11:06.276472+00:00,power,0,0,,,,,,2354996765677,876708397330,0.0,
2026-10-01T20:11:07.270880+00:00,freq,0,0,2500.0,4250.0,2500.0,900.0,0,,,,
2026-10-01T20:11:07.270880+00:00,freq,1,0,600.0,600.0,1200.0,600.0,0,,,,
2026-10-01T20:11:07.270880+00:00,power,0,0,,,,,,2354996765677,876709391704,0.0,
2026-10-01T20:11:08.274267+00:00,freq,0,0,2500.0,4250.0,2500.0,900.0,0,,,,
2026-10-01T20:11:08.274267+00:00,freq,1,0,600.0,600.0,1200.0,600.0,0,,,,
2026-10-01T20:11:08.274267+00:00,power,0,0,,,,,,2354996765677,876710395070,0.0,
2026-10-01T20:11:09.276248+00:00,freq,0,0,2500.0,4250.0,2500.0,900.0,0,,,,
2026-10-01T20:11:09.276248+00:00,freq,1,0,600.0,600.0,1200.0,600.0,0,,,,
2026-10-01T20:11:09.276248+00:00,power,0,0,,,,,,2354996765677,876711397022,0.0,
2026-10-01T20:11:10.264828+00:00,freq,0,0,2500.0,4250.0,2500.0,900.0,0,,,,
2026-10-01T20:11:10.264828+00:00,freq,1,0,600.0,600.0,1200.0,600.0,0,,,,
2026-10-01T20:11:10.264828+00:00,power,0,0,,,,,,2354996765738,876712385588,6.170554115759595e-05,
2026-10-01T20:11:11.265419+00:00,freq,0,0,2500.0,4250.0,2500.0,900.0,0,,,,
2026-10-01T20:11:11.265419+00:00,freq,1,0,600.0,600.0,1200.0,600.0,0,,,,
2026-10-01T20:11:11.265419+00:00,power,0,0,,,,,,2354996765738,876713386299,0.0,
2026-10-01T20:11:12.272636+00:00,freq,0,0,2500.0,4250.0,2500.0,900.0,0,,,,
2026-10-01T20:11:12.272636+00:00,freq,1,0,600.0,600.0,1200.0,600.0,0,,,,
2026-10-01T20:11:12.272636+00:00,power,0,0,,,,,,2354996765738,876714393379,0.0,
2026-10-01T20:11:13.280792+00:00,freq,0,0,2500.0,4250.0,2500.0,900.0,0,,,,
2026-10-01T20:11:13.280792+00:00,freq,1,0,600.0,600.0,1200.0,600.0,0,,,,
2026-10-01T20:11:13.280792+00:00,power,0,0,,,,,,2354996768446,876715401535,0.0026860922317577837,
2026-10-01T20:11:14.273208+00:00,freq,0,0,2500.0,4250.0,2500.0,900.0,0,,,,
2026-10-01T20:11:14.273208+00:00,freq,1,0,600.0,600.0,1200.0,600.0,0,,,,
2026-10-01T20:11:14.273208+00:00,power,0,0,,,,,,2354996768446,876716393903,0.0,
2026-10-01T20:11:15.279317+00:00,freq,0,0,2500.0,4250.0,2500.0,900.0,0,,,,
2026-10-01T20:11:15.279317+00:00,freq,1,0,600.0,600.0,1200.0,600.0,0,,,,
2026-10-01T20:11:15.279317+00:00,power,0,0,,,,,,2354999586805,876717399897,2.8015664109328684,
2026-10-01T20:11:16.269214+00:00,freq,0,0,2500.0,4250.0,2500.0,900.0,0,,,,
2026-10-01T20:11:16.269214+00:00,freq,1,0,600.0,600.0,1200.0,600.0,0,,,,
2026-10-01T20:11:16.269214+00:00,power,0,0,,,,,,2355032310522,876718389862,33.055428222209876,
2026-10-01T20:11:17.270374+00:00,freq,0,0,2500.0,4250.0,2500.0,900.0,0,,,,
2026-10-01T20:11:17.270374+00:00,freq,1,0,600.0,600.0,1200.0,600.0,0,,,,
2026-10-01T20:11:17.270374+00:00,power,0,0,,,,,,2355062500303,876719390910,30.15817523235649,
2026-10-01T20:11:18.281166+00:00,freq,0,0,2500.0,4250.0,2500.0,900.0,0,,,,
2026-10-01T20:11:18.281166+00:00,freq,1,0,600.0,600.0,1200.0,600.0,0,,,,
2026-10-01T20:11:18.281166+00:00,power,0,0,,,,,,2355090749899,876720401394,27.956500053439736,
2026-10-01T20:11:19.269461+00:00,freq,0,0,2500.0,4250.0,2500.0,900.0,0,,,,
2026-10-01T20:11:19.269461+00:00,freq,1,0,600.0,600.0,1200.0,600.0,0,,,,
2026-10-01T20:11:19.269461+00:00,power,0,0,,,,,,2355117008321,876721389731,26.568287942270704,
2026-10-01T20:11:20.278500+00:00,freq,0,0,2500.0,4250.0,2500.0,900.0,0,,,,
2026-10-01T20:11:20.278500+00:00,freq,1,0,600.0,600.0,1200.0,600.0,0,,,,
2026-10-01T20:11:20.278500+00:00,power,0,0,,,,,,2355142176984,876722398955,24.938629085317036,
2026-10-01T20:11:21.269751+00:00,freq,0,0,2500.0,4250.0,2500.0,900.0,0,,,,
2026-10-01T20:11:21.269751+00:00,freq,1,0,600.0,600.0,1200.0,600.0,0,,,,
2026-10-01T20:11:21.269751+00:00,power,0,0,,,,,,2355165801068,876723390226,23.832114527712402,
2026-10-01T20:11:22.277634+00:00,freq,0,0,2500.0,4250.0,2500.0,900.0,0,,,,
2026-10-01T20:11:22.277634+00:00,freq,1,0,600.0,600.0,1200.0,600.0,0,,,,
2026-10-01T20:11:22.277634+00:00,power,0,0,,,,,,2355188753704,876724398035,22.774787682983582,
2026-10-01T20:11:23.269641+00:00,freq,0,0,2500.0,4250.0,2500.0,900.0,0,,,,
2026-10-01T20:11:23.269641+00:00,freq,1,0,600.0,600.0,1200.0,600.0,0,,,,
2026-10-01T20:11:23.269641+00:00,power,0,0,,,,,,2355210717876,876725389951,22.143177446477324,
2026-10-01T20:11:24.285413+00:00,freq,0,0,2500.0,4250.0,2500.0,900.0,0,,,,
2026-10-01T20:11:24.285413+00:00,freq,1,0,600.0,600.0,1200.0,600.0,0,,,,
2026-10-01T20:11:24.285413+00:00,power,0,0,,,,,,2355232276859,876726405621,21.226365847174772,
2026-10-01T20:11:25.271936+00:00,freq,0,0,2500.0,4250.0,2500.0,900.0,0,,,,
2026-10-01T20:11:25.271936+00:00,freq,1,0,600.0,600.0,1200.0,600.0,0,,,,
2026-10-01T20:11:25.271936+00:00,power,0,0,,,,,,2355253212002,876727392020,21.223808012781845,
2026-10-01T20:11:26.278154+00:00,freq,0,0,2500.0,4250.0,2500.0,900.0,0,,,,
2026-10-01T20:11:26.278154+00:00,freq,1,0,600.0,600.0,1200.0,600.0,0,,,,
2026-10-01T20:11:26.278154+00:00,power,0,0,,,,,,2355273809169,876728398413,20.46632577929298,
2026-10-01T20:11:27.266301+00:00,freq,0,0,2500.0,4250.0,2500.0,900.0,0,,,,
2026-10-01T20:11:27.266301+00:00,freq,1,0,600.0,600.0,1200.0,600.0,0,,,,
2026-10-01T20:11:27.266301+00:00,power,0,0,,,,,,2355294166773,876729386374,20.605675730114854,
2026-10-01T20:11:28.275076+00:00,freq,0,0,2500.0,4250.0,2500.0,900.0,0,,,,
2026-10-01T20:11:28.275076+00:00,freq,1,0,600.0,600.0,1200.0,600.0,0,,,,
2026-10-01T20:11:28.275076+00:00,power,0,0,,,,,,2355314052111,876730395092,19.71347591695598,
2026-10-01T20:11:29.279228+00:00,freq,0,0,2500.0,4250.0,2500.0,900.0,0,,,,
2026-10-01T20:11:29.279228+00:00,freq,1,0,600.0,600.0,1200.0,600.0,0,,,,
2026-10-01T20:11:29.279228+00:00,power,0,0,,,,,,2355334259959,876731399236,20.124452269793974,
2026-10-01T20:11:30.266330+00:00,freq,0,0,2500.0,4250.0,2500.0,900.0,0,,,,
2026-10-01T20:11:30.266330+00:00,freq,1,0,600.0,600.0,1200.0,600.0,0,,,,
2026-10-01T20:11:30.266330+00:00,power,0,0,,,,,,2355353701609,876732386541,19.6916353102638,
2026-10-01T20:11:31.268912+00:00,freq,0,0,2500.0,4250.0,2500.0,900.0,0,,,,
2026-10-01T20:11:31.268912+00:00,freq,1,0,600.0,600.0,1200.0,600.0,0,,,,
2026-10-01T20:11:31.268912+00:00,power,0,0,,,,,,2355373388033,876733388947,19.63917215180276,
2026-10-01T20:11:32.273317+00:00,freq,0,0,2500.0,4250.0,2500.0,900.0,0,,,,
2026-10-01T20:11:32.273317+00:00,freq,1,0,600.0,600.0,1200.0,600.0,0,,,,
2026-10-01T20:11:32.273317+00:00,power,0,0,,,,,,2355393075410,876734393451,19.599102641701776,
2026-10-01T20:11:33.278669+00:00,freq,0,0,2500.0,4250.0,2500.0,900.0,0,,,,
2026-10-01T20:11:33.278669+00:00,freq,1,0,600.0,600.0,1200.0,600.0,0,,,,
2026-10-01T20:11:33.278669+00:00,power,0,0,,,,,,2355412698578,876735398832,19.518140883903715,
2026-10-01T20:11:34.269078+00:00,freq,0,0,2500.0,4250.0,2500.0,900.0,0,,,,
2026-10-01T20:11:34.269078+00:00,freq,1,0,600.0,600.0,1200.0,600.0,0,,,,
2026-10-01T20:11:34.269078+00:00,power,0,0,,,,,,2355432030853,876736389201,19.520274766273985,
2026-10-01T20:11:35.274802+00:00,freq,0,0,2500.0,4250.0,2500.0,900.0,0,,,,
2026-10-01T20:11:35.274802+00:00,freq,1,0,600.0,600.0,1200.0,600.0,0,,,,
2026-10-01T20:11:35.274802+00:00,power,0,0,,,,,,2355451218498,876737394887,19.07916089117279,
2026-10-01T20:11:36.281535+00:00,freq,0,0,2500.0,4250.0,2500.0,900.0,0,,,,
2026-10-01T20:11:36.281535+00:00,freq,1,0,600.0,600.0,1200.0,600.0,0,,,,
2026-10-01T20:11:36.281535+00:00,power,0,0,,,,,,2355470661453,876738401641,19.31251825172783,
2026-10-01T20:11:37.282180+00:00,freq,0,0,2500.0,4250.0,2500.0,900.0,0,,,,
2026-10-01T20:11:37.282180+00:00,freq,1,0,600.0,600.0,1200.0,600.0,0,,,,
2026-10-01T20:11:37.282180+00:00,power,0,0,,,,,,2355489593178,876739402177,18.921583031495118,
2026-10-01T20:11:38.277306+00:00,freq,0,0,2500.0,4250.0,2500.0,900.0,0,,,,
2026-10-01T20:11:38.277306+00:00,freq,1,0,600.0,600.0,1200.0,600.0,0,,,,
2026-10-01T20:11:38.277306+00:00,power,0,0,,,,,,2355508511573,876740397322,19.01069190921926,
2026-10-01T20:11:39.263624+00:00,freq,0,0,2500.0,4250.0,2500.0,900.0,0,,,,
2026-10-01T20:11:39.263624+00:00,freq,1,0,600.0,600.0,1200.0,600.0,0,,,,
2026-10-01T20:11:39.263624+00:00,power,0,0,,,,,,2355527368896,876741383416,19.123250927396374,
2026-10-01T20:11:40.269374+00:00,freq,0,0,2500.0,4250.0,2500.0,900.0,0,,,,
2026-10-01T20:11:40.269374+00:00,freq,1,0,600.0,600.0,1200.0,600.0,0,,,,
2026-10-01T20:11:40.269374+00:00,power,0,0,,,,,,2355546239135,876742389355,18.75883030680787,
2026-10-01T20:11:41.274231+00:00,freq,0,0,2500.0,4250.0,2500.0,900.0,0,,,,
2026-10-01T20:11:41.274231+00:00,freq,1,0,600.0,600.0,1200.0,600.0,0,,,,
2026-10-01T20:11:41.274231+00:00,power,0,0,,,,,,2355565372618,876743394225,19.040754525461004,
2026-10-01T20:11:42.280402+00:00,freq,0,0,2500.0,4250.0,2500.0,900.0,0,,,,
2026-10-01T20:11:42.280402+00:00,freq,1,0,600.0,600.0,1200.0,600.0,0,,,,
2026-10-01T20:11:42.280402+00:00,power,0,0,,,,,,2355584492514,876744400144,19.00739125118424,
2026-10-01T20:11:43.268422+00:00,freq,0,0,2500.0,4250.0,2500.0,900.0,0,,,,
2026-10-01T20:11:43.268422+00:00,freq,1,0,600.0,600.0,1200.0,600.0,0,,,,
2026-10-01T20:11:43.268422+00:00,power,0,0,,,,,,2355602800215,876745388383,18.525580350502256,
2026-10-01T20:11:44.272682+00:00,freq,0,0,2500.0,4250.0,2500.0,900.0,0,,,,
2026-10-01T20:11:44.272682+00:00,freq,1,0,600.0,600.0,1200.0,600.0,0,,,,
2026-10-01T20:11:44.272682+00:00,power,0,0,,,,,,2355621735968,876746392623,18.85580438938899,
2026-10-01T20:11:45.284432+00:00,freq,0,0,2500.0,4250.0,2500.0,900.0,0,,,,
2026-10-01T20:11:45.284432+00:00,freq,1,0,600.0,600.0,1200.0,600.0,0,,,,
2026-10-01T20:11:45.284432+00:00,power,0,0,,,,,,2355640558111,876747404238,18.606033916064906,
2026-10-01T20:11:46.275572+00:00,freq,0,0,2500.0,4250.0,2500.0,900.0,0,,,,
2026-10-01T20:11:46.275572+00:00,freq,1,0,600.0,600.0,1200.0,600.0,0,,,,
2026-10-01T20:11:46.275572+00:00,power,0,0,,,,,,2355659129911,876748395519,18.73515178844344,
2026-10-01T20:11:47.280958+00:00,freq,0,0,2500.0,4250.0,2500.0,900.0,0,,,,
2026-10-01T20:11:47.280958+00:00,freq,1,0,600.0,600.0,1200.0,600.0,0,,,,
2026-10-01T20:11:47.280958+00:00,power,0,0,,,,,,2355677769254,876749401149,18.53499100066625,
2026-10-01T20:11:48.280826+00:00,freq,0,0,2500.0,4250.0,2500.0,900.0,0,,,,
2026-10-01T20:11:48.280826+00:00,freq,1,0,600.0,600.0,1200.0,600.0,0,,,,
2026-10-01T20:11:48.280826+00:00,power,0,0,,,,,,2355696206631,876750400610,18.447320105536885,
2026-10-01T20:11:49.268759+00:00,freq,0,0,2500.0,4250.0,2500.0,900.0,0,,,,
2026-10-01T20:11:49.268759+00:00,freq,1,0,600.0,600.0,1200.0,600.0,0,,,,
2026-10-01T20:11:49.268759+00:00,power,0,0,,,,,,2355714567837,876751388624,18.58395326382015,
2026-10-01T20:11:50.274431+00:00,freq,0,0,2500.0,4250.0,2500.0,900.0,0,,,,
2026-10-01T20:11:50.274431+00:00,freq,1,0,600.0,600.0,1200.0,600.0,0,,,,
2026-10-01T20:11:50.274431+00:00,power,0,0,,,,,,2355733103016,876752394280,18.430933639335915,
2026-10-01T20:11:51.276191+00:00,freq,0,0,2500.0,4250.0,2500.0,900.0,0,,,,
2026-10-01T20:11:51.276191+00:00,freq,1,0,600.0,600.0,1200.0,600.0,0,,,,
2026-10-01T20:11:51.276191+00:00,power,0,0,,,,,,2355751690930,876753395961,18.5567201534221,
2026-10-01T20:11:52.265186+00:00,freq,0,0,2500.0,4250.0,2500.0,900.0,0,,,,
2026-10-01T20:11:52.265186+00:00,freq,1,0,600.0,600.0,1200.0,600.0,0,,,,
2026-10-01T20:11:52.265186+00:00,power,0,0,,,,,,2355769966808,876754384784,18.482456415354417,
2026-10-01T20:11:53.268371+00:00,freq,0,0,2500.0,4250.0,2500.0,900.0,0,,,,
2026-10-01T20:11:53.268371+00:00,freq,1,0,600.0,600.0,1200.0,600.0,0,,,,
2026-10-01T20:11:53.268371+00:00,power,0,0,,,,,,2355788259556,876755388113,18.232053493918745,
2026-10-01T20:11:54.276334+00:00,freq,0,0,2500.0,4250.0,2500.0,900.0,0,,,,
2026-10-01T20:11:54.276334+00:00,freq,1,0,600.0,600.0,1200.0,600.0,0,,,,
2026-10-01T20:11:54.276334+00:00,power,0,0,,,,,,2355806802059,876756396075,18.396033779051194,
2026-10-01T20:11:55.269629+00:00,freq,0,0,2500.0,4250.0,2500.0,900.0,0,,,,
2026-10-01T20:11:55.269629+00:00,freq,1,0,600.0,600.0,1200.0,600.0,0,,,,
2026-10-01T20:11:55.269629+00:00,power,0,0,,,,,,2355825082698,876757389365,18.40413071711182,
2026-10-01T20:11:56.284031+00:00,freq,0,0,2500.0,4250.0,2500.0,900.0,0,,,,
2026-10-01T20:11:56.284031+00:00,freq,1,0,600.0,600.0,1200.0,600.0,0,,,,
2026-10-01T20:11:56.284031+00:00,power,0,0,,,,,,2355843518733,876758403621,18.176905041725167,
2026-10-01T20:11:57.278295+00:00,freq,0,0,2450.0,4250.0,2450.0,900.0,2,,,,
2026-10-01T20:11:57.278295+00:00,freq,1,0,600.0,600.0,1200.0,600.0,0,,,,
2026-10-01T20:11:57.278295+00:00,power,0,0,,,,,,2355861743548,876759397831,18.330951207491374,
2026-10-01T20:11:58.268255+00:00,freq,0,0,2500.0,4250.0,2500.0,900.0,0,,,,
2026-10-01T20:11:58.268255+00:00,freq,1,0,600.0,600.0,1200.0,600.0,0,,,,
2026-10-01T20:11:58.268255+00:00,power,0,0,,,,,,2355879719950,876760387810,18.158366995663545,
2026-10-01T20:11:59.283963+00:00,freq,0,0,2500.0,4250.0,2500.0,900.0,0,,,,
2026-10-01T20:11:59.283963+00:00,freq,1,0,600.0,600.0,1200.0,600.0,0,,,,
2026-10-01T20:11:59.283963+00:00,power,0,0,,,,,,2355898274210,876761403376,18.26987118513223,
2026-10-01T20:12:00.272910+00:00,freq,0,0,2500.0,4250.0,2500.0,900.0,0,,,,
2026-10-01T20:12:00.272910+00:00,freq,1,0,600.0,600.0,1200.0,600.0,0,,,,
2026-10-01T20:12:00.272910+00:00,power,0,0,,,,,,2355916182596,876762392522,18.10489654712247,
2026-10-01T20:12:01.278353+00:00,freq,0,0,2500.0,4250.0,2500.0,900.0,0,,,,
2026-10-01T20:12:01.278353+00:00,freq,1,0,600.0,600.0,1200.0,600.0,0,,,,
2026-10-01T20:12:01.278353+00:00,power,0,0,,,,,,2355934414430,876763397943,18.13353212236466,
2026-10-01T20:12:02.269656+00:00,freq,0,0,2500.0,4250.0,2500.0,900.0,0,,,,
2026-10-01T20:12:02.269656+00:00,freq,1,0,600.0,600.0,1200.0,600.0,0,,,,
2026-10-01T20:12:02.269656+00:00,power,0,0,,,,,,2355952415124,876764389196,18.159535456639222,
2026-10-01T20:12:03.275945+00:00,freq,0,0,2500.0,4250.0,2500.0,900.0,0,,,,
2026-10-01T20:12:03.275945+00:00,freq,1,0,600.0,600.0,1200.0,600.0,0,,,,
2026-10-01T20:12:03.275945+00:00,power,0,0,,,,,,2355970707994,876765395271,18.182411848023257,
2026-10-01T20:12:04.280025+00:00,freq,0,0,2500.0,4250.0,2500.0,900.0,0,,,,
2026-10-01T20:12:04.280025+00:00,freq,1,0,600.0,600.0,1200.0,600.0,0,,,,
2026-10-01T20:12:04.280025+00:00,power,0,0,,,,,,2355988849778,876766399579,18.063964441187366,
2026-10-01T20:12:05.280468+00:00,freq,0,0,2500.0,4250.0,2500.0,900.0,0,,,,
2026-10-01T20:12:05.280468+00:00,freq,1,0,600.0,600.0,1200.0,600.0,0,,,,
2026-10-01T20:12:05.280468+00:00,power,0,0,,,,,,2356006983811,876767399862,18.128902520586674,
2026-10-01T20:12:06.266924+00:00,freq,0,0,2500.0,4250.0,2500.0,900.0,0,,,,
2026-10-01T20:12:06.266924+00:00,freq,1,0,600.0,600.0,1200.0,600.0,0,,,,
2026-10-01T20:12:06.266924+00:00,power,0,0,,,,,,2356024930123,876768386267,18.193654736137795,
2026-10-01T20:12:07.269661+00:00,freq,0,0,2500.0,4250.0,2500.0,900.0,0,,,,
2026-10-01T20:12:07.269661+00:00,freq,1,0,600.0,600.0,1200.0,600.0,0,,,,
2026-10-01T20:12:07.269661+00:00,power,0,0,,,,,,2356043035835,876769389063,18.055229578099635,
2026-10-01T20:12:08.269974+00:00,freq,0,0,2500.0,4250.0,2500.0,900.0,0,,,,
2026-10-01T20:12:08.269974+00:00,freq,1,0,600.0,600.0,1200.0,600.0,0,,,,
2026-10-01T20:12:08.269974+00:00,power,0,0,,,,,,2356061108307,876770389556,18.063566661635814,
2026-10-01T20:12:09.275845+00:00,freq,0,0,2500.0,4250.0,2500.0,900.0,0,,,,
2026-10-01T20:12:09.275845+00:00,freq,1,0,600.0,600.0,1200.0,600.0,0,,,,
2026-10-01T20:12:09.275845+00:00,power,0,0,,,,,,2356079320915,876771395329,18.108070111247766,
2026-10-01T20:12:10.281582+00:00,freq,0,0,2500.0,4250.0,2500.0,900.0,0,,,,
2026-10-01T20:12:10.281582+00:00,freq,1,0,600.0,600.0,1200.0,600.0,0,,,,
2026-10-01T20:12:10.281582+00:00,power,0,0,,,,,,2356097396354,876772401048,17.972653395232665,
2026-10-01T20:12:11.270658+00:00,freq,0,0,2500.0,4250.0,2500.0,900.0,0,,,,
2026-10-01T20:12:11.270658+00:00,freq,1,0,600.0,600.0,1200.0,600.0,0,,,,
2026-10-01T20:12:11.270658+00:00,power,0,0,,,,,,2356115268363,876773390090,18.070020282252926,
2026-10-01T20:12:12.286190+00:00,freq,0,0,2500.0,4250.0,2500.0,900.0,0,,,,
2026-10-01T20:12:12.286190+00:00,freq,1,0,600.0,600.0,1200.0,600.0,0,,,,
2026-10-01T20:12:12.286190+00:00,power,0,0,,,,,,2356133700332,876774405315,18.15555073998375,
2026-10-01T20:12:13.277508+00:00,freq,0,0,2500.0,4250.0,2500.0,900.0,0,,,,
2026-10-01T20:12:13.277508+00:00,freq,1,0,600.0,600.0,1200.0,600.0,0,,,,
2026-10-01T20:12:13.277508+00:00,power,0,0,,,,,,2356151362159,876775396803,17.81345513006713,
2026-10-01T20:12:14.267669+00:00,freq,0,0,2500.0,4250.0,2500.0,900.0,0,,,,
2026-10-01T20:12:14.267669+00:00,freq,1,0,600.0,600.0,1200.0,600.0,0,,,,
2026-10-01T20:12:14.267669+00:00,power,0,0,,,,,,2356169159461,876776386970,17.974040742622204,
2026-10-01T20:12:15.274827+00:00,freq,0,0,2500.0,4250.0,2500.0,900.0,0,,,,
2026-10-01T20:12:15.274827+00:00,freq,1,0,600.0,600.0,1200.0,600.0,0,,,,
2026-10-01T20:12:15.274827+00:00,power,0,0,,,,,,2356187260436,876777394136,17.972186312881888,
2026-10-01T20:12:16.280392+00:00,freq,0,0,2500.0,4250.0,2450.0,900.0,0,,,,
2026-10-01T20:12:16.280392+00:00,freq,1,0,600.0,600.0,1200.0,600.0,0,,,,
2026-10-01T20:12:16.280392+00:00,power,0,0,,,,,,2356205544211,876778399545,18.185410116678884,
2026-10-01T20:12:17.279640+00:00,freq,0,0,2500.0,4250.0,2500.0,900.0,0,,,,
2026-10-01T20:12:17.279640+00:00,freq,1,0,600.0,600.0,1200.0,600.0,0,,,,
2026-10-01T20:12:17.279640+00:00,power,0,0,,,,,,2356223283858,876779398846,17.75205568692516,
2026-10-01T20:12:18.265152+00:00,freq,0,0,2500.0,4250.0,2500.0,900.0,0,,,,
2026-10-01T20:12:18.265152+00:00,freq,1,0,600.0,600.0,1200.0,600.0,0,,,,
2026-10-01T20:12:18.265152+00:00,power,0,0,,,,,,2356240858748,876780384354,17.833330627453048,
2026-10-01T20:12:19.272336+00:00,freq,0,0,2500.0,4250.0,2500.0,900.0,0,,,,
2026-10-01T20:12:19.272336+00:00,freq,1,0,600.0,600.0,1200.0,600.0,0,,,,
2026-10-01T20:12:19.272336+00:00,power,0,0,,,,,,2356258945441,876781391416,17.95986046539339,
2026-10-01T20:12:20.280901+00:00,freq,0,0,2500.0,4250.0,2500.0,900.0,0,,,,
2026-10-01T20:12:20.280901+00:00,freq,1,0,600.0,600.0,1200.0,600.0,0,,,,
2026-10-01T20:12:20.280901+00:00,power,0,0,,,,,,2356277090643,876782400110,17.988807309253353,
2026-10-01T20:12:21.267698+00:00,freq,0,0,2500.0,4250.0,2500.0,900.0,0,,,,
2026-10-01T20:12:21.267698+00:00,freq,1,0,600.0,600.0,1200.0,600.0,0,,,,
2026-10-01T20:12:21.267698+00:00,power,0,0,,,,,,2356294924467,876783386678,18.076629284550076,
2026-10-01T20:12:22.277209+00:00,freq,0,0,2500.0,4250.0,2500.0,900.0,0,,,,
2026-10-01T20:12:22.277209+00:00,freq,1,0,600.0,600.0,1200.0,600.0,0,,,,
2026-10-01T20:12:22.277209+00:00,power,0,0,,,,,,2356312548391,876784396263,17.456602465369436,
2026-10-01T20:12:23.269190+00:00,freq,0,0,2500.0,4250.0,2500.0,900.0,0,,,,
2026-10-01T20:12:23.269190+00:00,freq,1,0,600.0,600.0,1200.0,600.0,0,,,,
2026-10-01T20:12:23.269190+00:00,power,0,0,,,,,,2356330323316,876785388310,17.91742225922764,
2026-10-01T20:12:24.276801+00:00,freq,0,0,2500.0,4250.0,2500.0,900.0,0,,,,
2026-10-01T20:12:24.276801+00:00,freq,1,0,600.0,600.0,1200.0,600.0,0,,,,
2026-10-01T20:12:24.276801+00:00,power,0,0,,,,,,2356348369909,876786395929,17.910135676282405,
2026-10-01T20:12:25.264187+00:00,freq,0,0,2500.0,4250.0,2500.0,900.0,0,,,,
2026-10-01T20:12:25.264187+00:00,freq,1,0,600.0,600.0,1200.0,600.0,0,,,,
2026-10-01T20:12:25.264187+00:00,power,0,0,,,,,,2356365899511,876787383153,17.75645851397454,
2026-10-01T20:12:26.278405+00:00,freq,0,0,2500.0,4250.0,2500.0,900.0,0,,,,
2026-10-01T20:12:26.278405+00:00,freq,1,0,600.0,600.0,1200.0,600.0,0,,,,
2026-10-01T20:12:26.278405+00:00,power,0,0,,,,,,2356383898839,876788397386,17.746738668530803,
2026-10-01T20:12:27.265333+00:00,freq,0,0,2500.0,4250.0,2500.0,900.0,0,,,,
2026-10-01T20:12:27.265333+00:00,freq,1,0,600.0,600.0,1200.0,600.0,0,,,,
2026-10-01T20:12:27.265333+00:00,power,0,0,,,,,,2356401316281,876789384352,17.64745898034988,
2026-10-01T20:12:28.271224+00:00,freq,0,0,2500.0,4250.0,2500.0,900.0,0,,,,
2026-10-01T20:12:28.271224+00:00,freq,1,0,600.0,600.0,1200.0,600.0,0,,,,
2026-10-01T20:12:28.271224+00:00,power,0,0,,,,,,2356419129964,876790390265,17.70896986121066,
2026-10-01T20:12:29.277041+00:00,freq,0,0,2500.0,4250.0,2500.0,900.0,0,,,,
2026-10-01T20:12:29.277041+00:00,freq,1,0,600.0,600.0,1200.0,600.0,0,,,,
2026-10-01T20:12:29.277041+00:00,power,0,0,,,,,,2356437117268,876791396077,17.883365877519854,
2026-10-01T20:12:30.264461+00:00,freq,0,0,2500.0,4250.0,2500.0,900.0,0,,,,
2026-10-01T20:12:30.264461+00:00,freq,1,0,600.0,600.0,1200.0,600.0,0,,,,
2026-10-01T20:12:30.264461+00:00,power,0,0,,,,,,2356454670208,876792383336,17.77946820439216,
2026-10-01T20:12:31.265696+00:00,freq,0,0,2500.0,4250.0,2500.0,900.0,0,,,,
2026-10-01T20:12:31.265696+00:00,freq,1,0,600.0,600.0,1200.0,600.0,0,,,,
2026-10-01T20:12:31.265696+00:00,power,0,0,,,,,,2356472295452,876793384648,17.602149979227253,
2026-10-01T20:12:32.269206+00:00,freq,0,0,2500.0,4250.0,2500.0,900.0,0,,,,
2026-10-01T20:12:32.269206+00:00,freq,1,0,600.0,600.0,1200.0,600.0,0,,,,
2026-10-01T20:12:32.269206+00:00,power,0,0,,,,,,2356490016582,876794388214,17.658160997881556,
2026-10-01T20:12:33.276046+00:00,freq,0,0,2500.0,4250.0,2500.0,900.0,0,,,,
2026-10-01T20:12:33.276046+00:00,freq,1,0,600.0,600.0,1200.0,600.0,0,,,,
2026-10-01T20:12:33.276046+00:00,power,0,0,,,,,,2356507879741,876795394931,17.743972735138076,
2026-10-01T20:12:34.283627+00:00,freq,0,0,2500.0,4250.0,2500.0,900.0,0,,,,
2026-10-01T20:12:34.283627+00:00,freq,1,0,600.0,600.0,1200.0,600.0,0,,,,
2026-10-01T20:12:34.283627+00:00,power,0,0,,,,,,2356525687564,876796402525,17.67360960863205,
2026-10-01T20:12:35.276749+00:00,freq,0,0,2450.0,4250.0,2500.0,900.0,2,,,,
2026-10-01T20:12:35.276749+00:00,freq,1,0,600.0,600.0,1200.0,600.0,0,,,,
2026-10-01T20:12:35.276749+00:00,power,0,0,,,,,,2356543489284,876797395433,17.928871557082832,
2026-10-01T20:12:36.276621+00:00,freq,0,0,2500.0,4250.0,2500.0,900.0,0,,,,
2026-10-01T20:12:36.276621+00:00,freq,1,0,600.0,600.0,1200.0,600.0,0,,,,
2026-10-01T20:12:36.276621+00:00,power,0,0,,,,,,2356561153834,876798395522,17.66297799495845,
2026-10-01T20:12:37.280382+00:00,freq,0,0,2500.0,4250.0,2500.0,900.0,0,,,,
2026-10-01T20:12:37.280382+00:00,freq,1,0,600.0,600.0,1200.0,600.0,0,,,,
2026-10-01T20:12:37.280382+00:00,power,0,0,,,,,,2356578692614,876799399171,17.47501367509956,
2026-10-01T20:12:38.268337+00:00,freq,0,0,2500.0,4250.0,2500.0,900.0,0,,,,
2026-10-01T20:12:38.268337+00:00,freq,1,0,600.0,600.0,1200.0,600.0,0,,,,
2026-10-01T20:12:38.268337+00:00,power,0,0,,,,,,2356596238695,876800387172,17.759173320674776,
2026-10-01T20:12:39.268780+00:00,freq,0,0,2500.0,4250.0,2500.0,900.0,0,,,,
2026-10-01T20:12:39.268780+00:00,freq,1,0,600.0,600.0,1200.0,600.0,0,,,,
2026-10-01T20:12:39.268780+00:00,power,0,0,,,,,,2356613977769,876801387596,17.73155582033218,
2026-10-01T20:12:40.273341+00:00,freq,0,0,2500.0,4250.0,2500.0,900.0,0,,,,
2026-10-01T20:12:40.273341+00:00,freq,1,0,600.0,600.0,1200.0,600.0,0,,,,
2026-10-01T20:12:40.273341+00:00,power,0,0,,,,,,2356631779123,876802392101,17.72151855889219,
2026-10-01T20:12:41.274677+00:00,freq,0,0,2500.0,4250.0,2500.0,900.0,0,,,,
2026-10-01T20:12:41.274677+00:00,freq,1,0,600.0,600.0,1200.0,600.0,0,,,,
2026-10-01T20:12:41.274677+00:00,power,0,0,,,,,,2356649601571,876803393219,17.80254475496395,
2026-10-01T20:12:42.282972+00:00,freq,0,0,2500.0,4250.0,2500.0,900.0,0,,,,
2026-10-01T20:12:42.282972+00:00,freq,1,0,600.0,600.0,1200.0,600.0,0,,,,
2026-10-01T20:12:42.282972+00:00,power,0,0,,,,,,2356667249238,876804401716,17.49897818238428,
2026-10-01T20:12:43.272968+00:00,freq,0,0,2500.0,4250.0,2500.0,900.0,0,,,,
2026-10-01T20:12:43.272968+00:00,freq,1,0,600.0,600.0,1200.0,600.0,0,,,,
2026-10-01T20:12:43.272968+00:00,power,0,0,,,,,,2356684556427,876805391682,17.482609503760735,
2026-10-01T20:12:44.280239+00:00,freq,0,0,2500.0,4250.0,2500.0,900.0,0,,,,
2026-10-01T20:12:44.280239+00:00,freq,1,0,600.0,600.0,1200.0,600.0,0,,,,
2026-10-01T20:12:44.280239+00:00,power,0,0,,,,,,2356702356255,876806398976,17.670936191419784,
2026-10-01T20:12:45.268818+00:00,freq,0,0,2450.0,4250.0,2450.0,900.0,2,,,,
2026-10-01T20:12:45.268818+00:00,freq,1,0,600.0,600.0,1200.0,600.0,0,,,,
2026-10-01T20:12:45.268818+00:00,power,0,0,,,,,,2356719751847,876807387539,17.596847140748743,
2026-10-01T20:12:46.281334+00:00,freq,0,0,2500.0,4250.0,2500.0,900.0,0,,,,
2026-10-01T20:12:46.281334+00:00,freq,1,0,600.0,600.0,1200.0,600.0,0,,,,
2026-10-01T20:12:46.281334+00:00,power,0,0,,,,,,2356737620804,876808399808,17.65237995038868,
2026-10-01T20:12:47.281897+00:00,freq,0,0,2500.0,4250.0,2500.0,900.0,0,,,,
2026-10-01T20:12:47.281897+00:00,freq,1,0,600.0,600.0,1200.0,600.0,0,,,,
2026-10-01T20:12:47.281897+00:00,power,0,0,,,,,,2356753369667,876809400512,15.737783600345358,
2026-10-01T20:12:48.270938+00:00,freq,0,0,2500.0,4250.0,2500.0,900.0,0,,,,
2026-10-01T20:12:48.270938+00:00,freq,1,0,600.0,600.0,1200.0,600.0,0,,,,
2026-10-01T20:12:48.270938+00:00,power,0,0,,,,,,2356766932129,876810389515,13.713266794944,
2026-10-01T20:12:49.280691+00:00,freq,0,0,2500.0,4250.0,2500.0,900.0,0,,,,
2026-10-01T20:12:49.280691+00:00,freq,1,0,600.0,600.0,1200.0,600.0,0,,,,
2026-10-01T20:12:49.280691+00:00,power,0,0,,,,,,2356780744690,876811399321,13.678430312357026,
2026-10-01T20:12:50.269504+00:00,freq,0,0,2500.0,4250.0,2500.0,900.0,0,,,,
2026-10-01T20:12:50.269504+00:00,freq,1,0,600.0,600.0,1200.0,600.0,0,,,,
2026-10-01T20:12:50.269504+00:00,power,0,0,,,,,,2356794343811,876812388079,13.753740551277462,
2026-10-01T20:12:51.270375+00:00,freq,0,0,2500.0,4250.0,2500.0,900.0,0,,,,
2026-10-01T20:12:51.270375+00:00,freq,1,0,600.0,600.0,1200.0,600.0,0,,,,
2026-10-01T20:12:51.270375+00:00,power,0,0,,,,,,2356808088890,876813388675,13.736891812479762,
2026-10-01T20:12:52.278375+00:00,freq,0,0,2500.0,4250.0,2500.0,900.0,0,,,,
2026-10-01T20:12:52.278375+00:00,freq,1,0,600.0,600.0,1200.0,600.0,0,,,,
2026-10-01T20:12:52.278375+00:00,power,0,0,,,,,,2356821915183,876814396848,13.714206787922311,
2026-10-01T20:12:53.276867+00:00,freq,0,0,2500.0,4250.0,2500.0,900.0,0,,,,
2026-10-01T20:12:53.276867+00:00,freq,1,0,600.0,600.0,1200.0,600.0,0,,,,
2026-10-01T20:12:53.276867+00:00,power,0,0,,,,,,2356835658919,876815395240,13.765871521406421,
2026-10-01T20:12:54.280521+00:00,freq,0,0,2500.0,4250.0,2500.0,900.0,0,,,,
2026-10-01T20:12:54.280521+00:00,freq,1,0,600.0,600.0,1200.0,600.0,0,,,,
2026-10-01T20:12:54.280521+00:00,power,0,0,,,,,,2356849400984,876816398856,13.69255272933074,
2026-10-01T20:12:55.267745+00:00,freq,0,0,2500.0,4250.0,2500.0,900.0,0,,,,
2026-10-01T20:12:55.267745+00:00,freq,1,0,600.0,600.0,1200.0,600.0,0,,,,
2026-10-01T20:12:55.267745+00:00,power,0,0,,,,,,2356863004316,876817386208,13.7775909705961,
2026-10-01T20:12:56.282249+00:00,freq,0,0,2500.0,4250.0,2500.0,900.0,0,,,,
2026-10-01T20:12:56.282249+00:00,freq,1,0,600.0,600.0,1200.0,600.0,0,,,,
2026-10-01T20:12:56.282249+00:00,power,0,0,,,,,,2356876968939,876818400570,13.766902742807794,
2026-10-01T20:12:57.269568+00:00,freq,0,0,2500.0,4250.0,2500.0,900.0,0,,,,
2026-10-01T20:12:57.269568+00:00,freq,1,0,600.0,600.0,1200.0,600.0,0,,,,
2026-10-01T20:12:57.269568+00:00,power,0,0,,,,,,2356890579924,876819387924,13.785314081879447,
2026-10-01T20:12:58.272486+00:00,freq,0,0,2500.0,4250.0,2500.0,900.0,0,,,,
2026-10-01T20:12:58.272486+00:00,freq,1,0,600.0,600.0,1200.0,600.0,0,,,,
2026-10-01T20:12:58.272486+00:00,power,0,0,,,,,,2356904411589,876820390920,13.790349114054294,
2026-10-01T20:12:59.287104+00:00,freq,0,0,2500.0,4250.0,2500.0,900.0,0,,,,
2026-10-01T20:12:59.287104+00:00,freq,1,0,600.0,600.0,1200.0,600.0,0,,,,
2026-10-01T20:12:59.287104+00:00,power,0,0,,,,,,2356918373625,876821405505,13.761327045047976,
2026-10-01T20:13:00.276000+00:00,freq,0,0,2500.0,4250.0,2500.0,900.0,0,,,,
2026-10-01T20:13:00.276000+00:00,freq,1,0,600.0,600.0,1200.0,600.0,0,,,,
2026-10-01T20:13:00.276000+00:00,power,0,0,,,,,,2356931976492,876822394259,13.757584798645569,
2026-10-01T20:13:01.283015+00:00,freq,0,0,2500.0,4250.0,2500.0,900.0,0,,,,
2026-10-01T20:13:01.283015+00:00,freq,1,0,600.0,600.0,1200.0,600.0,0,,,,
2026-10-01T20:13:01.283015+00:00,power,0,0,,,,,,2356945836134,876823401393,13.761467689503085,
2026-10-01T20:13:02.273007+00:00,freq,0,0,2500.0,4250.0,2500.0,900.0,0,,,,
2026-10-01T20:13:02.273007+00:00,freq,1,0,600.0,600.0,1200.0,600.0,0,,,,
2026-10-01T20:13:02.273007+00:00,power,0,0,,,,,,2356959473402,876824391328,13.775922661588892,
2026-10-01T20:13:03.274794+00:00,freq,0,0,2500.0,4250.0,2500.0,1000.0,0,,,,
2026-10-01T20:13:03.274794+00:00,freq,1,0,600.0,600.0,1200.0,600.0,0,,,,
2026-10-01T20:13:03.274794+00:00,power,0,0,,,,,,2356971335645,876825393164,11.840503834959016,
2026-10-01T20:13:04.288191+00:00,freq,0,0,2500.0,4250.0,2500.0,1000.0,0,,,,
2026-10-01T20:13:04.288191+00:00,freq,1,0,600.0,600.0,1200.0,600.0,0,,,,
2026-10-01T20:13:04.288191+00:00,power,0,0,,,,,,2356971335706,876826406608,6.019079495265649e-05,
2026-10-01T20:13:05.282419+00:00,freq,0,0,2500.0,4250.0,2500.0,1000.0,0,,,,
2026-10-01T20:13:05.282419+00:00,freq,1,0,600.0,600.0,1200.0,600.0,0,,,,
2026-10-01T20:13:05.282419+00:00,power,0,0,,,,,,2356971335706,876827400763,0.0,
2026-10-01T20:13:06.274333+00:00,freq,0,0,2500.0,4250.0,2500.0,1000.0,0,,,,
2026-10-01T20:13:06.274333+00:00,freq,1,0,600.0,600.0,1200.0,600.0,0,,,,
2026-10-01T20:13:06.274333+00:00,power,0,0,,,,,,2356971335767,876828392562,6.150439756442585e-05,
2026-10-01T20:13:07.277151+00:00,freq,0,0,2500.0,4250.0,2500.0,900.0,0,,,,
2026-10-01T20:13:07.277151+00:00,freq,1,0,600.0,600.0,1200.0,600.0,0,,,,
2026-10-01T20:13:07.277151+00:00,power,0,0,,,,,,2356971335828,876829395497,6.082148892999048e-05,
2026-10-01T20:13:08.284673+00:00,freq,0,0,2500.0,4250.0,2500.0,900.0,0,,,,
2026-10-01T20:13:08.284673+00:00,freq,1,0,600.0,600.0,1200.0,600.0,0,,,,
2026-10-01T20:13:08.284673+00:00,power,0,0,,,,,,2356971335828,876830403027,0.0,
2026-10-01T20:13:09.274760+00:00,freq,0,0,2500.0,4250.0,2500.0,900.0,0,,,,
2026-10-01T20:13:09.274760+00:00,freq,1,0,600.0,600.0,1200.0,600.0,0,,,,
2026-10-01T20:13:09.274760+00:00,power,0,0,,,,,,2356971335828,876831393106,0.0,
2026-10-01T20:13:10.281589+00:00,freq,0,0,2500.0,4250.0,2500.0,900.0,0,,,,
2026-10-01T20:13:10.281589+00:00,freq,1,0,600.0,600.0,1200.0,600.0,0,,,,
2026-10-01T20:13:10.281589+00:00,power,0,0,,,,,,2356971335828,876832399998,0.0,
2026-10-01T20:13:11.274195+00:00,freq,0,0,2500.0,4250.0,2500.0,900.0,0,,,,
2026-10-01T20:13:11.274195+00:00,freq,1,0,600.0,600.0,1200.0,600.0,0,,,,
2026-10-01T20:13:11.274195+00:00,power,0,0,,,,,,2356971337072,876833392478,0.001253425761728196,
2026-10-01T20:13:12.279755+00:00,freq,0,0,2500.0,4250.0,2500.0,900.0,0,,,,
2026-10-01T20:13:12.279755+00:00,freq,1,0,600.0,600.0,1200.0,600.0,0,,,,
2026-10-01T20:13:12.279755+00:00,power,0,0,,,,,,2356971337072,876834398066,0.0,
2026-10-01T20:13:13.277540+00:00,freq,0,0,2500.0,4250.0,2500.0,900.0,0,,,,
2026-10-01T20:13:13.277540+00:00,freq,1,0,600.0,600.0,1200.0,600.0,0,,,,
2026-10-01T20:13:13.277540+00:00,power,0,0,,,,,,2356971337072,876835395752,0.0,
2026-10-01T20:13:14.267653+00:00,freq,0,0,2500.0,4250.0,2500.0,900.0,0,,,,
2026-10-01T20:13:14.267653+00:00,freq,1,0,600.0,600.0,1200.0,600.0,0,,,,
2026-10-01T20:13:14.267653+00:00,power,0,0,,,,,,2356971337072,876836385814,0.0,
2026-10-01T20:13:15.271751+00:00,freq,0,0,2500.0,4250.0,2500.0,900.0,0,,,,
2026-10-01T20:13:15.271751+00:00,freq,1,0,600.0,600.0,1200.0,600.0,0,,,,
2026-10-01T20:13:15.271751+00:00,power,0,0,,,,,,2356971337072,876837389914,0.0,
2026-10-01T20:13:16.274783+00:00,freq,0,0,2500.0,4250.0,2500.0,900.0,0,,,,
2026-10-01T20:13:16.274783+00:00,freq,1,0,600.0,600.0,1200.0,600.0,0,,,,
2026-10-01T20:13:16.274783+00:00,power,0,0,,,,,,2356971337072,876838392973,0.0,
2026-10-01T20:13:17.283609+00:00,freq,0,0,2500.0,4250.0,2500.0,900.0,0,,,,
2026-10-01T20:13:17.283609+00:00,freq,1,0,600.0,600.0,1200.0,600.0,0,,,,
2026-10-01T20:13:17.283609+00:00,power,0,0,,,,,,2356971337072,876839401756,0.0,
2026-10-01T20:13:18.274980+00:00,freq,0,0,900.0,900.0,2500.0,900.0,0,,,,
2026-10-01T20:13:18.274980+00:00,freq,1,0,600.0,600.0,1200.0,600.0,0,,,,
2026-10-01T20:13:18.274980+00:00,power,0,0,,,,,,2356971339903,876840393128,0.002855638448533951,
2026-10-01T20:13:19.278113+00:00,freq,0,0,900.0,900.0,2500.0,900.0,0,,,,
2026-10-01T20:13:19.278113+00:00,freq,1,0,600.0,600.0,1200.0,600.0,0,,,,
2026-10-01T20:13:19.278113+00:00,power,0,0,,,,,,2356971339903,876841396147,0.0,
2026-10-01T20:13:20.271584+00:00,freq,0,0,900.0,900.0,2500.0,900.0,0,,,,
2026-10-01T20:13:20.271584+00:00,freq,1,0,600.0,600.0,1200.0,600.0,0,,,,
2026-10-01T20:13:20.271584+00:00,power,0,0,,,,,,2356971339903,876842389504,0.0,
2026-10-01T20:13:21.275056+00:00,freq,0,0,900.0,900.0,2500.0,900.0,0,,,,
2026-10-01T20:13:21.275056+00:00,freq,1,0,600.0,600.0,1200.0,600.0,0,,,,
2026-10-01T20:13:21.275056+00:00,power,0,0,,,,,,2356971339903,876843393070,0.0,
2026-10-01T20:13:22.281765+00:00,freq,0,0,900.0,900.0,2500.0,900.0,0,,,,
2026-10-01T20:13:22.281765+00:00,freq,1,0,600.0,600.0,1200.0,600.0,0,,,,
2026-10-01T20:13:22.281765+00:00,power,0,0,,,,,,2356971339903,876844399883,0.0,
2026-10-01T20:13:23.273926+00:00,freq,0,0,900.0,900.0,2500.0,900.0,0,,,,
2026-10-01T20:13:23.273926+00:00,freq,1,0,600.0,600.0,1200.0,600.0,0,,,,
2026-10-01T20:13:23.273926+00:00,power,0,0,,,,,,2356971339903,876845392032,0.0,
2026-10-01T20:13:24.282256+00:00,freq,0,0,900.0,900.0,2500.0,900.0,0,,,,
2026-10-01T20:13:24.282256+00:00,freq,1,0,600.0,600.0,1200.0,600.0,0,,,,
2026-10-01T20:13:24.282256+00:00,power,0,0,,,,,,2356971339903,876846400066,0.0,
2026-10-01T20:13:25.281927+00:00,freq,0,0,2500.0,4250.0,2500.0,900.0,0,,,,
2026-10-01T20:13:25.281927+00:00,freq,1,0,600.0,600.0,1200.0,600.0,0,,,,
2026-10-01T20:13:25.281927+00:00,power,0,0,,,,,,2356990782529,876847399860,19.446632006193276,
2026-10-01T20:13:26.267534+00:00,freq,0,0,2500.0,4250.0,2500.0,900.0,0,,,,
2026-10-01T20:13:26.267534+00:00,freq,1,0,600.0,600.0,1200.0,600.0,0,,,,
2026-10-01T20:13:26.267534+00:00,power,0,0,,,,,,2357021700154,876848385352,31.372781311263815,
2026-10-01T20:13:27.283536+00:00,freq,0,0,2500.0,4250.0,2500.0,900.0,0,,,,
2026-10-01T20:13:27.283536+00:00,freq,1,0,600.0,600.0,1200.0,600.0,0,,,,
2026-10-01T20:13:27.283536+00:00,power,0,0,,,,,,2357050644795,876849401363,28.488511443281617,
2026-10-01T20:13:28.274866+00:00,freq,0,0,2500.0,4250.0,2450.0,900.0,0,,,,
2026-10-01T20:13:28.274866+00:00,freq,1,0,600.0,600.0,1200.0,600.0,0,,,,
2026-10-01T20:13:28.274866+00:00,power,0,0,,,,,,2357077680829,876850392714,27.27190873868085,
2026-10-01T20:13:29.281375+00:00,freq,0,0,2500.0,4250.0,2500.0,900.0,0,,,,
2026-10-01T20:13:29.281375+00:00,freq,1,0,600.0,600.0,1200.0,600.0,0,,,,
2026-10-01T20:13:29.281375+00:00,power,0,0,,,,,,2357103632550,876851399193,25.784662173776105,
2026-10-01T20:13:30.270440+00:00,freq,0,0,2500.0,4250.0,2500.0,900.0,0,,,,
2026-10-01T20:13:30.270440+00:00,freq,1,0,600.0,600.0,1200.0,600.0,0,,,,
2026-10-01T20:13:30.270440+00:00,power,0,0,,,,,,2357127772893,876852388241,24.407655644619876,
2026-10-01T20:13:31.280281+00:00,freq,0,0,2500.0,4250.0,2500.0,900.0,0,,,,
2026-10-01T20:13:31.280281+00:00,freq,1,0,600.0,600.0,1200.0,600.0,0,,,,
2026-10-01T20:13:31.280281+00:00,power,0,0,,,,,,2357151166081,876853398052,23.165907283640205,
2026-10-01T20:13:32.269219+00:00,freq,0,0,2500.0,4250.0,2500.0,900.0,0,,,,
2026-10-01T20:13:32.269219+00:00,freq,1,0,600.0,600.0,1200.0,600.0,0,,,,
2026-10-01T20:13:32.269219+00:00,power,0,0,,,,,,2357173295414,876854386944,22.377906788607856,
2026-10-01T20:13:33.273024+00:00,freq,0,0,2500.0,4250.0,2500.0,900.0,0,,,,
2026-10-01T20:13:33.273024+00:00,freq,1,0,600.0,600.0,1200.0,600.0,0,,,,
2026-10-01T20:13:33.273024+00:00,power,0,0,,,,,,2357195017704,876855390563,21.64396050692544,
2026-10-01T20:13:34.273987+00:00,freq,0,0,2500.0,4250.0,2500.0,900.0,0,,,,
2026-10-01T20:13:34.273987+00:00,freq,1,0,600.0,600.0,1200.0,600.0,0,,,,
2026-10-01T20:13:34.273987+00:00,power,0,0,,,,,,2357216080837,876856391567,21.042006825147553,
2026-10-01T20:13:35.279416+00:00,freq,0,0,2500.0,4250.0,2500.0,900.0,0,,,,
2026-10-01T20:13:35.279416+00:00,freq,1,0,600.0,600.0,1200.0,600.0,0,,,,
2026-10-01T20:13:35.279416+00:00,power,0,0,,,,,,2357237037502,876857397115,20.841038916093513,
2026-10-01T20:13:36.265660+00:00,freq,0,0,2500.0,4250.0,2500.0,900.0,0,,,,
2026-10-01T20:13:36.265660+00:00,freq,1,0,600.0,600.0,1200.0,600.0,0,,,,
2026-10-01T20:13:36.265660+00:00,power,0,0,,,,,,2357257268825,876858383171,20.517417874846863,
2026-10-01T20:13:37.271549+00:00,freq,0,0,2500.0,4250.0,2500.0,900.0,0,,,,
2026-10-01T20:13:37.271549+00:00,freq,1,0,600.0,600.0,1200.0,600.0,0,,,,
2026-10-01T20:13:37.271549+00:00,power,0,0,,,,,,2357277626331,876859389205,20.23540556283386,
2026-10-01T20:13:38.279783+00:00,freq,0,0,2500.0,4250.0,2500.0,900.0,0,,,,
2026-10-01T20:13:38.279783+00:00,freq,1,0,600.0,600.0,1200.0,600.0,0,,,,
2026-10-01T20:13:38.279783+00:00,power,0,0,,,,,,2357297965893,876860397410,20.174034050614708,
2026-10-01T20:13:39.266782+00:00,freq,0,0,2500.0,4250.0,2500.0,900.0,0,,,,
2026-10-01T20:13:39.266782+00:00,freq,1,0,600.0,600.0,1200.0,600.0,0,,,,
2026-10-01T20:13:39.266782+00:00,power,0,0,,,,,,2357317742138,876861384198,20.04102704937636,
2026-10-01T20:13:40.269858+00:00,freq,0,0,2500.0,4250.0,2500.0,900.0,0,,,,
2026-10-01T20:13:40.269858+00:00,freq,1,0,600.0,600.0,1200.0,600.0,0,,,,
2026-10-01T20:13:40.269858+00:00,power,0,0,,,,,,2357337469090,876862387217,19.667575589295915,
2026-10-01T20:13:41.271869+00:00,freq,0,0,2500.0,4250.0,2500.0,900.0,0,,,,
2026-10-01T20:13:41.271869+00:00,freq,1,0,600.0,600.0,1200.0,600.0,0,,,,
2026-10-01T20:13:41.271869+00:00,power,0,0,,,,,,2357357387424,876863389164,19.879628363576117,
2026-10-01T20:13:42.279076+00:00,freq,0,0,2500.0,4250.0,2500.0,900.0,0,,,,
2026-10-01T20:13:42.279076+00:00,freq,1,0,600.0,600.0,1200.0,600.0,0,,,,
2026-10-01T20:13:42.279076+00:00,power,0,0,,,,,,2357376915500,876864396590,19.384129454669623,
2026-10-01T20:13:43.272411+00:00,freq,0,0,2500.0,4250.0,2500.0,900.0,0,,,,
2026-10-01T20:13:43.272411+00:00,freq,1,0,600.0,600.0,1200.0,600.0,0,,,,
2026-10-01T20:13:43.272411+00:00,power,0,0,,,,,,2357396241610,876865389903,19.45621370101871,
2026-10-01T20:13:44.272599+00:00,freq,0,0,2500.0,4250.0,2500.0,900.0,0,,,,
2026-10-01T20:13:44.272599+00:00,freq,1,0,600.0,600.0,1200.0,600.0,0,,,,
2026-10-01T20:13:44.272599+00:00,power,0,0,,,,,,2357415434664,876866390416,19.183213011724984,
2026-10-01T20:13:45.274884+00:00,freq,0,0,2500.0,4250.0,2500.0,900.0,0,,,,
2026-10-01T20:13:45.274884+00:00,freq,1,0,600.0,600.0,1200.0,600.0,0,,,,
2026-10-01T20:13:45.274884+00:00,power,0,0,,,,,,2357434685419,876867392310,19.21436299648466,
2026-10-01T20:13:46.275522+00:00,freq,0,0,2500.0,4250.0,2500.0,900.0,0,,,,
2026-10-01T20:13:46.275522+00:00,freq,1,0,600.0,600.0,1200.0,600.0,0,,,,
2026-10-01T20:13:46.275522+00:00,power,0,0,,,,,,2357453792925,876868392806,19.09803337544578,
2026-10-01T20:13:47.288180+00:00,freq,0,0,2450.0,4250.0,2450.0,900.0,2,,,,
2026-10-01T20:13:47.288180+00:00,freq,1,0,600.0,600.0,1200.0,600.0,0,,,,
2026-10-01T20:13:47.288180+00:00,power,0,0,,,,,,2357472836504,876869405425,18.806262770104055,
2026-10-01T20:13:48.285945+00:00,freq,0,0,2500.0,4250.0,2500.0,900.0,0,,,,
2026-10-01T20:13:48.285945+00:00,freq,1,0,600.0,600.0,1200.0,600.0,0,,,,
2026-10-01T20:13:48.285945+00:00,power,0,0,,,,,,2357491632768,876870403275,18.836763040537154,
2026-10-01T20:13:49.275074+00:00,freq,0,0,2500.0,4250.0,2500.0,900.0,0,,,,
2026-10-01T20:13:49.275074+00:00,freq,1,0,600.0,600.0,1200.0,600.0,0,,,,
2026-10-01T20:13:49.275074+00:00,power,0,0,,,,,,2357510404336,876871392428,18.977416031695803,
2026-10-01T20:13:50.285131+00:00,freq,0,0,2500.0,4250.0,2500.0,900.0,0,,,,
2026-10-01T20:13:50.285131+00:00,freq,1,0,600.0,600.0,1200.0,600.0,0,,,,
2026-10-01T20:13:50.285131+00:00,power,0,0,,,,,,2357529468324,876872402460,18.87463763524324,
2026-10-01T20:13:51.276195+00:00,freq,0,0,2500.0,4250.0,2500.0,900.0,0,,,,
2026-10-01T20:13:51.276195+00:00,freq,1,0,600.0,600.0,1200.0,600.0,0,,,,
2026-10-01T20:13:51.276195+00:00,power,0,0,,,,,,2357548140687,876873393518,18.840837771351424,
2026-10-01T20:13:52.281271+00:00,freq,0,0,2500.0,4250.0,2500.0,900.0,0,,,,
2026-10-01T20:13:52.281271+00:00,freq,1,0,600.0,600.0,1200.0,600.0,0,,,,
2026-10-01T20:13:52.281271+00:00,power,0,0,,,,,,2357567049218,876874398457,18.815600747906092,
2026-10-01T20:13:53.268143+00:00,freq,0,0,2500.0,4250.0,2500.0,900.0,0,,,,
2026-10-01T20:13:53.268143+00:00,freq,1,0,600.0,600.0,1200.0,600.0,0,,,,
2026-10-01T20:13:53.268143+00:00,power,0,0,,,,,,2357585692223,876875385584,18.88612610130206,
2026-10-01T20:13:54.280183+00:00,freq,0,0,2500.0,4250.0,2500.0,900.0,0,,,,
2026-10-01T20:13:54.280183+00:00,freq,1,0,600.0,600.0,1200.0,600.0,0,,,,
2026-10-01T20:13:54.280183+00:00,power,0,0,,,,,,2357604457786,876876397429,18.545886968853925,
2026-10-01T20:13:55.278956+00:00,freq,0,0,2500.0,4250.0,2500.0,900.0,0,,,,
2026-10-01T20:13:55.278956+00:00,freq,1,0,600.0,600.0,1200.0,600.0,0,,,,
2026-10-01T20:13:55.278956+00:00,power,0,0,,,,,,2357623300803,876877396118,18.867752623689658,
2026-10-01T20:13:56.271494+00:00,freq,0,0,2500.0,4250.0,2500.0,900.0,0,,,,
2026-10-01T20:13:56.271494+00:00,freq,1,0,600.0,600.0,1200.0,600.0,0,,,,
2026-10-01T20:13:56.271494+00:00,power,0,0,,,,,,2357641526595,876878388715,18.36172384159936,
2026-10-01T20:13:57.279333+00:00,freq,0,0,2500.0,4250.0,2500.0,900.0,0,,,,
2026-10-01T20:13:57.279333+00:00,freq,1,0,600.0,600.0,1200.0,600.0,0,,,,
2026-10-01T20:13:57.279333+00:00,power,0,0,,,,,,2357660302863,876879396569,18.629948385381216,
2026-10-01T20:13:58.271025+00:00,freq,0,0,2500.0,4250.0,2500.0,900.0,0,,,,
2026-10-01T20:13:58.271025+00:00,freq,1,0,600.0,600.0,1200.0,600.0,0,,,,
2026-10-01T20:13:58.271025+00:00,power,0,0,,,,,,2357678853400,876880388000,18.71087044887642,
2026-10-01T20:13:59.274110+00:00,freq,0,0,2500.0,4250.0,2500.0,900.0,0,,,,
2026-10-01T20:13:59.274110+00:00,freq,1,0,600.0,600.0,1200.0,600.0,0,,,,
2026-10-01T20:13:59.274110+00:00,power,0,0,,,,,,2357697373724,876881391242,18.460475139597424,
2026-10-01T20:14:00.279639+00:00,freq,0,0,2500.0,4250.0,2500.0,900.0,0,,,,
2026-10-01T20:14:00.279639+00:00,freq,1,0,600.0,600.0,1200.0,600.0,0,,,,
2026-10-01T20:14:00.279639+00:00,power,0,0,,,,,,2357715895903,876882396900,18.417970125032564,
2026-10-01T20:14:01.265119+00:00,freq,0,0,2500.0,4250.0,2500.0,900.0,0,,,,
2026-10-01T20:14:01.265119+00:00,freq,1,0,600.0,600.0,1200.0,600.0,0,,,,
2026-10-01T20:14:01.265119+00:00,power,0,0,,,,,,2357734212309,876883382331,18.58720295992312,
2026-10-01T20:14:02.270272+00:00,freq,0,0,2500.0,4250.0,2500.0,900.0,0,,,,
2026-10-01T20:14:02.270272+00:00,freq,1,0,600.0,600.0,1200.0,600.0,0,,,,
2026-10-01T20:14:02.270272+00:00,power,0,0,,,,,,2357752615812,876884387380,18.31105050599523,
2026-10-01T20:14:03.276741+00:00,freq,0,0,2500.0,4250.0,2500.0,900.0,0,,,,
2026-10-01T20:14:03.276741+00:00,freq,1,0,600.0,600.0,1200.0,600.0,0,,,,
2026-10-01T20:14:03.276741+00:00,power,0,0,,,,,,2357771121084,876885393781,18.387573144303314,
2026-10-01T20:14:04.284961+00:00,freq,0,0,2500.0,4250.0,2500.0,900.0,0,,,,
2026-10-01T20:14:04.284961+00:00,freq,1,0,600.0,600.0,1200.0,600.0,0,,,,
2026-10-01T20:14:04.284961+00:00,power,0,0,,,,,,2357789684950,876886402048,18.411656832961903,
2026-10-01T20:14:05.270866+00:00,freq,0,0,2500.0,4250.0,2500.0,900.0,0,,,,
2026-10-01T20:14:05.270866+00:00,freq,1,0,600.0,600.0,1200.0,600.0,0,,,,
2026-10-01T20:14:05.270866+00:00,power,0,0,,,,,,2357807871107,876887387668,18.451489417828373,
2026-10-01T20:14:06.274255+00:00,freq,0,0,2500.0,4250.0,2500.0,900.0,0,,,,
2026-10-01T20:14:06.274255+00:00,freq,1,0,600.0,600.0,1200.0,600.0,0,,,,
2026-10-01T20:14:06.274255+00:00,power,0,0,,,,,,2357825954175,876888391366,18.01644319307202,
2026-10-01T20:14:07.279830+00:00,freq,0,0,2500.0,4250.0,2500.0,900.0,0,,,,
2026-10-01T20:14:07.279830+00:00,freq,1,0,600.0,600.0,1200.0,600.0,0,,,,
2026-10-01T20:14:07.279830+00:00,power,0,0,,,,,,2357844448254,876889396844,18.39332039089866,
2026-10-01T20:14:08.265425+00:00,freq,0,0,2500.0,4250.0,2500.0,900.0,0,,,,
2026-10-01T20:14:08.265425+00:00,freq,1,0,600.0,600.0,1200.0,600.0,0,,,,
2026-10-01T20:14:08.265425+00:00,power,0,0,,,,,,2357862336803,876890382385,18.1509942255066,
2026-10-01T20:14:09.270293+00:00,freq,0,0,2500.0,4250.0,2500.0,900.0,0,,,,
2026-10-01T20:14:09.270293+00:00,freq,1,0,600.0,600.0,1200.0,600.0,0,,,,
2026-10-01T20:14:09.270293+00:00,power,0,0,,,,,,2357880900241,876891387004,18.478087712854325,
2026-10-01T20:14:10.277571+00:00,freq,0,0,2500.0,4250.0,2500.0,900.0,0,,,,
2026-10-01T20:14:10.277571+00:00,freq,1,0,600.0,600.0,1200.0,600.0,0,,,,
2026-10-01T20:14:10.277571+00:00,power,0,0,,,,,,2357899038814,876892394472,18.00411824494674,
2026-10-01T20:14:11.283875+00:00,freq,0,0,2500.0,4250.0,2500.0,900.0,0,,,,
2026-10-01T20:14:11.283875+00:00,freq,1,0,600.0,600.0,1200.0,600.0,0,,,,
2026-10-01T20:14:11.283875+00:00,power,0,0,,,,,,2357917302668,876893401207,18.14166985353643,
2026-10-01T20:14:12.274462+00:00,freq,0,0,2500.0,4250.0,2500.0,900.0,0,,,,
2026-10-01T20:14:12.274462+00:00,freq,1,0,600.0,600.0,1200.0,600.0,0,,,,
2026-10-01T20:14:12.274462+00:00,power,0,0,,,,,,2357935222369,876894391229,18.10030585178915,
2026-10-01T20:14:13.279794+00:00,freq,0,0,2450.0,4250.0,2500.0,900.0,2,,,,
2026-10-01T20:14:13.279794+00:00,freq,1,0,600.0,600.0,1200.0,600.0,0,,,,
2026-10-01T20:14:13.279794+00:00,power,0,0,,,,,,2357953658122,876895396749,18.334546304399712,
2026-10-01T20:14:14.276293+00:00,freq,0,0,2500.0,4250.0,2500.0,900.0,0,,,,
2026-10-01T20:14:14.276293+00:00,freq,1,0,600.0,600.0,1200.0,600.0,0,,,,
2026-10-01T20:14:14.276293+00:00,power,0,0,,,,,,2357971488833,876896392946,17.89878006057035,
2026-10-01T20:14:15.284718+00:00,freq,0,0,2500.0,4250.0,2500.0,900.0,0,,,,
2026-10-01T20:14:15.284718+00:00,freq,1,0,600.0,600.0,1200.0,600.0,0,,,,
2026-10-01T20:14:15.284718+00:00,power,0,0,,,,,,2357989699221,876897401476,18.05636718788732,
2026-10-01T20:14:16.276148+00:00,freq,0,0,2500.0,4250.0,2500.0,900.0,0,,,,
2026-10-01T20:14:16.276148+00:00,freq,1,0,600.0,600.0,1200.0,600.0,0,,,,
2026-10-01T20:14:16.276148+00:00,power,0,0,,,,,,2358007763209,876898392948,18.21936272532154,
2026-10-01T20:14:17.281387+00:00,freq,0,0,2500.0,4250.0,2500.0,900.0,0,,,,
2026-10-01T20:14:17.281387+00:00,freq,1,0,600.0,600.0,1200.0,600.0,0,,,,
2026-10-01T20:14:17.281387+00:00,power,0,0,,,,,,2358026064417,876899397944,18.210229692456487,
2026-10-01T20:14:18.270412+00:00,freq,0,0,2500.0,4250.0,2500.0,900.0,0,,,,
2026-10-01T20:14:18.270412+00:00,freq,1,0,600.0,600.0,1200.0,600.0,0,,,,
2026-10-01T20:14:18.270412+00:00,power,0,0,,,,,,2358043739587,876900387134,17.86832661066125,
2026-10-01T20:14:19.276139+00:00,freq,0,0,2500.0,4250.0,2500.0,900.0,0,,,,
2026-10-01T20:14:19.276139+00:00,freq,1,0,600.0,600.0,1200.0,600.0,0,,,,
2026-10-01T20:14:19.276139+00:00,power,0,0,,,,,,2358062009385,876901392935,18.16442616382366,
2026-10-01T20:14:20.280799+00:00,freq,0,0,2500.0,4250.0,2500.0,900.0,0,,,,
2026-10-01T20:14:20.280799+00:00,freq,1,0,600.0,600.0,1200.0,600.0,0,,,,
2026-10-01T20:14:20.280799+00:00,power,0,0,,,,,,2358080158493,876902397726,18.062570226047008,
2026-10-01T20:14:21.280038+00:00,freq,0,0,2500.0,4250.0,2500.0,900.0,0,,,,
2026-10-01T20:14:21.280038+00:00,freq,1,0,600.0,600.0,1200.0,600.0,0,,,,
2026-10-01T20:14:21.280038+00:00,power,0,0,,,,,,2358098054817,876903396525,17.917843329839137,
2026-10-01T20:14:22.268255+00:00,freq,0,0,2500.0,4250.0,2500.0,900.0,0,,,,
2026-10-01T20:14:22.268255+00:00,freq,1,0,600.0,600.0,1200.0,600.0,0,,,,
2026-10-01T20:14:22.268255+00:00,power,0,0,,,,,,2358115949897,876904384936,18.1048976589698,
2026-10-01T20:14:23.274657+00:00,freq,0,0,2500.0,4250.0,2500.0,900.0,0,,,,
2026-10-01T20:14:23.274657+00:00,freq,1,0,600.0,600.0,1200.0,600.0,0,,,,
2026-10-01T20:14:23.274657+00:00,power,0,0,,,,,,2358134055792,876905391355,17.990414529137468,
2026-10-01T20:14:24.279481+00:00,freq,0,0,2500.0,4250.0,2500.0,900.0,0,,,,
2026-10-01T20:14:24.279481+00:00,freq,1,0,600.0,600.0,1200.0,600.0,0,,,,
2026-10-01T20:14:24.279481+00:00,power,0,0,,,,,,2358152123198,876906396151,17.981168316752854,
2026-10-01T20:14:25.279920+00:00,freq,0,0,2500.0,4250.0,2500.0,900.0,0,,,,
2026-10-01T20:14:25.279920+00:00,freq,1,0,600.0,600.0,1200.0,600.0,0,,,,
2026-10-01T20:14:25.279920+00:00,power,0,0,,,,,,2358170073111,876907396391,17.945606054546907,
2026-10-01T20:14:26.268744+00:00,freq,0,0,2500.0,4250.0,2500.0,900.0,0,,,,
2026-10-01T20:14:26.268744+00:00,freq,1,0,600.0,600.0,1200.0,600.0,0,,,,
2026-10-01T20:14:26.268744+00:00,power,0,0,,,,,,2358187973830,876908385146,18.104301874579647,
2026-10-01T20:14:27.274318+00:00,freq,0,0,2500.0,4250.0,2500.0,900.0,0,,,,
2026-10-01T20:14:27.274318+00:00,freq,1,0,600.0,600.0,1200.0,600.0,0,,,,
2026-10-01T20:14:27.274318+00:00,power,0,0,,,,,,2358205825941,876909390939,17.749289366698715,
2026-10-01T20:14:28.276088+00:00,freq,0,0,2500.0,4250.0,2500.0,900.0,0,,,,
2026-10-01T20:14:28.276088+00:00,freq,1,0,600.0,600.0,1200.0,600.0,0,,,,
2026-10-01T20:14:28.276088+00:00,power,0,0,,,,,,2358223839307,876910392599,17.983513367809437,
2026-10-01T20:14:29.284383+00:00,freq,0,0,2500.0,4250.0,2500.0,900.0,0,,,,
2026-10-01T20:14:29.284383+00:00,freq,1,0,600.0,600.0,1200.0,600.0,0,,,,
2026-10-01T20:14:29.284383+00:00,power,0,0,,,,,,2358241985486,876911400919,17.996448548079975,
2026-10-01T20:14:30.273340+00:00,freq,0,0,2500.0,4250.0,2500.0,900.0,0,,,,
2026-10-01T20:14:30.273340+00:00,freq,1,0,600.0,600.0,1200.0,600.0,0,,,,
2026-10-01T20:14:30.273340+00:00,power,0,0,,,,,,2358259792798,876912389646,18.010342592040068,
2026-10-01T20:14:31.277098+00:00,freq,0,0,2500.0,4250.0,2500.0,900.0,0,,,,
2026-10-01T20:14:31.277098+00:00,freq,1,0,600.0,600.0,1200.0,600.0,0,,,,
2026-10-01T20:14:31.277098+00:00,power,0,0,,,,,,2358277502843,876913393586,17.64054126740642,
2026-10-01T20:14:32.284076+00:00,freq,0,0,2500.0,4250.0,2500.0,900.0,0,,,,
2026-10-01T20:14:32.284076+00:00,freq,1,0,600.0,600.0,1200.0,600.0,0,,,,
2026-10-01T20:14:32.284076+00:00,power,0,0,,,,,,2358295523900,876914400595,17.89562655348661,
2026-10-01T20:14:33.274142+00:00,freq,0,0,2500.0,4250.0,2500.0,900.0,0,,,,
2026-10-01T20:14:33.274142+00:00,freq,1,0,600.0,600.0,1200.0,600.0,0,,,,
2026-10-01T20:14:33.274142+00:00,power,0,0,,,,,,2358313035069,876915390656,17.68695969238259,
2026-10-01T20:14:34.288976+00:00,freq,0,0,2500.0,4250.0,2500.0,900.0,0,,,,
2026-10-01T20:14:34.288976+00:00,freq,1,0,600.0,600.0,1200.0,600.0,0,,,,
2026-10-01T20:14:34.288976+00:00,power,0,0,,,,,,2358331191037,876916405344,17.893153363398405,
2026-10-01T20:14:35.287676+00:00,freq,0,0,2500.0,4250.0,2500.0,900.0,0,,,,
2026-10-01T20:14:35.287676+00:00,freq,1,0,600.0,600.0,1200.0,600.0,0,,,,
2026-10-01T20:14:35.287676+00:00,power,0,0,,,,,,2358349080502,876917403964,17.91418657747692,
2026-10-01T20:14:36.280635+00:00,freq,0,0,2500.0,4250.0,2500.0,900.0,0,,,,
2026-10-01T20:14:36.280635+00:00,freq,1,0,600.0,600.0,1200.0,600.0,0,,,,
2026-10-01T20:14:36.280635+00:00,power,0,0,,,,,,2358366520626,876918397085,17.560925607252287,
2026-10-01T20:14:37.273759+00:00,freq,0,0,2500.0,4250.0,2500.0,900.0,0,,,,
2026-10-01T20:14:37.273759+00:00,freq,1,0,600.0,600.0,1200.0,600.0,0,,,,
2026-10-01T20:14:37.273759+00:00,power,0,0,,,,,,2358384126911,876919390164,17.728987321250372,
2026-10-01T20:14:38.279834+00:00,freq,0,0,2500.0,4250.0,2500.0,900.0,0,,,,
2026-10-01T20:14:38.279834+00:00,freq,1,0,600.0,600.0,1200.0,600.0,0,,,,
2026-10-01T20:14:38.279834+00:00,power,0,0,,,,,,2358402100726,876920396174,17.866437709366707,
2026-10-01T20:14:39.272382+00:00,freq,0,0,2500.0,4250.0,2500.0,900.0,0,,,,
2026-10-01T20:14:39.272382+00:00,freq,1,0,600.0,600.0,1200.0,600.0,0,,,,
2026-10-01T20:14:39.272382+00:00,power,0,0,,,,,,2358419707011,876921388743,17.73809679730074,
2026-10-01T20:14:40.282990+00:00,freq,0,0,2500.0,4250.0,2500.0,900.0,0,,,,
2026-10-01T20:14:40.282990+00:00,freq,1,0,600.0,600.0,1200.0,600.0,0,,,,
2026-10-01T20:14:40.282990+00:00,power,0,0,,,,,,2358437717386,876922399226,17.823530925309974,
2026-10-01T20:14:41.281217+00:00,freq,0,0,2500.0,4250.0,2500.0,900.0,0,,,,
2026-10-01T20:14:41.281217+00:00,freq,1,0,600.0,600.0,1200.0,600.0,0,,,,
2026-10-01T20:14:41.281217+00:00,power,0,0,,,,,,2358455211061,876923397505,17.523833517483588,
2026-10-01T20:14:42.279247+00:00,freq,0,0,2500.0,4250.0,2500.0,900.0,0,,,,
2026-10-01T20:14:42.279247+00:00,freq,1,0,600.0,600.0,1200.0,600.0,0,,,,
2026-10-01T20:14:42.279247+00:00,power,0,0,,,,,,2358473065736,876924395492,17.89068895687018,
2026-10-01T20:14:43.283510+00:00,freq,0,0,2500.0,4250.0,2500.0,900.0,0,,,,
2026-10-01T20:14:43.283510+00:00,freq,1,0,600.0,600.0,1200.0,600.0,0,,,,
2026-10-01T20:14:43.283510+00:00,power,0,0,,,,,,2358490839685,876925399786,17.697953985585894,
2026-10-01T20:14:44.281635+00:00,freq,0,0,2500.0,4250.0,2500.0,900.0,0,,,,
2026-10-01T20:14:44.281635+00:00,freq,1,0,600.0,600.0,1200.0,600.0,0,,,,
2026-10-01T20:14:44.281635+00:00,power,0,0,,,,,,2358508601769,876926397835,17.79680556766251,
2026-10-01T20:14:45.270131+00:00,freq,0,0,2500.0,4250.0,2500.0,900.0,0,,,,
2026-10-01T20:14:45.270131+00:00,freq,1,0,600.0,600.0,1200.0,600.0,0,,,,
2026-10-01T20:14:45.270131+00:00,power,0,0,,,,,,2358526222031,876927386152,17.828552984518126,
2026-10-01T20:14:46.275209+00:00,freq,0,0,2500.0,4250.0,2500.0,900.0,0,,,,
2026-10-01T20:14:46.275209+00:00,freq,1,0,600.0,600.0,1200.0,600.0,0,,,,
2026-10-01T20:14:46.275209+00:00,power,0,0,,,,,,2358543873398,876928391459,17.55818570844528,
2026-10-01T20:14:47.282554+00:00,freq,0,0,2500.0,4250.0,2500.0,900.0,0,,,,
2026-10-01T20:14:47.282554+00:00,freq,1,0,600.0,600.0,1200.0,600.0,0,,,,
2026-10-01T20:14:47.282554+00:00,power,0,0,,,,,,2358561677132,876929398753,17.674813907359717,
2026-10-01T20:14:48.270268+00:00,freq,0,0,2500.0,4250.0,2500.0,900.0,0,,,,
2026-10-01T20:14:48.270268+00:00,freq,1,0,600.0,600.0,1200.0,600.0,0,,,,
2026-10-01T20:14:48.270268+00:00,power,0,0,,,,,,2358578938667,876930386456,17.476442817324642,
2026-10-01T20:14:49.274467+00:00,freq,0,0,2500.0,4250.0,2500.0,900.0,0,,,,
2026-10-01T20:14:49.274467+00:00,freq,1,0,600.0,600.0,1200.0,600.0,0,,,,
2026-10-01T20:14:49.274467+00:00,power,0,0,,,,,,2358596725311,876931390547,17.71417530881165,
2026-10-01T20:14:50.280893+00:00,freq,0,0,2500.0,4250.0,2500.0,900.0,0,,,,
2026-10-01T20:14:50.280893+00:00,freq,1,0,600.0,600.0,1200.0,600.0,0,,,,
2026-10-01T20:14:50.280893+00:00,power,0,0,,,,,,2358614589324,876932396851,17.752103738035423,
2026-10-01T20:14:51.268500+00:00,freq,0,0,2500.0,4250.0,2500.0,900.0,0,,,,
2026-10-01T20:14:51.268500+00:00,freq,1,0,600.0,600.0,1200.0,600.0,0,,,,
2026-10-01T20:14:51.268500+00:00,power,0,0,,,,,,2358631952262,876933384581,17.578627762647688,
2026-10-01T20:14:52.276668+00:00,freq,0,0,2500.0,4250.0,2500.0,900.0,0,,,,
2026-10-01T20:14:52.276668+00:00,freq,1,0,600.0,600.0,1200.0,600.0,0,,,,
2026-10-01T20:14:52.276668+00:00,power,0,0,,,,,,2358649724600,876934392766,17.628052391178205,
2026-10-01T20:14:53.291929+00:00,freq,0,0,2500.0,4250.0,2500.0,900.0,0,,,,
2026-10-01T20:14:53.291929+00:00,freq,1,0,600.0,600.0,1200.0,600.0,0,,,,
2026-10-01T20:14:53.291929+00:00,power,0,0,,,,,,2358667456068,876935407849,17.467998183399782,
2026-10-01T20:14:54.291253+00:00,freq,0,0,2500.0,4250.0,2500.0,900.0,0,,,,
2026-10-01T20:14:54.291253+00:00,freq,1,0,600.0,600.0,1200.0,600.0,0,,,,
2026-10-01T20:14:54.291253+00:00,power,0,0,,,,,,2358685112684,876936407247,17.667251685514678,
2026-10-01T20:14:55.290711+00:00,freq,0,0,2500.0,4250.0,2500.0,900.0,0,,,,
2026-10-01T20:14:55.290711+00:00,freq,1,0,600.0,600.0,1200.0,600.0,0,,,,
2026-10-01T20:14:55.290711+00:00,power,0,0,,,,,,2358702816259,876937406592,17.71517844187943,
2026-10-01T20:14:56.276375+00:00,freq,0,0,2500.0,4250.0,2500.0,900.0,0,,,,
2026-10-01T20:14:56.276375+00:00,freq,1,0,600.0,600.0,1200.0,600.0,0,,,,
2026-10-01T20:14:56.276375+00:00,power,0,0,,,,,,2358720195348,876938392310,17.630893419821895,
2026-10-01T20:14:57.281771+00:00,freq,0,0,2500.0,4250.0,2500.0,900.0,0,,,,
2026-10-01T20:14:57.281771+00:00,freq,1,0,600.0,600.0,1200.0,600.0,0,,,,
2026-10-01T20:14:57.281771+00:00,power,0,0,,,,,,2358734230626,876939397831,13.958214696659741,
2026-10-01T20:14:58.272229+00:00,freq,0,0,2500.0,4250.0,2500.0,900.0,0,,,,
2026-10-01T20:14:58.272229+00:00,freq,1,0,600.0,600.0,1200.0,600.0,0,,,,
2026-10-01T20:14:58.272229+00:00,power,0,0,,,,,,2358747817136,876940388329,13.716847484800574,
2026-10-01T20:14:59.279041+00:00,freq,0,0,2500.0,4250.0,2500.0,900.0,0,,,,
2026-10-01T20:14:59.279041+00:00,freq,1,0,600.0,600.0,1200.0,600.0,0,,,,
2026-10-01T20:14:59.279041+00:00,power,0,0,,,,,,2358761670064,876941395032,13.760690094297921,
2026-10-01T20:15:00.284025+00:00,freq,0,0,2500.0,4250.0,2500.0,900.0,0,,,,
2026-10-01T20:15:00.284025+00:00,freq,1,0,600.0,600.0,1200.0,600.0,0,,,,
2026-10-01T20:15:00.284025+00:00,power,0,0,,,,,,2358775494282,876942399831,13.758192434506801,
2026-10-01T20:15:01.270593+00:00,freq,0,0,2500.0,4250.0,2500.0,900.0,0,,,,
2026-10-01T20:15:01.270593+00:00,freq,1,0,600.0,600.0,1200.0,600.0,0,,,,
2026-10-01T20:15:01.270593+00:00,power,0,0,,,,,,2358789013386,876943386361,13.703692741224291,
2026-10-01T20:15:02.271751+00:00,freq,0,0,2500.0,4250.0,2500.0,900.0,0,,,,
2026-10-01T20:15:02.271751+00:00,freq,1,0,600.0,600.0,1200.0,600.0,0,,,,
2026-10-01T20:15:02.271751+00:00,power,0,0,,,,,,2358802774884,876944387579,13.744756886112715,
2026-10-01T20:15:03.274901+00:00,freq,0,0,2500.0,4250.0,2500.0,900.0,0,,,,
2026-10-01T20:15:03.274901+00:00,freq,1,0,600.0,600.0,1200.0,600.0,0,,,,
2026-10-01T20:15:03.274901+00:00,power,0,0,,,,,,2358816605145,876945390843,13.785265892128093,
2026-10-01T20:15:04.277247+00:00,freq,0,0,2500.0,4250.0,2500.0,900.0,0,,,,
2026-10-01T20:15:04.277247+00:00,freq,1,0,600.0,600.0,1200.0,600.0,0,,,,
2026-10-01T20:15:04.277247+00:00,power,0,0,,,,,,2358830383915,876946393072,13.748125428420051,
2026-10-01T20:15:05.284827+00:00,freq,0,0,2500.0,4250.0,2500.0,900.0,0,,,,
2026-10-01T20:15:05.284827+00:00,freq,1,0,600.0,600.0,1200.0,600.0,0,,,,
2026-10-01T20:15:05.284827+00:00,power,0,0,,,,,,2358844227420,876947400614,13.739878833835215,
2026-10-01T20:15:06.275315+00:00,freq,0,0,2500.0,4250.0,2500.0,900.0,0,,,,
2026-10-01T20:15:06.275315+00:00,freq,1,0,600.0,600.0,1200.0,600.0,0,,,,
2026-10-01T20:15:06.275315+00:00,power,0,0,,,,,,2358857861964,876948391194,13.76420279028448,
2026-10-01T20:15:07.277849+00:00,freq,0,0,2500.0,4250.0,2500.0,900.0,0,,,,
2026-10-01T20:15:07.277849+00:00,freq,1,0,600.0,600.0,1200.0,600.0,0,,,,
2026-10-01T20:15:07.277849+00:00,power,0,0,,,,,,2358871684229,876949393734,13.787245396692402,
2026-10-01T20:15:08.279588+00:00,freq,0,0,2500.0,4250.0,2500.0,900.0,0,,,,
2026-10-01T20:15:08.279588+00:00,freq,1,0,600.0,600.0,1200.0,600.0,0,,,,
2026-10-01T20:15:08.279588+00:00,power,0,0,,,,,,2358885439867,876950395412,13.732594706083193,
2026-10-01T20:15:09.295450+00:00,freq,0,0,2500.0,4250.0,2500.0,900.0,0,,,,
2026-10-01T20:15:09.295450+00:00,freq,1,0,600.0,600.0,1200.0,600.0,0,,,,
2026-10-01T20:15:09.295450+00:00,power,0,0,,,,,,2358899410997,876951411105,13.755268570325876,
2026-10-01T20:15:10.295389+00:00,freq,0,0,2500.0,4250.0,2500.0,900.0,0,,,,
2026-10-01T20:15:10.295389+00:00,freq,1,0,600.0,600.0,1200.0,600.0,0,,,,
2026-10-01T20:15:10.295389+00:00,power,0,0,,,,,,2358913172983,876952410859,13.76537228158127,
2026-10-01T20:15:11.290042+00:00,freq,0,0,2500.0,4250.0,2500.0,900.0,0,,,,
2026-10-01T20:15:11.290042+00:00,freq,1,0,600.0,600.0,1200.0,600.0,0,,,,
2026-10-01T20:15:11.290042+00:00,power,0,0,,,,,,2358926858590,876953405686,13.756770775220215,
2026-10-01T20:15:12.277343+00:00,freq,0,0,2500.0,4250.0,2500.0,900.0,0,,,,
2026-10-01T20:15:12.277343+00:00,freq,1,0,600.0,600.0,1200.0,600.0,0,,,,
2026-10-01T20:15:12.277343+00:00,power,0,0,,,,,,2358940391999,876954392847,13.709424298569331,
2026-10-01T20:15:13.280010+00:00,freq,0,0,2500.0,4250.0,2500.0,950.0,0,,,,
2026-10-01T20:15:13.280010+00:00,freq,1,0,600.0,600.0,1200.0,600.0,0,,,,
2026-10-01T20:15:13.280010+00:00,power,0,0,,,,,,2358945878144,876955395729,5.470379366665271,
2026-10-01T20:15:14.266703+00:00,freq,0,0,2500.0,4250.0,2500.0,900.0,0,,,,
2026-10-01T20:15:14.266703+00:00,freq,1,0,600.0,600.0,1200.0,600.0,0,,,,
2026-10-01T20:15:14.266703+00:00,power,0,0,,,,,,2358945878571,876956382560,0.0004326982026304403,
2026-10-01T20:15:15.268290+00:00,freq,0,0,2500.0,4250.0,2500.0,900.0,0,,,,
2026-10-01T20:15:15.268290+00:00,freq,1,0,600.0,600.0,1200.0,600.0,0,,,,
2026-10-01T20:15:15.268290+00:00,power,0,0,,,,,,2358945882805,876957383929,0.00422821157834924,
2026-10-01T20:15:16.275015+00:00,freq,0,0,2500.0,4250.0,2500.0,900.0,0,,,,
2026-10-01T20:15:16.275015+00:00,freq,1,0,600.0,600.0,1200.0,600.0,0,,,,
2026-10-01T20:15:16.275015+00:00,power,0,0,,,,,,2358945882805,876958390691,0.0,
2026-10-01T20:15:17.289362+00:00,freq,0,0,2500.0,4250.0,2500.0,1000.0,0,,,,
2026-10-01T20:15:17.289362+00:00,freq,1,0,600.0,600.0,1200.0,600.0,0,,,,
2026-10-01T20:15:17.289362+00:00,power,0,0,,,,,,2358945882805,876959404922,0.0,
