ts_iso_utc,kind,domain,rc,actual_mhz,request_mhz,tdp_mhz,efficient_mhz,throttle_reasons,energy_uj,timestamp_us,power_w,temp_c
2026-09-29T10:38:16.676097+00:00,freq,0,0,2500.0,4250.0,2500.0,900.0,0,,,,
2026-09-29T10:38:16.676097+00:00,freq,1,0,550.0,550.0,1200.0,550.0,0,,,,
2026-09-29T10:38:16.676097+00:00,power,0,0,,,,,,1116100501189,669543353444,,
2026-09-29T10:38:17.680262+00:00,freq,0,0,900.0,900.0,2500.0,900.0,0,,,,
2026-09-29T10:38:17.680262+00:00,freq,1,0,550.0,550.0,1200.0,550.0,0,,,,
2026-09-29T10:38:17.680262+00:00,power,0,0,,,,,,1116100501189,669544357478,0.0,
2026-09-29T10:38:18.691137+00:00,freq,0,0,900.0,900.0,2500.0,900.0,0,,,,
2026-09-29T10:38:18.691137+00:00,freq,1,0,550.0,550.0,1200.0,550.0,0,,,,
2026-09-29T10:38:18.691137+00:00,power,0,0,,,,,,1116100501189,669545368435,0.0,
2026-09-29T10:38:19.688963+00:00,freq,0,0,900.0,900.0,2500.0,900.0,0,,,,
2026-09-29T10:38:19.688963+00:00,freq,1,0,550.0,550.0,1200.0,550.0,0,,,,
2026-09-29T10:38:19.688963+00:00,power,0,0,,,,,,1116100501189,669546366099,0.0,
2026-09-29T10:38:20.686626+00:00,freq,0,0,900.0,900.0,2500.0,900.0,0,,,,
2026-09-29T10:38:20.686626+00:00,freq,1,0,550.0,550.0,1200.0,550.0,0,,,,
2026-09-29T10:38:20.686626+00:00,power,0,0,,,,,,1116100501189,669547363825,0.0,
2026-09-29T10:38:21.701938+00:00,freq,0,0,900.0,900.0,2500.0,900.0,0,,,,
2026-09-29T10:38:21.701938+00:00,freq,1,0,550.0,550.0,1200.0,550.0,0,,,,
2026-09-29T10:38:21.701938+00:00,power,0,0,,,,,,1116100501189,669548379095,0.0,
2026-09-29T10:38:22.701283+00:00,freq,0,0,900.0,900.0,2500.0,900.0,0,,,,
2026-09-29T10:38:22.701283+00:00,freq,1,0,550.0,550.0,1200.0,550.0,0,,,,
2026-09-29T10:38:22.701283+00:00,power,0,0,,,,,,1116100501189,669549378976,0.0,
2026-09-29T10:38:23.687047+00:00,freq,0,0,900.0,900.0,2500.0,900.0,0,,,,
2026-09-29T10:38:23.687047+00:00,freq,1,0,550.0,550.0,1200.0,550.0,0,,,,
2026-09-29T10:38:23.687047+00:00,power,0,0,,,,,,1116100501189,669550364840,0.0,
2026-09-29T10:38:24.696955+00:00,freq,0,0,900.0,900.0,2500.0,900.0,0,,,,
2026-09-29T10:38:24.696955+00:00,freq,1,0,550.0,550.0,1200.0,550.0,0,,,,
2026-09-29T10:38:24.696955+00:00,power,0,0,,,,,,1116100501189,669551373919,0.0,
2026-09-29T10:38:25.690660+00:00,freq,0,0,900.0,900.0,2500.0,900.0,0,,,,
2026-09-29T10:38:25.690660+00:00,freq,1,0,550.0,550.0,1200.0,550.0,0,,,,
2026-09-29T10:38:25.690660+00:00,power,0,0,,,,,,1116100501189,669552367537,0.0,
2026-09-29T10:38:26.686781+00:00,freq,0,0,900.0,900.0,2500.0,900.0,0,,,,
2026-09-29T10:38:26.686781+00:00,freq,1,0,550.0,550.0,1200.0,550.0,0,,,,
2026-09-29T10:38:26.686781+00:00,power,0,0,,,,,,1116100501189,669553363785,0.0,
2026-09-29T10:38:27.695252+00:00,freq,0,0,900.0,900.0,2500.0,900.0,0,,,,
2026-09-29T10:38:27.695252+00:00,freq,1,0,550.0,550.0,1200.0,550.0,0,,,,
2026-09-29T10:38:27.695252+00:00,power,0,0,,,,,,1116100501372,669554372026,0.0001815042236925497,
2026-09-29T10:38:28.689557+00:00,freq,0,0,900.0,900.0,2500.0,900.0,0,,,,
2026-09-29T10:38:28.689557+00:00,freq,1,0,550.0,550.0,1200.0,550.0,0,,,,
2026-09-29T10:38:28.689557+00:00,power,0,0,,,,,,1116100501677,669555366359,0.0003067382858660026,
2026-09-29T10:38:29.682744+00:00,freq,0,0,900.0,900.0,2500.0,900.0,0,,,,
2026-09-29T10:38:29.682744+00:00,freq,1,0,550.0,550.0,1200.0,550.0,0,,,,
2026-09-29T10:38:29.682744+00:00,power,0,0,,,,,,1116100501677,669556359533,0.0,
2026-09-29T10:38:30.691759+00:00,freq,0,0,900.0,900.0,2500.0,900.0,0,,,,
2026-09-29T10:38:30.691759+00:00,freq,1,0,550.0,550.0,1200.0,550.0,0,,,,
2026-09-29T10:38:30.691759+00:00,power,0,0,,,,,,1116100501677,669557368436,0.0,
2026-09-29T10:38:31.682672+00:00,freq,0,0,900.0,900.0,2500.0,900.0,0,,,,
2026-09-29T10:38:31.682672+00:00,freq,1,0,550.0,550.0,1200.0,550.0,0,,,,
2026-09-29T10:38:31.682672+00:00,power,0,0,,,,,,1116100502982,669558359335,0.0013169858885718928,
2026-09-29T10:38:32.693383+00:00,freq,0,0,900.0,900.0,2500.0,900.0,0,,,,
2026-09-29T10:38:32.693383+00:00,freq,1,0,550.0,550.0,1200.0,550.0,0,,,,
2026-09-29T10:38:32.693383+00:00,power,0,0,,,,,,1116100502982,669559369987,0.0,
2026-09-29T10:38:33.689317+00:00,freq,0,0,900.0,900.0,2500.0,1000.0,0,,,,
2026-09-29T10:38:33.689317+00:00,freq,1,0,550.0,550.0,1200.0,550.0,0,,,,
2026-09-29T10:38:33.689317+00:00,power,0,0,,,,,,1116100502982,669560366040,0.0,
2026-09-29T10:38:34.687727+00:00,freq,0,0,1000.0,1000.0,2500.0,900.0,0,,,,
2026-09-29T10:38:34.687727+00:00,freq,1,0,550.0,550.0,1200.0,550.0,0,,,,
2026-09-29T10:38:34.687727+00:00,power,0,0,,,,,,1116100503165,669561364343,0.00018331107890089482,
2026-09-29T10:38:35.681036+00:00,freq,0,0,1000.0,1000.0,2500.0,900.0,0,,,,
2026-09-29T10:38:35.681036+00:00,freq,1,0,550.0,550.0,1200.0,550.0,0,,,,
2026-09-29T10:38:35.681036+00:00,power,0,0,,,,,,1116100503165,669562357576,0.0,
2026-09-29T10:38:36.691832+00:00,freq,0,0,1000.0,1000.0,2500.0,900.0,0,,,,
2026-09-29T10:38:36.691832+00:00,freq,1,0,550.0,550.0,1200.0,550.0,0,,,,
2026-09-29T10:38:36.691832+00:00,power,0,0,,,,,,1116100503592,669563368338,0.000422453554842782,
2026-09-29T10:38:37.685076+00:00,freq,0,0,900.0,900.0,2500.0,900.0,0,,,,
2026-09-29T10:38:37.685076+00:00,freq,1,0,550.0,550.0,1200.0,550.0,0,,,,
2026-09-29T10:38:37.685076+00:00,power,0,0,,,,,,1116100503592,669564361529,0.0,
2026-09-29T10:38:38.689662+00:00,freq,0,0,900.0,900.0,2500.0,900.0,0,,,,
2026-09-29T10:38:38.689662+00:00,freq,1,0,550.0,550.0,1200.0,550.0,0,,,,
2026-09-29T10:38:38.689662+00:00,power,0,0,,,,,,1116100506178,669565366097,0.002574240867716272,
2026-09-29T10:38:39.684725+00:00,freq,0,0,1000.0,1000.0,2500.0,900.0,0,,,,
2026-09-29T10:38:39.684725+00:00,freq,1,0,550.0,550.0,1200.0,550.0,0,,,,
2026-09-29T10:38:39.684725+00:00,power,0,0,,,,,,1116100506178,669566361129,0.0,
2026-09-29T10:38:40.692515+00:00,freq,0,0,900.0,900.0,2500.0,900.0,0,,,,
2026-09-29T10:38:40.692515+00:00,freq,1,0,550.0,550.0,1200.0,550.0,0,,,,
2026-09-29T10:38:40.692515+00:00,power,0,0,,,,,,1116100506178,669567368873,0.0,
2026-09-29T10:38:41.687417+00:00,freq,0,0,1000.0,1000.0,2500.0,900.0,0,,,,
2026-09-29T10:38:41.687417+00:00,freq,1,0,550.0,550.0,1200.0,550.0,0,,,,
2026-09-29T10:38:41.687417+00:00,power,0,0,,,,,,1116100506178,669568363787,0.0,
2026-09-29T10:38:42.697689+00:00,freq,0,0,900.0,900.0,2500.0,900.0,0,,,,
2026-09-29T10:38:42.697689+00:00,freq,1,0,550.0,550.0,1200.0,550.0,0,,,,
2026-09-29T10:38:42.697689+00:00,power,0,0,,,,,,1116100506178,669569374597,0.0,
2026-09-29T10:38:43.692657+00:00,freq,0,0,900.0,900.0,2500.0,900.0,0,,,,
2026-09-29T10:38:43.692657+00:00,freq,1,0,550.0,550.0,1200.0,550.0,0,,,,
2026-09-29T10:38:43.692657+00:00,power,0,0,,,,,,1116100508825,669570368973,0.0026619709244792714,
2026-09-29T10:38:44.691048+00:00,freq,0,0,900.0,900.0,2500.0,900.0,0,,,,
2026-09-29T10:38:44.691048+00:00,freq,1,0,550.0,550.0,1200.0,550.0,0,,,,
2026-09-29T10:38:44.691048+00:00,power,0,0,,,,,,1116100508825,669571367366,0.0,
2026-09-29T10:38:45.691007+00:00,freq,0,0,900.0,900.0,2500.0,900.0,0,,,,
2026-09-29T10:38:45.691007+00:00,freq,1,0,550.0,550.0,1200.0,550.0,0,,,,
2026-09-29T10:38:45.691007+00:00,power,0,0,,,,,,1116100508825,669572367382,0.0,
2026-09-29T10:38:46.691220+00:00,freq,0,0,900.0,900.0,2500.0,900.0,0,,,,
2026-09-29T10:38:46.691220+00:00,freq,1,0,550.0,550.0,1200.0,550.0,0,,,,
2026-09-29T10:38:46.691220+00:00,power,0,0,,,,,,1116100510595,669573368346,0.001768295363269808,
2026-09-29T10:38:47.684477+00:00,freq,0,0,900.0,900.0,2500.0,900.0,0,,,,
2026-09-29T10:38:47.684477+00:00,freq,1,0,550.0,550.0,1200.0,550.0,0,,,,
2026-09-29T10:38:47.684477+00:00,power,0,0,,,,,,1116100512937,669574360783,0.002359847526845533,
2026-09-29T10:38:48.685108+00:00,freq,0,0,2500.0,4250.0,2500.0,950.0,0,,,,
2026-09-29T10:38:48.685108+00:00,freq,1,0,550.0,550.0,1200.0,550.0,0,,,,
2026-09-29T10:38:48.685108+00:00,power,0,0,,,,,,1116100515988,669575361541,0.003048689093667,
2026-09-29T10:38:49.694100+00:00,freq,0,0,2500.0,4250.0,2500.0,900.0,0,,,,
2026-09-29T10:38:49.694100+00:00,freq,1,0,550.0,550.0,1200.0,550.0,0,,,,
2026-09-29T10:38:49.694100+00:00,power,0,0,,,,,,1116103701984,669576370307,3.158310252328092,
2026-09-29T10:38:50.681393+00:00,freq,0,0,2500.0,4250.0,2500.0,900.0,0,,,,
2026-09-29T10:38:50.681393+00:00,freq,1,0,550.0,550.0,1200.0,550.0,0,,,,
2026-09-29T10:38:50.681393+00:00,power,0,0,,,,,,1116108237567,669577357609,4.593916552382148,
2026-09-29T10:38:51.692652+00:00,freq,0,0,2500.0,4250.0,2500.0,900.0,0,,,,
2026-09-29T10:38:51.692652+00:00,freq,1,0,550.0,550.0,1200.0,550.0,0,,,,
2026-09-29T10:38:51.692652+00:00,power,0,0,,,,,,1116110109111,669578368794,1.850842328555111,
2026-09-29T10:38:52.692837+00:00,freq,0,0,2500.0,4250.0,2500.0,900.0,0,,,,
2026-09-29T10:38:52.692837+00:00,freq,1,0,550.0,550.0,1200.0,550.0,0,,,,
2026-09-29T10:38:52.692837+00:00,power,0,0,,,,,,1116110111735,669579368953,0.002623582850326798,
2026-09-29T10:38:53.691437+00:00,freq,0,0,2500.0,4250.0,2500.0,900.0,0,,,,
2026-09-29T10:38:53.691437+00:00,freq,1,0,550.0,550.0,1200.0,550.0,0,,,,
2026-09-29T10:38:53.691437+00:00,power,0,0,,,,,,1116110111735,669580367450,0.0,
2026-09-29T10:38:54.676723+00:00,freq,0,0,2500.0,4250.0,2500.0,900.0,0,,,,
2026-09-29T10:38:54.676723+00:00,freq,1,0,550.0,550.0,1200.0,550.0,0,,,,
2026-09-29T10:38:54.676723+00:00,power,0,0,,,,,,1116110111735,669581352984,0.0,
2026-09-29T10:38:55.678138+00:00,freq,0,0,2500.0,4250.0,2500.0,900.0,0,,,,
2026-09-29T10:38:55.678138+00:00,freq,1,0,550.0,550.0,1200.0,550.0,0,,,,
2026-09-29T10:38:55.678138+00:00,power,0,0,,,,,,1116110113345,669582354222,0.0016080092845057819,
2026-09-29T10:38:56.680130+00:00,freq,0,0,2500.0,4250.0,2500.0,900.0,0,,,,
2026-09-29T10:38:56.680130+00:00,freq,1,0,550.0,550.0,1200.0,550.0,0,,,,
2026-09-29T10:38:56.680130+00:00,power,0,0,,,,,,1116110113406,669583356154,6.088237525101504e-05,
2026-09-29T10:38:57.688526+00:00,freq,0,0,2500.0,4250.0,2500.0,900.0,0,,,,
2026-09-29T10:38:57.688526+00:00,freq,1,0,550.0,550.0,1200.0,550.0,0,,,,
2026-09-29T10:38:57.688526+00:00,power,0,0,,,,,,1116111112025,669584364531,0.9903230636954234,
2026-09-29T10:38:58.686138+00:00,freq,0,0,2500.0,4250.0,2500.0,900.0,0,,,,
2026-09-29T10:38:58.686138+00:00,freq,1,0,550.0,550.0,1200.0,550.0,0,,,,
2026-09-29T10:38:58.686138+00:00,power,0,0,,,,,,1116112418238,669585362186,1.3092832692664298,
2026-09-29T10:38:59.698526+00:00,freq,0,0,2500.0,4250.0,2500.0,900.0,0,,,,
2026-09-29T10:38:59.698526+00:00,freq,1,0,550.0,550.0,1200.0,550.0,0,,,,
2026-09-29T10:38:59.698526+00:00,power,0,0,,,,,,1116112418238,669586374602,0.0,
2026-09-29T10:39:00.698425+00:00,freq,0,0,2500.0,4250.0,2500.0,900.0,0,,,,
2026-09-29T10:39:00.698425+00:00,freq,1,0,550.0,550.0,1200.0,550.0,0,,,,
2026-09-29T10:39:00.698425+00:00,power,0,0,,,,,,1116112418238,669587374412,0.0,
2026-09-29T10:39:01.686704+00:00,freq,0,0,2500.0,4250.0,2500.0,900.0,0,,,,
2026-09-29T10:39:01.686704+00:00,freq,1,0,550.0,550.0,1200.0,550.0,0,,,,
2026-09-29T10:39:01.686704+00:00,power,0,0,,,,,,1116112418238,669588362676,0.0,
2026-09-29T10:39:02.688499+00:00,freq,0,0,2500.0,4250.0,2500.0,900.0,0,,,,
2026-09-29T10:39:02.688499+00:00,freq,1,0,550.0,550.0,1200.0,550.0,0,,,,
2026-09-29T10:39:02.688499+00:00,power,0,0,,,,,,1116112418238,669589364475,0.0,
2026-09-29T10:39:03.676762+00:00,freq,0,0,2500.0,4250.0,2500.0,900.0,0,,,,
2026-09-29T10:39:03.676762+00:00,freq,1,0,550.0,550.0,1200.0,550.0,0,,,,
2026-09-29T10:39:03.676762+00:00,power,0,0,,,,,,1116112418421,669590352730,0.0001851748789533066,
2026-09-29T10:39:04.678776+00:00,freq,0,0,2500.0,4250.0,2500.0,900.0,0,,,,
2026-09-29T10:39:04.678776+00:00,freq,1,0,550.0,550.0,1200.0,550.0,0,,,,
2026-09-29T10:39:04.678776+00:00,power,0,0,,,,,,1116112418421,669591354661,0.0,
2026-09-29T10:39:05.684191+00:00,freq,0,0,2500.0,4250.0,2500.0,900.0,0,,,,
2026-09-29T10:39:05.684191+00:00,freq,1,0,550.0,550.0,1200.0,550.0,0,,,,
2026-09-29T10:39:05.684191+00:00,power,0,0,,,,,,1116112418421,669592360105,0.0,
2026-09-29T10:39:06.686462+00:00,freq,0,0,2500.0,4250.0,2500.0,950.0,0,,,,
2026-09-29T10:39:06.686462+00:00,freq,1,0,550.0,550.0,1200.0,550.0,0,,,,
2026-09-29T10:39:06.686462+00:00,power,0,0,,,,,,1116112418421,669593362235,0.0,
2026-09-29T10:39:07.697619+00:00,freq,0,0,2500.0,4250.0,2500.0,900.0,0,,,,
2026-09-29T10:39:07.697619+00:00,freq,1,0,550.0,550.0,1200.0,550.0,0,,,,
2026-09-29T10:39:07.697619+00:00,power,0,0,,,,,,1116112418421,669594373601,0.0,
2026-09-29T10:39:08.695522+00:00,freq,0,0,2500.0,4250.0,2500.0,900.0,0,,,,
2026-09-29T10:39:08.695522+00:00,freq,1,0,550.0,550.0,1200.0,550.0,0,,,,
2026-09-29T10:39:08.695522+00:00,power,0,0,,,,,,1116112418421,669595371195,0.0,
2026-09-29T10:39:09.681280+00:00,freq,0,0,2500.0,4250.0,2500.0,900.0,0,,,,
2026-09-29T10:39:09.681280+00:00,freq,1,0,550.0,550.0,1200.0,550.0,0,,,,
2026-09-29T10:39:09.681280+00:00,power,0,0,,,,,,1116112418421,669596357028,0.0,
2026-09-29T10:39:10.687086+00:00,freq,0,0,2500.0,4250.0,2500.0,900.0,0,,,,
2026-09-29T10:39:10.687086+00:00,freq,1,0,550.0,550.0,1200.0,550.0,0,,,,
2026-09-29T10:39:10.687086+00:00,power,0,0,,,,,,1116112418421,669597362850,0.0,
2026-09-29T10:39:11.690536+00:00,freq,0,0,2500.0,4250.0,2500.0,900.0,0,,,,
2026-09-29T10:39:11.690536+00:00,freq,1,0,550.0,550.0,1200.0,550.0,0,,,,
2026-09-29T10:39:11.690536+00:00,power,0,0,,,,,,1116112418421,669598366270,0.0,
2026-09-29T10:39:12.680100+00:00,freq,0,0,2500.0,4250.0,2500.0,900.0,0,,,,
2026-09-29T10:39:12.680100+00:00,freq,1,0,550.0,550.0,1200.0,550.0,0,,,,
2026-09-29T10:39:12.680100+00:00,power,0,0,,,,,,1116112418421,669599355825,0.0,
2026-09-29T10:39:13.682971+00:00,freq,0,0,2500.0,4250.0,2500.0,900.0,0,,,,
2026-09-29T10:39:13.682971+00:00,freq,1,0,550.0,550.0,1200.0,550.0,0,,,,
2026-09-29T10:39:13.682971+00:00,power,0,0,,,,,,1116112418421,669600358651,0.0,
2026-09-29T10:39:14.696955+00:00,freq,0,0,2500.0,4250.0,2500.0,900.0,0,,,,
2026-09-29T10:39:14.696955+00:00,freq,1,0,550.0,550.0,1200.0,550.0,0,,,,
2026-09-29T10:39:14.696955+00:00,power,0,0,,,,,,1116112418421,669601372592,0.0,
2026-09-29T10:39:15.693135+00:00,freq,0,0,2500.0,4250.0,2500.0,900.0,0,,,,
2026-09-29T10:39:15.693135+00:00,freq,1,0,550.0,550.0,1200.0,550.0,0,,,,
2026-09-29T10:39:15.693135+00:00,power,0,0,,,,,,1116112418421,669602368717,0.0,
2026-09-29T10:39:16.679373+00:00,freq,0,0,2500.0,4250.0,2500.0,900.0,0,,,,
2026-09-29T10:39:16.679373+00:00,freq,1,0,550.0,550.0,1200.0,550.0,0,,,,
2026-09-29T10:39:16.679373+00:00,power,0,0,,,,,,1116112418421,669603354945,0.0,
2026-09-29T10:39:17.687336+00:00,freq,0,0,1100.0,1100.0,2500.0,900.0,0,,,,
2026-09-29T10:39:17.687336+00:00,freq,1,0,550.0,550.0,1200.0,550.0,0,,,,
2026-09-29T10:39:17.687336+00:00,power,0,0,,,,,,1116112419702,669604362801,0.0012710149068914606,
2026-09-29T10:39:18.701681+00:00,freq,0,0,1100.0,1100.0,2500.0,900.0,0,,,,
2026-09-29T10:39:18.701681+00:00,freq,1,0,550.0,550.0,1200.0,550.0,0,,,,
2026-09-29T10:39:18.701681+00:00,power,0,0,,,,,,1116112420885,669605377159,0.001166254911973879,
2026-09-29T10:39:19.689615+00:00,freq,0,0,1100.0,1100.0,2500.0,900.0,0,,,,
2026-09-29T10:39:19.689615+00:00,freq,1,0,550.0,550.0,1200.0,550.0,0,,,,
2026-09-29T10:39:19.689615+00:00,power,0,0,,,,,,1116112420885,669606365224,0.0,
2026-09-29T10:39:20.675845+00:00,freq,0,0,1100.0,1100.0,2500.0,900.0,0,,,,
2026-09-29T10:39:20.675845+00:00,freq,1,0,550.0,550.0,1200.0,550.0,0,,,,
2026-09-29T10:39:20.675845+00:00,power,0,0,,,,,,1116112420885,669607351330,0.0,
2026-09-29T10:39:21.690549+00:00,freq,0,0,1100.0,1100.0,2500.0,900.0,0,,,,
2026-09-29T10:39:21.690549+00:00,freq,1,0,550.0,550.0,1200.0,550.0,0,,,,
2026-09-29T10:39:21.690549+00:00,power,0,0,,,,,,1116112420885,669608365719,0.0,
2026-09-29T10:39:22.676875+00:00,freq,0,0,1100.0,1100.0,2500.0,900.0,0,,,,
2026-09-29T10:39:22.676875+00:00,freq,1,0,550.0,550.0,1200.0,550.0,0,,,,
2026-09-29T10:39:22.676875+00:00,power,0,0,,,,,,1116112420885,669609352235,0.0,
2026-09-29T10:39:23.691658+00:00,freq,0,0,2500.0,4250.0,2500.0,900.0,0,,,,
2026-09-29T10:39:23.691658+00:00,freq,1,0,550.0,550.0,1200.0,550.0,0,,,,
2026-09-29T10:39:23.691658+00:00,power,0,0,,,,,,1116112430002,669610366859,0.008985594663638944,
2026-09-29T10:39:24.691953+00:00,freq,0,0,2500.0,4250.0,2500.0,900.0,0,,,,
2026-09-29T10:39:24.691953+00:00,freq,1,0,550.0,550.0,1200.0,550.0,0,,,,
2026-09-29T10:39:24.691953+00:00,power,0,0,,,,,,1116132879060,669611367100,20.44413096443757,
2026-09-29T10:39:25.692368+00:00,freq,0,0,2500.0,4250.0,2500.0,900.0,0,,,,
2026-09-29T10:39:25.692368+00:00,freq,1,0,550.0,550.0,1200.0,550.0,0,,,,
2026-09-29T10:39:25.692368+00:00,power,0,0,,,,,,1116156335991,669612367549,23.446403564799404,
2026-09-29T10:39:26.679582+00:00,freq,0,0,2500.0,4250.0,2500.0,900.0,0,,,,
2026-09-29T10:39:26.679582+00:00,freq,1,0,550.0,550.0,1200.0,550.0,0,,,,
2026-09-29T10:39:26.679582+00:00,power,0,0,,,,,,1116179426077,669613354776,23.38883154532848,
2026-09-29T10:39:27.682279+00:00,freq,0,0,2500.0,4250.0,2500.0,900.0,0,,,,
2026-09-29T10:39:27.682279+00:00,freq,1,0,550.0,550.0,1200.0,550.0,0,,,,
2026-09-29T10:39:27.682279+00:00,power,0,0,,,,,,1116202986792,669614357469,23.497436403764663,
2026-09-29T10:39:28.696023+00:00,freq,0,0,2500.0,4250.0,2500.0,900.0,0,,,,
2026-09-29T10:39:28.696023+00:00,freq,1,0,550.0,550.0,1200.0,550.0,0,,,,
2026-09-29T10:39:28.696023+00:00,power,0,0,,,,,,1116226473631,669615371198,23.168755160402828,
2026-09-29T10:39:29.681687+00:00,freq,0,0,2500.0,4250.0,2500.0,900.0,0,,,,
2026-09-29T10:39:29.681687+00:00,freq,1,0,550.0,550.0,1200.0,550.0,0,,,,
2026-09-29T10:39:29.681687+00:00,power,0,0,,,,,,1116249610213,669616356857,23.473211323591627,
2026-09-29T10:39:30.684197+00:00,freq,0,0,2500.0,4250.0,2500.0,900.0,0,,,,
2026-09-29T10:39:30.684197+00:00,freq,1,0,550.0,550.0,1200.0,550.0,0,,,,
2026-09-29T10:39:30.684197+00:00,power,0,0,,,,,,1116265397406,669617359291,15.748860274092857,
2026-09-29T10:39:31.686246+00:00,freq,0,0,2500.0,4250.0,2500.0,900.0,0,,,,
2026-09-29T10:39:31.686246+00:00,freq,1,0,550.0,550.0,1200.0,550.0,0,,,,
2026-09-29T10:39:31.686246+00:00,power,0,0,,,,,,1116265397406,669618361534,0.0,
2026-09-29T10:39:32.690554+00:00,freq,0,0,2500.0,4250.0,2500.0,900.0,0,,,,
2026-09-29T10:39:32.690554+00:00,freq,1,0,550.0,550.0,1200.0,550.0,0,,,,
2026-09-29T10:39:32.690554+00:00,power,0,0,,,,,,1116265397406,669619365729,0.0,
2026-09-29T10:39:33.679977+00:00,freq,0,0,2500.0,4250.0,2500.0,900.0,0,,,,
2026-09-29T10:39:33.679977+00:00,freq,1,0,550.0,550.0,1200.0,550.0,0,,,,
2026-09-29T10:39:33.679977+00:00,power,0,0,,,,,,1116265397406,669620355156,0.0,
2026-09-29T10:39:34.682882+00:00,freq,0,0,2500.0,4250.0,2500.0,900.0,0,,,,
2026-09-29T10:39:34.682882+00:00,freq,1,0,550.0,550.0,1200.0,550.0,0,,,,
2026-09-29T10:39:34.682882+00:00,power,0,0,,,,,,1116265397406,669621358038,0.0,
2026-09-29T10:39:35.691474+00:00,freq,0,0,2500.0,4250.0,2500.0,900.0,0,,,,
2026-09-29T10:39:35.691474+00:00,freq,1,0,550.0,550.0,1200.0,550.0,0,,,,
2026-09-29T10:39:35.691474+00:00,power,0,0,,,,,,1116265397406,669622366385,0.0,
2026-09-29T10:39:36.681246+00:00,freq,0,0,2500.0,4250.0,2500.0,900.0,0,,,,
2026-09-29T10:39:36.681246+00:00,freq,1,0,550.0,550.0,1200.0,550.0,0,,,,
2026-09-29T10:39:36.681246+00:00,power,0,0,,,,,,1116265397406,669623356233,0.0,
2026-09-29T10:39:37.682026+00:00,freq,0,0,2500.0,4250.0,2500.0,900.0,0,,,,
2026-09-29T10:39:37.682026+00:00,freq,1,0,550.0,550.0,1200.0,550.0,0,,,,
2026-09-29T10:39:37.682026+00:00,power,0,0,,,,,,1116265397406,669624356964,0.0,
2026-09-29T10:39:38.682939+00:00,freq,0,0,2500.0,4250.0,2500.0,900.0,0,,,,
2026-09-29T10:39:38.682939+00:00,freq,1,0,550.0,550.0,1200.0,550.0,0,,,,
2026-09-29T10:39:38.682939+00:00,power,0,0,,,,,,1116265397406,669625357825,0.0,
2026-09-29T10:39:39.693927+00:00,freq,0,0,2500.0,4250.0,2500.0,900.0,0,,,,
2026-09-29T10:39:39.693927+00:00,freq,1,0,550.0,550.0,1200.0,550.0,0,,,,
2026-09-29T10:39:39.693927+00:00,power,0,0,,,,,,1116265397406,669626368853,0.0,
2026-09-29T10:39:40.681918+00:00,freq,0,0,2500.0,4250.0,2500.0,900.0,0,,,,
2026-09-29T10:39:40.681918+00:00,freq,1,0,550.0,550.0,1200.0,550.0,0,,,,
2026-09-29T10:39:40.681918+00:00,power,0,0,,,,,,1116265397406,669627356780,0.0,
2026-09-29T10:39:41.684435+00:00,freq,0,0,2500.0,4250.0,2500.0,900.0,0,,,,
2026-09-29T10:39:41.684435+00:00,freq,1,0,550.0,550.0,1200.0,550.0,0,,,,
2026-09-29T10:39:41.684435+00:00,power,0,0,,,,,,1116265397528,669628359314,0.00012169163340096197,
2026-09-29T10:39:42.699395+00:00,freq,0,0,2500.0,4250.0,2500.0,900.0,0,,,,
2026-09-29T10:39:42.699395+00:00,freq,1,0,550.0,550.0,1200.0,550.0,0,,,,
2026-09-29T10:39:42.699395+00:00,power,0,0,,,,,,1116265397528,669629374235,0.0,
2026-09-29T10:39:43.687018+00:00,freq,0,0,2500.0,4250.0,2500.0,900.0,0,,,,
2026-09-29T10:39:43.687018+00:00,freq,1,0,550.0,550.0,1200.0,550.0,0,,,,
2026-09-29T10:39:43.687018+00:00,power,0,0,,,,,,1116265397528,669630361724,0.0,
2026-09-29T10:39:44.700369+00:00,freq,0,0,2500.0,4250.0,2500.0,900.0,0,,,,
2026-09-29T10:39:44.700369+00:00,freq,1,0,550.0,550.0,1200.0,550.0,0,,,,
2026-09-29T10:39:44.700369+00:00,power,0,0,,,,,,1116265397528,669631375119,0.0,
2026-09-29T10:39:45.688181+00:00,freq,0,0,2500.0,4250.0,2500.0,900.0,0,,,,
2026-09-29T10:39:45.688181+00:00,freq,1,0,550.0,550.0,1200.0,550.0,0,,,,
2026-09-29T10:39:45.688181+00:00,power,0,0,,,,,,1116265397528,669632362935,0.0,
2026-09-29T10:39:46.689086+00:00,freq,0,0,2500.0,4250.0,2500.0,900.0,0,,,,
2026-09-29T10:39:46.689086+00:00,freq,1,0,550.0,550.0,1200.0,550.0,0,,,,
2026-09-29T10:39:46.689086+00:00,power,0,0,,,,,,1116265397528,669633363759,0.0,
2026-09-29T10:39:47.702506+00:00,freq,0,0,900.0,900.0,2500.0,900.0,0,,,,
2026-09-29T10:39:47.702506+00:00,freq,1,0,550.0,550.0,1200.0,550.0,0,,,,
2026-09-29T10:39:47.702506+00:00,power,0,0,,,,,,1116265398894,669634377339,0.001347698257660964,
2026-09-29T10:39:48.689679+00:00,freq,0,0,900.0,900.0,2500.0,900.0,0,,,,
2026-09-29T10:39:48.689679+00:00,freq,1,0,550.0,550.0,1200.0,550.0,0,,,,
2026-09-29T10:39:48.689679+00:00,power,0,0,,,,,,1116265398894,669635364153,0.0,
2026-09-29T10:39:49.702513+00:00,freq,0,0,900.0,900.0,2500.0,900.0,0,,,,
2026-09-29T10:39:49.702513+00:00,freq,1,0,550.0,550.0,1200.0,550.0,0,,,,
2026-09-29T10:39:49.702513+00:00,power,0,0,,,,,,1116265398894,669636377169,0.0,
2026-09-29T10:39:50.689049+00:00,freq,0,0,950.0,950.0,2500.0,900.0,0,,,,
2026-09-29T10:39:50.689049+00:00,freq,1,0,550.0,550.0,1200.0,550.0,0,,,,
2026-09-29T10:39:50.689049+00:00,power,0,0,,,,,,1116265398894,669637363650,0.0,
2026-09-29T10:39:51.693439+00:00,freq,0,0,900.0,900.0,2500.0,900.0,0,,,,
2026-09-29T10:39:51.693439+00:00,freq,1,0,550.0,550.0,1200.0,550.0,0,,,,
2026-09-29T10:39:51.693439+00:00,power,0,0,,,,,,1116265400748,669638368047,0.0018458836495927407,
2026-09-29T10:39:52.680355+00:00,freq,0,0,2500.0,4250.0,2500.0,900.0,0,,,,
2026-09-29T10:39:52.680355+00:00,freq,1,0,550.0,550.0,1200.0,550.0,0,,,,
2026-09-29T10:39:52.680355+00:00,power,0,0,,,,,,1116288109816,669639354843,23.01293073745739,
2026-09-29T10:39:53.686838+00:00,freq,0,0,2500.0,4250.0,2500.0,900.0,0,,,,
2026-09-29T10:39:53.686838+00:00,freq,1,0,550.0,550.0,1200.0,550.0,0,,,,
2026-09-29T10:39:53.686838+00:00,power,0,0,,,,,,1116311711767,669640361209,23.452651421053574,
2026-09-29T10:39:54.691251+00:00,freq,0,0,2500.0,4250.0,2500.0,900.0,0,,,,
2026-09-29T10:39:54.691251+00:00,freq,1,0,550.0,550.0,1200.0,550.0,0,,,,
2026-09-29T10:39:54.691251+00:00,power,0,0,,,,,,1116335337644,669641366011,23.512967728965506,
2026-09-29T10:39:55.678426+00:00,freq,0,0,2500.0,4250.0,2500.0,900.0,0,,,,
2026-09-29T10:39:55.678426+00:00,freq,1,0,550.0,550.0,1200.0,550.0,0,,,,
2026-09-29T10:39:55.678426+00:00,power,0,0,,,,,,1116358509908,669642352741,23.483895290505,
2026-09-29T10:39:56.686238+00:00,freq,0,0,2500.0,4250.0,2500.0,900.0,0,,,,
2026-09-29T10:39:56.686238+00:00,freq,1,0,550.0,550.0,1200.0,550.0,0,,,,
2026-09-29T10:39:56.686238+00:00,power,0,0,,,,,,1116382147625,669643360534,23.45493270939568,
2026-09-29T10:39:57.686882+00:00,freq,0,0,2500.0,4250.0,2500.0,900.0,0,,,,
2026-09-29T10:39:57.686882+00:00,freq,1,0,550.0,550.0,1200.0,550.0,0,,,,
2026-09-29T10:39:57.686882+00:00,power,0,0,,,,,,1116405599759,669644361222,23.43601002510273,
2026-09-29T10:39:58.702692+00:00,freq,0,0,2500.0,4250.0,2500.0,900.0,0,,,,
2026-09-29T10:39:58.702692+00:00,freq,1,0,550.0,550.0,1200.0,550.0,0,,,,
2026-09-29T10:39:58.702692+00:00,power,0,0,,,,,,1116419349354,669645377094,13.534771112896113,
2026-09-29T10:39:59.689630+00:00,freq,0,0,2500.0,4250.0,2500.0,900.0,0,,,,
2026-09-29T10:39:59.689630+00:00,freq,1,0,550.0,550.0,1200.0,550.0,0,,,,
2026-09-29T10:39:59.689630+00:00,power,0,0,,,,,,1116419349354,669646363983,0.0,
2026-09-29T10:40:00.694835+00:00,freq,0,0,2500.0,4250.0,2500.0,900.0,0,,,,
2026-09-29T10:40:00.694835+00:00,freq,1,0,550.0,550.0,1200.0,550.0,0,,,,
2026-09-29T10:40:00.694835+00:00,power,0,0,,,,,,1116419349354,669647369092,0.0,
2026-09-29T10:40:01.690567+00:00,freq,0,0,2500.0,4250.0,2500.0,900.0,0,,,,
2026-09-29T10:40:01.690567+00:00,freq,1,0,550.0,550.0,1200.0,550.0,0,,,,
2026-09-29T10:40:01.690567+00:00,power,0,0,,,,,,1116419349354,669648364801,0.0,
2026-09-29T10:40:02.688465+00:00,freq,0,0,2500.0,4250.0,2500.0,900.0,0,,,,
2026-09-29T10:40:02.688465+00:00,freq,1,0,550.0,550.0,1200.0,550.0,0,,,,
2026-09-29T10:40:02.688465+00:00,power,0,0,,,,,,1116419349354,669649362712,0.0,
2026-09-29T10:40:03.703976+00:00,freq,0,0,2500.0,4250.0,2500.0,900.0,0,,,,
2026-09-29T10:40:03.703976+00:00,freq,1,0,550.0,550.0,1200.0,550.0,0,,,,
2026-09-29T10:40:03.703976+00:00,power,0,0,,,,,,1116422383861,669650377977,2.9888817205360176,
2026-09-29T10:40:04.691165+00:00,freq,0,0,2500.0,4250.0,2500.0,900.0,0,,,,
2026-09-29T10:40:04.691165+00:00,freq,1,0,550.0,550.0,1200.0,550.0,0,,,,
2026-09-29T10:40:04.691165+00:00,power,0,0,,,,,,1116423589243,669651365429,1.2206993352588278,
2026-09-29T10:40:05.684179+00:00,freq,0,0,2500.0,4250.0,2500.0,900.0,0,,,,
2026-09-29T10:40:05.684179+00:00,freq,1,0,550.0,550.0,1200.0,550.0,0,,,,
2026-09-29T10:40:05.684179+00:00,power,0,0,,,,,,1116423591768,669652358185,0.0025434245675674586,
2026-09-29T10:40:06.685535+00:00,freq,0,0,2500.0,4250.0,2500.0,900.0,0,,,,
2026-09-29T10:40:06.685535+00:00,freq,1,0,550.0,550.0,1200.0,550.0,0,,,,
2026-09-29T10:40:06.685535+00:00,power,0,0,,,,,,1116423591768,669653359573,0.0,
2026-09-29T10:40:07.685623+00:00,freq,0,0,2500.0,4250.0,2500.0,900.0,0,,,,
2026-09-29T10:40:07.685623+00:00,freq,1,0,550.0,550.0,1200.0,550.0,0,,,,
2026-09-29T10:40:07.685623+00:00,power,0,0,,,,,,1116423600885,669654360194,0.009111341856706985,
2026-09-29T10:40:08.685812+00:00,freq,0,0,2500.0,4250.0,2500.0,900.0,0,,,,
2026-09-29T10:40:08.685812+00:00,freq,1,0,550.0,550.0,1200.0,550.0,0,,,,
2026-09-29T10:40:08.685812+00:00,power,0,0,,,,,,1116425653215,669655360785,2.0511177893864727,
2026-09-29T10:40:09.687469+00:00,freq,0,0,2500.0,4250.0,2500.0,900.0,0,,,,
2026-09-29T10:40:09.687469+00:00,freq,1,0,550.0,550.0,1200.0,550.0,0,,,,
2026-09-29T10:40:09.687469+00:00,power,0,0,,,,,,1116430203896,669656361445,4.547679531509204,
2026-09-29T10:40:10.698425+00:00,freq,0,0,2500.0,4250.0,2500.0,900.0,0,,,,
2026-09-29T10:40:10.698425+00:00,freq,1,0,550.0,550.0,1200.0,550.0,0,,,,
2026-09-29T10:40:10.698425+00:00,power,0,0,,,,,,1116434712036,669657372150,4.4603915088972546,
2026-09-29T10:40:11.693511+00:00,freq,0,0,2500.0,4250.0,2500.0,900.0,0,,,,
2026-09-29T10:40:11.693511+00:00,freq,1,0,550.0,550.0,1200.0,550.0,0,,,,
2026-09-29T10:40:11.693511+00:00,power,0,0,,,,,,1116439146079,669658367208,4.4560648726003915,
2026-09-29T10:40:12.689173+00:00,freq,0,0,2500.0,4250.0,2500.0,900.0,0,,,,
2026-09-29T10:40:12.689173+00:00,freq,1,0,550.0,550.0,1200.0,550.0,0,,,,
2026-09-29T10:40:12.689173+00:00,power,0,0,,,,,,1116443585433,669659362887,4.458619695705142,
2026-09-29T10:40:13.693800+00:00,freq,0,0,2500.0,4250.0,2500.0,900.0,0,,,,
2026-09-29T10:40:13.693800+00:00,freq,1,0,550.0,550.0,1200.0,550.0,0,,,,
2026-09-29T10:40:13.693800+00:00,power,0,0,,,,,,1116448044012,669660367481,4.438189955345145,
2026-09-29T10:40:14.689090+00:00,freq,0,0,2500.0,4250.0,2500.0,900.0,0,,,,
2026-09-29T10:40:14.689090+00:00,freq,1,0,550.0,550.0,1200.0,550.0,0,,,,
2026-09-29T10:40:14.689090+00:00,power,0,0,,,,,,1116452479436,669661362725,4.456619683213363,
2026-09-29T10:40:15.698860+00:00,freq,0,0,2500.0,4250.0,2500.0,900.0,0,,,,
2026-09-29T10:40:15.698860+00:00,freq,1,0,550.0,550.0,1200.0,550.0,0,,,,
2026-09-29T10:40:15.698860+00:00,power,0,0,,,,,,1116456983426,669662372465,4.460544298532295,
2026-09-29T10:40:16.690294+00:00,freq,0,0,2500.0,4250.0,2500.0,900.0,0,,,,
2026-09-29T10:40:16.690294+00:00,freq,1,0,550.0,550.0,1200.0,550.0,0,,,,
2026-09-29T10:40:16.690294+00:00,power,0,0,,,,,,1116461359975,669663363898,4.414366881070128,
2026-09-29T10:40:17.692304+00:00,freq,0,0,2500.0,4250.0,2500.0,900.0,0,,,,
2026-09-29T10:40:17.692304+00:00,freq,1,0,550.0,550.0,1200.0,550.0,0,,,,
2026-09-29T10:40:17.692304+00:00,power,0,0,,,,,,1116465152478,669664366117,3.784106068633702,
2026-09-29T10:40:18.687220+00:00,freq,0,0,2500.0,4250.0,2500.0,900.0,0,,,,
2026-09-29T10:40:18.687220+00:00,freq,1,0,550.0,550.0,1200.0,550.0,0,,,,
2026-09-29T10:40:18.687220+00:00,power,0,0,,,,,,1116465178441,669665361134,0.02609302152626538,
2026-09-29T10:40:19.700904+00:00,freq,0,0,2500.0,4250.0,2500.0,900.0,0,,,,
2026-09-29T10:40:19.700904+00:00,freq,1,0,550.0,550.0,1200.0,550.0,0,,,,
2026-09-29T10:40:19.700904+00:00,power,0,0,,,,,,1116465178441,669666374513,0.0,
2026-09-29T10:40:20.687960+00:00,freq,0,0,2500.0,4250.0,2500.0,900.0,0,,,,
2026-09-29T10:40:20.687960+00:00,freq,1,0,550.0,550.0,1200.0,550.0,0,,,,
2026-09-29T10:40:20.687960+00:00,power,0,0,,,,,,1116474971432,669667361639,9.920710223416261,
2026-09-29T10:40:21.693053+00:00,freq,0,0,2500.0,4250.0,2500.0,950.0,0,,,,
2026-09-29T10:40:21.693053+00:00,freq,1,0,550.0,550.0,1200.0,550.0,0,,,,
2026-09-29T10:40:21.693053+00:00,power,0,0,,,,,,1116474997029,669668366664,0.025469018183627273,
2026-09-29T10:40:22.678897+00:00,freq,0,0,2500.0,4250.0,2500.0,900.0,0,,,,
2026-09-29T10:40:22.678897+00:00,freq,1,0,550.0,550.0,1200.0,550.0,0,,,,
2026-09-29T10:40:22.678897+00:00,power,0,0,,,,,,1116474997395,669669353065,0.0003710458525488113,
2026-09-29T10:40:23.681807+00:00,freq,0,0,2500.0,4250.0,2500.0,900.0,0,,,,
2026-09-29T10:40:23.681807+00:00,freq,1,0,550.0,550.0,1200.0,550.0,0,,,,
2026-09-29T10:40:23.681807+00:00,power,0,0,,,,,,1116474997395,669670355420,0.0,
2026-09-29T10:40:24.696653+00:00,freq,0,0,2500.0,4250.0,2500.0,900.0,0,,,,
2026-09-29T10:40:24.696653+00:00,freq,1,0,550.0,550.0,1200.0,550.0,0,,,,
2026-09-29T10:40:24.696653+00:00,power,0,0,,,,,,1116474997395,669671370190,0.0,
2026-09-29T10:40:25.681982+00:00,freq,0,0,2500.0,4250.0,2500.0,900.0,0,,,,
2026-09-29T10:40:25.681982+00:00,freq,1,0,550.0,550.0,1200.0,550.0,0,,,,
2026-09-29T10:40:25.681982+00:00,power,0,0,,,,,,1116474997395,669672355812,0.0,
2026-09-29T10:40:26.687412+00:00,freq,0,0,2500.0,4250.0,2500.0,900.0,0,,,,
2026-09-29T10:40:26.687412+00:00,freq,1,0,550.0,550.0,1200.0,550.0,0,,,,
2026-09-29T10:40:26.687412+00:00,power,0,0,,,,,,1116474997700,669673360907,0.0003034539023674379,
2026-09-29T10:40:27.690579+00:00,freq,0,0,2500.0,4250.0,2500.0,900.0,0,,,,
2026-09-29T10:40:27.690579+00:00,freq,1,0,550.0,550.0,1200.0,550.0,0,,,,
2026-09-29T10:40:27.690579+00:00,power,0,0,,,,,,1116474999310,669674364175,0.0016047556585079958,
2026-09-29T10:40:28.692238+00:00,freq,0,0,2500.0,4250.0,2500.0,900.0,0,,,,
2026-09-29T10:40:28.692238+00:00,freq,1,0,550.0,550.0,1200.0,550.0,0,,,,
2026-09-29T10:40:28.692238+00:00,power,0,0,,,,,,1116474999310,669675365831,0.0,
2026-09-29T10:40:29.690104+00:00,freq,0,0,2500.0,4250.0,2500.0,900.0,0,,,,
2026-09-29T10:40:29.690104+00:00,freq,1,0,550.0,550.0,1200.0,550.0,0,,,,
2026-09-29T10:40:29.690104+00:00,power,0,0,,,,,,1116475000408,669676363556,0.0011005036457941817,
2026-09-29T10:40:30.694974+00:00,freq,0,0,2500.0,4250.0,2500.0,900.0,0,,,,
2026-09-29T10:40:30.694974+00:00,freq,1,0,550.0,550.0,1200.0,550.0,0,,,,
2026-09-29T10:40:30.694974+00:00,power,0,0,,,,,,1116475000408,669677368278,0.0,
2026-09-29T10:40:31.695365+00:00,freq,0,0,2500.0,4250.0,2500.0,900.0,0,,,,
2026-09-29T10:40:31.695365+00:00,freq,1,0,550.0,550.0,1200.0,550.0,0,,,,
2026-09-29T10:40:31.695365+00:00,power,0,0,,,,,,1116475000408,669678368838,0.0,
2026-09-29T10:40:32.682351+00:00,freq,0,0,2500.0,4250.0,2500.0,900.0,0,,,,
2026-09-29T10:40:32.682351+00:00,freq,1,0,550.0,550.0,1200.0,550.0,0,,,,
2026-09-29T10:40:32.682351+00:00,power,0,0,,,,,,1116475000408,669679355664,0.0,
2026-09-29T10:40:33.688128+00:00,freq,0,0,2500.0,4250.0,2500.0,900.0,0,,,,
2026-09-29T10:40:33.688128+00:00,freq,1,0,550.0,550.0,1200.0,550.0,0,,,,
2026-09-29T10:40:33.688128+00:00,power,0,0,,,,,,1116475000408,669680361344,0.0,
2026-09-29T10:40:34.693249+00:00,freq,0,0,2500.0,4250.0,2500.0,900.0,0,,,,
2026-09-29T10:40:34.693249+00:00,freq,1,0,550.0,550.0,1200.0,550.0,0,,,,
2026-09-29T10:40:34.693249+00:00,power,0,0,,,,,,1116475000530,669681366893,0.00012132675782085209,
2026-09-29T10:40:35.679203+00:00,freq,0,0,2500.0,4250.0,2500.0,900.0,0,,,,
2026-09-29T10:40:35.679203+00:00,freq,1,0,550.0,550.0,1200.0,550.0,0,,,,
2026-09-29T10:40:35.679203+00:00,power,0,0,,,,,,1116475000530,669682352675,0.0,
2026-09-29T10:40:36.685035+00:00,freq,0,0,2500.0,4250.0,2500.0,900.0,0,,,,
2026-09-29T10:40:36.685035+00:00,freq,1,0,550.0,550.0,1200.0,550.0,0,,,,
2026-09-29T10:40:36.685035+00:00,power,0,0,,,,,,1116475002079,669683358360,0.0015402437144831631,
2026-09-29T10:40:37.690418+00:00,freq,0,0,2500.0,4250.0,2500.0,900.0,0,,,,
2026-09-29T10:40:37.690418+00:00,freq,1,0,550.0,550.0,1200.0,550.0,0,,,,
2026-09-29T10:40:37.690418+00:00,power,0,0,,,,,,1116475002079,669684363609,0.0,
2026-09-29T10:40:38.690715+00:00,freq,0,0,2500.0,4250.0,2500.0,900.0,0,,,,
2026-09-29T10:40:38.690715+00:00,freq,1,0,550.0,550.0,1200.0,550.0,0,,,,
2026-09-29T10:40:38.690715+00:00,power,0,0,,,,,,1116475002506,669685364277,0.0004267149544104538,
2026-09-29T10:40:39.704947+00:00,freq,0,0,2500.0,4250.0,2500.0,900.0,0,,,,
2026-09-29T10:40:39.704947+00:00,freq,1,0,550.0,550.0,1200.0,550.0,0,,,,
2026-09-29T10:40:39.704947+00:00,power,0,0,,,,,,1116475002506,669686378124,0.0,
2026-09-29T10:40:40.692957+00:00,freq,0,0,2500.0,4250.0,2500.0,900.0,0,,,,
2026-09-29T10:40:40.692957+00:00,freq,1,0,550.0,550.0,1200.0,550.0,0,,,,
2026-09-29T10:40:40.692957+00:00,power,0,0,,,,,,1116475002506,669687366131,0.0,
2026-09-29T10:40:41.682460+00:00,freq,0,0,2500.0,4250.0,2500.0,900.0,0,,,,
2026-09-29T10:40:41.682460+00:00,freq,1,0,550.0,550.0,1200.0,550.0,0,,,,
2026-09-29T10:40:41.682460+00:00,power,0,0,,,,,,1116475002506,669688355581,0.0,
2026-09-29T10:40:42.684468+00:00,freq,0,0,2500.0,4250.0,2500.0,900.0,0,,,,
2026-09-29T10:40:42.684468+00:00,freq,1,0,550.0,550.0,1200.0,550.0,0,,,,
2026-09-29T10:40:42.684468+00:00,power,0,0,,,,,,1116475002506,669689357542,0.0,
2026-09-29T10:40:43.689482+00:00,freq,0,0,2500.0,4250.0,2500.0,900.0,0,,,,
2026-09-29T10:40:43.689482+00:00,freq,1,0,550.0,550.0,1200.0,550.0,0,,,,
2026-09-29T10:40:43.689482+00:00,power,0,0,,,,,,1116475002506,669690362639,0.0,
2026-09-29T10:40:44.690475+00:00,freq,0,0,2500.0,4250.0,2500.0,900.0,0,,,,
2026-09-29T10:40:44.690475+00:00,freq,1,0,550.0,550.0,1200.0,550.0,0,,,,
2026-09-29T10:40:44.690475+00:00,power,0,0,,,,,,1116475002506,669691363541,0.0,
2026-09-29T10:40:45.694043+00:00,freq,0,0,2500.0,4250.0,2500.0,900.0,0,,,,
2026-09-29T10:40:45.694043+00:00,freq,1,0,550.0,550.0,1200.0,550.0,0,,,,
2026-09-29T10:40:45.694043+00:00,power,0,0,,,,,,1116475002506,669692367088,0.0,
2026-09-29T10:40:46.679380+00:00,freq,0,0,2500.0,4250.0,2500.0,900.0,0,,,,
2026-09-29T10:40:46.679380+00:00,freq,1,0,550.0,550.0,1200.0,550.0,0,,,,
2026-09-29T10:40:46.679380+00:00,power,0,0,,,,,,1116475002506,669693352854,0.0,
2026-09-29T10:40:47.681819+00:00,freq,0,0,900.0,900.0,2500.0,900.0,0,,,,
2026-09-29T10:40:47.681819+00:00,freq,1,0,550.0,550.0,1200.0,550.0,0,,,,
2026-09-29T10:40:47.681819+00:00,power,0,0,,,,,,1116475002567,669694354800,6.088152455321943e-05,
2026-09-29T10:40:48.698629+00:00,freq,0,0,900.0,900.0,2500.0,900.0,0,,,,
2026-09-29T10:40:48.698629+00:00,freq,1,0,550.0,550.0,1200.0,550.0,0,,,,
2026-09-29T10:40:48.698629+00:00,power,0,0,,,,,,1116475002567,669695371561,0.0,
2026-09-29T10:40:49.685145+00:00,freq,0,0,900.0,900.0,2500.0,900.0,0,,,,
2026-09-29T10:40:49.685145+00:00,freq,1,0,550.0,550.0,1200.0,550.0,0,,,,
2026-09-29T10:40:49.685145+00:00,power,0,0,,,,,,1116475002567,669696358064,0.0,
2026-09-29T10:40:50.690278+00:00,freq,0,0,900.0,900.0,2500.0,900.0,0,,,,
2026-09-29T10:40:50.690278+00:00,freq,1,0,550.0,550.0,1200.0,550.0,0,,,,
2026-09-29T10:40:50.690278+00:00,power,0,0,,,,,,1116475002567,669697363019,0.0,
2026-09-29T10:40:51.695224+00:00,freq,0,0,900.0,900.0,2500.0,900.0,0,,,,
2026-09-29T10:40:51.695224+00:00,freq,1,0,550.0,550.0,1200.0,550.0,0,,,,
2026-09-29T10:40:51.695224+00:00,power,0,0,,,,,,1116475002567,669698368068,0.0,
2026-09-29T10:40:52.681203+00:00,freq,0,0,900.0,900.0,2500.0,900.0,0,,,,
2026-09-29T10:40:52.681203+00:00,freq,1,0,550.0,550.0,1200.0,550.0,0,,,,
2026-09-29T10:40:52.681203+00:00,power,0,0,,,,,,1116475002567,669699354105,0.0,
2026-09-29T10:40:53.696754+00:00,freq,0,0,900.0,900.0,2500.0,900.0,0,,,,
2026-09-29T10:40:53.696754+00:00,freq,1,0,550.0,550.0,1200.0,550.0,0,,,,
2026-09-29T10:40:53.696754+00:00,power,0,0,,,,,,1116475002567,669700369515,0.0,
2026-09-29T10:40:54.688231+00:00,freq,0,0,900.0,900.0,2500.0,900.0,0,,,,
2026-09-29T10:40:54.688231+00:00,freq,1,0,550.0,550.0,1200.0,550.0,0,,,,
2026-09-29T10:40:54.688231+00:00,power,0,0,,,,,,1116475002567,669701361015,0.0,
2026-09-29T10:40:55.691824+00:00,freq,0,0,900.0,900.0,2500.0,900.0,0,,,,
2026-09-29T10:40:55.691824+00:00,freq,1,0,550.0,550.0,1200.0,550.0,0,,,,
2026-09-29T10:40:55.691824+00:00,power,0,0,,,,,,1116475002567,669702364517,0.0,
2026-09-29T10:40:56.680928+00:00,freq,0,0,900.0,900.0,2500.0,900.0,0,,,,
2026-09-29T10:40:56.680928+00:00,freq,1,0,550.0,550.0,1200.0,550.0,0,,,,
2026-09-29T10:40:56.680928+00:00,power,0,0,,,,,,1116475002567,669703353651,0.0,
2026-09-29T10:40:57.684393+00:00,freq,0,0,900.0,900.0,2500.0,900.0,0,,,,
2026-09-29T10:40:57.684393+00:00,freq,1,0,550.0,550.0,1200.0,550.0,0,,,,
2026-09-29T10:40:57.684393+00:00,power,0,0,,,,,,1116475002567,669704357021,0.0,
2026-09-29T10:40:58.697975+00:00,freq,0,0,900.0,900.0,2500.0,900.0,0,,,,
2026-09-29T10:40:58.697975+00:00,freq,1,0,550.0,550.0,1200.0,550.0,0,,,,
2026-09-29T10:40:58.697975+00:00,power,0,0,,,,,,1116475002567,669705370614,0.0,
2026-09-29T10:40:59.691552+00:00,freq,0,0,900.0,900.0,2500.0,900.0,0,,,,
2026-09-29T10:40:59.691552+00:00,freq,1,0,550.0,550.0,1200.0,550.0,0,,,,
2026-09-29T10:40:59.691552+00:00,power,0,0,,,,,,1116475002567,669706364184,0.0,
2026-09-29T10:41:00.707028+00:00,freq,0,0,900.0,900.0,2500.0,900.0,0,,,,
2026-09-29T10:41:00.707028+00:00,freq,1,0,550.0,550.0,1200.0,550.0,0,,,,
2026-09-29T10:41:00.707028+00:00,power,0,0,,,,,,1116475002567,669707379562,0.0,
2026-09-29T10:41:01.695805+00:00,freq,0,0,900.0,900.0,2500.0,900.0,0,,,,
2026-09-29T10:41:01.695805+00:00,freq,1,0,550.0,550.0,1200.0,550.0,0,,,,
2026-09-29T10:41:01.695805+00:00,power,0,0,,,,,,1116475002567,669708368255,0.0,
2026-09-29T10:41:02.685877+00:00,freq,0,0,900.0,900.0,2500.0,900.0,0,,,,
2026-09-29T10:41:02.685877+00:00,freq,1,0,550.0,550.0,1200.0,550.0,0,,,,
2026-09-29T10:41:02.685877+00:00,power,0,0,,,,,,1116475002567,669709358429,0.0,
2026-09-29T10:41:03.691472+00:00,freq,0,0,900.0,900.0,2500.0,900.0,0,,,,
2026-09-29T10:41:03.691472+00:00,freq,1,0,550.0,550.0,1200.0,550.0,0,,,,
2026-09-29T10:41:03.691472+00:00,power,0,0,,,,,,1116475002567,669710363973,0.0,
2026-09-29T10:41:04.693642+00:00,freq,0,0,900.0,900.0,2500.0,900.0,0,,,,
2026-09-29T10:41:04.693642+00:00,freq,1,0,550.0,550.0,1200.0,550.0,0,,,,
2026-09-29T10:41:04.693642+00:00,power,0,0,,,,,,1116475002567,669711366108,0.0,
2026-09-29T10:41:05.683430+00:00,freq,0,0,2500.0,4250.0,2500.0,900.0,0,,,,
2026-09-29T10:41:05.683430+00:00,freq,1,0,550.0,550.0,1200.0,550.0,0,,,,
2026-09-29T10:41:05.683430+00:00,power,0,0,,,,,,1116476160366,669712355742,1.1699264576601047,
2026-09-29T10:41:06.693534+00:00,freq,0,0,2150.0,4250.0,2150.0,900.0,2,,,,
2026-09-29T10:41:06.693534+00:00,freq,1,0,550.0,550.0,1200.0,550.0,0,,,,
2026-09-29T10:41:06.693534+00:00,power,0,0,,,,,,1116507940699,669713365819,31.463277552107414,
2026-09-29T10:41:07.688113+00:00,freq,0,0,2500.0,4250.0,2450.0,900.0,0,,,,
2026-09-29T10:41:07.688113+00:00,freq,1,0,550.0,550.0,1200.0,550.0,0,,,,
2026-09-29T10:41:07.688113+00:00,power,0,0,,,,,,1116540372606,669714360366,32.60972784594393,
2026-09-29T10:41:08.703145+00:00,freq,0,0,2500.0,4250.0,2500.0,900.0,0,,,,
2026-09-29T10:41:08.703145+00:00,freq,1,0,550.0,550.0,1200.0,550.0,0,,,,
2026-09-29T10:41:08.703145+00:00,power,0,0,,,,,,1116573612886,669715375323,32.75043179169167,
2026-09-29T10:41:09.688509+00:00,freq,0,0,2400.0,4250.0,2400.0,900.0,2,,,,
2026-09-29T10:41:09.688509+00:00,freq,1,0,550.0,550.0,1200.0,550.0,0,,,,
2026-09-29T10:41:09.688509+00:00,power,0,0,,,,,,1116605537446,669716360881,32.39237061644266,
2026-09-29T10:41:10.690836+00:00,freq,0,0,2500.0,4250.0,2500.0,900.0,0,,,,
2026-09-29T10:41:10.690836+00:00,freq,1,0,550.0,550.0,1200.0,550.0,0,,,,
2026-09-29T10:41:10.690836+00:00,power,0,0,,,,,,1116636794792,669717363052,31.189633306092475,
2026-09-29T10:41:11.699563+00:00,freq,0,0,2500.0,4250.0,2500.0,900.0,0,,,,
2026-09-29T10:41:11.699563+00:00,freq,1,0,550.0,550.0,1200.0,550.0,0,,,,
2026-09-29T10:41:11.699563+00:00,power,0,0,,,,,,1116668594656,669718371571,31.53124928732131,
2026-09-29T10:41:12.700351+00:00,freq,0,0,2500.0,4250.0,2500.0,900.0,0,,,,
2026-09-29T10:41:12.700351+00:00,freq,1,0,550.0,550.0,1200.0,550.0,0,,,,
2026-09-29T10:41:12.700351+00:00,power,0,0,,,,,,1116698982801,669719372309,30.36573508750542,
2026-09-29T10:41:13.699678+00:00,freq,0,0,2250.0,4250.0,2200.0,900.0,2,,,,
2026-09-29T10:41:13.699678+00:00,freq,1,0,550.0,550.0,1200.0,550.0,0,,,,
2026-09-29T10:41:13.699678+00:00,power,0,0,,,,,,1116729026196,669720371620,30.06410917121897,
2026-09-29T10:41:14.689587+00:00,freq,0,0,2350.0,4250.0,2350.0,900.0,2,,,,
2026-09-29T10:41:14.689587+00:00,freq,1,0,550.0,550.0,1200.0,550.0,0,,,,
2026-09-29T10:41:14.689587+00:00,power,0,0,,,,,,1116758616025,669721361485,29.89279245149591,
2026-09-29T10:41:15.695188+00:00,freq,0,0,2500.0,4250.0,2500.0,900.0,0,,,,
2026-09-29T10:41:15.695188+00:00,freq,1,0,550.0,550.0,1200.0,550.0,0,,,,
2026-09-29T10:41:15.695188+00:00,power,0,0,,,,,,1116787447896,669722367221,28.66743459516215,
2026-09-29T10:41:16.685422+00:00,freq,0,0,2500.0,4250.0,2500.0,900.0,0,,,,
2026-09-29T10:41:16.685422+00:00,freq,1,0,550.0,550.0,1200.0,600.0,0,,,,
2026-09-29T10:41:16.685422+00:00,power,0,0,,,,,,1116816017376,669723357484,28.850396308859363,
2026-09-29T10:41:17.687803+00:00,freq,0,0,2500.0,4250.0,2500.0,900.0,0,,,,
2026-09-29T10:41:17.687803+00:00,freq,1,0,550.0,550.0,1200.0,550.0,0,,,,
2026-09-29T10:41:17.687803+00:00,power,0,0,,,,,,1116844403385,669724359757,28.321633926086008,
2026-09-29T10:41:18.688809+00:00,freq,0,0,2500.0,4250.0,2500.0,900.0,0,,,,
2026-09-29T10:41:18.688809+00:00,freq,1,0,550.0,550.0,1200.0,550.0,0,,,,
2026-09-29T10:41:18.688809+00:00,power,0,0,,,,,,1116871855617,669725360853,27.42217729368612,
2026-09-29T10:41:19.701520+00:00,freq,0,0,2400.0,4250.0,2400.0,900.0,2,,,,
2026-09-29T10:41:19.701520+00:00,freq,1,0,550.0,550.0,1200.0,550.0,0,,,,
2026-09-29T10:41:19.701520+00:00,power,0,0,,,,,,1116898260241,669726373319,26.07951674426598,
2026-09-29T10:41:20.701671+00:00,freq,0,0,2200.0,4250.0,2200.0,900.0,2,,,,
2026-09-29T10:41:20.701671+00:00,freq,1,0,550.0,550.0,1200.0,550.0,0,,,,
2026-09-29T10:41:20.701671+00:00,power,0,0,,,,,,1116924870310,669727373317,26.610122220244442,
2026-09-29T10:41:21.688234+00:00,freq,0,0,2450.0,4250.0,2450.0,900.0,2,,,,
2026-09-29T10:41:21.688234+00:00,freq,1,0,550.0,550.0,1200.0,600.0,0,,,,
2026-09-29T10:41:21.688234+00:00,power,0,0,,,,,,1116950310617,669728359962,25.784661149653623,
2026-09-29T10:41:22.690231+00:00,freq,0,0,2500.0,4250.0,2500.0,900.0,0,,,,
2026-09-29T10:41:22.690231+00:00,freq,1,0,600.0,600.0,1200.0,600.0,0,,,,
2026-09-29T10:41:22.690231+00:00,power,0,0,,,,,,1116976022371,669729361901,25.661995390936973,
2026-09-29T10:41:23.696720+00:00,freq,0,0,2500.0,4250.0,2500.0,900.0,0,,,,
2026-09-29T10:41:23.696720+00:00,freq,1,0,600.0,600.0,1200.0,600.0,0,,,,
2026-09-29T10:41:23.696720+00:00,power,0,0,,,,,,1117000973260,669730368440,24.788795069043523,
2026-09-29T10:41:24.685836+00:00,freq,0,0,2450.0,4250.0,2400.0,900.0,2,,,,
2026-09-29T10:41:24.685836+00:00,freq,1,0,550.0,550.0,1200.0,550.0,0,,,,
2026-09-29T10:41:24.685836+00:00,power,0,0,,,,,,1117025523759,669731357808,24.81432490236191,
2026-09-29T10:41:25.691433+00:00,freq,0,0,2500.0,4250.0,2500.0,900.0,0,,,,
2026-09-29T10:41:25.691433+00:00,freq,1,0,550.0,550.0,1200.0,600.0,0,,,,
2026-09-29T10:41:25.691433+00:00,power,0,0,,,,,,1117050260781,669732363365,24.60031803269233,
2026-09-29T10:41:26.692346+00:00,freq,0,0,2500.0,4250.0,2500.0,900.0,0,,,,
2026-09-29T10:41:26.692346+00:00,freq,1,0,550.0,550.0,1200.0,600.0,0,,,,
2026-09-29T10:41:26.692346+00:00,power,0,0,,,,,,1117074868836,669733364627,24.577038777063347,
2026-09-29T10:41:27.679873+00:00,freq,0,0,2300.0,4250.0,2300.0,900.0,2,,,,
2026-09-29T10:41:27.679873+00:00,freq,1,0,550.0,550.0,1200.0,550.0,0,,,,
2026-09-29T10:41:27.679873+00:00,power,0,0,,,,,,1117097893394,669734351464,23.33167280918733,
2026-09-29T10:41:28.692940+00:00,freq,0,0,2450.0,4250.0,2500.0,900.0,2,,,,
2026-09-29T10:41:28.692940+00:00,freq,1,0,600.0,600.0,1200.0,600.0,0,,,,
2026-09-29T10:41:28.692940+00:00,power,0,0,,,,,,1117120794295,669735364594,22.60410904819717,
2026-09-29T10:41:29.692620+00:00,freq,0,0,2500.0,4250.0,2500.0,900.0,0,,,,
2026-09-29T10:41:29.692620+00:00,freq,1,0,600.0,600.0,1200.0,600.0,0,,,,
2026-09-29T10:41:29.692620+00:00,power,0,0,,,,,,1117143571356,669736364138,22.787452078147634,
2026-09-29T10:41:30.697980+00:00,freq,0,0,2500.0,4250.0,2500.0,900.0,0,,,,
2026-09-29T10:41:30.697980+00:00,freq,1,0,600.0,600.0,1200.0,600.0,0,,,,
2026-09-29T10:41:30.697980+00:00,power,0,0,,,,,,1117166796599,669737369451,23.102499420578468,
2026-09-29T10:41:31.685791+00:00,freq,0,0,2500.0,4250.0,2500.0,900.0,0,,,,
2026-09-29T10:41:31.685791+00:00,freq,1,0,600.0,600.0,1200.0,600.0,0,,,,
2026-09-29T10:41:31.685791+00:00,power,0,0,,,,,,1117189718618,669738357221,23.205826255099872,
2026-09-29T10:41:32.687034+00:00,freq,0,0,2450.0,4250.0,2450.0,900.0,2,,,,
2026-09-29T10:41:32.687034+00:00,freq,1,0,600.0,600.0,1200.0,600.0,0,,,,
2026-09-29T10:41:32.687034+00:00,power,0,0,,,,,,1117212151953,669739358657,22.40116692429671,
2026-09-29T10:41:33.691559+00:00,freq,0,0,2500.0,4250.0,2500.0,900.0,0,,,,
2026-09-29T10:41:33.691559+00:00,freq,1,0,600.0,600.0,1200.0,600.0,0,,,,
2026-09-29T10:41:33.691559+00:00,power,0,0,,,,,,1117234626096,669740363020,22.376514268247636,
2026-09-29T10:41:34.694103+00:00,freq,0,0,2200.0,4250.0,2200.0,900.0,2,,,,
2026-09-29T10:41:34.694103+00:00,freq,1,0,600.0,600.0,1200.0,600.0,0,,,,
2026-09-29T10:41:34.694103+00:00,power,0,0,,,,,,1117256575582,669741365570,21.893657174205774,
2026-09-29T10:41:35.683290+00:00,freq,0,0,2500.0,4250.0,2500.0,900.0,0,,,,
2026-09-29T10:41:35.683290+00:00,freq,1,0,600.0,600.0,1200.0,600.0,0,,,,
2026-09-29T10:41:35.683290+00:00,power,0,0,,,,,,1117278361883,669742354882,22.021668593931945,
2026-09-29T10:41:36.691050+00:00,freq,0,0,2500.0,4250.0,2500.0,900.0,0,,,,
2026-09-29T10:41:36.691050+00:00,freq,1,0,600.0,600.0,1200.0,600.0,0,,,,
2026-09-29T10:41:36.691050+00:00,power,0,0,,,,,,1117301266752,669743362546,22.73066121246765,
2026-09-29T10:41:37.691669+00:00,freq,0,0,2500.0,4250.0,2500.0,900.0,0,,,,
2026-09-29T10:41:37.691669+00:00,freq,1,0,600.0,600.0,1200.0,600.0,0,,,,
2026-09-29T10:41:37.691669+00:00,power,0,0,,,,,,1117323348707,669744363384,22.063465815646488,
2026-09-29T10:41:38.696096+00:00,freq,0,0,2500.0,4250.0,2500.0,900.0,0,,,,
2026-09-29T10:41:38.696096+00:00,freq,1,0,600.0,600.0,1200.0,600.0,0,,,,
2026-09-29T10:41:38.696096+00:00,power,0,0,,,,,,1117345168347,669745367436,21.73158362315896,
2026-09-29T10:41:39.694040+00:00,freq,0,0,2500.0,4250.0,2500.0,900.0,0,,,,
2026-09-29T10:41:39.694040+00:00,freq,1,0,600.0,600.0,1200.0,600.0,0,,,,
2026-09-29T10:41:39.694040+00:00,power,0,0,,,,,,1117366749973,669746365437,21.62485408331254,
2026-09-29T10:41:40.682247+00:00,freq,0,0,2500.0,4250.0,2500.0,900.0,0,,,,
2026-09-29T10:41:40.682247+00:00,freq,1,0,600.0,600.0,1200.0,600.0,0,,,,
2026-09-29T10:41:40.682247+00:00,power,0,0,,,,,,1117388206904,669747353611,21.713717422235355,
2026-09-29T10:41:41.697072+00:00,freq,0,0,2500.0,4250.0,2500.0,900.0,0,,,,
2026-09-29T10:41:41.697072+00:00,freq,1,0,600.0,600.0,1200.0,600.0,0,,,,
2026-09-29T10:41:41.697072+00:00,power,0,0,,,,,,1117410175921,669748368479,21.64716692220072,
2026-09-29T10:41:42.686161+00:00,freq,0,0,2500.0,4250.0,2500.0,900.0,0,,,,
2026-09-29T10:41:42.686161+00:00,freq,1,0,600.0,600.0,1200.0,600.0,0,,,,
2026-09-29T10:41:42.686161+00:00,power,0,0,,,,,,1117431641520,669749357494,21.704017633706265,
2026-09-29T10:41:43.689268+00:00,freq,0,0,2500.0,4250.0,2500.0,900.0,0,,,,
2026-09-29T10:41:43.689268+00:00,freq,1,0,600.0,600.0,1200.0,600.0,0,,,,
2026-09-29T10:41:43.689268+00:00,power,0,0,,,,,,1117453303713,669750360486,21.59757306140029,
2026-09-29T10:41:44.693420+00:00,freq,0,0,2500.0,4250.0,2500.0,900.0,0,,,,
2026-09-29T10:41:44.693420+00:00,freq,1,0,600.0,600.0,1200.0,600.0,0,,,,
2026-09-29T10:41:44.693420+00:00,power,0,0,,,,,,1117475023523,669751364761,21.62735306564437,
2026-09-29T10:41:45.684514+00:00,freq,0,0,2500.0,4250.0,2500.0,900.0,0,,,,
2026-09-29T10:41:45.684514+00:00,freq,1,0,600.0,600.0,1200.0,600.0,0,,,,
2026-09-29T10:41:45.684514+00:00,power,0,0,,,,,,1117496402451,669752355702,21.57437021982136,
2026-09-29T10:41:46.689697+00:00,freq,0,0,2500.0,4250.0,2500.0,900.0,0,,,,
2026-09-29T10:41:46.689697+00:00,freq,1,0,600.0,600.0,1200.0,600.0,0,,,,
2026-09-29T10:41:46.689697+00:00,power,0,0,,,,,,1117518183602,669753360941,21.66763426409043,
2026-09-29T10:41:47.701341+00:00,freq,0,0,2500.0,4250.0,2500.0,900.0,0,,,,
2026-09-29T10:41:47.701341+00:00,freq,1,0,600.0,600.0,1200.0,600.0,0,,,,
2026-09-29T10:41:47.701341+00:00,power,0,0,,,,,,1117540048859,669754372530,21.61476350573207,
2026-09-29T10:41:48.697660+00:00,freq,0,0,2500.0,4250.0,2500.0,900.0,0,,,,
2026-09-29T10:41:48.697660+00:00,freq,1,0,600.0,600.0,1200.0,600.0,0,,,,
2026-09-29T10:41:48.697660+00:00,power,0,0,,,,,,1117561603264,669755368584,21.639795633570067,
2026-09-29T10:41:49.695546+00:00,freq,0,0,2500.0,4250.0,2500.0,900.0,0,,,,
2026-09-29T10:41:49.695546+00:00,freq,1,0,600.0,600.0,1200.0,600.0,0,,,,
2026-09-29T10:41:49.695546+00:00,power,0,0,,,,,,1117583130509,669756366581,21.57045061257699,
2026-09-29T10:41:50.683528+00:00,freq,0,0,2500.0,4250.0,2500.0,900.0,0,,,,
2026-09-29T10:41:50.683528+00:00,freq,1,0,600.0,600.0,1200.0,600.0,0,,,,
2026-09-29T10:41:50.683528+00:00,power,0,0,,,,,,1117604568154,669757354562,21.69843853272482,
2026-09-29T10:41:51.688917+00:00,freq,0,0,2500.0,4250.0,2500.0,900.0,0,,,,
2026-09-29T10:41:51.688917+00:00,freq,1,0,600.0,600.0,1200.0,600.0,0,,,,
2026-09-29T10:41:51.688917+00:00,power,0,0,,,,,,1117626366615,669758359907,21.682567675772994,
2026-09-29T10:41:52.694477+00:00,freq,0,0,2500.0,4250.0,2500.0,900.0,0,,,,
2026-09-29T10:41:52.694477+00:00,freq,1,0,600.0,600.0,1200.0,600.0,0,,,,
2026-09-29T10:41:52.694477+00:00,power,0,0,,,,,,1117648264549,669759365520,21.775706956851195,
2026-09-29T10:41:53.682864+00:00,freq,0,0,2500.0,4250.0,2500.0,900.0,0,,,,
2026-09-29T10:41:53.682864+00:00,freq,1,0,600.0,600.0,1200.0,600.0,0,,,,
2026-09-29T10:41:53.682864+00:00,power,0,0,,,,,,1117669651741,669760353731,21.642333469269214,
2026-09-29T10:41:54.685330+00:00,freq,0,0,2500.0,4250.0,2500.0,900.0,0,,,,
2026-09-29T10:41:54.685330+00:00,freq,1,0,600.0,600.0,1200.0,600.0,0,,,,
2026-09-29T10:41:54.685330+00:00,power,0,0,,,,,,1117691264190,669761356302,21.55702588644595,
2026-09-29T10:41:55.688263+00:00,freq,0,0,2500.0,4250.0,2500.0,900.0,0,,,,
2026-09-29T10:41:55.688263+00:00,freq,1,0,600.0,600.0,1200.0,600.0,0,,,,
2026-09-29T10:41:55.688263+00:00,power,0,0,,,,,,1117712851188,669762359149,21.52571429141235,
2026-09-29T10:41:56.689131+00:00,freq,0,0,2500.0,4250.0,2500.0,900.0,0,,,,
2026-09-29T10:41:56.689131+00:00,freq,1,0,600.0,600.0,1200.0,600.0,0,,,,
2026-09-29T10:41:56.689131+00:00,power,0,0,,,,,,1117734424330,669763360030,21.554152791390784,
2026-09-29T10:41:57.691610+00:00,freq,0,0,2500.0,4250.0,2500.0,900.0,0,,,,
2026-09-29T10:41:57.691610+00:00,freq,1,0,600.0,600.0,1200.0,600.0,0,,,,
2026-09-29T10:41:57.691610+00:00,power,0,0,,,,,,1117756056700,669764362526,21.5785100389428,
2026-09-29T10:41:58.696690+00:00,freq,0,0,2500.0,4250.0,2500.0,900.0,0,,,,
2026-09-29T10:41:58.696690+00:00,freq,1,0,600.0,600.0,1200.0,600.0,0,,,,
2026-09-29T10:41:58.696690+00:00,power,0,0,,,,,,1117777754049,669765367618,21.587425827685426,
2026-09-29T10:41:59.688118+00:00,freq,0,0,2500.0,4250.0,2500.0,900.0,0,,,,
2026-09-29T10:41:59.688118+00:00,freq,1,0,600.0,600.0,1200.0,600.0,0,,,,
2026-09-29T10:41:59.688118+00:00,power,0,0,,,,,,1117799102559,669766358868,21.536958385876417,
2026-09-29T10:42:00.703614+00:00,freq,0,0,2500.0,4250.0,2500.0,900.0,0,,,,
2026-09-29T10:42:00.703614+00:00,freq,1,0,600.0,600.0,1200.0,600.0,0,,,,
2026-09-29T10:42:00.703614+00:00,power,0,0,,,,,,1117820987798,669767374301,21.552617454819767,
2026-09-29T10:42:01.689910+00:00,freq,0,0,2500.0,4250.0,2500.0,900.0,0,,,,
2026-09-29T10:42:01.689910+00:00,freq,1,0,600.0,600.0,1200.0,600.0,0,,,,
2026-09-29T10:42:01.689910+00:00,power,0,0,,,,,,1117842255032,669768360486,21.565156638967334,
2026-09-29T10:42:02.691137+00:00,freq,0,0,2500.0,4250.0,2500.0,900.0,0,,,,
2026-09-29T10:42:02.691137+00:00,freq,1,0,600.0,600.0,1200.0,600.0,0,,,,
2026-09-29T10:42:02.691137+00:00,power,0,0,,,,,,1117863878651,669769361901,21.593064813289196,
2026-09-29T10:42:03.692128+00:00,freq,0,0,2500.0,4250.0,2500.0,900.0,0,,,,
2026-09-29T10:42:03.692128+00:00,freq,1,0,600.0,600.0,1200.0,600.0,0,,,,
2026-09-29T10:42:03.692128+00:00,power,0,0,,,,,,1117885482410,669770362859,21.583082407054043,
2026-09-29T10:42:04.697672+00:00,freq,0,0,2500.0,4250.0,2500.0,900.0,0,,,,
2026-09-29T10:42:04.697672+00:00,freq,1,0,600.0,600.0,1200.0,600.0,0,,,,
2026-09-29T10:42:04.697672+00:00,power,0,0,,,,,,1117907222606,669771368270,21.62319290320078,
2026-09-29T10:42:05.686435+00:00,freq,0,0,2500.0,4250.0,2500.0,900.0,0,,,,
2026-09-29T10:42:05.686435+00:00,freq,1,0,600.0,600.0,1200.0,600.0,0,,,,
2026-09-29T10:42:05.686435+00:00,power,0,0,,,,,,1117928601680,669772357046,21.621756596033883,
2026-09-29T10:42:06.689994+00:00,freq,0,0,2500.0,4250.0,2500.0,900.0,0,,,,
2026-09-29T10:42:06.689994+00:00,freq,1,0,600.0,600.0,1200.0,600.0,0,,,,
2026-09-29T10:42:06.689994+00:00,power,0,0,,,,,,1117946569293,669773360707,17.902073508883976,
2026-09-29T10:42:07.694297+00:00,freq,0,0,2500.0,4250.0,2500.0,900.0,0,,,,
2026-09-29T10:42:07.694297+00:00,freq,1,0,600.0,600.0,1200.0,600.0,0,,,,
2026-09-29T10:42:07.694297+00:00,power,0,0,,,,,,1117946569293,669774365052,0.0,
2026-09-29T10:42:08.689956+00:00,freq,0,0,2500.0,4250.0,2500.0,900.0,0,,,,
2026-09-29T10:42:08.689956+00:00,freq,1,0,600.0,600.0,1200.0,600.0,0,,,,
2026-09-29T10:42:08.689956+00:00,power,0,0,,,,,,1117946569293,669775360580,0.0,
2026-09-29T10:42:09.697783+00:00,freq,0,0,2500.0,4250.0,2500.0,900.0,0,,,,
2026-09-29T10:42:09.697783+00:00,freq,1,0,600.0,600.0,1200.0,600.0,0,,,,
2026-09-29T10:42:09.697783+00:00,power,0,0,,,,,,1117946569354,669776368341,6.0530224924362025e-05,
2026-09-29T10:42:10.698916+00:00,freq,0,0,2500.0,4250.0,2500.0,900.0,0,,,,
2026-09-29T10:42:10.698916+00:00,freq,1,0,600.0,600.0,1200.0,600.0,0,,,,
2026-09-29T10:42:10.698916+00:00,power,0,0,,,,,,1117946569415,669777369503,6.092920026928709e-05,
2026-09-29T10:42:11.688211+00:00,freq,0,0,2500.0,4250.0,2500.0,900.0,0,,,,
2026-09-29T10:42:11.688211+00:00,freq,1,0,600.0,600.0,1200.0,600.0,0,,,,
2026-09-29T10:42:11.688211+00:00,power,0,0,,,,,,1117946569415,669778358794,0.0,
2026-09-29T10:42:12.689528+00:00,freq,0,0,2500.0,4250.0,2500.0,900.0,0,,,,
2026-09-29T10:42:12.689528+00:00,freq,1,0,600.0,600.0,1200.0,600.0,0,,,,
2026-09-29T10:42:12.689528+00:00,power,0,0,,,,,,1117946569415,669779360076,0.0,
2026-09-29T10:42:13.694284+00:00,freq,0,0,2500.0,4250.0,2500.0,900.0,0,,,,
2026-09-29T10:42:13.694284+00:00,freq,1,0,600.0,600.0,1200.0,600.0,0,,,,
2026-09-29T10:42:13.694284+00:00,power,0,0,,,,,,1117946569415,669780364840,0.0,
2026-09-29T10:42:14.682137+00:00,freq,0,0,2500.0,4250.0,2500.0,900.0,0,,,,
2026-09-29T10:42:14.682137+00:00,freq,1,0,600.0,600.0,1200.0,600.0,0,,,,
2026-09-29T10:42:14.682137+00:00,power,0,0,,,,,,1117946569415,669781352580,0.0,
2026-09-29T10:42:15.686067+00:00,freq,0,0,2500.0,4250.0,2500.0,900.0,0,,,,
2026-09-29T10:42:15.686067+00:00,freq,1,0,600.0,600.0,1200.0,600.0,0,,,,
2026-09-29T10:42:15.686067+00:00,power,0,0,,,,,,1117946569415,669782356513,0.0,
2026-09-29T10:42:16.699664+00:00,freq,0,0,2500.0,4250.0,2500.0,900.0,0,,,,
2026-09-29T10:42:16.699664+00:00,freq,1,0,600.0,600.0,1200.0,600.0,0,,,,
2026-09-29T10:42:16.699664+00:00,power,0,0,,,,,,1117946569415,669783369913,0.0,
2026-09-29T10:42:17.686663+00:00,freq,0,0,950.0,950.0,2500.0,900.0,0,,,,
2026-09-29T10:42:17.686663+00:00,freq,1,0,600.0,600.0,1200.0,550.0,0,,,,
2026-09-29T10:42:17.686663+00:00,power,0,0,,,,,,1117946569415,669784357070,0.0,
2026-09-29T10:42:18.691389+00:00,freq,0,0,950.0,950.0,2500.0,900.0,0,,,,
2026-09-29T10:42:18.691389+00:00,freq,1,0,600.0,600.0,1200.0,550.0,0,,,,
2026-09-29T10:42:18.691389+00:00,power,0,0,,,,,,1117946569415,669785361636,0.0,
2026-09-29T10:42:19.706360+00:00,freq,0,0,950.0,950.0,2500.0,900.0,0,,,,
2026-09-29T10:42:19.706360+00:00,freq,1,0,550.0,550.0,1200.0,600.0,0,,,,
2026-09-29T10:42:19.706360+00:00,power,0,0,,,,,,1117946569415,669786376529,0.0,
2026-09-29T10:42:20.695185+00:00,freq,0,0,950.0,950.0,2500.0,900.0,0,,,,
2026-09-29T10:42:20.695185+00:00,freq,1,0,550.0,550.0,1200.0,550.0,0,,,,
2026-09-29T10:42:20.695185+00:00,power,0,0,,,,,,1117946569415,669787365546,0.0,
2026-09-29T10:42:21.694030+00:00,freq,0,0,950.0,950.0,2500.0,900.0,0,,,,
2026-09-29T10:42:21.694030+00:00,freq,1,0,550.0,550.0,1200.0,550.0,0,,,,
2026-09-29T10:42:21.694030+00:00,power,0,0,,,,,,1117946569476,669788364300,6.107610082162374e-05,
2026-09-29T10:42:22.697315+00:00,freq,0,0,950.0,950.0,2500.0,900.0,0,,,,
2026-09-29T10:42:22.697315+00:00,freq,1,0,550.0,550.0,1200.0,550.0,0,,,,
2026-09-29T10:42:22.697315+00:00,power,0,0,,,,,,1117946570842,669789367611,0.0013614920996580322,
2026-09-29T10:42:23.690215+00:00,freq,0,0,950.0,950.0,2500.0,900.0,0,,,,
2026-09-29T10:42:23.690215+00:00,freq,1,0,550.0,550.0,1200.0,550.0,0,,,,
2026-09-29T10:42:23.690215+00:00,power,0,0,,,,,,1117946570842,669790360420,0.0,
2026-09-29T10:42:24.693753+00:00,freq,0,0,950.0,950.0,2500.0,900.0,0,,,,
2026-09-29T10:42:24.693753+00:00,freq,1,0,550.0,550.0,1200.0,550.0,0,,,,
2026-09-29T10:42:24.693753+00:00,power,0,0,,,,,,1117946570842,669791363823,0.0,
2026-09-29T10:42:25.695832+00:00,freq,0,0,950.0,950.0,2500.0,900.0,0,,,,
2026-09-29T10:42:25.695832+00:00,freq,1,0,550.0,550.0,1200.0,550.0,0,,,,
2026-09-29T10:42:25.695832+00:00,power,0,0,,,,,,1117946574039,669792365907,0.0031903513078743897,
2026-09-29T10:42:26.686194+00:00,freq,0,0,950.0,950.0,2500.0,900.0,0,,,,
2026-09-29T10:42:26.686194+00:00,freq,1,0,550.0,550.0,1200.0,550.0,0,,,,
2026-09-29T10:42:26.686194+00:00,power,0,0,,,,,,1117946574344,669793356250,0.00030797410594107295,
2026-09-29T10:42:27.686335+00:00,freq,0,0,950.0,950.0,2500.0,900.0,0,,,,
2026-09-29T10:42:27.686335+00:00,freq,1,0,550.0,550.0,1200.0,550.0,0,,,,
2026-09-29T10:42:27.686335+00:00,power,0,0,,,,,,1117946576259,669794356908,0.0019137407585808539,
2026-09-29T10:42:28.697944+00:00,freq,0,0,950.0,950.0,2500.0,900.0,0,,,,
2026-09-29T10:42:28.697944+00:00,freq,1,0,550.0,550.0,1200.0,550.0,0,,,,
2026-09-29T10:42:28.697944+00:00,power,0,0,,,,,,1117946576259,669795367830,0.0,
2026-09-29T10:42:29.691413+00:00,freq,0,0,2500.0,4250.0,2500.0,900.0,0,,,,
2026-09-29T10:42:29.691413+00:00,freq,1,0,550.0,550.0,1200.0,550.0,0,,,,
2026-09-29T10:42:29.691413+00:00,power,0,0,,,,,,1117946607776,669796361375,0.03172176398653307,
2026-09-29T10:42:30.698324+00:00,freq,0,0,2500.0,4250.0,2500.0,900.0,0,,,,
2026-09-29T10:42:30.698324+00:00,freq,1,0,550.0,550.0,1200.0,550.0,0,,,,
2026-09-29T10:42:30.698324+00:00,power,0,0,,,,,,1117951245409,669797368069,4.606795113510163,
2026-09-29T10:42:31.689224+00:00,freq,0,0,2500.0,4250.0,2500.0,900.0,0,,,,
2026-09-29T10:42:31.689224+00:00,freq,1,0,550.0,550.0,1200.0,550.0,0,,,,
2026-09-29T10:42:31.689224+00:00,power,0,0,,,,,,1117955805673,669798359198,4.601080182297158,
2026-09-29T10:42:32.695113+00:00,freq,0,0,2500.0,4250.0,2500.0,900.0,0,,,,
2026-09-29T10:42:32.695113+00:00,freq,1,0,550.0,550.0,1200.0,550.0,0,,,,
2026-09-29T10:42:32.695113+00:00,power,0,0,,,,,,1117960332063,669799364741,4.501438526249002,
2026-09-29T10:42:33.686410+00:00,freq,0,0,2500.0,4250.0,2500.0,900.0,0,,,,
2026-09-29T10:42:33.686410+00:00,freq,1,0,550.0,550.0,1200.0,550.0,0,,,,
2026-09-29T10:42:33.686410+00:00,power,0,0,,,,,,1117964507538,669800356368,4.210731454468263,
2026-09-29T10:42:34.687361+00:00,freq,0,0,2500.0,4250.0,2500.0,900.0,0,,,,
2026-09-29T10:42:34.687361+00:00,freq,1,0,550.0,550.0,1200.0,550.0,0,,,,
2026-09-29T10:42:34.687361+00:00,power,0,0,,,,,,1117964563798,669801357294,0.05620795143696937,
2026-09-29T10:42:35.687642+00:00,freq,0,0,2500.0,4250.0,2500.0,900.0,0,,,,
2026-09-29T10:42:35.687642+00:00,freq,1,0,550.0,550.0,1200.0,550.0,0,,,,
2026-09-29T10:42:35.687642+00:00,power,0,0,,,,,,1117964564103,669802357928,0.000304806752518903,
2026-09-29T10:42:36.703379+00:00,freq,0,0,2500.0,4250.0,2500.0,900.0,0,,,,
2026-09-29T10:42:36.703379+00:00,freq,1,0,550.0,550.0,1200.0,550.0,0,,,,
2026-09-29T10:42:36.703379+00:00,power,0,0,,,,,,1117964565445,669803373087,0.0013219604022621087,
2026-09-29T10:42:37.702187+00:00,freq,0,0,2500.0,4250.0,2500.0,900.0,0,,,,
2026-09-29T10:42:37.702187+00:00,freq,1,0,550.0,550.0,1200.0,550.0,0,,,,
2026-09-29T10:42:37.702187+00:00,power,0,0,,,,,,1117964565445,669804371899,0.0,
2026-09-29T10:42:38.702289+00:00,freq,0,0,2500.0,4250.0,2500.0,900.0,0,,,,
2026-09-29T10:42:38.702289+00:00,freq,1,0,550.0,550.0,1200.0,550.0,0,,,,
2026-09-29T10:42:38.702289+00:00,power,0,0,,,,,,1117964565445,669805371931,0.0,
2026-09-29T10:42:39.700303+00:00,freq,0,0,2500.0,4250.0,2500.0,1000.0,0,,,,
2026-09-29T10:42:39.700303+00:00,freq,1,0,550.0,550.0,1200.0,550.0,0,,,,
2026-09-29T10:42:39.700303+00:00,power,0,0,,,,,,1117964565445,669806369988,0.0,
2026-09-29T10:42:40.701333+00:00,freq,0,0,2500.0,4250.0,2500.0,900.0,0,,,,
2026-09-29T10:42:40.701333+00:00,freq,1,0,550.0,550.0,1200.0,550.0,0,,,,
2026-09-29T10:42:40.701333+00:00,power,0,0,,,,,,1117964565445,669807370946,0.0,
2026-09-29T10:42:41.688022+00:00,freq,0,0,2500.0,4250.0,2500.0,900.0,0,,,,
2026-09-29T10:42:41.688022+00:00,freq,1,0,550.0,550.0,1200.0,550.0,0,,,,
2026-09-29T10:42:41.688022+00:00,power,0,0,,,,,,1117966671997,669808357579,2.1350917717124807,
2026-09-29T10:42:42.690389+00:00,freq,0,0,2500.0,4250.0,2500.0,900.0,0,,,,
2026-09-29T10:42:42.690389+00:00,freq,1,0,550.0,550.0,1200.0,550.0,0,,,,
2026-09-29T10:42:42.690389+00:00,power,0,0,,,,,,1117968815368,669809360026,2.138138973930791,
2026-09-29T10:42:43.706013+00:00,freq,0,0,2500.0,4250.0,2500.0,900.0,0,,,,
2026-09-29T10:42:43.706013+00:00,freq,1,0,550.0,550.0,1200.0,550.0,0,,,,
2026-09-29T10:42:43.706013+00:00,power,0,0,,,,,,1117968815368,669810375512,0.0,
2026-09-29T10:42:44.704557+00:00,freq,0,0,2500.0,4250.0,2500.0,900.0,0,,,,
2026-09-29T10:42:44.704557+00:00,freq,1,0,550.0,550.0,1200.0,550.0,0,,,,
2026-09-29T10:42:44.704557+00:00,power,0,0,,,,,,1117968815368,669811374083,0.0,
2026-09-29T10:42:45.693689+00:00,freq,0,0,2500.0,4250.0,2500.0,900.0,0,,,,
2026-09-29T10:42:45.693689+00:00,freq,1,0,550.0,550.0,1200.0,550.0,0,,,,
2026-09-29T10:42:45.693689+00:00,power,0,0,,,,,,1117968815368,669812363217,0.0,
2026-09-29T10:42:46.699604+00:00,freq,0,0,2500.0,4250.0,2500.0,900.0,0,,,,
2026-09-29T10:42:46.699604+00:00,freq,1,0,550.0,550.0,1200.0,550.0,0,,,,
2026-09-29T10:42:46.699604+00:00,power,0,0,,,,,,1117968815368,669813369083,0.0,
2026-09-29T10:42:47.689888+00:00,freq,0,0,1300.0,1300.0,2500.0,900.0,0,,,,
2026-09-29T10:42:47.689888+00:00,freq,1,0,550.0,550.0,1200.0,550.0,0,,,,
2026-09-29T10:42:47.689888+00:00,power,0,0,,,,,,1117968815612,669814359563,0.0002463452063645909,
2026-09-29T10:42:48.697538+00:00,freq,0,0,1300.0,1300.0,2500.0,900.0,0,,,,
2026-09-29T10:42:48.697538+00:00,freq,1,0,550.0,550.0,1200.0,550.0,0,,,,
2026-09-29T10:42:48.697538+00:00,power,0,0,,,,,,1117968815612,669815367165,0.0,
2026-09-29T10:42:49.695699+00:00,freq,0,0,1300.0,1300.0,2500.0,900.0,0,,,,
2026-09-29T10:42:49.695699+00:00,freq,1,0,550.0,550.0,1200.0,550.0,0,,,,
2026-09-29T10:42:49.695699+00:00,power,0,0,,,,,,1117968816917,669816365005,0.0013078249017878618,
2026-09-29T10:42:50.681797+00:00,freq,0,0,1300.0,1300.0,2500.0,900.0,0,,,,
2026-09-29T10:42:50.681797+00:00,freq,1,0,550.0,550.0,1200.0,550.0,0,,,,
2026-09-29T10:42:50.681797+00:00,power,0,0,,,,,,1117968817405,669817351338,0.0004947619110381585,
2026-09-29T10:42:51.682159+00:00,freq,0,0,1300.0,1300.0,2500.0,900.0,0,,,,
2026-09-29T10:42:51.682159+00:00,freq,1,0,550.0,550.0,1200.0,550.0,0,,,,
2026-09-29T10:42:51.682159+00:00,power,0,0,,,,,,1117968817405,669818352177,0.0,
2026-09-29T10:42:52.696586+00:00,freq,0,0,1300.0,1300.0,2500.0,900.0,0,,,,
2026-09-29T10:42:52.696586+00:00,freq,1,0,550.0,550.0,1200.0,550.0,0,,,,
2026-09-29T10:42:52.696586+00:00,power,0,0,,,,,,1117968817405,669819365810,0.0,
2026-09-29T10:42:53.695957+00:00,freq,0,0,1300.0,1300.0,2500.0,900.0,0,,,,
2026-09-29T10:42:53.695957+00:00,freq,1,0,550.0,550.0,1200.0,550.0,0,,,,
2026-09-29T10:42:53.695957+00:00,power,0,0,,,,,,1117968819076,669820365290,0.0016718693720734782,
2026-09-29T10:42:54.685665+00:00,freq,0,0,1300.0,1300.0,2500.0,900.0,0,,,,
2026-09-29T10:42:54.685665+00:00,freq,1,0,550.0,550.0,1200.0,550.0,0,,,,
2026-09-29T10:42:54.685665+00:00,power,0,0,,,,,,1117968819076,669821354984,0.0,
2026-09-29T10:42:55.691468+00:00,freq,0,0,1300.0,1300.0,2500.0,900.0,0,,,,
2026-09-29T10:42:55.691468+00:00,freq,1,0,550.0,550.0,1200.0,550.0,0,,,,
2026-09-29T10:42:55.691468+00:00,power,0,0,,,,,,1117968819076,669822360756,0.0,
2026-09-29T10:42:56.696105+00:00,freq,0,0,1300.0,1300.0,2500.0,900.0,0,,,,
2026-09-29T10:42:56.696105+00:00,freq,1,0,550.0,550.0,1200.0,550.0,0,,,,
2026-09-29T10:42:56.696105+00:00,power,0,0,,,,,,1117968819381,669823365526,0.00030355205668959064,
2026-09-29T10:42:57.682531+00:00,freq,0,0,1300.0,1300.0,2500.0,900.0,0,,,,
2026-09-29T10:42:57.682531+00:00,freq,1,0,550.0,550.0,1200.0,550.0,0,,,,
2026-09-29T10:42:57.682531+00:00,power,0,0,,,,,,1117968819381,669824351776,0.0,
2026-09-29T10:42:58.696207+00:00,freq,0,0,1300.0,1300.0,2500.0,900.0,0,,,,
2026-09-29T10:42:58.696207+00:00,freq,1,0,550.0,550.0,1200.0,550.0,0,,,,
2026-09-29T10:42:58.696207+00:00,power,0,0,,,,,,1117968819381,669825365302,0.0,
2026-09-29T10:42:59.696687+00:00,freq,0,0,1300.0,1300.0,2500.0,900.0,0,,,,
2026-09-29T10:42:59.696687+00:00,freq,1,0,550.0,550.0,1200.0,550.0,0,,,,
2026-09-29T10:42:59.696687+00:00,power,0,0,,,,,,1117968819381,669826365644,0.0,
2026-09-29T10:43:00.684856+00:00,freq,0,0,1300.0,1300.0,2500.0,900.0,0,,,,
2026-09-29T10:43:00.684856+00:00,freq,1,0,550.0,550.0,1200.0,550.0,0,,,,
2026-09-29T10:43:00.684856+00:00,power,0,0,,,,,,1117968819381,669827353956,0.0,
2026-09-29T10:43:01.690930+00:00,freq,0,0,1300.0,1300.0,2500.0,900.0,0,,,,
2026-09-29T10:43:01.690930+00:00,freq,1,0,550.0,550.0,1200.0,550.0,0,,,,
2026-09-29T10:43:01.690930+00:00,power,0,0,,,,,,1117968819381,669828359917,0.0,
2026-09-29T10:43:02.691088+00:00,freq,0,0,1300.0,1300.0,2500.0,900.0,0,,,,
2026-09-29T10:43:02.691088+00:00,freq,1,0,550.0,550.0,1200.0,550.0,0,,,,
2026-09-29T10:43:02.691088+00:00,power,0,0,,,,,,1117968819442,669829360463,6.0966712175152366e-05,
2026-09-29T10:43:03.696673+00:00,freq,0,0,1300.0,1300.0,2500.0,900.0,0,,,,
2026-09-29T10:43:03.696673+00:00,freq,1,0,550.0,550.0,1200.0,550.0,0,,,,
2026-09-29T10:43:03.696673+00:00,power,0,0,,,,,,1117968819442,669830365699,0.0,
2026-09-29T10:43:04.682576+00:00,freq,0,0,1300.0,1300.0,2500.0,900.0,0,,,,
2026-09-29T10:43:04.682576+00:00,freq,1,0,550.0,550.0,1200.0,550.0,0,,,,
2026-09-29T10:43:04.682576+00:00,power,0,0,,,,,,1117968819442,669831351603,0.0,
2026-09-29T10:43:05.683454+00:00,freq,0,0,1300.0,1300.0,2500.0,900.0,0,,,,
2026-09-29T10:43:05.683454+00:00,freq,1,0,550.0,550.0,1200.0,550.0,0,,,,
2026-09-29T10:43:05.683454+00:00,power,0,0,,,,,,1117968819442,669832352468,0.0,
2026-09-29T10:43:06.687802+00:00,freq,0,0,2500.0,4250.0,2500.0,900.0,0,,,,
2026-09-29T10:43:06.687802+00:00,freq,1,0,550.0,550.0,1200.0,550.0,0,,,,
2026-09-29T10:43:06.687802+00:00,power,0,0,,,,,,1117968825484,669833356670,0.006016717752006071,
2026-09-29T10:43:07.688715+00:00,freq,0,0,2400.0,4250.0,2400.0,900.0,2,,,,
2026-09-29T10:43:07.688715+00:00,freq,1,0,550.0,550.0,1200.0,550.0,0,,,,
2026-09-29T10:43:07.688715+00:00,power,0,0,,,,,,1117974801214,669834357613,5.970100195515629,
2026-09-29T10:43:08.690866+00:00,freq,0,0,2450.0,4250.0,2450.0,900.0,2,,,,
2026-09-29T10:43:08.690866+00:00,freq,1,0,550.0,550.0,1200.0,550.0,0,,,,
2026-09-29T10:43:08.690866+00:00,power,0,0,,,,,,1118009708707,669835359725,34.833923753033595,
2026-09-29T10:43:09.706373+00:00,freq,0,0,2500.0,4250.0,2500.0,900.0,0,,,,
2026-09-29T10:43:09.706373+00:00,freq,1,0,550.0,550.0,1200.0,550.0,0,,,,
2026-09-29T10:43:09.706373+00:00,power,0,0,,,,,,1118026130299,669836375130,16.172455325707475,
2026-09-29T10:43:10.692919+00:00,freq,0,0,2500.0,4250.0,2500.0,900.0,0,,,,
2026-09-29T10:43:10.692919+00:00,freq,1,0,550.0,550.0,1200.0,550.0,0,,,,
2026-09-29T10:43:10.692919+00:00,power,0,0,,,,,,1118044540478,669837361642,18.661890580144995,
2026-09-29T10:43:11.695704+00:00,freq,0,0,2500.0,4250.0,2500.0,900.0,0,,,,
2026-09-29T10:43:11.695704+00:00,freq,1,0,550.0,550.0,1200.0,550.0,0,,,,
2026-09-29T10:43:11.695704+00:00,power,0,0,,,,,,1118067588742,669838364331,22.98645342673551,
2026-09-29T10:43:12.695581+00:00,freq,0,0,2500.0,4250.0,2500.0,900.0,0,,,,
2026-09-29T10:43:12.695581+00:00,freq,1,0,550.0,550.0,1200.0,550.0,0,,,,
2026-09-29T10:43:12.695581+00:00,power,0,0,,,,,,1118090797481,669839364240,23.210851187458058,
2026-09-29T10:43:13.698455+00:00,freq,0,0,2500.0,4250.0,2500.0,900.0,0,,,,
2026-09-29T10:43:13.698455+00:00,freq,1,0,550.0,550.0,1200.0,550.0,0,,,,
2026-09-29T10:43:13.698455+00:00,power,0,0,,,,,,1118114325908,669840367262,23.45753831919938,
2026-09-29T10:43:14.688639+00:00,freq,0,0,2500.0,4250.0,2500.0,900.0,0,,,,
2026-09-29T10:43:14.688639+00:00,freq,1,0,550.0,550.0,1200.0,550.0,0,,,,
2026-09-29T10:43:14.688639+00:00,power,0,0,,,,,,1118137398135,669841357230,23.306033124303006,
2026-09-29T10:43:15.695923+00:00,freq,0,0,2500.0,4250.0,2500.0,900.0,0,,,,
2026-09-29T10:43:15.695923+00:00,freq,1,0,550.0,550.0,1200.0,550.0,0,,,,
2026-09-29T10:43:15.695923+00:00,power,0,0,,,,,,1118160793811,669842364623,23.223981107670987,
2026-09-29T10:43:16.685951+00:00,freq,0,0,2500.0,4250.0,2500.0,900.0,0,,,,
2026-09-29T10:43:16.685951+00:00,freq,1,0,550.0,550.0,1200.0,550.0,0,,,,
2026-09-29T10:43:16.685951+00:00,power,0,0,,,,,,1118183684641,669843354438,23.12637209983684,
2026-09-29T10:43:17.691386+00:00,freq,0,0,2500.0,4250.0,2500.0,900.0,0,,,,
2026-09-29T10:43:17.691386+00:00,freq,1,0,600.0,600.0,1200.0,550.0,0,,,,
2026-09-29T10:43:17.691386+00:00,power,0,0,,,,,,1118206727449,669844360062,22.913940001431946,
2026-09-29T10:43:18.692723+00:00,freq,0,0,2500.0,4250.0,2500.0,900.0,0,,,,
2026-09-29T10:43:18.692723+00:00,freq,1,0,600.0,600.0,1200.0,600.0,0,,,,
2026-09-29T10:43:18.692723+00:00,power,0,0,,,,,,1118229883745,669845361316,23.127294372856436,
2026-09-29T10:43:19.693939+00:00,freq,0,0,2500.0,4250.0,2500.0,900.0,0,,,,
2026-09-29T10:43:19.693939+00:00,freq,1,0,600.0,600.0,1200.0,600.0,0,,,,
2026-09-29T10:43:19.693939+00:00,power,0,0,,,,,,1118252861794,669846362486,22.951196100562342,
2026-09-29T10:43:20.708626+00:00,freq,0,0,2500.0,4250.0,2500.0,900.0,0,,,,
2026-09-29T10:43:20.708626+00:00,freq,1,0,600.0,600.0,1200.0,600.0,0,,,,
2026-09-29T10:43:20.708626+00:00,power,0,0,,,,,,1118275862671,669847376914,22.673740275307857,
2026-09-29T10:43:21.706834+00:00,freq,0,0,2500.0,4250.0,2500.0,900.0,0,,,,
2026-09-29T10:43:21.706834+00:00,freq,1,0,600.0,600.0,1200.0,600.0,0,,,,
2026-09-29T10:43:21.706834+00:00,power,0,0,,,,,,1118289855590,669848375269,14.015975279334505,
2026-09-29T10:43:22.695435+00:00,freq,0,0,2500.0,4250.0,2500.0,900.0,0,,,,
2026-09-29T10:43:22.695435+00:00,freq,1,0,550.0,550.0,1200.0,550.0,0,,,,
2026-09-29T10:43:22.695435+00:00,power,0,0,,,,,,1118289855590,669849363930,0.0,
2026-09-29T10:43:23.699526+00:00,freq,0,0,2500.0,4250.0,2500.0,900.0,0,,,,
2026-09-29T10:43:23.699526+00:00,freq,1,0,550.0,550.0,1200.0,550.0,0,,,,
2026-09-29T10:43:23.699526+00:00,power,0,0,,,,,,1118289855590,669850368075,0.0,
2026-09-29T10:43:24.690129+00:00,freq,0,0,2500.0,4250.0,2500.0,900.0,0,,,,
2026-09-29T10:43:24.690129+00:00,freq,1,0,550.0,550.0,1200.0,550.0,0,,,,
2026-09-29T10:43:24.690129+00:00,power,0,0,,,,,,1118289855590,669851358613,0.0,
2026-09-29T10:43:25.692136+00:00,freq,0,0,2500.0,4250.0,2500.0,900.0,0,,,,
2026-09-29T10:43:25.692136+00:00,freq,1,0,550.0,550.0,1200.0,550.0,0,,,,
2026-09-29T10:43:25.692136+00:00,power,0,0,,,,,,1118289855590,669852360639,0.0,
2026-09-29T10:43:26.693301+00:00,freq,0,0,2500.0,4250.0,2500.0,900.0,0,,,,
2026-09-29T10:43:26.693301+00:00,freq,1,0,550.0,550.0,1200.0,550.0,0,,,,
2026-09-29T10:43:26.693301+00:00,power,0,0,,,,,,1118289855590,669853361664,0.0,
2026-09-29T10:43:27.697635+00:00,freq,0,0,2500.0,4250.0,2500.0,900.0,0,,,,
2026-09-29T10:43:27.697635+00:00,freq,1,0,550.0,550.0,1200.0,550.0,0,,,,
2026-09-29T10:43:27.697635+00:00,power,0,0,,,,,,1118289855590,669854366015,0.0,
2026-09-29T10:43:28.686876+00:00,freq,0,0,2500.0,4250.0,2500.0,900.0,0,,,,
2026-09-29T10:43:28.686876+00:00,freq,1,0,550.0,550.0,1200.0,550.0,0,,,,
2026-09-29T10:43:28.686876+00:00,power,0,0,,,,,,1118289855590,669855355089,0.0,
2026-09-29T10:43:29.702439+00:00,freq,0,0,2500.0,4250.0,2500.0,900.0,0,,,,
2026-09-29T10:43:29.702439+00:00,freq,1,0,550.0,550.0,1200.0,550.0,0,,,,
2026-09-29T10:43:29.702439+00:00,power,0,0,,,,,,1118289855590,669856370610,0.0,
2026-09-29T10:43:30.690380+00:00,freq,0,0,2500.0,4250.0,2500.0,900.0,0,,,,
2026-09-29T10:43:30.690380+00:00,freq,1,0,550.0,550.0,1200.0,550.0,0,,,,
2026-09-29T10:43:30.690380+00:00,power,0,0,,,,,,1118289855590,669857358685,0.0,
2026-09-29T10:43:31.695905+00:00,freq,0,0,2500.0,4250.0,2500.0,900.0,0,,,,
2026-09-29T10:43:31.695905+00:00,freq,1,0,550.0,550.0,1200.0,550.0,0,,,,
2026-09-29T10:43:31.695905+00:00,power,0,0,,,,,,1118289857078,669858364321,0.0014796606326742479,
2026-09-29T10:43:32.710501+00:00,freq,0,0,2500.0,4250.0,2500.0,900.0,0,,,,
2026-09-29T10:43:32.710501+00:00,freq,1,0,550.0,550.0,1200.0,550.0,0,,,,
2026-09-29T10:43:32.710501+00:00,power,0,0,,,,,,1118289857078,669859378565,0.0,
2026-09-29T10:43:33.707743+00:00,freq,0,0,2500.0,4250.0,2500.0,900.0,0,,,,
2026-09-29T10:43:33.707743+00:00,freq,1,0,550.0,550.0,1200.0,550.0,0,,,,
2026-09-29T10:43:33.707743+00:00,power,0,0,,,,,,1118289857078,669860375944,0.0,
2026-09-29T10:43:34.706693+00:00,freq,0,0,2500.0,4250.0,2500.0,900.0,0,,,,
2026-09-29T10:43:34.706693+00:00,freq,1,0,550.0,550.0,1200.0,550.0,0,,,,
2026-09-29T10:43:34.706693+00:00,power,0,0,,,,,,1118289857078,669861374819,0.0,
2026-09-29T10:43:35.704557+00:00,freq,0,0,2500.0,4250.0,2500.0,900.0,0,,,,
2026-09-29T10:43:35.704557+00:00,freq,1,0,550.0,550.0,1200.0,550.0,0,,,,
2026-09-29T10:43:35.704557+00:00,power,0,0,,,,,,1118289857078,669862372737,0.0,
2026-09-29T10:43:36.692365+00:00,freq,0,0,2500.0,4250.0,2500.0,900.0,0,,,,
2026-09-29T10:43:36.692365+00:00,freq,1,0,550.0,550.0,1200.0,550.0,0,,,,
2026-09-29T10:43:36.692365+00:00,power,0,0,,,,,,1118289857078,669863360414,0.0,
2026-09-29T10:43:37.694369+00:00,freq,0,0,2500.0,4250.0,2500.0,900.0,0,,,,
2026-09-29T10:43:37.694369+00:00,freq,1,0,550.0,550.0,1200.0,550.0,0,,,,
2026-09-29T10:43:37.694369+00:00,power,0,0,,,,,,1118289857200,669864362355,0.00012176365674226327,
2026-09-29T10:43:38.696087+00:00,freq,0,0,2500.0,4250.0,2500.0,900.0,0,,,,
2026-09-29T10:43:38.696087+00:00,freq,1,0,550.0,550.0,1200.0,550.0,0,,,,
2026-09-29T10:43:38.696087+00:00,power,0,0,,,,,,1118289857200,669865364117,0.0,
2026-09-29T10:43:39.689475+00:00,freq,0,0,2500.0,4250.0,2500.0,900.0,0,,,,
2026-09-29T10:43:39.689475+00:00,freq,1,0,550.0,550.0,1200.0,550.0,0,,,,
2026-09-29T10:43:39.689475+00:00,power,0,0,,,,,,1118289857200,669866357440,0.0,
2026-09-29T10:43:40.703127+00:00,freq,0,0,2500.0,4250.0,2500.0,900.0,0,,,,
2026-09-29T10:43:40.703127+00:00,freq,1,0,550.0,550.0,1200.0,550.0,0,,,,
2026-09-29T10:43:40.703127+00:00,power,0,0,,,,,,1118289857200,669867371106,0.0,
2026-09-29T10:43:41.691089+00:00,freq,0,0,2500.0,4250.0,2500.0,900.0,0,,,,
2026-09-29T10:43:41.691089+00:00,freq,1,0,550.0,550.0,1200.0,550.0,0,,,,
2026-09-29T10:43:41.691089+00:00,power,0,0,,,,,,1118289857200,669868359102,0.0,
2026-09-29T10:43:42.696033+00:00,freq,0,0,2500.0,4250.0,2500.0,900.0,0,,,,
2026-09-29T10:43:42.696033+00:00,freq,1,0,550.0,550.0,1200.0,550.0,0,,,,
2026-09-29T10:43:42.696033+00:00,power,0,0,,,,,,1118289857200,669869364029,0.0,
2026-09-29T10:43:43.698123+00:00,freq,0,0,2450.0,4250.0,2450.0,900.0,2,,,,
2026-09-29T10:43:43.698123+00:00,freq,1,0,550.0,550.0,1200.0,550.0,0,,,,
2026-09-29T10:43:43.698123+00:00,power,0,0,,,,,,1118318485457,669870365980,28.57251202903136,
2026-09-29T10:43:44.688781+00:00,freq,0,0,2500.0,4250.0,2500.0,900.0,0,,,,
2026-09-29T10:43:44.688781+00:00,freq,1,0,600.0,600.0,1200.0,550.0,0,,,,
2026-09-29T10:43:44.688781+00:00,power,0,0,,,,,,1118349852057,669871356578,31.664307822143797,
2026-09-29T10:43:45.690007+00:00,freq,0,0,2500.0,4250.0,2500.0,900.0,0,,,,
2026-09-29T10:43:45.690007+00:00,freq,1,0,550.0,550.0,1200.0,550.0,0,,,,
2026-09-29T10:43:45.690007+00:00,power,0,0,,,,,,1118373111807,669872357791,23.231570105462076,
2026-09-29T10:43:46.693642+00:00,freq,0,0,2500.0,4250.0,2500.0,900.0,0,,,,
2026-09-29T10:43:46.693642+00:00,freq,1,0,550.0,550.0,1200.0,550.0,0,,,,
2026-09-29T10:43:46.693642+00:00,power,0,0,,,,,,1118396609144,669873361377,23.4133766313998,
2026-09-29T10:43:47.695506+00:00,freq,0,0,2500.0,4250.0,2500.0,900.0,0,,,,
2026-09-29T10:43:47.695506+00:00,freq,1,0,550.0,550.0,1200.0,550.0,0,,,,
2026-09-29T10:43:47.695506+00:00,power,0,0,,,,,,1118419375562,669874363017,22.729142206780878,
2026-09-29T10:43:48.710963+00:00,freq,0,0,2500.0,4250.0,2500.0,900.0,0,,,,
2026-09-29T10:43:48.710963+00:00,freq,1,0,550.0,550.0,1200.0,550.0,0,,,,
2026-09-29T10:43:48.710963+00:00,power,0,0,,,,,,1118442535642,669875378608,22.804534502570423,
2026-09-29T10:43:49.696838+00:00,freq,0,0,2500.0,4250.0,2500.0,900.0,0,,,,
2026-09-29T10:43:49.696838+00:00,freq,1,0,550.0,550.0,1200.0,550.0,0,,,,
2026-09-29T10:43:49.696838+00:00,power,0,0,,,,,,1118465296383,669876364267,23.09190196609578,
2026-09-29T10:43:50.696107+00:00,freq,0,0,2500.0,4250.0,2500.0,900.0,0,,,,
2026-09-29T10:43:50.696107+00:00,freq,1,0,600.0,600.0,1200.0,550.0,0,,,,
2026-09-29T10:43:50.696107+00:00,power,0,0,,,,,,1118488352314,669877363660,23.069934450211278,
2026-09-29T10:43:51.701418+00:00,freq,0,0,2500.0,4250.0,2500.0,900.0,0,,,,
2026-09-29T10:43:51.701418+00:00,freq,1,0,550.0,550.0,1200.0,600.0,0,,,,
2026-09-29T10:43:51.701418+00:00,power,0,0,,,,,,1118511570476,669878369266,23.088726598687757,
2026-09-29T10:43:52.687258+00:00,freq,0,0,2500.0,4250.0,2500.0,900.0,0,,,,
2026-09-29T10:43:52.687258+00:00,freq,1,0,600.0,600.0,1200.0,550.0,0,,,,
2026-09-29T10:43:52.687258+00:00,power,0,0,,,,,,1118534358852,669879354835,23.12205030799467,
2026-09-29T10:43:53.692800+00:00,freq,0,0,2500.0,4250.0,2500.0,900.0,0,,,,
2026-09-29T10:43:53.692800+00:00,freq,1,0,600.0,600.0,1200.0,600.0,0,,,,
2026-09-29T10:43:53.692800+00:00,power,0,0,,,,,,1118557607043,669880360397,23.11959978599032,
2026-09-29T10:43:54.694842+00:00,freq,0,0,2500.0,4250.0,2500.0,900.0,0,,,,
2026-09-29T10:43:54.694842+00:00,freq,1,0,600.0,600.0,1200.0,600.0,0,,,,
2026-09-29T10:43:54.694842+00:00,power,0,0,,,,,,1118580607676,669881362330,22.95625855221856,
2026-09-29T10:43:55.701520+00:00,freq,0,0,2500.0,4250.0,2500.0,900.0,0,,,,
2026-09-29T10:43:55.701520+00:00,freq,1,0,600.0,600.0,1200.0,600.0,0,,,,
2026-09-29T10:43:55.701520+00:00,power,0,0,,,,,,1118603827913,669882368978,23.06688832640605,
2026-09-29T10:43:56.702323+00:00,freq,0,0,2500.0,4250.0,2500.0,900.0,0,,,,
2026-09-29T10:43:56.702323+00:00,freq,1,0,600.0,600.0,1200.0,550.0,0,,,,
2026-09-29T10:43:56.702323+00:00,power,0,0,,,,,,1118610214387,669883369739,6.38161758901476,
2026-09-29T10:43:57.689900+00:00,freq,0,0,2500.0,4250.0,2500.0,900.0,0,,,,
2026-09-29T10:43:57.689900+00:00,freq,1,0,550.0,550.0,1200.0,550.0,0,,,,
2026-09-29T10:43:57.689900+00:00,power,0,0,,,,,,1118610216058,669884357405,0.0016918674936668874,
2026-09-29T10:43:58.694348+00:00,freq,0,0,2500.0,4250.0,2500.0,1000.0,0,,,,
2026-09-29T10:43:58.694348+00:00,freq,1,0,550.0,550.0,1200.0,550.0,0,,,,
2026-09-29T10:43:58.694348+00:00,power,0,0,,,,,,1118610216363,669885361808,0.00030366297193457206,
2026-09-29T10:43:59.696028+00:00,freq,0,0,2500.0,4250.0,2500.0,900.0,0,,,,
2026-09-29T10:43:59.696028+00:00,freq,1,0,550.0,550.0,1200.0,550.0,0,,,,
2026-09-29T10:43:59.696028+00:00,power,0,0,,,,,,1118610217400,669886363473,0.0010352762650187438,
2026-09-29T10:44:00.708723+00:00,freq,0,0,2500.0,4250.0,2500.0,900.0,0,,,,
2026-09-29T10:44:00.708723+00:00,freq,1,0,550.0,550.0,1200.0,550.0,0,,,,
2026-09-29T10:44:00.708723+00:00,power,0,0,,,,,,1118610220230,669887376141,0.00279459803212899,
2026-09-29T10:44:01.694726+00:00,freq,0,0,2500.0,4250.0,2500.0,900.0,0,,,,
2026-09-29T10:44:01.694726+00:00,freq,1,0,550.0,550.0,1200.0,550.0,0,,,,
2026-09-29T10:44:01.694726+00:00,power,0,0,,,,,,1118610220230,669888362076,0.0,
2026-09-29T10:44:02.700316+00:00,freq,0,0,2500.0,4250.0,2500.0,900.0,0,,,,
2026-09-29T10:44:02.700316+00:00,freq,1,0,550.0,550.0,1200.0,550.0,0,,,,
2026-09-29T10:44:02.700316+00:00,power,0,0,,,,,,1118610220230,669889367702,0.0,
2026-09-29T10:44:03.688559+00:00,freq,0,0,2500.0,4250.0,2500.0,900.0,0,,,,
2026-09-29T10:44:03.688559+00:00,freq,1,0,550.0,550.0,1200.0,550.0,0,,,,
2026-09-29T10:44:03.688559+00:00,power,0,0,,,,,,1118610220230,669890355983,0.0,
2026-09-29T10:44:04.691926+00:00,freq,0,0,2500.0,4250.0,2500.0,900.0,0,,,,
2026-09-29T10:44:04.691926+00:00,freq,1,0,550.0,550.0,1200.0,550.0,0,,,,
2026-09-29T10:44:04.691926+00:00,power,0,0,,,,,,1118610220230,669891359155,0.0,
2026-09-29T10:44:05.694277+00:00,freq,0,0,2500.0,4250.0,2500.0,900.0,0,,,,
2026-09-29T10:44:05.694277+00:00,freq,1,0,550.0,550.0,1200.0,550.0,0,,,,
2026-09-29T10:44:05.694277+00:00,power,0,0,,,,,,1118610223060,669892361451,0.0028235172044984713,
2026-09-29T10:44:06.698481+00:00,freq,0,0,2500.0,4250.0,2500.0,900.0,0,,,,
2026-09-29T10:44:06.698481+00:00,freq,1,0,550.0,550.0,1200.0,550.0,0,,,,
2026-09-29T10:44:06.698481+00:00,power,0,0,,,,,,1118610223060,669893365731,0.0,
2026-09-29T10:44:07.684757+00:00,freq,0,0,2500.0,4250.0,2500.0,900.0,0,,,,
2026-09-29T10:44:07.684757+00:00,freq,1,0,550.0,550.0,1200.0,550.0,0,,,,
2026-09-29T10:44:07.684757+00:00,power,0,0,,,,,,1118610223060,669894351964,0.0,
2026-09-29T10:44:08.687879+00:00,freq,0,0,2500.0,4250.0,2500.0,900.0,0,,,,
2026-09-29T10:44:08.687879+00:00,freq,1,0,550.0,550.0,1200.0,550.0,0,,,,
2026-09-29T10:44:08.687879+00:00,power,0,0,,,,,,1118610223060,669895355039,0.0,
2026-09-29T10:44:09.688946+00:00,freq,0,0,2500.0,4250.0,2500.0,900.0,0,,,,
2026-09-29T10:44:09.688946+00:00,freq,1,0,550.0,550.0,1200.0,550.0,0,,,,
2026-09-29T10:44:09.688946+00:00,power,0,0,,,,,,1118610224609,669896356194,0.001547212969020781,
2026-09-29T10:44:10.704605+00:00,freq,0,0,2500.0,4250.0,2500.0,900.0,0,,,,
2026-09-29T10:44:10.704605+00:00,freq,1,0,550.0,550.0,1200.0,550.0,0,,,,
2026-09-29T10:44:10.704605+00:00,power,0,0,,,,,,1118610224731,669897371756,0.00012013052871218104,
2026-09-29T10:44:11.692534+00:00,freq,0,0,2500.0,4250.0,2500.0,900.0,0,,,,
2026-09-29T10:44:11.692534+00:00,freq,1,0,550.0,550.0,1200.0,550.0,0,,,,
2026-09-29T10:44:11.692534+00:00,power,0,0,,,,,,1118610224731,669898359663,0.0,
2026-09-29T10:44:12.694995+00:00,freq,0,0,2500.0,4250.0,2500.0,900.0,0,,,,
2026-09-29T10:44:12.694995+00:00,freq,1,0,550.0,550.0,1200.0,550.0,0,,,,
2026-09-29T10:44:12.694995+00:00,power,0,0,,,,,,1118610224731,669899362107,0.0,
2026-09-29T10:44:13.699311+00:00,freq,0,0,2500.0,4250.0,2500.0,900.0,0,,,,
2026-09-29T10:44:13.699311+00:00,freq,1,0,550.0,550.0,1200.0,550.0,0,,,,
2026-09-29T10:44:13.699311+00:00,power,0,0,,,,,,1118610224731,669900366380,0.0,
2026-09-29T10:44:14.694591+00:00,freq,0,0,2500.0,4250.0,2500.0,900.0,0,,,,
2026-09-29T10:44:14.694591+00:00,freq,1,0,550.0,550.0,1200.0,550.0,0,,,,
2026-09-29T10:44:14.694591+00:00,power,0,0,,,,,,1118610224731,669901361502,0.0,
2026-09-29T10:44:15.707800+00:00,freq,0,0,2500.0,4250.0,2500.0,900.0,0,,,,
2026-09-29T10:44:15.707800+00:00,freq,1,0,550.0,550.0,1200.0,550.0,0,,,,
2026-09-29T10:44:15.707800+00:00,power,0,0,,,,,,1118610224731,669902374645,0.0,
2026-09-29T10:44:16.698370+00:00,freq,0,0,2500.0,4250.0,2500.0,900.0,0,,,,
2026-09-29T10:44:16.698370+00:00,freq,1,0,550.0,550.0,1200.0,550.0,0,,,,
2026-09-29T10:44:16.698370+00:00,power,0,0,,,,,,1118610224731,669903365179,0.0,
2026-09-29T10:44:17.687187+00:00,freq,0,0,2500.0,4250.0,2500.0,900.0,0,,,,
2026-09-29T10:44:17.687187+00:00,freq,1,0,550.0,550.0,1200.0,550.0,0,,,,
2026-09-29T10:44:17.687187+00:00,power,0,0,,,,,,1118615268004,669904354057,5.099995146013967,
2026-09-29T10:44:18.689257+00:00,freq,0,0,2500.0,4250.0,2500.0,900.0,0,,,,
2026-09-29T10:44:18.689257+00:00,freq,1,0,550.0,550.0,1200.0,550.0,0,,,,
2026-09-29T10:44:18.689257+00:00,power,0,0,,,,,,1118649552488,669905356045,34.216461674191706,
2026-09-29T10:44:19.693491+00:00,freq,0,0,2500.0,4250.0,2500.0,900.0,0,,,,
2026-09-29T10:44:19.693491+00:00,freq,1,0,550.0,550.0,1200.0,550.0,0,,,,
2026-09-29T10:44:19.693491+00:00,power,0,0,,,,,,1118677686750,669906360111,28.020331332800833,
2026-09-29T10:44:20.707823+00:00,freq,0,0,2500.0,4250.0,2500.0,900.0,0,,,,
2026-09-29T10:44:20.707823+00:00,freq,1,0,550.0,550.0,1200.0,550.0,0,,,,
2026-09-29T10:44:20.707823+00:00,power,0,0,,,,,,1118701329351,669907374563,23.305785783851775,
2026-09-29T10:44:21.707360+00:00,freq,0,0,2500.0,4250.0,2500.0,900.0,0,,,,
2026-09-29T10:44:21.707360+00:00,freq,1,0,550.0,550.0,1200.0,550.0,0,,,,
2026-09-29T10:44:21.707360+00:00,power,0,0,,,,,,1118724563321,669908374148,23.243616100681784,
2026-09-29T10:44:22.692437+00:00,freq,0,0,2500.0,4250.0,2500.0,900.0,0,,,,
2026-09-29T10:44:22.692437+00:00,freq,1,0,550.0,550.0,1200.0,550.0,0,,,,
2026-09-29T10:44:22.692437+00:00,power,0,0,,,,,,1118747250721,669909359883,23.015719234885644,
2026-09-29T10:44:23.708555+00:00,freq,0,0,2500.0,4250.0,2500.0,900.0,0,,,,
2026-09-29T10:44:23.708555+00:00,freq,1,0,550.0,550.0,1200.0,600.0,0,,,,
2026-09-29T10:44:23.708555+00:00,power,0,0,,,,,,1118770313465,669910375262,22.7134340970219,
2026-09-29T10:44:24.700229+00:00,freq,0,0,2500.0,4250.0,2500.0,900.0,0,,,,
2026-09-29T10:44:24.700229+00:00,freq,1,0,550.0,550.0,1200.0,550.0,0,,,,
2026-09-29T10:44:24.700229+00:00,power,0,0,,,,,,1118793028659,669911366895,22.90685566131825,
2026-09-29T10:44:25.688268+00:00,freq,0,0,2500.0,4250.0,2500.0,900.0,0,,,,
2026-09-29T10:44:25.688268+00:00,freq,1,0,550.0,550.0,1200.0,600.0,0,,,,
2026-09-29T10:44:25.688268+00:00,power,0,0,,,,,,1118815859797,669912354972,23.106638450242237,
2026-09-29T10:44:26.692932+00:00,freq,0,0,2500.0,4250.0,2500.0,900.0,0,,,,
2026-09-29T10:44:26.692932+00:00,freq,1,0,600.0,600.0,1200.0,600.0,0,,,,
2026-09-29T10:44:26.692932+00:00,power,0,0,,,,,,1118839071855,669913359648,23.104023585713204,
2026-09-29T10:44:27.695382+00:00,freq,0,0,2500.0,4250.0,2500.0,900.0,0,,,,
2026-09-29T10:44:27.695382+00:00,freq,1,0,550.0,550.0,1200.0,600.0,0,,,,
2026-09-29T10:44:27.695382+00:00,power,0,0,,,,,,1118862131546,669914362032,23.00484744369423,
2026-09-29T10:44:28.697401+00:00,freq,0,0,2500.0,4250.0,2500.0,900.0,0,,,,
2026-09-29T10:44:28.697401+00:00,freq,1,0,600.0,600.0,1200.0,600.0,0,,,,
2026-09-29T10:44:28.697401+00:00,power,0,0,,,,,,1118885165871,669915363869,22.99208853336421,
2026-09-29T10:44:29.710228+00:00,freq,0,0,2500.0,4250.0,2500.0,900.0,0,,,,
2026-09-29T10:44:29.710228+00:00,freq,1,0,600.0,600.0,1200.0,600.0,0,,,,
2026-09-29T10:44:29.710228+00:00,power,0,0,,,,,,1118908452026,669916376686,22.991473286882034,
2026-09-29T10:44:30.710222+00:00,freq,0,0,2500.0,4250.0,2500.0,900.0,0,,,,
2026-09-29T10:44:30.710222+00:00,freq,1,0,600.0,600.0,1200.0,600.0,0,,,,
2026-09-29T10:44:30.710222+00:00,power,0,0,,,,,,1118930095481,669917376789,21.641225953726767,
2026-09-29T10:44:31.698349+00:00,freq,0,0,2500.0,4250.0,2500.0,950.0,0,,,,
2026-09-29T10:44:31.698349+00:00,freq,1,0,550.0,550.0,1200.0,550.0,0,,,,
2026-09-29T10:44:31.698349+00:00,power,0,0,,,,,,1118930122176,669918364931,0.027015347996543006,
2026-09-29T10:44:32.685174+00:00,freq,0,0,2500.0,4250.0,2500.0,900.0,0,,,,
2026-09-29T10:44:32.685174+00:00,freq,1,0,550.0,550.0,1200.0,550.0,0,,,,
2026-09-29T10:44:32.685174+00:00,power,0,0,,,,,,1118930122176,669919351534,0.0,
2026-09-29T10:44:33.688432+00:00,freq,0,0,2500.0,4250.0,2500.0,900.0,0,,,,
2026-09-29T10:44:33.688432+00:00,freq,1,0,600.0,600.0,1200.0,550.0,0,,,,
2026-09-29T10:44:33.688432+00:00,power,0,0,,,,,,1118930122176,669920354928,0.0,
2026-09-29T10:44:34.689214+00:00,freq,0,0,2500.0,4250.0,2500.0,900.0,0,,,,
2026-09-29T10:44:34.689214+00:00,freq,1,0,550.0,550.0,1200.0,550.0,0,,,,
2026-09-29T10:44:34.689214+00:00,power,0,0,,,,,,1118930122176,669921355718,0.0,
2026-09-29T10:44:35.694210+00:00,freq,0,0,2500.0,4250.0,2500.0,900.0,0,,,,
2026-09-29T10:44:35.694210+00:00,freq,1,0,550.0,550.0,1200.0,550.0,0,,,,
2026-09-29T10:44:35.694210+00:00,power,0,0,,,,,,1118930122176,669922360581,0.0,
2026-09-29T10:44:36.709642+00:00,freq,0,0,2500.0,4250.0,2500.0,900.0,0,,,,
2026-09-29T10:44:36.709642+00:00,freq,1,0,550.0,550.0,1200.0,550.0,0,,,,
2026-09-29T10:44:36.709642+00:00,power,0,0,,,,,,1118930122481,669923375957,0.00030038133656891636,
2026-09-29T10:44:37.701689+00:00,freq,0,0,2500.0,4250.0,2500.0,900.0,0,,,,
2026-09-29T10:44:37.701689+00:00,freq,1,0,550.0,550.0,1200.0,550.0,0,,,,
2026-09-29T10:44:37.701689+00:00,power,0,0,,,,,,1118930122481,669924368074,0.0,
2026-09-29T10:44:38.690015+00:00,freq,0,0,2500.0,4250.0,2500.0,900.0,0,,,,
2026-09-29T10:44:38.690015+00:00,freq,1,0,550.0,550.0,1200.0,550.0,0,,,,
2026-09-29T10:44:38.690015+00:00,power,0,0,,,,,,1118930123603,669925356380,0.0011352759165683503,
2026-09-29T10:44:39.691625+00:00,freq,0,0,2500.0,4250.0,2500.0,900.0,0,,,,
2026-09-29T10:44:39.691625+00:00,freq,1,0,550.0,550.0,1200.0,550.0,0,,,,
2026-09-29T10:44:39.691625+00:00,power,0,0,,,,,,1118930123603,669926357945,0.0,
2026-09-29T10:44:40.705274+00:00,freq,0,0,2500.0,4250.0,2500.0,900.0,0,,,,
2026-09-29T10:44:40.705274+00:00,freq,1,0,550.0,550.0,1200.0,550.0,0,,,,
2026-09-29T10:44:40.705274+00:00,power,0,0,,,,,,1118930124030,669927371415,0.000421324755542838,
2026-09-29T10:44:41.693199+00:00,freq,0,0,2500.0,4250.0,2500.0,900.0,0,,,,
2026-09-29T10:44:41.693199+00:00,freq,1,0,550.0,550.0,1200.0,550.0,0,,,,
2026-09-29T10:44:41.693199+00:00,power,0,0,,,,,,1118930125945,669928359434,0.0019382218358148984,
2026-09-29T10:44:42.694814+00:00,freq,0,0,2500.0,4250.0,2500.0,900.0,0,,,,
2026-09-29T10:44:42.694814+00:00,freq,1,0,550.0,550.0,1200.0,550.0,0,,,,
2026-09-29T10:44:42.694814+00:00,power,0,0,,,,,,1118930125945,669929361063,0.0,
2026-09-29T10:44:43.700672+00:00,freq,0,0,2500.0,4250.0,2500.0,900.0,0,,,,
2026-09-29T10:44:43.700672+00:00,freq,1,0,550.0,550.0,1200.0,550.0,0,,,,
2026-09-29T10:44:43.700672+00:00,power,0,0,,,,,,1118930126494,669930366836,0.0005458488147922046,
2026-09-29T10:44:44.689340+00:00,freq,0,0,2500.0,4250.0,2500.0,900.0,0,,,,
2026-09-29T10:44:44.689340+00:00,freq,1,0,550.0,550.0,1200.0,550.0,0,,,,
2026-09-29T10:44:44.689340+00:00,power,0,0,,,,,,1118930127531,669931355511,0.0010488785495739246,
2026-09-29T10:44:45.693402+00:00,freq,0,0,2500.0,4250.0,2500.0,900.0,0,,,,
2026-09-29T10:44:45.693402+00:00,freq,1,0,550.0,550.0,1200.0,550.0,0,,,,
2026-09-29T10:44:45.693402+00:00,power,0,0,,,,,,1118930127531,669932359636,0.0,
2026-09-29T10:44:46.697637+00:00,freq,0,0,2500.0,4250.0,2500.0,900.0,0,,,,
2026-09-29T10:44:46.697637+00:00,freq,1,0,550.0,550.0,1200.0,550.0,0,,,,
2026-09-29T10:44:46.697637+00:00,power,0,0,,,,,,1118930127531,669933363790,0.0,
2026-09-29T10:44:47.701459+00:00,freq,0,0,950.0,950.0,2500.0,900.0,0,,,,
2026-09-29T10:44:47.701459+00:00,freq,1,0,550.0,550.0,1200.0,550.0,0,,,,
2026-09-29T10:44:47.701459+00:00,power,0,0,,,,,,1118930130239,669934367537,0.002697891002413955,
2026-09-29T10:44:48.688158+00:00,freq,0,0,950.0,950.0,2500.0,900.0,0,,,,
2026-09-29T10:44:48.688158+00:00,freq,1,0,550.0,550.0,1200.0,550.0,0,,,,
2026-09-29T10:44:48.688158+00:00,power,0,0,,,,,,1118930130239,669935354342,0.0,
2026-09-29T10:44:49.699457+00:00,freq,0,0,950.0,950.0,2500.0,900.0,0,,,,
2026-09-29T10:44:49.699457+00:00,freq,1,0,550.0,550.0,1200.0,550.0,0,,,,
2026-09-29T10:44:49.699457+00:00,power,0,0,,,,,,1118930132215,669936365349,0.001954486962009165,
2026-09-29T10:44:50.691591+00:00,freq,0,0,950.0,950.0,2500.0,900.0,0,,,,
2026-09-29T10:44:50.691591+00:00,freq,1,0,550.0,550.0,1200.0,550.0,0,,,,
2026-09-29T10:44:50.691591+00:00,power,0,0,,,,,,1118930132398,669937357509,0.00018444605708756653,
2026-09-29T10:44:51.695893+00:00,freq,0,0,950.0,950.0,2500.0,900.0,0,,,,
2026-09-29T10:44:51.695893+00:00,freq,1,0,550.0,550.0,1200.0,550.0,0,,,,
2026-09-29T10:44:51.695893+00:00,power,0,0,,,,,,1118930132398,669938361908,0.0,
2026-09-29T10:44:52.700799+00:00,freq,0,0,2400.0,4250.0,2400.0,900.0,2,,,,
2026-09-29T10:44:52.700799+00:00,freq,1,0,550.0,550.0,1200.0,550.0,0,,,,
2026-09-29T10:44:52.700799+00:00,power,0,0,,,,,,1118947653234,669939366954,17.432869739295516,
2026-09-29T10:44:53.687212+00:00,freq,0,0,2500.0,4250.0,2500.0,900.0,0,,,,
2026-09-29T10:44:53.687212+00:00,freq,1,0,550.0,550.0,1200.0,550.0,0,,,,
2026-09-29T10:44:53.687212+00:00,power,0,0,,,,,,1118980720113,669940352832,33.54053848447779,
2026-09-29T10:44:54.692321+00:00,freq,0,0,2500.0,4250.0,2500.0,900.0,0,,,,
2026-09-29T10:44:54.692321+00:00,freq,1,0,550.0,550.0,1200.0,550.0,0,,,,
2026-09-29T10:44:54.692321+00:00,power,0,0,,,,,,1119005493817,669941358189,24.641698421555727,
2026-09-29T10:44:55.696909+00:00,freq,0,0,2500.0,4250.0,2500.0,900.0,0,,,,
2026-09-29T10:44:55.696909+00:00,freq,1,0,550.0,550.0,1200.0,550.0,0,,,,
2026-09-29T10:44:55.696909+00:00,power,0,0,,,,,,1119028799442,669942362668,23.201704565252236,
2026-09-29T10:44:56.699728+00:00,freq,0,0,2500.0,4250.0,2500.0,900.0,0,,,,
2026-09-29T10:44:56.699728+00:00,freq,1,0,550.0,550.0,1200.0,550.0,0,,,,
2026-09-29T10:44:56.699728+00:00,power,0,0,,,,,,1119052023853,669943365595,23.156631539483932,
2026-09-29T10:44:57.700260+00:00,freq,0,0,2500.0,4250.0,2500.0,900.0,0,,,,
2026-09-29T10:44:57.700260+00:00,freq,1,0,600.0,600.0,1200.0,550.0,0,,,,
2026-09-29T10:44:57.700260+00:00,power,0,0,,,,,,1119075069713,669944365992,23.036714424373525,
2026-09-29T10:44:58.688427+00:00,freq,0,0,2500.0,4250.0,2500.0,900.0,0,,,,
2026-09-29T10:44:58.688427+00:00,freq,1,0,550.0,550.0,1200.0,600.0,0,,,,
2026-09-29T10:44:58.688427+00:00,power,0,0,,,,,,1119097844943,669945354201,23.04697690468312,
2026-09-29T10:44:59.691055+00:00,freq,0,0,2500.0,4250.0,2500.0,900.0,0,,,,
2026-09-29T10:44:59.691055+00:00,freq,1,0,600.0,600.0,1200.0,600.0,0,,,,
2026-09-29T10:44:59.691055+00:00,power,0,0,,,,,,1119120624751,669946356763,22.721595272910804,
2026-09-29T10:45:00.704535+00:00,freq,0,0,2500.0,4250.0,2500.0,900.0,0,,,,
2026-09-29T10:45:00.704535+00:00,freq,1,0,600.0,600.0,1200.0,600.0,0,,,,
2026-09-29T10:45:00.704535+00:00,power,0,0,,,,,,1119143703020,669947370195,22.77239025410684,
2026-09-29T10:45:01.694047+00:00,freq,0,0,2500.0,4250.0,2500.0,900.0,0,,,,
2026-09-29T10:45:01.694047+00:00,freq,1,0,600.0,600.0,1200.0,600.0,0,,,,
2026-09-29T10:45:01.694047+00:00,power,0,0,,,,,,1119166441995,669948359574,22.983078274351893,
2026-09-29T10:45:02.696296+00:00,freq,0,0,2500.0,4250.0,2500.0,900.0,0,,,,
2026-09-29T10:45:02.696296+00:00,freq,1,0,600.0,600.0,1200.0,600.0,0,,,,
2026-09-29T10:45:02.696296+00:00,power,0,0,,,,,,1119189441567,669949361930,22.945512372849567,
2026-09-29T10:45:03.701229+00:00,freq,0,0,2500.0,4250.0,2500.0,900.0,0,,,,
2026-09-29T10:45:03.701229+00:00,freq,1,0,600.0,600.0,1200.0,600.0,0,,,,
2026-09-29T10:45:03.701229+00:00,power,0,0,,,,,,1119212721703,669950366833,23.166550403372266,
2026-09-29T10:45:04.697073+00:00,freq,0,0,2500.0,4250.0,2500.0,900.0,0,,,,
2026-09-29T10:45:04.697073+00:00,freq,1,0,600.0,600.0,1200.0,600.0,0,,,,
2026-09-29T10:45:04.697073+00:00,power,0,0,,,,,,1119235642319,669951362550,23.019207264714773,
2026-09-29T10:45:05.703805+00:00,freq,0,0,2500.0,4250.0,2500.0,900.0,0,,,,
2026-09-29T10:45:05.703805+00:00,freq,1,0,600.0,600.0,1200.0,550.0,0,,,,
2026-09-29T10:45:05.703805+00:00,power,0,0,,,,,,1119249855514,669952369354,14.117141966062908,
2026-09-29T10:45:06.691311+00:00,freq,0,0,2500.0,4250.0,2500.0,900.0,0,,,,
2026-09-29T10:45:06.691311+00:00,freq,1,0,550.0,550.0,1200.0,550.0,0,,,,
2026-09-29T10:45:06.691311+00:00,power,0,0,,,,,,1119249855514,669953356773,0.0,
2026-09-29T10:45:07.698272+00:00,freq,0,0,2500.0,4250.0,2500.0,900.0,0,,,,
2026-09-29T10:45:07.698272+00:00,freq,1,0,550.0,550.0,1200.0,550.0,0,,,,
2026-09-29T10:45:07.698272+00:00,power,0,0,,,,,,1119249855514,669954363980,0.0,
2026-09-29T10:45:08.701620+00:00,freq,0,0,2500.0,4250.0,2500.0,900.0,0,,,,
2026-09-29T10:45:08.701620+00:00,freq,1,0,550.0,550.0,1200.0,550.0,0,,,,
2026-09-29T10:45:08.701620+00:00,power,0,0,,,,,,1119249855514,669955366995,0.0,
2026-09-29T10:45:09.702750+00:00,freq,0,0,2500.0,4250.0,2500.0,900.0,0,,,,
2026-09-29T10:45:09.702750+00:00,freq,1,0,550.0,550.0,1200.0,550.0,0,,,,
2026-09-29T10:45:09.702750+00:00,power,0,0,,,,,,1119249855514,669956368249,0.0,
2026-09-29T10:45:10.696435+00:00,freq,0,0,2500.0,4250.0,2500.0,900.0,0,,,,
2026-09-29T10:45:10.696435+00:00,freq,1,0,550.0,550.0,1200.0,550.0,0,,,,
2026-09-29T10:45:10.696435+00:00,power,0,0,,,,,,1119249855514,669957361741,0.0,
2026-09-29T10:45:11.703581+00:00,freq,0,0,2500.0,4250.0,2500.0,900.0,0,,,,
2026-09-29T10:45:11.703581+00:00,freq,1,0,550.0,550.0,1200.0,550.0,0,,,,
2026-09-29T10:45:11.703581+00:00,power,0,0,,,,,,1119249856636,669958368898,0.0011140269094093572,
2026-09-29T10:45:12.688914+00:00,freq,0,0,2500.0,4250.0,2500.0,900.0,0,,,,
2026-09-29T10:45:12.688914+00:00,freq,1,0,550.0,550.0,1200.0,550.0,0,,,,
2026-09-29T10:45:12.688914+00:00,power,0,0,,,,,,1119249856636,669959354493,0.0,
2026-09-29T10:45:13.694363+00:00,freq,0,0,2500.0,4250.0,2500.0,900.0,0,,,,
2026-09-29T10:45:13.694363+00:00,freq,1,0,550.0,550.0,1200.0,550.0,0,,,,
2026-09-29T10:45:13.694363+00:00,power,0,0,,,,,,1119249856636,669960359748,0.0,
2026-09-29T10:45:14.700577+00:00,freq,0,0,2500.0,4250.0,2500.0,900.0,0,,,,
2026-09-29T10:45:14.700577+00:00,freq,1,0,550.0,550.0,1200.0,550.0,0,,,,
2026-09-29T10:45:14.700577+00:00,power,0,0,,,,,,1119249856636,669961365928,0.0,
2026-09-29T10:45:15.701319+00:00,freq,0,0,2500.0,4250.0,2500.0,900.0,0,,,,
2026-09-29T10:45:15.701319+00:00,freq,1,0,550.0,550.0,1200.0,550.0,0,,,,
2026-09-29T10:45:15.701319+00:00,power,0,0,,,,,,1119249856636,669962366613,0.0,
2026-09-29T10:45:16.691022+00:00,freq,0,0,2500.0,4250.0,2500.0,900.0,0,,,,
2026-09-29T10:45:16.691022+00:00,freq,1,0,550.0,550.0,1200.0,550.0,0,,,,
2026-09-29T10:45:16.691022+00:00,power,0,0,,,,,,1119249857673,669963356308,0.0010477975537918247,
2026-09-29T10:45:17.691735+00:00,freq,0,0,1100.0,1100.0,2500.0,900.0,0,,,,
2026-09-29T10:45:17.691735+00:00,freq,1,0,550.0,550.0,1200.0,550.0,0,,,,
2026-09-29T10:45:17.691735+00:00,power,0,0,,,,,,1119249859931,669964357040,0.0022563483530056,
2026-09-29T10:45:18.692561+00:00,freq,0,0,1100.0,1100.0,2500.0,900.0,0,,,,
2026-09-29T10:45:18.692561+00:00,freq,1,0,550.0,550.0,1200.0,550.0,0,,,,
2026-09-29T10:45:18.692561+00:00,power,0,0,,,,,,1119249859931,669965357724,0.0,
2026-09-29T10:45:19.693117+00:00,freq,0,0,1100.0,1100.0,2500.0,900.0,0,,,,
2026-09-29T10:45:19.693117+00:00,freq,1,0,550.0,550.0,1200.0,550.0,0,,,,
2026-09-29T10:45:19.693117+00:00,power,0,0,,,,,,1119249859931,669966358424,0.0,
2026-09-29T10:45:20.705873+00:00,freq,0,0,1100.0,1100.0,2500.0,900.0,0,,,,
2026-09-29T10:45:20.705873+00:00,freq,1,0,550.0,550.0,1200.0,550.0,0,,,,
2026-09-29T10:45:20.705873+00:00,power,0,0,,,,,,1119249859931,669967370885,0.0,
2026-09-29T10:45:21.694664+00:00,freq,0,0,1100.0,1100.0,2500.0,900.0,0,,,,
2026-09-29T10:45:21.694664+00:00,freq,1,0,550.0,550.0,1200.0,550.0,0,,,,
2026-09-29T10:45:21.694664+00:00,power,0,0,,,,,,1119249860114,669968359805,0.00018505035796626622,
2026-09-29T10:45:22.696408+00:00,freq,0,0,1100.0,1100.0,2500.0,900.0,0,,,,
2026-09-29T10:45:22.696408+00:00,freq,1,0,550.0,550.0,1200.0,550.0,0,,,,
2026-09-29T10:45:22.696408+00:00,power,0,0,,,,,,1119249861334,669969361455,0.0012179903159786354,
2026-09-29T10:45:23.701360+00:00,freq,0,0,1100.0,1100.0,2500.0,900.0,0,,,,
2026-09-29T10:45:23.701360+00:00,freq,1,0,550.0,550.0,1200.0,550.0,0,,,,
2026-09-29T10:45:23.701360+00:00,power,0,0,,,,,,1119249861517,669970366447,0.00018209100171941668,
2026-09-29T10:45:24.686652+00:00,freq,0,0,1100.0,1100.0,2500.0,900.0,0,,,,
2026-09-29T10:45:24.686652+00:00,freq,1,0,550.0,550.0,1200.0,550.0,0,,,,
2026-09-29T10:45:24.686652+00:00,power,0,0,,,,,,1119249862578,669971352180,0.0010763563764224187,
2026-09-29T10:45:25.699955+00:00,freq,0,0,1100.0,1100.0,2500.0,900.0,0,,,,
2026-09-29T10:45:25.699955+00:00,freq,1,0,550.0,550.0,1200.0,550.0,0,,,,
2026-09-29T10:45:25.699955+00:00,power,0,0,,,,,,1119249863127,669972364974,0.000542064822658902,
2026-09-29T10:45:26.699641+00:00,freq,0,0,1100.0,1100.0,2500.0,900.0,0,,,,
2026-09-29T10:45:26.699641+00:00,freq,1,0,550.0,550.0,1200.0,550.0,0,,,,
2026-09-29T10:45:26.699641+00:00,power,0,0,,,,,,1119249863127,669973364561,0.0,
2026-09-29T10:45:27.685228+00:00,freq,0,0,2450.0,4250.0,2450.0,900.0,2,,,,
2026-09-29T10:45:27.685228+00:00,freq,1,0,550.0,550.0,1200.0,550.0,0,,,,
2026-09-29T10:45:27.685228+00:00,power,0,0,,,,,,1119277467032,669974350110,28.00865811847001,
2026-09-29T10:45:28.690179+00:00,freq,0,0,2400.0,4250.0,2450.0,900.0,2,,,,
2026-09-29T10:45:28.690179+00:00,freq,1,0,550.0,550.0,1200.0,600.0,0,,,,
2026-09-29T10:45:28.690179+00:00,power,0,0,,,,,,1119310822500,669975354832,33.1987037210293,
2026-09-29T10:45:29.691885+00:00,freq,0,0,2500.0,4250.0,2500.0,900.0,0,,,,
2026-09-29T10:45:29.691885+00:00,freq,1,0,550.0,550.0,1200.0,550.0,0,,,,
2026-09-29T10:45:29.691885+00:00,power,0,0,,,,,,1119342280286,669976356700,31.39913242063825,
2026-09-29T10:45:30.694725+00:00,freq,0,0,2450.0,4250.0,2500.0,900.0,2,,,,
2026-09-29T10:45:30.694725+00:00,freq,1,0,600.0,600.0,1200.0,600.0,0,,,,
2026-09-29T10:45:30.694725+00:00,power,0,0,,,,,,1119372463902,669977359559,30.097567055787504,
2026-09-29T10:45:31.697385+00:00,freq,0,0,2500.0,4250.0,2500.0,900.0,0,,,,
2026-09-29T10:45:31.697385+00:00,freq,1,0,600.0,600.0,1200.0,600.0,0,,,,
2026-09-29T10:45:31.697385+00:00,power,0,0,,,,,,1119394903683,669978362060,22.38379911840487,
2026-09-29T10:45:32.712257+00:00,freq,0,0,2500.0,4250.0,2500.0,900.0,0,,,,
2026-09-29T10:45:32.712257+00:00,freq,1,0,550.0,550.0,1200.0,600.0,0,,,,
2026-09-29T10:45:32.712257+00:00,power,0,0,,,,,,1119417330952,669979377029,22.096506395761843,
2026-09-29T10:45:33.698147+00:00,freq,0,0,2500.0,4250.0,2500.0,900.0,0,,,,
2026-09-29T10:45:33.698147+00:00,freq,1,0,550.0,550.0,1200.0,600.0,0,,,,
2026-09-29T10:45:33.698147+00:00,power,0,0,,,,,,1119439121586,669980362743,22.10644669752078,
2026-09-29T10:45:34.704306+00:00,freq,0,0,2500.0,4250.0,2500.0,900.0,0,,,,
2026-09-29T10:45:34.704306+00:00,freq,1,0,600.0,600.0,1200.0,600.0,0,,,,
2026-09-29T10:45:34.704306+00:00,power,0,0,,,,,,1119461348453,669981369023,22.08815339666892,
2026-09-29T10:45:35.691089+00:00,freq,0,0,2500.0,4250.0,2500.0,900.0,0,,,,
2026-09-29T10:45:35.691089+00:00,freq,1,0,600.0,600.0,1200.0,600.0,0,,,,
2026-09-29T10:45:35.691089+00:00,power,0,0,,,,,,1119482758594,669982355625,21.700889517758934,
2026-09-29T10:45:36.695168+00:00,freq,0,0,2500.0,4250.0,2500.0,900.0,0,,,,
2026-09-29T10:45:36.695168+00:00,freq,1,0,600.0,600.0,1200.0,600.0,0,,,,
2026-09-29T10:45:36.695168+00:00,power,0,0,,,,,,1119504570140,669983359732,21.722332380911595,
2026-09-29T10:45:37.699126+00:00,freq,0,0,2500.0,4250.0,2500.0,900.0,0,,,,
2026-09-29T10:45:37.699126+00:00,freq,1,0,600.0,600.0,1200.0,600.0,0,,,,
2026-09-29T10:45:37.699126+00:00,power,0,0,,,,,,1119526774485,669984363668,22.11729134128072,
2026-09-29T10:45:38.709289+00:00,freq,0,0,2500.0,4250.0,2500.0,900.0,0,,,,
2026-09-29T10:45:38.709289+00:00,freq,1,0,600.0,600.0,1200.0,600.0,0,,,,
2026-09-29T10:45:38.709289+00:00,power,0,0,,,,,,1119549098543,669985373774,22.10070824250128,
2026-09-29T10:45:39.705579+00:00,freq,0,0,2500.0,4250.0,2500.0,900.0,0,,,,
2026-09-29T10:45:39.705579+00:00,freq,1,0,600.0,600.0,1200.0,600.0,0,,,,
2026-09-29T10:45:39.705579+00:00,power,0,0,,,,,,1119571092400,669986370129,22.07431788870433,
2026-09-29T10:45:40.705989+00:00,freq,0,0,2500.0,4250.0,2500.0,900.0,0,,,,
2026-09-29T10:45:40.705989+00:00,freq,1,0,600.0,600.0,1200.0,600.0,0,,,,
2026-09-29T10:45:40.705989+00:00,power,0,0,,,,,,1119593174050,669987370387,22.07595440376383,
2026-09-29T10:45:41.693017+00:00,freq,0,0,2500.0,4250.0,2500.0,900.0,0,,,,
2026-09-29T10:45:41.693017+00:00,freq,1,0,600.0,600.0,1200.0,600.0,0,,,,
2026-09-29T10:45:41.693017+00:00,power,0,0,,,,,,1119614932007,669988357393,22.044401959055975,
2026-09-29T10:45:42.695629+00:00,freq,0,0,2500.0,4250.0,2500.0,900.0,0,,,,
2026-09-29T10:45:42.695629+00:00,freq,1,0,600.0,600.0,1200.0,600.0,0,,,,
2026-09-29T10:45:42.695629+00:00,power,0,0,,,,,,1119636990196,669989359849,22.004146815421326,
2026-09-29T10:45:43.701583+00:00,freq,0,0,2500.0,4250.0,2500.0,900.0,0,,,,
2026-09-29T10:45:43.701583+00:00,freq,1,0,600.0,600.0,1200.0,600.0,0,,,,
2026-09-29T10:45:43.701583+00:00,power,0,0,,,,,,1119645311240,669990366085,8.269475550467286,
2026-09-29T10:45:44.701317+00:00,freq,0,0,2500.0,4250.0,2500.0,900.0,0,,,,
2026-09-29T10:45:44.701317+00:00,freq,1,0,600.0,600.0,1200.0,600.0,0,,,,
2026-09-29T10:45:44.701317+00:00,power,0,0,,,,,,1119645311240,669991365684,0.0,
2026-09-29T10:45:45.701937+00:00,freq,0,0,2500.0,4250.0,2500.0,900.0,0,,,,
2026-09-29T10:45:45.701937+00:00,freq,1,0,600.0,600.0,1200.0,600.0,0,,,,
2026-09-29T10:45:45.701937+00:00,power,0,0,,,,,,1119645311240,669992366369,0.0,
2026-09-29T10:45:46.699668+00:00,freq,0,0,2500.0,4250.0,2500.0,1000.0,0,,,,
2026-09-29T10:45:46.699668+00:00,freq,1,0,600.0,600.0,1200.0,600.0,0,,,,
2026-09-29T10:45:46.699668+00:00,power,0,0,,,,,,1119645311240,669993364041,0.0,
2026-09-29T10:45:47.702399+00:00,freq,0,0,1150.0,1150.0,2500.0,900.0,0,,,,
2026-09-29T10:45:47.702399+00:00,freq,1,0,600.0,600.0,1200.0,550.0,0,,,,
2026-09-29T10:45:47.702399+00:00,power,0,0,,,,,,1119645313765,669994367006,0.0025175355072210893,
2026-09-29T10:45:48.687862+00:00,freq,0,0,1150.0,1150.0,2500.0,900.0,0,,,,
2026-09-29T10:45:48.687862+00:00,freq,1,0,550.0,550.0,1200.0,550.0,0,,,,
2026-09-29T10:45:48.687862+00:00,power,0,0,,,,,,1119645315412,669995352667,0.0016709598939189032,
2026-09-29T10:45:49.701387+00:00,freq,0,0,1150.0,1150.0,2500.0,900.0,0,,,,
2026-09-29T10:45:49.701387+00:00,freq,1,0,550.0,550.0,1200.0,550.0,0,,,,
2026-09-29T10:45:49.701387+00:00,power,0,0,,,,,,1119645315412,669996365588,0.0,
2026-09-29T10:45:50.699376+00:00,freq,0,0,1150.0,1150.0,2500.0,900.0,0,,,,
2026-09-29T10:45:50.699376+00:00,freq,1,0,550.0,550.0,1200.0,550.0,0,,,,
2026-09-29T10:45:50.699376+00:00,power,0,0,,,,,,1119645315412,669997363579,0.0,
2026-09-29T10:45:51.710815+00:00,freq,0,0,1150.0,1150.0,2500.0,900.0,0,,,,
2026-09-29T10:45:51.710815+00:00,freq,1,0,550.0,550.0,1200.0,550.0,0,,,,
2026-09-29T10:45:51.710815+00:00,power,0,0,,,,,,1119645315412,669998374913,0.0,
2026-09-29T10:45:52.709214+00:00,freq,0,0,1150.0,1150.0,2500.0,900.0,0,,,,
2026-09-29T10:45:52.709214+00:00,freq,1,0,550.0,550.0,1200.0,550.0,0,,,,
2026-09-29T10:45:52.709214+00:00,power,0,0,,,,,,1119645316839,669999373354,0.0014292281667119039,
2026-09-29T10:45:53.704641+00:00,freq,0,0,1150.0,1150.0,2500.0,900.0,0,,,,
2026-09-29T10:45:53.704641+00:00,freq,1,0,550.0,550.0,1200.0,550.0,0,,,,
2026-09-29T10:45:53.704641+00:00,power,0,0,,,,,,1119645316839,670000368796,0.0,
2026-09-29T10:45:54.699859+00:00,freq,0,0,1150.0,1150.0,2500.0,1000.0,0,,,,
2026-09-29T10:45:54.699859+00:00,freq,1,0,550.0,550.0,1200.0,550.0,0,,,,
2026-09-29T10:45:54.699859+00:00,power,0,0,,,,,,1119645316839,670001363911,0.0,
2026-09-29T10:45:55.700291+00:00,freq,0,0,2500.0,4250.0,2500.0,900.0,0,,,,
2026-09-29T10:45:55.700291+00:00,freq,1,0,550.0,550.0,1200.0,550.0,0,,,,
2026-09-29T10:45:55.700291+00:00,power,0,0,,,,,,1119645320256,670002364673,0.003414398228549845,
2026-09-29T10:45:56.709705+00:00,freq,0,0,2500.0,4250.0,2500.0,900.0,0,,,,
2026-09-29T10:45:56.709705+00:00,freq,1,0,550.0,550.0,1200.0,550.0,0,,,,
2026-09-29T10:45:56.709705+00:00,power,0,0,,,,,,1119645320256,670003373801,0.0,
2026-09-29T10:45:57.701993+00:00,freq,0,0,2500.0,4250.0,2500.0,900.0,0,,,,
2026-09-29T10:45:57.701993+00:00,freq,1,0,550.0,550.0,1200.0,550.0,0,,,,
2026-09-29T10:45:57.701993+00:00,power,0,0,,,,,,1119645320256,670004366051,0.0,
2026-09-29T10:45:58.702784+00:00,freq,0,0,2500.0,4250.0,2500.0,900.0,0,,,,
2026-09-29T10:45:58.702784+00:00,freq,1,0,550.0,550.0,1200.0,550.0,0,,,,
2026-09-29T10:45:58.702784+00:00,power,0,0,,,,,,1119645320256,670005366794,0.0,
2026-09-29T10:45:59.701082+00:00,freq,0,0,2500.0,4250.0,2500.0,900.0,0,,,,
2026-09-29T10:45:59.701082+00:00,freq,1,0,550.0,550.0,1200.0,550.0,0,,,,
2026-09-29T10:45:59.701082+00:00,power,0,0,,,,,,1119645320256,670006365183,0.0,
2026-09-29T10:46:00.696067+00:00,freq,0,0,2500.0,4250.0,2500.0,900.0,0,,,,
2026-09-29T10:46:00.696067+00:00,freq,1,0,550.0,550.0,1200.0,550.0,0,,,,
2026-09-29T10:46:00.696067+00:00,power,0,0,,,,,,1119645320256,670007360078,0.0,
2026-09-29T10:46:01.707390+00:00,freq,0,0,2500.0,4250.0,2500.0,900.0,0,,,,
2026-09-29T10:46:01.707390+00:00,freq,1,0,550.0,550.0,1200.0,550.0,0,,,,
2026-09-29T10:46:01.707390+00:00,power,0,0,,,,,,1119645320256,670008371437,0.0,
2026-09-29T10:46:02.705645+00:00,freq,0,0,2500.0,4250.0,2500.0,900.0,0,,,,
2026-09-29T10:46:02.705645+00:00,freq,1,0,550.0,550.0,1200.0,550.0,0,,,,
2026-09-29T10:46:02.705645+00:00,power,0,0,,,,,,1119645320256,670009369694,0.0,
2026-09-29T10:46:03.705187+00:00,freq,0,0,2500.0,4250.0,2500.0,900.0,0,,,,
2026-09-29T10:46:03.705187+00:00,freq,1,0,550.0,550.0,1200.0,550.0,0,,,,
2026-09-29T10:46:03.705187+00:00,power,0,0,,,,,,1119645320256,670010369092,0.0,
2026-09-29T10:46:04.699744+00:00,freq,0,0,2500.0,4250.0,2500.0,900.0,0,,,,
2026-09-29T10:46:04.699744+00:00,freq,1,0,550.0,550.0,1200.0,550.0,0,,,,
2026-09-29T10:46:04.699744+00:00,power,0,0,,,,,,1119645320256,670011363643,0.0,
2026-09-29T10:46:05.704322+00:00,freq,0,0,2500.0,4250.0,2500.0,900.0,0,,,,
2026-09-29T10:46:05.704322+00:00,freq,1,0,550.0,550.0,1200.0,550.0,0,,,,
2026-09-29T10:46:05.704322+00:00,power,0,0,,,,,,1119645320256,670012368372,0.0,
2026-09-29T10:46:06.701897+00:00,freq,0,0,2500.0,4250.0,2500.0,950.0,0,,,,
2026-09-29T10:46:06.701897+00:00,freq,1,0,550.0,550.0,1200.0,550.0,0,,,,
2026-09-29T10:46:06.701897+00:00,power,0,0,,,,,,1119645320256,670013365710,0.0,
2026-09-29T10:46:07.697915+00:00,freq,0,0,2500.0,4250.0,2500.0,900.0,0,,,,
2026-09-29T10:46:07.697915+00:00,freq,1,0,550.0,550.0,1200.0,550.0,0,,,,
2026-09-29T10:46:07.697915+00:00,power,0,0,,,,,,1119645320256,670014361873,0.0,
2026-09-29T10:46:08.708981+00:00,freq,0,0,2500.0,4250.0,2500.0,900.0,0,,,,
2026-09-29T10:46:08.708981+00:00,freq,1,0,550.0,550.0,1200.0,550.0,0,,,,
2026-09-29T10:46:08.708981+00:00,power,0,0,,,,,,1119645322598,670015372911,0.002316431232060516,
2026-09-29T10:46:09.705877+00:00,freq,0,0,2500.0,4250.0,2500.0,900.0,0,,,,
2026-09-29T10:46:09.705877+00:00,freq,1,0,550.0,550.0,1200.0,550.0,0,,,,
2026-09-29T10:46:09.705877+00:00,power,0,0,,,,,,1119645322598,670016369500,0.0,
2026-09-29T10:46:10.701152+00:00,freq,0,0,2500.0,4250.0,2500.0,900.0,0,,,,
2026-09-29T10:46:10.701152+00:00,freq,1,0,550.0,550.0,1200.0,550.0,0,,,,
2026-09-29T10:46:10.701152+00:00,power,0,0,,,,,,1119645322598,670017364745,0.0,
2026-09-29T10:46:11.694134+00:00,freq,0,0,2500.0,4250.0,2500.0,900.0,0,,,,
2026-09-29T10:46:11.694134+00:00,freq,1,0,550.0,550.0,1200.0,550.0,0,,,,
2026-09-29T10:46:11.694134+00:00,power,0,0,,,,,,1119645322598,670018357654,0.0,
2026-09-29T10:46:12.704227+00:00,freq,0,0,2500.0,4250.0,2500.0,900.0,0,,,,
2026-09-29T10:46:12.704227+00:00,freq,1,0,550.0,550.0,1200.0,550.0,0,,,,
2026-09-29T10:46:12.704227+00:00,power,0,0,,,,,,1119645322598,670019367770,0.0,
2026-09-29T10:46:13.699256+00:00,freq,0,0,2500.0,4250.0,2500.0,900.0,0,,,,
2026-09-29T10:46:13.699256+00:00,freq,1,0,550.0,550.0,1200.0,550.0,0,,,,
2026-09-29T10:46:13.699256+00:00,power,0,0,,,,,,1119645322598,670020362729,0.0,
2026-09-29T10:46:14.705289+00:00,freq,0,0,2500.0,4250.0,2500.0,900.0,0,,,,
2026-09-29T10:46:14.705289+00:00,freq,1,0,550.0,550.0,1200.0,550.0,0,,,,
2026-09-29T10:46:14.705289+00:00,power,0,0,,,,,,1119645322598,670021368849,0.0,
2026-09-29T10:46:15.696788+00:00,freq,0,0,2500.0,4250.0,2500.0,900.0,0,,,,
2026-09-29T10:46:15.696788+00:00,freq,1,0,550.0,550.0,1200.0,550.0,0,,,,
2026-09-29T10:46:15.696788+00:00,power,0,0,,,,,,1119645322598,670022360220,0.0,
2026-09-29T10:46:16.703948+00:00,freq,0,0,2500.0,4250.0,2500.0,900.0,0,,,,
2026-09-29T10:46:16.703948+00:00,freq,1,0,550.0,550.0,1200.0,550.0,0,,,,
2026-09-29T10:46:16.703948+00:00,power,0,0,,,,,,1119645322659,670023367374,6.0566705786801225e-05,
2026-09-29T10:46:17.700210+00:00,freq,0,0,2500.0,4250.0,2500.0,900.0,0,,,,
2026-09-29T10:46:17.700210+00:00,freq,1,0,550.0,550.0,1200.0,550.0,0,,,,
2026-09-29T10:46:17.700210+00:00,power,0,0,,,,,,1119645322659,670024363532,0.0,
2026-09-29T10:46:18.708531+00:00,freq,0,0,2500.0,4250.0,2500.0,900.0,0,,,,
2026-09-29T10:46:18.708531+00:00,freq,1,0,550.0,550.0,1200.0,550.0,0,,,,
2026-09-29T10:46:18.708531+00:00,power,0,0,,,,,,1119645322659,670025371863,0.0,
2026-09-29T10:46:19.703203+00:00,freq,0,0,2500.0,4250.0,2500.0,900.0,0,,,,
2026-09-29T10:46:19.703203+00:00,freq,1,0,550.0,550.0,1200.0,550.0,0,,,,
2026-09-29T10:46:19.703203+00:00,power,0,0,,,,,,1119645322659,670026366599,0.0,
2026-09-29T10:46:20.702815+00:00,freq,0,0,2500.0,4250.0,2500.0,1000.0,0,,,,
2026-09-29T10:46:20.702815+00:00,freq,1,0,550.0,550.0,1200.0,550.0,0,,,,
2026-09-29T10:46:20.702815+00:00,power,0,0,,,,,,1119645322659,670027366177,0.0,
2026-09-29T10:46:21.698118+00:00,freq,0,0,2500.0,4250.0,2500.0,1000.0,0,,,,
2026-09-29T10:46:21.698118+00:00,freq,1,0,550.0,550.0,1200.0,550.0,0,,,,
2026-09-29T10:46:21.698118+00:00,power,0,0,,,,,,1119645322659,670028361424,0.0,
2026-09-29T10:46:22.704869+00:00,freq,0,0,2500.0,4250.0,2500.0,900.0,0,,,,
2026-09-29T10:46:22.704869+00:00,freq,1,0,550.0,550.0,1200.0,550.0,0,,,,
2026-09-29T10:46:22.704869+00:00,power,0,0,,,,,,1119645322659,670029368198,0.0,
2026-09-29T10:46:23.697501+00:00,freq,0,0,2500.0,4250.0,2500.0,900.0,0,,,,
2026-09-29T10:46:23.697501+00:00,freq,1,0,550.0,550.0,1200.0,550.0,0,,,,
2026-09-29T10:46:23.697501+00:00,power,0,0,,,,,,1119645322659,670030360764,0.0,
2026-09-29T10:46:24.705200+00:00,freq,0,0,2500.0,4250.0,2500.0,900.0,0,,,,
2026-09-29T10:46:24.705200+00:00,freq,1,0,550.0,550.0,1200.0,550.0,0,,,,
2026-09-29T10:46:24.705200+00:00,power,0,0,,,,,,1119645323025,670031368387,0.00036323108940546214,
2026-09-29T10:46:25.701267+00:00,freq,0,0,2500.0,4250.0,2500.0,900.0,0,,,,
2026-09-29T10:46:25.701267+00:00,freq,1,0,550.0,550.0,1200.0,550.0,0,,,,
2026-09-29T10:46:25.701267+00:00,power,0,0,,,,,,1119645323025,670032364434,0.0,
2026-09-29T10:46:26.696523+00:00,freq,0,0,2500.0,4250.0,2500.0,900.0,0,,,,
2026-09-29T10:46:26.696523+00:00,freq,1,0,550.0,550.0,1200.0,550.0,0,,,,
2026-09-29T10:46:26.696523+00:00,power,0,0,,,,,,1119645323025,670033359620,0.0,
2026-09-29T10:46:27.706683+00:00,freq,0,0,2500.0,4250.0,2500.0,900.0,0,,,,
2026-09-29T10:46:27.706683+00:00,freq,1,0,550.0,550.0,1200.0,550.0,0,,,,
2026-09-29T10:46:27.706683+00:00,power,0,0,,,,,,1119645323025,670034369715,0.0,
2026-09-29T10:46:28.697636+00:00,freq,0,0,2500.0,4250.0,2500.0,900.0,0,,,,
2026-09-29T10:46:28.697636+00:00,freq,1,0,550.0,550.0,1200.0,550.0,0,,,,
2026-09-29T10:46:28.697636+00:00,power,0,0,,,,,,1119645323025,670035360750,0.0,
2026-09-29T10:46:29.698544+00:00,freq,0,0,2500.0,4250.0,2500.0,900.0,0,,,,
2026-09-29T10:46:29.698544+00:00,freq,1,0,550.0,550.0,1200.0,550.0,0,,,,
2026-09-29T10:46:29.698544+00:00,power,0,0,,,,,,1119645323025,670036361762,0.0,
2026-09-29T10:46:30.705622+00:00,freq,0,0,2500.0,4250.0,2500.0,900.0,0,,,,
2026-09-29T10:46:30.705622+00:00,freq,1,0,550.0,550.0,1200.0,550.0,0,,,,
2026-09-29T10:46:30.705622+00:00,power,0,0,,,,,,1119645323025,670037368751,0.0,
2026-09-29T10:46:31.699565+00:00,freq,0,0,2500.0,4250.0,2500.0,900.0,0,,,,
2026-09-29T10:46:31.699565+00:00,freq,1,0,550.0,550.0,1200.0,550.0,0,,,,
2026-09-29T10:46:31.699565+00:00,power,0,0,,,,,,1119645323025,670038362646,0.0,
2026-09-29T10:46:32.706953+00:00,freq,0,0,2500.0,4250.0,2500.0,900.0,0,,,,
2026-09-29T10:46:32.706953+00:00,freq,1,0,550.0,550.0,1200.0,550.0,0,,,,
2026-09-29T10:46:32.706953+00:00,power,0,0,,,,,,1119645324123,670039369860,0.0010901357606228667,
2026-09-29T10:46:33.701934+00:00,freq,0,0,2500.0,4250.0,2500.0,900.0,0,,,,
2026-09-29T10:46:33.701934+00:00,freq,1,0,550.0,550.0,1200.0,550.0,0,,,,
2026-09-29T10:46:33.701934+00:00,power,0,0,,,,,,1119645324123,670040364904,0.0,
2026-09-29T10:46:34.697445+00:00,freq,0,0,2500.0,4250.0,2500.0,900.0,0,,,,
2026-09-29T10:46:34.697445+00:00,freq,1,0,550.0,550.0,1200.0,550.0,0,,,,
2026-09-29T10:46:34.697445+00:00,power,0,0,,,,,,1119645324123,670041360525,0.0,
2026-09-29T10:46:35.709115+00:00,freq,0,0,2500.0,4250.0,2500.0,900.0,0,,,,
2026-09-29T10:46:35.709115+00:00,freq,1,0,550.0,550.0,1200.0,550.0,0,,,,
2026-09-29T10:46:35.709115+00:00,power,0,0,,,,,,1119645324123,670042372101,0.0,
2026-09-29T10:46:36.701515+00:00,freq,0,0,2500.0,4250.0,2500.0,900.0,0,,,,
2026-09-29T10:46:36.701515+00:00,freq,1,0,550.0,550.0,1200.0,550.0,0,,,,
2026-09-29T10:46:36.701515+00:00,power,0,0,,,,,,1119645324123,670043364493,0.0,
2026-09-29T10:46:37.698369+00:00,freq,0,0,2500.0,4250.0,2500.0,900.0,0,,,,
2026-09-29T10:46:37.698369+00:00,freq,1,0,550.0,550.0,1200.0,550.0,0,,,,
2026-09-29T10:46:37.698369+00:00,power,0,0,,,,,,1119645324123,670044361223,0.0,
2026-09-29T10:46:38.708354+00:00,freq,0,0,2500.0,4250.0,2500.0,900.0,0,,,,
2026-09-29T10:46:38.708354+00:00,freq,1,0,550.0,550.0,1200.0,550.0,0,,,,
2026-09-29T10:46:38.708354+00:00,power,0,0,,,,,,1119645324123,670045371223,0.0,
2026-09-29T10:46:39.699934+00:00,freq,0,0,2500.0,4250.0,2500.0,900.0,0,,,,
2026-09-29T10:46:39.699934+00:00,freq,1,0,550.0,550.0,1200.0,550.0,0,,,,
2026-09-29T10:46:39.699934+00:00,power,0,0,,,,,,1119645324123,670046362712,0.0,
2026-09-29T10:46:40.708282+00:00,freq,0,0,2500.0,4250.0,2500.0,900.0,0,,,,
2026-09-29T10:46:40.708282+00:00,freq,1,0,550.0,550.0,1200.0,550.0,0,,,,
2026-09-29T10:46:40.708282+00:00,power,0,0,,,,,,1119645324184,670047371130,6.0490788542052996e-05,
2026-09-29T10:46:41.698777+00:00,freq,0,0,2500.0,4250.0,2500.0,950.0,0,,,,
2026-09-29T10:46:41.698777+00:00,freq,1,0,550.0,550.0,1200.0,550.0,0,,,,
2026-09-29T10:46:41.698777+00:00,power,0,0,,,,,,1119645324184,670048361564,0.0,
2026-09-29T10:46:42.704245+00:00,freq,0,0,2500.0,4250.0,2500.0,900.0,0,,,,
2026-09-29T10:46:42.704245+00:00,freq,1,0,550.0,550.0,1200.0,550.0,0,,,,
2026-09-29T10:46:42.704245+00:00,power,0,0,,,,,,1119645324184,670049366915,0.0,
2026-09-29T10:46:43.693660+00:00,freq,0,0,2500.0,4250.0,2500.0,900.0,0,,,,
2026-09-29T10:46:43.693660+00:00,freq,1,0,550.0,550.0,1200.0,550.0,0,,,,
2026-09-29T10:46:43.693660+00:00,power,0,0,,,,,,1119645324184,670050356347,0.0,
2026-09-29T10:46:44.701213+00:00,freq,0,0,2500.0,4250.0,2500.0,900.0,0,,,,
2026-09-29T10:46:44.701213+00:00,freq,1,0,550.0,550.0,1200.0,550.0,0,,,,
2026-09-29T10:46:44.701213+00:00,power,0,0,,,,,,1119645324184,670051363828,0.0,
2026-09-29T10:46:45.711943+00:00,freq,0,0,2500.0,4250.0,2500.0,900.0,0,,,,
2026-09-29T10:46:45.711943+00:00,freq,1,0,550.0,550.0,1200.0,550.0,0,,,,
2026-09-29T10:46:45.711943+00:00,power,0,0,,,,,,1119645324184,670052374539,0.0,
2026-09-29T10:46:46.707906+00:00,freq,0,0,2500.0,4250.0,2500.0,900.0,0,,,,
2026-09-29T10:46:46.707906+00:00,freq,1,0,550.0,550.0,1200.0,550.0,0,,,,
2026-09-29T10:46:46.707906+00:00,power,0,0,,,,,,1119645324184,670053370580,0.0,
2026-09-29T10:46:47.700320+00:00,freq,0,0,2500.0,4250.0,2500.0,900.0,0,,,,
2026-09-29T10:46:47.700320+00:00,freq,1,0,550.0,550.0,1200.0,550.0,0,,,,
2026-09-29T10:46:47.700320+00:00,power,0,0,,,,,,1119645324184,670054362835,0.0,
2026-09-29T10:46:48.712088+00:00,freq,0,0,2500.0,4250.0,2500.0,900.0,0,,,,
2026-09-29T10:46:48.712088+00:00,freq,1,0,550.0,550.0,1200.0,550.0,0,,,,
2026-09-29T10:46:48.712088+00:00,power,0,0,,,,,,1119645324184,670055374671,0.0,
2026-09-29T10:46:49.706972+00:00,freq,0,0,2500.0,4250.0,2500.0,900.0,0,,,,
2026-09-29T10:46:49.706972+00:00,freq,1,0,550.0,550.0,1200.0,550.0,0,,,,
2026-09-29T10:46:49.706972+00:00,power,0,0,,,,,,1119645325977,670056369519,0.0018022853742481265,
2026-09-29T10:46:50.699365+00:00,freq,0,0,2500.0,4250.0,2500.0,900.0,0,,,,
2026-09-29T10:46:50.699365+00:00,freq,1,0,550.0,550.0,1200.0,550.0,0,,,,
2026-09-29T10:46:50.699365+00:00,power,0,0,,,,,,1119645325977,670057361849,0.0,
2026-09-29T10:46:51.705860+00:00,freq,0,0,2500.0,4250.0,2500.0,900.0,0,,,,
2026-09-29T10:46:51.705860+00:00,freq,1,0,550.0,550.0,1200.0,550.0,0,,,,
2026-09-29T10:46:51.705860+00:00,power,0,0,,,,,,1119645327136,670058368355,0.00115150828708423,
2026-09-29T10:46:52.697656+00:00,freq,0,0,2500.0,4250.0,2500.0,900.0,0,,,,
2026-09-29T10:46:52.697656+00:00,freq,1,0,550.0,550.0,1200.0,550.0,0,,,,
2026-09-29T10:46:52.697656+00:00,power,0,0,,,,,,1119645327258,670059360093,0.00012301636117603641,
2026-09-29T10:46:53.708104+00:00,freq,0,0,2500.0,4250.0,2500.0,900.0,0,,,,
2026-09-29T10:46:53.708104+00:00,freq,1,0,550.0,550.0,1200.0,550.0,0,,,,
2026-09-29T10:46:53.708104+00:00,power,0,0,,,,,,1119645327258,670060370470,0.0,
2026-09-29T10:46:54.704194+00:00,freq,0,0,2500.0,4250.0,2500.0,900.0,0,,,,
2026-09-29T10:46:54.704194+00:00,freq,1,0,550.0,550.0,1200.0,550.0,0,,,,
2026-09-29T10:46:54.704194+00:00,power,0,0,,,,,,1119645327258,670061366521,0.0,
2026-09-29T10:46:55.698699+00:00,freq,0,0,2500.0,4250.0,2500.0,900.0,0,,,,
2026-09-29T10:46:55.698699+00:00,freq,1,0,550.0,550.0,1200.0,550.0,0,,,,
2026-09-29T10:46:55.698699+00:00,power,0,0,,,,,,1119645327258,670062360935,0.0,
2026-09-29T10:46:56.710968+00:00,freq,0,0,2500.0,4250.0,2500.0,900.0,0,,,,
2026-09-29T10:46:56.710968+00:00,freq,1,0,550.0,550.0,1200.0,550.0,0,,,,
2026-09-29T10:46:56.710968+00:00,power,0,0,,,,,,1119645328990,670063373276,0.0017108859564119205,
2026-09-29T10:46:57.703436+00:00,freq,0,0,2500.0,4250.0,2500.0,900.0,0,,,,
2026-09-29T10:46:57.703436+00:00,freq,1,0,550.0,550.0,1200.0,550.0,0,,,,
2026-09-29T10:46:57.703436+00:00,power,0,0,,,,,,1119645328990,670064365674,0.0,
2026-09-29T10:46:58.693013+00:00,freq,0,0,2500.0,4250.0,2500.0,900.0,0,,,,
2026-09-29T10:46:58.693013+00:00,freq,1,0,550.0,550.0,1200.0,550.0,0,,,,
2026-09-29T10:46:58.693013+00:00,power,0,0,,,,,,1119645329356,670065355420,0.00036979184558462474,
2026-09-29T10:46:59.701190+00:00,freq,0,0,2500.0,4250.0,2500.0,900.0,0,,,,
2026-09-29T10:46:59.701190+00:00,freq,1,0,550.0,550.0,1200.0,550.0,0,,,,
2026-09-29T10:46:59.701190+00:00,power,0,0,,,,,,1119645329356,670066363375,0.0,
2026-09-29T10:47:00.709507+00:00,freq,0,0,2500.0,4250.0,2500.0,900.0,0,,,,
2026-09-29T10:47:00.709507+00:00,freq,1,0,550.0,550.0,1200.0,550.0,0,,,,
2026-09-29T10:47:00.709507+00:00,power,0,0,,,,,,1119645329356,670067371618,0.0,
2026-09-29T10:47:01.703181+00:00,freq,0,0,2500.0,4250.0,2500.0,900.0,0,,,,
2026-09-29T10:47:01.703181+00:00,freq,1,0,550.0,550.0,1200.0,550.0,0,,,,
2026-09-29T10:47:01.703181+00:00,power,0,0,,,,,,1119645329356,670068365414,0.0,
2026-09-29T10:47:02.688988+00:00,freq,0,0,2500.0,4250.0,2500.0,900.0,0,,,,
2026-09-29T10:47:02.688988+00:00,freq,1,0,550.0,550.0,1200.0,550.0,0,,,,
2026-09-29T10:47:02.688988+00:00,power,0,0,,,,,,1119645331942,670069351176,0.0026233512754599993,
2026-09-29T10:47:03.698983+00:00,freq,0,0,2500.0,4250.0,2500.0,900.0,0,,,,
2026-09-29T10:47:03.698983+00:00,freq,1,0,550.0,550.0,1200.0,550.0,0,,,,
2026-09-29T10:47:03.698983+00:00,power,0,0,,,,,,1119645331942,670070361093,0.0,
2026-09-29T10:47:04.708342+00:00,freq,0,0,2500.0,4250.0,2500.0,900.0,0,,,,
2026-09-29T10:47:04.708342+00:00,freq,1,0,550.0,550.0,1200.0,550.0,0,,,,
2026-09-29T10:47:04.708342+00:00,power,0,0,,,,,,1119645332247,670071370725,0.0003020902665525657,
2026-09-29T10:47:05.705832+00:00,freq,0,0,2500.0,4250.0,2500.0,900.0,0,,,,
2026-09-29T10:47:05.705832+00:00,freq,1,0,550.0,550.0,1200.0,550.0,0,,,,
2026-09-29T10:47:05.705832+00:00,power,0,0,,,,,,1119645332247,670072368089,0.0,
2026-09-29T10:47:06.705457+00:00,freq,0,0,2500.0,4250.0,2500.0,1000.0,0,,,,
2026-09-29T10:47:06.705457+00:00,freq,1,0,550.0,550.0,1200.0,550.0,0,,,,
2026-09-29T10:47:06.705457+00:00,power,0,0,,,,,,1119645332430,670073367637,0.00018308275340453886,
2026-09-29T10:47:07.706312+00:00,freq,0,0,2500.0,4250.0,2500.0,900.0,0,,,,
2026-09-29T10:47:07.706312+00:00,freq,1,0,550.0,550.0,1200.0,550.0,0,,,,
2026-09-29T10:47:07.706312+00:00,power,0,0,,,,,,1119645332430,670074368945,0.0,
2026-09-29T10:47:08.703931+00:00,freq,0,0,2500.0,4250.0,2500.0,900.0,0,,,,
2026-09-29T10:47:08.703931+00:00,freq,1,0,550.0,550.0,1200.0,550.0,0,,,,
2026-09-29T10:47:08.703931+00:00,power,0,0,,,,,,1119650048578,670075365979,4.730177707079197,
2026-09-29T10:47:09.704340+00:00,freq,0,0,2500.0,4250.0,2500.0,900.0,0,,,,
2026-09-29T10:47:09.704340+00:00,freq,1,0,550.0,550.0,1200.0,550.0,0,,,,
2026-09-29T10:47:09.704340+00:00,power,0,0,,,,,,1119651854630,670076366260,1.8055446419556105,
2026-09-29T10:47:10.692166+00:00,freq,0,0,2500.0,4250.0,2500.0,900.0,0,,,,
2026-09-29T10:47:10.692166+00:00,freq,1,0,550.0,550.0,1200.0,550.0,0,,,,
2026-09-29T10:47:10.692166+00:00,power,0,0,,,,,,1119654957070,670077354164,3.1404266001554806,
2026-09-29T10:47:11.703864+00:00,freq,0,0,2500.0,4250.0,2500.0,950.0,0,,,,
2026-09-29T10:47:11.703864+00:00,freq,1,0,550.0,550.0,1200.0,550.0,0,,,,
2026-09-29T10:47:11.703864+00:00,power,0,0,,,,,,1119654957375,670078366521,0.0003012771186449049,
2026-09-29T10:47:12.701848+00:00,freq,0,0,2500.0,4250.0,2500.0,900.0,0,,,,
2026-09-29T10:47:12.701848+00:00,freq,1,0,550.0,550.0,1200.0,550.0,0,,,,
2026-09-29T10:47:12.701848+00:00,power,0,0,,,,,,1119654957497,670079363910,0.00012231937589044997,
2026-09-29T10:47:13.716385+00:00,freq,0,0,2500.0,4250.0,2500.0,900.0,0,,,,
2026-09-29T10:47:13.716385+00:00,freq,1,0,550.0,550.0,1200.0,550.0,0,,,,
2026-09-29T10:47:13.716385+00:00,power,0,0,,,,,,1119654957497,670080378955,0.0,
2026-09-29T10:47:14.704205+00:00,freq,0,0,2500.0,4250.0,2500.0,900.0,0,,,,
2026-09-29T10:47:14.704205+00:00,freq,1,0,550.0,550.0,1200.0,550.0,0,,,,
2026-09-29T10:47:14.704205+00:00,power,0,0,,,,,,1119654957497,670081366144,0.0,
2026-09-29T10:47:15.692081+00:00,freq,0,0,2500.0,4250.0,2500.0,900.0,0,,,,
2026-09-29T10:47:15.692081+00:00,freq,1,0,550.0,550.0,1200.0,550.0,0,,,,
2026-09-29T10:47:15.692081+00:00,power,0,0,,,,,,1119654957497,670082354590,0.0,
2026-09-29T10:47:16.697647+00:00,freq,0,0,2500.0,4250.0,2500.0,900.0,0,,,,
2026-09-29T10:47:16.697647+00:00,freq,1,0,550.0,550.0,1200.0,550.0,0,,,,
2026-09-29T10:47:16.697647+00:00,power,0,0,,,,,,1119654958534,670083360150,0.0010312661601495684,
2026-09-29T10:47:17.699647+00:00,freq,0,0,1400.0,1400.0,2500.0,900.0,0,,,,
2026-09-29T10:47:17.699647+00:00,freq,1,0,550.0,550.0,1200.0,550.0,0,,,,
2026-09-29T10:47:17.699647+00:00,power,0,0,,,,,,1119654958534,670084361522,0.0,
2026-09-29T10:47:18.703786+00:00,freq,0,0,1400.0,1400.0,2500.0,900.0,0,,,,
2026-09-29T10:47:18.703786+00:00,freq,1,0,550.0,550.0,1200.0,550.0,0,,,,
2026-09-29T10:47:18.703786+00:00,power,0,0,,,,,,1119654958534,670085365608,0.0,
2026-09-29T10:47:19.691600+00:00,freq,0,0,1400.0,1400.0,2500.0,900.0,0,,,,
2026-09-29T10:47:19.691600+00:00,freq,1,0,550.0,550.0,1200.0,550.0,0,,,,
2026-09-29T10:47:19.691600+00:00,power,0,0,,,,,,1119654958534,670086353270,0.0,
2026-09-29T10:47:20.692183+00:00,freq,0,0,1400.0,1400.0,2500.0,900.0,0,,,,
2026-09-29T10:47:20.692183+00:00,freq,1,0,550.0,550.0,1200.0,550.0,0,,,,
2026-09-29T10:47:20.692183+00:00,power,0,0,,,,,,1119654958534,670087353878,0.0,
2026-09-29T10:47:21.707459+00:00,freq,0,0,1400.0,1400.0,2500.0,900.0,0,,,,
2026-09-29T10:47:21.707459+00:00,freq,1,0,550.0,550.0,1200.0,550.0,0,,,,
2026-09-29T10:47:21.707459+00:00,power,0,0,,,,,,1119654958534,670088369086,0.0,
2026-09-29T10:47:22.708049+00:00,freq,0,0,1400.0,1400.0,2500.0,900.0,0,,,,
2026-09-29T10:47:22.708049+00:00,freq,1,0,550.0,550.0,1200.0,550.0,0,,,,
2026-09-29T10:47:22.708049+00:00,power,0,0,,,,,,1119654958534,670089369739,0.0,
2026-09-29T10:47:23.694128+00:00,freq,0,0,1400.0,1400.0,2500.0,900.0,0,,,,
2026-09-29T10:47:23.694128+00:00,freq,1,0,550.0,550.0,1200.0,550.0,0,,,,
2026-09-29T10:47:23.694128+00:00,power,0,0,,,,,,1119654959717,670090356341,0.0011990650738595706,
2026-09-29T10:47:24.696278+00:00,freq,0,0,1400.0,1400.0,2500.0,900.0,0,,,,
2026-09-29T10:47:24.696278+00:00,freq,1,0,550.0,550.0,1200.0,550.0,0,,,,
2026-09-29T10:47:24.696278+00:00,power,0,0,,,,,,1119654959717,670091357981,0.0,
2026-09-29T10:47:25.712049+00:00,freq,0,0,1400.0,1400.0,2500.0,900.0,0,,,,
2026-09-29T10:47:25.712049+00:00,freq,1,0,550.0,550.0,1200.0,550.0,0,,,,
2026-09-29T10:47:25.712049+00:00,power,0,0,,,,,,1119654959717,670092373750,0.0,
2026-09-29T10:47:26.710250+00:00,freq,0,0,1400.0,1400.0,2500.0,900.0,0,,,,
2026-09-29T10:47:26.710250+00:00,freq,1,0,550.0,550.0,1200.0,550.0,0,,,,
2026-09-29T10:47:26.710250+00:00,power,0,0,,,,,,1119654959717,670093371674,0.0,
2026-09-29T10:47:27.710466+00:00,freq,0,0,1400.0,1400.0,2500.0,900.0,0,,,,
2026-09-29T10:47:27.710466+00:00,freq,1,0,550.0,550.0,1200.0,550.0,0,,,,
2026-09-29T10:47:27.710466+00:00,power,0,0,,,,,,1119654959717,670094372364,0.0,
2026-09-29T10:47:28.708577+00:00,freq,0,0,1400.0,1400.0,2500.0,900.0,0,,,,
2026-09-29T10:47:28.708577+00:00,freq,1,0,550.0,550.0,1200.0,550.0,0,,,,
2026-09-29T10:47:28.708577+00:00,power,0,0,,,,,,1119654959717,670095369838,0.0,
2026-09-29T10:47:29.707986+00:00,freq,0,0,1400.0,1400.0,2500.0,900.0,0,,,,
2026-09-29T10:47:29.707986+00:00,freq,1,0,550.0,550.0,1200.0,550.0,0,,,,
2026-09-29T10:47:29.707986+00:00,power,0,0,,,,,,1119654959717,670096369433,0.0,
2026-09-29T10:47:30.697744+00:00,freq,0,0,1400.0,1400.0,2500.0,900.0,0,,,,
2026-09-29T10:47:30.697744+00:00,freq,1,0,550.0,550.0,1200.0,550.0,0,,,,
2026-09-29T10:47:30.697744+00:00,power,0,0,,,,,,1119654959717,670097358944,0.0,
2026-09-29T10:47:31.698777+00:00,freq,0,0,1400.0,1400.0,2500.0,900.0,0,,,,
2026-09-29T10:47:31.698777+00:00,freq,1,0,550.0,550.0,1200.0,550.0,0,,,,
2026-09-29T10:47:31.698777+00:00,power,0,0,,,,,,1119654959717,670098360261,0.0,
2026-09-29T10:47:32.713115+00:00,freq,0,0,1400.0,1400.0,2500.0,900.0,0,,,,
2026-09-29T10:47:32.713115+00:00,freq,1,0,550.0,550.0,1200.0,550.0,0,,,,
2026-09-29T10:47:32.713115+00:00,power,0,0,,,,,,1119654960022,670099374464,0.0003007287495698593,
2026-09-29T10:47:33.712762+00:00,freq,0,0,1400.0,1400.0,2500.0,900.0,0,,,,
2026-09-29T10:47:33.712762+00:00,freq,1,0,550.0,550.0,1200.0,550.0,0,,,,
2026-09-29T10:47:33.712762+00:00,power,0,0,,,,,,1119654960022,670100374064,0.0,
2026-09-29T10:47:34.700239+00:00,freq,0,0,1400.0,1400.0,2500.0,900.0,0,,,,
2026-09-29T10:47:34.700239+00:00,freq,1,0,550.0,550.0,1200.0,550.0,0,,,,
2026-09-29T10:47:34.700239+00:00,power,0,0,,,,,,1119654960022,670101361535,0.0,
2026-09-29T10:47:35.702923+00:00,freq,0,0,1400.0,1400.0,2500.0,900.0,0,,,,
2026-09-29T10:47:35.702923+00:00,freq,1,0,550.0,550.0,1200.0,550.0,0,,,,
2026-09-29T10:47:35.702923+00:00,power,0,0,,,,,,1119654960022,670102364177,0.0,
2026-09-29T10:47:36.707361+00:00,freq,0,0,1400.0,1400.0,2500.0,900.0,0,,,,
2026-09-29T10:47:36.707361+00:00,freq,1,0,550.0,550.0,1200.0,550.0,0,,,,
2026-09-29T10:47:36.707361+00:00,power,0,0,,,,,,1119654960022,670103368616,0.0,
2026-09-29T10:47:37.694602+00:00,freq,0,0,1400.0,1400.0,2500.0,900.0,0,,,,
2026-09-29T10:47:37.694602+00:00,freq,1,0,550.0,550.0,1200.0,550.0,0,,,,
2026-09-29T10:47:37.694602+00:00,power,0,0,,,,,,1119654960022,670104355782,0.0,
2026-09-29T10:47:38.697271+00:00,freq,0,0,1400.0,1400.0,2500.0,900.0,0,,,,
2026-09-29T10:47:38.697271+00:00,freq,1,0,550.0,550.0,1200.0,550.0,0,,,,
2026-09-29T10:47:38.697271+00:00,power,0,0,,,,,,1119654961120,670105358466,0.0010950608566607225,
2026-09-29T10:47:39.712035+00:00,freq,0,0,1400.0,1400.0,2500.0,900.0,0,,,,
2026-09-29T10:47:39.712035+00:00,freq,1,0,550.0,550.0,1200.0,550.0,0,,,,
2026-09-29T10:47:39.712035+00:00,power,0,0,,,,,,1119654961120,670106373206,0.0,
2026-09-29T10:47:40.698171+00:00,freq,0,0,1400.0,1400.0,2500.0,900.0,0,,,,
2026-09-29T10:47:40.698171+00:00,freq,1,0,550.0,550.0,1200.0,550.0,0,,,,
2026-09-29T10:47:40.698171+00:00,power,0,0,,,,,,1119654961120,670107359567,0.0,
2026-09-29T10:47:41.712935+00:00,freq,0,0,1400.0,1400.0,2500.0,900.0,0,,,,
2026-09-29T10:47:41.712935+00:00,freq,1,0,550.0,550.0,1200.0,550.0,0,,,,
2026-09-29T10:47:41.712935+00:00,power,0,0,,,,,,1119654961120,670108373855,0.0,
2026-09-29T10:47:42.713916+00:00,freq,0,0,1400.0,1400.0,2500.0,900.0,0,,,,
2026-09-29T10:47:42.713916+00:00,freq,1,0,550.0,550.0,1200.0,550.0,0,,,,
2026-09-29T10:47:42.713916+00:00,power,0,0,,,,,,1119654961120,670109374990,0.0,
2026-09-29T10:47:43.702809+00:00,freq,0,0,1400.0,1400.0,2500.0,900.0,0,,,,
2026-09-29T10:47:43.702809+00:00,freq,1,0,550.0,550.0,1200.0,550.0,0,,,,
2026-09-29T10:47:43.702809+00:00,power,0,0,,,,,,1119654961120,670110363923,0.0,
2026-09-29T10:47:44.714274+00:00,freq,0,0,1400.0,1400.0,2500.0,900.0,0,,,,
2026-09-29T10:47:44.714274+00:00,freq,1,0,550.0,550.0,1200.0,550.0,0,,,,
2026-09-29T10:47:44.714274+00:00,power,0,0,,,,,,1119654961120,670111375191,0.0,
2026-09-29T10:47:45.708946+00:00,freq,0,0,1400.0,1400.0,2500.0,900.0,0,,,,
2026-09-29T10:47:45.708946+00:00,freq,1,0,550.0,550.0,1200.0,550.0,0,,,,
2026-09-29T10:47:45.708946+00:00,power,0,0,,,,,,1119654961120,670112369745,0.0,
2026-09-29T10:47:46.704371+00:00,freq,0,0,1400.0,1400.0,2500.0,900.0,0,,,,
2026-09-29T10:47:46.704371+00:00,freq,1,0,550.0,550.0,1200.0,550.0,0,,,,
2026-09-29T10:47:46.704371+00:00,power,0,0,,,,,,1119654961120,670113365343,0.0,
2026-09-29T10:47:47.701684+00:00,freq,0,0,900.0,900.0,2500.0,900.0,0,,,,
2026-09-29T10:47:47.701684+00:00,freq,1,0,550.0,550.0,1200.0,550.0,0,,,,
2026-09-29T10:47:47.701684+00:00,power,0,0,,,,,,1119654961120,670114362680,0.0,
2026-09-29T10:47:48.713259+00:00,freq,0,0,900.0,900.0,2500.0,900.0,0,,,,
2026-09-29T10:47:48.713259+00:00,freq,1,0,550.0,550.0,1200.0,550.0,0,,,,
2026-09-29T10:47:48.713259+00:00,power,0,0,,,,,,1119654961120,670115374176,0.0,
2026-09-29T10:47:49.701864+00:00,freq,0,0,900.0,900.0,2500.0,900.0,0,,,,
2026-09-29T10:47:49.701864+00:00,freq,1,0,550.0,550.0,1200.0,550.0,0,,,,
2026-09-29T10:47:49.701864+00:00,power,0,0,,,,,,1119654961120,670116363766,0.0,
2026-09-29T10:47:50.706779+00:00,freq,0,0,900.0,900.0,2500.0,900.0,0,,,,
2026-09-29T10:47:50.706779+00:00,freq,1,0,550.0,550.0,1200.0,550.0,0,,,,
2026-09-29T10:47:50.706779+00:00,power,0,0,,,,,,1119654961181,670117367617,6.076599017184821e-05,
2026-09-29T10:47:51.695144+00:00,freq,0,0,900.0,900.0,2500.0,900.0,0,,,,
2026-09-29T10:47:51.695144+00:00,freq,1,0,550.0,550.0,1200.0,550.0,0,,,,
2026-09-29T10:47:51.695144+00:00,power,0,0,,,,,,1119654961181,670118355904,0.0,
2026-09-29T10:47:52.707026+00:00,freq,0,0,900.0,900.0,2500.0,900.0,0,,,,
2026-09-29T10:47:52.707026+00:00,freq,1,0,550.0,550.0,1200.0,550.0,0,,,,
2026-09-29T10:47:52.707026+00:00,power,0,0,,,,,,1119654961181,670119367656,0.0,
2026-09-29T10:47:53.708589+00:00,freq,0,0,900.0,900.0,2500.0,900.0,0,,,,
2026-09-29T10:47:53.708589+00:00,freq,1,0,550.0,550.0,1200.0,550.0,0,,,,
2026-09-29T10:47:53.708589+00:00,power,0,0,,,,,,1119654963035,670120369360,0.0018508461581465184,
2026-09-29T10:47:54.695269+00:00,freq,0,0,900.0,900.0,2500.0,900.0,0,,,,
2026-09-29T10:47:54.695269+00:00,freq,1,0,550.0,550.0,1200.0,550.0,0,,,,
2026-09-29T10:47:54.695269+00:00,power,0,0,,,,,,1119654963523,670121356032,0.0004945919211247506,
2026-09-29T10:47:55.711976+00:00,freq,0,0,900.0,900.0,2500.0,900.0,0,,,,
2026-09-29T10:47:55.711976+00:00,freq,1,0,550.0,550.0,1200.0,550.0,0,,,,
2026-09-29T10:47:55.711976+00:00,power,0,0,,,,,,1119654963523,670122372631,0.0,
2026-09-29T10:47:56.701090+00:00,freq,0,0,900.0,900.0,2500.0,900.0,0,,,,
2026-09-29T10:47:56.701090+00:00,freq,1,0,550.0,550.0,1200.0,550.0,0,,,,
2026-09-29T10:47:56.701090+00:00,power,0,0,,,,,,1119654963523,670123361841,0.0,
2026-09-29T10:47:57.703866+00:00,freq,0,0,900.0,900.0,2500.0,900.0,0,,,,
2026-09-29T10:47:57.703866+00:00,freq,1,0,550.0,550.0,1200.0,550.0,0,,,,
2026-09-29T10:47:57.703866+00:00,power,0,0,,,,,,1119654963523,670124364504,0.0,
2026-09-29T10:47:58.693731+00:00,freq,0,0,900.0,900.0,2500.0,900.0,0,,,,
2026-09-29T10:47:58.693731+00:00,freq,1,0,550.0,550.0,1200.0,550.0,0,,,,
2026-09-29T10:47:58.693731+00:00,power,0,0,,,,,,1119654963523,670125355200,0.0,
2026-09-29T10:47:59.698567+00:00,freq,0,0,900.0,900.0,2500.0,900.0,0,,,,
2026-09-29T10:47:59.698567+00:00,freq,1,0,550.0,550.0,1200.0,500.0,0,,,,
2026-09-29T10:47:59.698567+00:00,power,0,0,,,,,,1119654963523,670126359125,0.0,
2026-09-29T10:48:00.703859+00:00,freq,0,0,900.0,900.0,2500.0,900.0,0,,,,
2026-09-29T10:48:00.703859+00:00,freq,1,0,550.0,550.0,1200.0,550.0,0,,,,
2026-09-29T10:48:00.703859+00:00,power,0,0,,,,,,1119654965743,670127364439,0.0022082652783110552,
2026-09-29T10:48:01.716456+00:00,freq,0,0,900.0,900.0,2500.0,900.0,0,,,,
2026-09-29T10:48:01.716456+00:00,freq,1,0,550.0,550.0,1200.0,550.0,0,,,,
2026-09-29T10:48:01.716456+00:00,power,0,0,,,,,,1119654965743,670128376921,0.0,
2026-09-29T10:48:02.715175+00:00,freq,0,0,900.0,900.0,2500.0,900.0,0,,,,
2026-09-29T10:48:02.715175+00:00,freq,1,0,550.0,550.0,1200.0,550.0,0,,,,
2026-09-29T10:48:02.715175+00:00,power,0,0,,,,,,1119654965743,670129375666,0.0,
2026-09-29T10:48:03.704221+00:00,freq,0,0,900.0,900.0,2500.0,900.0,0,,,,
2026-09-29T10:48:03.704221+00:00,freq,1,0,550.0,550.0,1200.0,550.0,0,,,,
2026-09-29T10:48:03.704221+00:00,power,0,0,,,,,,1119654965743,670130364591,0.0,
2026-09-29T10:48:04.694735+00:00,freq,0,0,900.0,900.0,2500.0,900.0,0,,,,
2026-09-29T10:48:04.694735+00:00,freq,1,0,550.0,550.0,1200.0,550.0,0,,,,
2026-09-29T10:48:04.694735+00:00,power,0,0,,,,,,1119654965743,670131355266,0.0,
2026-09-29T10:48:05.699000+00:00,freq,0,0,900.0,900.0,2500.0,900.0,0,,,,
2026-09-29T10:48:05.699000+00:00,freq,1,0,550.0,550.0,1200.0,550.0,0,,,,
2026-09-29T10:48:05.699000+00:00,power,0,0,,,,,,1119654966292,670132359437,0.0005467196324132046,
2026-09-29T10:48:06.700760+00:00,freq,0,0,900.0,900.0,2500.0,900.0,0,,,,
2026-09-29T10:48:06.700760+00:00,freq,1,0,550.0,550.0,1200.0,550.0,0,,,,
2026-09-29T10:48:06.700760+00:00,power,0,0,,,,,,1119654967963,670133361248,0.0016679792895067033,
2026-09-29T10:48:07.705638+00:00,freq,0,0,900.0,900.0,2500.0,900.0,0,,,,
2026-09-29T10:48:07.705638+00:00,freq,1,0,550.0,550.0,1200.0,550.0,0,,,,
2026-09-29T10:48:07.705638+00:00,power,0,0,,,,,,1119654967963,670134365998,0.0,
2026-09-29T10:48:08.690879+00:00,freq,0,0,900.0,900.0,2500.0,900.0,0,,,,
2026-09-29T10:48:08.690879+00:00,freq,1,0,550.0,550.0,1200.0,550.0,0,,,,
2026-09-29T10:48:08.690879+00:00,power,0,0,,,,,,1119654967963,670135351747,0.0,
2026-09-29T10:48:09.692474+00:00,freq,0,0,900.0,900.0,2500.0,900.0,0,,,,
2026-09-29T10:48:09.692474+00:00,freq,1,0,550.0,550.0,1200.0,550.0,0,,,,
2026-09-29T10:48:09.692474+00:00,power,0,0,,,,,,1119654967963,670136352724,0.0,
2026-09-29T10:48:10.694106+00:00,freq,0,0,900.0,900.0,2500.0,900.0,0,,,,
2026-09-29T10:48:10.694106+00:00,freq,1,0,550.0,550.0,1200.0,550.0,0,,,,
2026-09-29T10:48:10.694106+00:00,power,0,0,,,,,,1119654967963,670137354340,0.0,
2026-09-29T10:48:11.696073+00:00,freq,0,0,900.0,900.0,2500.0,900.0,0,,,,
2026-09-29T10:48:11.696073+00:00,freq,1,0,550.0,550.0,1200.0,550.0,0,,,,
2026-09-29T10:48:11.696073+00:00,power,0,0,,,,,,1119654967963,670138356344,0.0,
2026-09-29T10:48:12.712127+00:00,freq,0,0,900.0,900.0,2500.0,900.0,0,,,,
2026-09-29T10:48:12.712127+00:00,freq,1,0,550.0,550.0,1200.0,550.0,0,,,,
2026-09-29T10:48:12.712127+00:00,power,0,0,,,,,,1119654969183,670139372345,0.0012007862196986028,
2026-09-29T10:48:13.699930+00:00,freq,0,0,900.0,900.0,2500.0,900.0,0,,,,
2026-09-29T10:48:13.699930+00:00,freq,1,0,550.0,550.0,1200.0,550.0,0,,,,
2026-09-29T10:48:13.699930+00:00,power,0,0,,,,,,1119654969183,670140360104,0.0,
2026-09-29T10:48:14.702938+00:00,freq,0,0,900.0,900.0,2500.0,900.0,0,,,,
2026-09-29T10:48:14.702938+00:00,freq,1,0,550.0,550.0,1200.0,550.0,0,,,,
2026-09-29T10:48:14.702938+00:00,power,0,0,,,,,,1119654969183,670141363076,0.0,
2026-09-29T10:48:15.706759+00:00,freq,0,0,900.0,900.0,2500.0,900.0,0,,,,
2026-09-29T10:48:15.706759+00:00,freq,1,0,550.0,550.0,1200.0,500.0,0,,,,
2026-09-29T10:48:15.706759+00:00,power,0,0,,,,,,1119654969183,670142366892,0.0,
2026-09-29T10:48:16.706252+00:00,freq,0,0,900.0,900.0,2500.0,900.0,0,,,,
2026-09-29T10:48:16.706252+00:00,freq,1,0,550.0,550.0,1200.0,550.0,0,,,,
2026-09-29T10:48:16.706252+00:00,power,0,0,,,,,,1119654970793,670143366195,0.0016111229526980305,
2026-09-29T10:48:17.693640+00:00,freq,0,0,900.0,900.0,2500.0,900.0,0,,,,
2026-09-29T10:48:17.693640+00:00,freq,1,0,550.0,550.0,1200.0,550.0,0,,,,
2026-09-29T10:48:17.693640+00:00,power,0,0,,,,,,1119654971830,670144353771,0.0010500457686294523,
2026-09-29T10:48:18.700116+00:00,freq,0,0,900.0,900.0,2500.0,900.0,0,,,,
2026-09-29T10:48:18.700116+00:00,freq,1,0,550.0,550.0,1200.0,550.0,0,,,,
2026-09-29T10:48:18.700116+00:00,power,0,0,,,,,,1119654971830,670145360260,0.0,
2026-09-29T10:48:19.703665+00:00,freq,0,0,900.0,900.0,2500.0,900.0,0,,,,
2026-09-29T10:48:19.703665+00:00,freq,1,0,550.0,550.0,1200.0,550.0,0,,,,
2026-09-29T10:48:19.703665+00:00,power,0,0,,,,,,1119654971830,670146363671,0.0,
2026-09-29T10:48:20.708487+00:00,freq,0,0,900.0,900.0,2500.0,900.0,0,,,,
2026-09-29T10:48:20.708487+00:00,freq,1,0,500.0,500.0,1200.0,550.0,0,,,,
2026-09-29T10:48:20.708487+00:00,power,0,0,,,,,,1119654971830,670147368477,0.0,
2026-09-29T10:48:21.709484+00:00,freq,0,0,900.0,900.0,2500.0,900.0,0,,,,
2026-09-29T10:48:21.709484+00:00,freq,1,0,550.0,550.0,1200.0,550.0,0,,,,
2026-09-29T10:48:21.709484+00:00,power,0,0,,,,,,1119654971830,670148369445,0.0,
2026-09-29T10:48:22.694746+00:00,freq,0,0,900.0,900.0,2500.0,900.0,0,,,,
2026-09-29T10:48:22.694746+00:00,freq,1,0,550.0,550.0,1200.0,550.0,0,,,,
2026-09-29T10:48:22.694746+00:00,power,0,0,,,,,,1119654971830,670149355082,0.0,
2026-09-29T10:48:23.706771+00:00,freq,0,0,900.0,900.0,2500.0,900.0,0,,,,
2026-09-29T10:48:23.706771+00:00,freq,1,0,550.0,550.0,1200.0,550.0,0,,,,
2026-09-29T10:48:23.706771+00:00,power,0,0,,,,,,1119654971830,670150366570,0.0,
2026-09-29T10:48:24.704508+00:00,freq,0,0,900.0,900.0,2500.0,900.0,0,,,,
2026-09-29T10:48:24.704508+00:00,freq,1,0,550.0,550.0,1200.0,550.0,0,,,,
2026-09-29T10:48:24.704508+00:00,power,0,0,,,,,,1119654971830,670151364388,0.0,
2026-09-29T10:48:25.706300+00:00,freq,0,0,900.0,900.0,2500.0,900.0,0,,,,
2026-09-29T10:48:25.706300+00:00,freq,1,0,550.0,550.0,1200.0,550.0,0,,,,
2026-09-29T10:48:25.706300+00:00,power,0,0,,,,,,1119654971830,670152366143,0.0,
2026-09-29T10:48:26.694374+00:00,freq,0,0,900.0,900.0,2500.0,900.0,0,,,,
2026-09-29T10:48:26.694374+00:00,freq,1,0,550.0,550.0,1200.0,500.0,0,,,,
2026-09-29T10:48:26.694374+00:00,power,0,0,,,,,,1119654971830,670153354098,0.0,
2026-09-29T10:48:27.697029+00:00,freq,0,0,900.0,900.0,2500.0,900.0,0,,,,
2026-09-29T10:48:27.697029+00:00,freq,1,0,550.0,550.0,1200.0,550.0,0,,,,
2026-09-29T10:48:27.697029+00:00,power,0,0,,,,,,1119654971830,670154356793,0.0,
2026-09-29T10:48:28.700943+00:00,freq,0,0,900.0,900.0,2500.0,900.0,0,,,,
2026-09-29T10:48:28.700943+00:00,freq,1,0,550.0,550.0,1200.0,550.0,0,,,,
2026-09-29T10:48:28.700943+00:00,power,0,0,,,,,,1119654971830,670155360646,0.0,
2026-09-29T10:48:29.704515+00:00,freq,0,0,900.0,900.0,2500.0,900.0,0,,,,
2026-09-29T10:48:29.704515+00:00,freq,1,0,550.0,550.0,1200.0,550.0,0,,,,
2026-09-29T10:48:29.704515+00:00,power,0,0,,,,,,1119654972013,670156364256,0.0001823417462958719,
2026-09-29T10:48:30.717201+00:00,freq,0,0,2400.0,4250.0,2400.0,900.0,2,,,,
2026-09-29T10:48:30.717201+00:00,freq,1,0,550.0,550.0,1200.0,550.0,0,,,,
2026-09-29T10:48:30.717201+00:00,power,0,0,,,,,,1119667816152,670157376856,12.684316610705116,
2026-09-29T10:48:31.713708+00:00,freq,0,0,2450.0,4250.0,2450.0,900.0,2,,,,
2026-09-29T10:48:31.713708+00:00,freq,1,0,550.0,550.0,1200.0,550.0,0,,,,
2026-09-29T10:48:31.713708+00:00,power,0,0,,,,,,1119702603772,670158373283,34.91236186895779,
2026-09-29T10:48:32.711565+00:00,freq,0,0,2500.0,4250.0,2500.0,900.0,0,,,,
2026-09-29T10:48:32.711565+00:00,freq,1,0,550.0,550.0,1200.0,550.0,0,,,,
2026-09-29T10:48:32.711565+00:00,power,0,0,,,,,,1119733809178,670159371161,31.27176468466085,
2026-09-29T10:48:33.702191+00:00,freq,0,0,2500.0,4250.0,2500.0,900.0,0,,,,
2026-09-29T10:48:33.702191+00:00,freq,1,0,550.0,550.0,1200.0,550.0,0,,,,
2026-09-29T10:48:33.702191+00:00,power,0,0,,,,,,1119768020382,670160361757,34.53598035929885,
2026-09-29T10:48:34.717777+00:00,freq,0,0,2500.0,4250.0,2500.0,900.0,0,,,,
2026-09-29T10:48:34.717777+00:00,freq,1,0,550.0,550.0,1200.0,550.0,0,,,,
2026-09-29T10:48:34.717777+00:00,power,0,0,,,,,,1119793475811,670161377332,25.06504098663319,
2026-09-29T10:48:35.718083+00:00,freq,0,0,2500.0,4250.0,2500.0,900.0,0,,,,
2026-09-29T10:48:35.718083+00:00,freq,1,0,550.0,550.0,1200.0,550.0,0,,,,
2026-09-29T10:48:35.718083+00:00,power,0,0,,,,,,1119793480717,670162377543,0.004904965052373949,
2026-09-29T10:48:36.714092+00:00,freq,0,0,2500.0,4250.0,2500.0,900.0,0,,,,
2026-09-29T10:48:36.714092+00:00,freq,1,0,550.0,550.0,1200.0,550.0,0,,,,
2026-09-29T10:48:36.714092+00:00,power,0,0,,,,,,1119793481388,670163373595,0.0006736596081329087,
2026-09-29T10:48:37.713082+00:00,freq,0,0,2500.0,4250.0,2500.0,900.0,0,,,,
2026-09-29T10:48:37.713082+00:00,freq,1,0,550.0,550.0,1200.0,550.0,0,,,,
2026-09-29T10:48:37.713082+00:00,power,0,0,,,,,,1119793484669,670164372594,0.0032842875718594312,
