ts_iso_utc,kind,domain,rc,actual_mhz,request_mhz,tdp_mhz,efficient_mhz,throttle_reasons,energy_uj,timestamp_us,power_w,temp_c
2026-09-28T00:17:32.760731+00:00,freq,0,0,900.0,900.0,2500.0,950.0,0,,,,
2026-09-28T00:17:32.760731+00:00,freq,1,0,550.0,550.0,1200.0,500.0,0,,,,
2026-09-28T00:17:32.760731+00:00,power,0,0,,,,,,536203367612,545902109683,,
2026-09-28T00:17:33.775077+00:00,freq,0,0,950.0,950.0,2500.0,900.0,0,,,,
2026-09-28T00:17:33.775077+00:00,freq,1,0,500.0,500.0,1200.0,500.0,0,,,,
2026-09-28T00:17:33.775077+00:00,power,0,0,,,,,,536203367612,545903110135,0.0,
2026-09-28T00:17:34.775121+00:00,freq,0,0,900.0,900.0,2500.0,900.0,0,,,,
2026-09-28T00:17:34.775121+00:00,freq,1,0,500.0,500.0,1200.0,500.0,0,,,,
2026-09-28T00:17:34.775121+00:00,power,0,0,,,,,,536203367612,545904110055,0.0,
2026-09-28T00:17:35.768729+00:00,freq,0,0,900.0,900.0,2500.0,900.0,0,,,,
2026-09-28T00:17:35.768729+00:00,freq,1,0,500.0,500.0,1200.0,500.0,0,,,,
2026-09-28T00:17:35.768729+00:00,power,0,0,,,,,,536203367612,545905103577,0.0,
2026-09-28T00:17:36.764024+00:00,freq,0,0,900.0,900.0,2500.0,900.0,0,,,,
2026-09-28T00:17:36.764024+00:00,freq,1,0,500.0,500.0,1200.0,500.0,0,,,,
2026-09-28T00:17:36.764024+00:00,power,0,0,,,,,,536203367917,545906098948,0.00030641841082370294,
2026-09-28T00:17:37.751200+00:00,freq,0,0,900.0,900.0,2500.0,900.0,0,,,,
2026-09-28T00:17:37.751200+00:00,freq,1,0,500.0,500.0,1200.0,500.0,0,,,,
2026-09-28T00:17:37.751200+00:00,power,0,0,,,,,,536203367917,545907086119,0.0,
2026-09-28T00:17:38.752405+00:00,freq,0,0,900.0,900.0,2500.0,900.0,0,,,,
2026-09-28T00:17:38.752405+00:00,freq,1,0,500.0,500.0,1200.0,500.0,0,,,,
2026-09-28T00:17:38.752405+00:00,power,0,0,,,,,,536203367917,545908087374,0.0,
2026-09-28T00:17:39.765661+00:00,freq,0,0,900.0,900.0,2500.0,900.0,0,,,,
2026-09-28T00:17:39.765661+00:00,freq,1,0,500.0,500.0,1200.0,500.0,0,,,,
2026-09-28T00:17:39.765661+00:00,power,0,0,,,,,,536203367917,545909100614,0.0,
2026-09-28T00:17:40.765861+00:00,freq,0,0,900.0,900.0,2500.0,900.0,0,,,,
2026-09-28T00:17:40.765861+00:00,freq,1,0,500.0,500.0,1200.0,500.0,0,,,,
2026-09-28T00:17:40.765861+00:00,power,0,0,,,,,,536203367917,545910100947,0.0,
2026-09-28T00:17:41.760561+00:00,freq,0,0,900.0,900.0,2500.0,900.0,0,,,,
2026-09-28T00:17:41.760561+00:00,freq,1,0,500.0,500.0,1200.0,500.0,0,,,,
2026-09-28T00:17:41.760561+00:00,power,0,0,,,,,,536203367917,545911095403,0.0,
2026-09-28T00:17:42.762575+00:00,freq,0,0,900.0,900.0,2500.0,900.0,0,,,,
2026-09-28T00:17:42.762575+00:00,freq,1,0,500.0,500.0,1200.0,500.0,0,,,,
2026-09-28T00:17:42.762575+00:00,power,0,0,,,,,,536203367917,545912097402,0.0,
2026-09-28T00:17:43.774099+00:00,freq,0,0,900.0,900.0,2500.0,900.0,0,,,,
2026-09-28T00:17:43.774099+00:00,freq,1,0,500.0,500.0,1200.0,500.0,0,,,,
2026-09-28T00:17:43.774099+00:00,power,0,0,,,,,,536203367917,545913108902,0.0,
2026-09-28T00:17:44.764034+00:00,freq,0,0,900.0,900.0,2500.0,900.0,0,,,,
2026-09-28T00:17:44.764034+00:00,freq,1,0,500.0,500.0,1200.0,500.0,0,,,,
2026-09-28T00:17:44.764034+00:00,power,0,0,,,,,,536203367917,545914098838,0.0,
2026-09-28T00:17:45.757761+00:00,freq,0,0,900.0,900.0,2500.0,900.0,0,,,,
2026-09-28T00:17:45.757761+00:00,freq,1,0,500.0,500.0,1200.0,500.0,0,,,,
2026-09-28T00:17:45.757761+00:00,power,0,0,,,,,,536203367917,545915092460,0.0,
2026-09-28T00:17:46.772715+00:00,freq,0,0,900.0,900.0,2500.0,900.0,0,,,,
2026-09-28T00:17:46.772715+00:00,freq,1,0,500.0,500.0,1200.0,500.0,0,,,,
2026-09-28T00:17:46.772715+00:00,power,0,0,,,,,,536203367917,545916107370,0.0,
2026-09-28T00:17:47.759957+00:00,freq,0,0,900.0,900.0,2500.0,900.0,0,,,,
2026-09-28T00:17:47.759957+00:00,freq,1,0,500.0,500.0,1200.0,500.0,0,,,,
2026-09-28T00:17:47.759957+00:00,power,0,0,,,,,,536203368100,545917094819,0.00018532602696443056,
2026-09-28T00:17:48.774821+00:00,freq,0,0,900.0,900.0,2500.0,900.0,0,,,,
2026-09-28T00:17:48.774821+00:00,freq,1,0,500.0,500.0,1200.0,500.0,0,,,,
2026-09-28T00:17:48.774821+00:00,power,0,0,,,,,,536203368100,545918109791,0.0,
2026-09-28T00:17:49.771996+00:00,freq,0,0,900.0,900.0,2500.0,900.0,0,,,,
2026-09-28T00:17:49.771996+00:00,freq,1,0,500.0,500.0,1200.0,500.0,0,,,,
2026-09-28T00:17:49.771996+00:00,power,0,0,,,,,,536203368100,545919106635,0.0,
2026-09-28T00:17:50.757737+00:00,freq,0,0,900.0,900.0,2500.0,900.0,0,,,,
2026-09-28T00:17:50.757737+00:00,freq,1,0,500.0,500.0,1200.0,500.0,0,,,,
2026-09-28T00:17:50.757737+00:00,power,0,0,,,,,,536203368100,545920092400,0.0,
2026-09-28T00:17:51.759810+00:00,freq,0,0,900.0,900.0,2500.0,900.0,0,,,,
2026-09-28T00:17:51.759810+00:00,freq,1,0,500.0,500.0,1200.0,500.0,0,,,,
2026-09-28T00:17:51.759810+00:00,power,0,0,,,,,,536203368100,545921094420,0.0,
2026-09-28T00:17:52.759951+00:00,freq,0,0,900.0,900.0,2500.0,900.0,0,,,,
2026-09-28T00:17:52.759951+00:00,freq,1,0,500.0,500.0,1200.0,500.0,0,,,,
2026-09-28T00:17:52.759951+00:00,power,0,0,,,,,,536203368100,545922095093,0.0,
2026-09-28T00:17:53.769664+00:00,freq,0,0,900.0,900.0,2500.0,900.0,0,,,,
2026-09-28T00:17:53.769664+00:00,freq,1,0,500.0,500.0,1200.0,500.0,0,,,,
2026-09-28T00:17:53.769664+00:00,power,0,0,,,,,,536203368100,545923104086,0.0,
2026-09-28T00:17:54.756405+00:00,freq,0,0,2500.0,4250.0,2500.0,1000.0,0,,,,
2026-09-28T00:17:54.756405+00:00,freq,1,0,500.0,500.0,1200.0,500.0,0,,,,
2026-09-28T00:17:54.756405+00:00,power,0,0,,,,,,536203374264,545924090994,0.006245769615810187,
2026-09-28T00:17:55.758361+00:00,freq,0,0,2500.0,4250.0,2500.0,1000.0,0,,,,
2026-09-28T00:17:55.758361+00:00,freq,1,0,500.0,500.0,1200.0,500.0,0,,,,
2026-09-28T00:17:55.758361+00:00,power,0,0,,,,,,536203374264,545925093142,0.0,
2026-09-28T00:17:56.763834+00:00,freq,0,0,2500.0,4250.0,2500.0,900.0,0,,,,
2026-09-28T00:17:56.763834+00:00,freq,1,0,500.0,500.0,1200.0,500.0,0,,,,
2026-09-28T00:17:56.763834+00:00,power,0,0,,,,,,536203924824,545926098288,0.5477413231510646,
2026-09-28T00:17:57.767381+00:00,freq,0,0,2500.0,4250.0,2500.0,900.0,0,,,,
2026-09-28T00:17:57.767381+00:00,freq,1,0,500.0,500.0,1200.0,500.0,0,,,,
2026-09-28T00:17:57.767381+00:00,power,0,0,,,,,,536208369610,545927101681,4.4297558384401725,
2026-09-28T00:17:58.757100+00:00,freq,0,0,2500.0,4250.0,2500.0,900.0,0,,,,
2026-09-28T00:17:58.757100+00:00,freq,1,0,500.0,500.0,1200.0,500.0,0,,,,
2026-09-28T00:17:58.757100+00:00,power,0,0,,,,,,536212024761,545928091455,3.6929147461945857,
2026-09-28T00:17:59.763685+00:00,freq,0,0,2500.0,4250.0,2500.0,900.0,0,,,,
2026-09-28T00:17:59.763685+00:00,freq,1,0,500.0,500.0,1200.0,500.0,0,,,,
2026-09-28T00:17:59.763685+00:00,power,0,0,,,,,,536216010051,545929097920,3.9596906002692593,
2026-09-28T00:18:00.770974+00:00,freq,0,0,2500.0,4250.0,2500.0,900.0,0,,,,
2026-09-28T00:18:00.770974+00:00,freq,1,0,500.0,500.0,1200.0,500.0,0,,,,
2026-09-28T00:18:00.770974+00:00,power,0,0,,,,,,536219987796,545930105291,3.9486395776729726,
2026-09-28T00:18:01.761234+00:00,freq,0,0,2500.0,4250.0,2500.0,900.0,0,,,,
2026-09-28T00:18:01.761234+00:00,freq,1,0,500.0,500.0,1200.0,500.0,0,,,,
2026-09-28T00:18:01.761234+00:00,power,0,0,,,,,,536223885867,545931095498,3.9366223426010927,
2026-09-28T00:18:02.768393+00:00,freq,0,0,2500.0,4250.0,2500.0,900.0,0,,,,
2026-09-28T00:18:02.768393+00:00,freq,1,0,500.0,500.0,1200.0,500.0,0,,,,
2026-09-28T00:18:02.768393+00:00,power,0,0,,,,,,536227851199,545932102752,3.9367746367847634,
2026-09-28T00:18:03.762276+00:00,freq,0,0,2500.0,4250.0,2500.0,900.0,0,,,,
2026-09-28T00:18:03.762276+00:00,freq,1,0,500.0,500.0,1200.0,500.0,0,,,,
2026-09-28T00:18:03.762276+00:00,power,0,0,,,,,,536231754336,545933096475,3.9277917488072633,
2026-09-28T00:18:04.774068+00:00,freq,0,0,2500.0,4250.0,2500.0,900.0,0,,,,
2026-09-28T00:18:04.774068+00:00,freq,1,0,500.0,500.0,1200.0,500.0,0,,,,
2026-09-28T00:18:04.774068+00:00,power,0,0,,,,,,536235467738,545934108408,3.6696125138719657,
2026-09-28T00:18:05.765868+00:00,freq,0,0,2500.0,4250.0,2500.0,900.0,0,,,,
2026-09-28T00:18:05.765868+00:00,freq,1,0,500.0,500.0,1200.0,500.0,0,,,,
2026-09-28T00:18:05.765868+00:00,power,0,0,,,,,,536239275111,545935100248,3.838696765607356,
2026-09-28T00:18:06.760396+00:00,freq,0,0,2500.0,4250.0,2500.0,900.0,0,,,,
2026-09-28T00:18:06.760396+00:00,freq,1,0,500.0,500.0,1200.0,500.0,0,,,,
2026-09-28T00:18:06.760396+00:00,power,0,0,,,,,,536241985095,545936094754,2.7249549022328674,
2026-09-28T00:18:07.773406+00:00,freq,0,0,2500.0,4250.0,2500.0,900.0,0,,,,
2026-09-28T00:18:07.773406+00:00,freq,1,0,500.0,500.0,1200.0,500.0,0,,,,
2026-09-28T00:18:07.773406+00:00,power,0,0,,,,,,536242007128,545937107756,0.021750203849548174,
2026-09-28T00:18:08.771976+00:00,freq,0,0,2500.0,4250.0,2500.0,900.0,0,,,,
2026-09-28T00:18:08.771976+00:00,freq,1,0,500.0,500.0,1200.0,550.0,0,,,,
2026-09-28T00:18:08.771976+00:00,power,0,0,,,,,,536242007128,545938106312,0.0,
2026-09-28T00:18:09.769046+00:00,freq,0,0,2500.0,4250.0,2500.0,900.0,0,,,,
2026-09-28T00:18:09.769046+00:00,freq,1,0,550.0,550.0,1200.0,500.0,0,,,,
2026-09-28T00:18:09.769046+00:00,power,0,0,,,,,,536242007372,545939103570,0.00024467088757372713,
2026-09-28T00:18:10.768668+00:00,freq,0,0,2500.0,4250.0,2500.0,900.0,0,,,,
2026-09-28T00:18:10.768668+00:00,freq,1,0,500.0,500.0,1200.0,500.0,0,,,,
2026-09-28T00:18:10.768668+00:00,power,0,0,,,,,,536242008616,545940103087,0.001244601142351756,
2026-09-28T00:18:11.768364+00:00,freq,0,0,2500.0,4250.0,2500.0,900.0,0,,,,
2026-09-28T00:18:11.768364+00:00,freq,1,0,500.0,500.0,1200.0,500.0,0,,,,
2026-09-28T00:18:11.768364+00:00,power,0,0,,,,,,536242008616,545941102715,0.0,
2026-09-28T00:18:12.762864+00:00,freq,0,0,2500.0,4250.0,2500.0,900.0,0,,,,
2026-09-28T00:18:12.762864+00:00,freq,1,0,500.0,500.0,1200.0,500.0,0,,,,
2026-09-28T00:18:12.762864+00:00,power,0,0,,,,,,536242008616,545942097286,0.0,
2026-09-28T00:18:13.775796+00:00,freq,0,0,2500.0,4250.0,2500.0,900.0,0,,,,
2026-09-28T00:18:13.775796+00:00,freq,1,0,500.0,500.0,1200.0,500.0,0,,,,
2026-09-28T00:18:13.775796+00:00,power,0,0,,,,,,536242008616,545943110129,0.0,
2026-09-28T00:18:14.772776+00:00,freq,0,0,2500.0,4250.0,2500.0,900.0,0,,,,
2026-09-28T00:18:14.772776+00:00,freq,1,0,500.0,500.0,1200.0,500.0,0,,,,
2026-09-28T00:18:14.772776+00:00,power,0,0,,,,,,536242008616,545944107095,0.0,
2026-09-28T00:18:15.768926+00:00,freq,0,0,2500.0,4250.0,2500.0,900.0,0,,,,
2026-09-28T00:18:15.768926+00:00,freq,1,0,500.0,500.0,1200.0,500.0,0,,,,
2026-09-28T00:18:15.768926+00:00,power,0,0,,,,,,536242008616,545945103220,0.0,
2026-09-28T00:18:16.763187+00:00,freq,0,0,2500.0,4250.0,2500.0,900.0,0,,,,
2026-09-28T00:18:16.763187+00:00,freq,1,0,500.0,500.0,1200.0,500.0,0,,,,
2026-09-28T00:18:16.763187+00:00,power,0,0,,,,,,536242008616,545946097562,0.0,
2026-09-28T00:18:17.763863+00:00,freq,0,0,2500.0,4250.0,2500.0,900.0,0,,,,
2026-09-28T00:18:17.763863+00:00,freq,1,0,500.0,500.0,1200.0,500.0,0,,,,
2026-09-28T00:18:17.763863+00:00,power,0,0,,,,,,536242008616,545947098219,0.0,
2026-09-28T00:18:18.764446+00:00,freq,0,0,2500.0,4250.0,2500.0,900.0,0,,,,
2026-09-28T00:18:18.764446+00:00,freq,1,0,500.0,500.0,1200.0,500.0,0,,,,
2026-09-28T00:18:18.764446+00:00,power,0,0,,,,,,536242008616,545948098836,0.0,
2026-09-28T00:18:19.778515+00:00,freq,0,0,2500.0,4250.0,2500.0,900.0,0,,,,
2026-09-28T00:18:19.778515+00:00,freq,1,0,500.0,500.0,1200.0,500.0,0,,,,
2026-09-28T00:18:19.778515+00:00,power,0,0,,,,,,536242008616,545949112659,0.0,
2026-09-28T00:18:20.774758+00:00,freq,0,0,2500.0,4250.0,2500.0,900.0,0,,,,
2026-09-28T00:18:20.774758+00:00,freq,1,0,500.0,500.0,1200.0,500.0,0,,,,
2026-09-28T00:18:20.774758+00:00,power,0,0,,,,,,536242008616,545950108968,0.0,
2026-09-28T00:18:21.760982+00:00,freq,0,0,2500.0,4250.0,2500.0,900.0,0,,,,
2026-09-28T00:18:21.760982+00:00,freq,1,0,500.0,500.0,1200.0,500.0,0,,,,
2026-09-28T00:18:21.760982+00:00,power,0,0,,,,,,536242008616,545951094959,0.0,
2026-09-28T00:18:22.761288+00:00,freq,0,0,2500.0,4250.0,2500.0,900.0,0,,,,
2026-09-28T00:18:22.761288+00:00,freq,1,0,550.0,550.0,1200.0,500.0,0,,,,
2026-09-28T00:18:22.761288+00:00,power,0,0,,,,,,536242012888,545952095670,0.004268964766051338,
2026-09-28T00:18:23.762188+00:00,freq,0,0,2500.0,4250.0,2500.0,900.0,0,,,,
2026-09-28T00:18:23.762188+00:00,freq,1,0,500.0,500.0,1200.0,500.0,0,,,,
2026-09-28T00:18:23.762188+00:00,power,0,0,,,,,,536242012888,545953096343,0.0,
2026-09-28T00:18:24.776509+00:00,freq,0,0,2500.0,4250.0,2500.0,900.0,0,,,,
2026-09-28T00:18:24.776509+00:00,freq,1,0,500.0,500.0,1200.0,500.0,0,,,,
2026-09-28T00:18:24.776509+00:00,power,0,0,,,,,,536242012888,545954110588,0.0,
2026-09-28T00:18:25.775250+00:00,freq,0,0,2500.0,4250.0,2500.0,1000.0,0,,,,
2026-09-28T00:18:25.775250+00:00,freq,1,0,500.0,500.0,1200.0,500.0,0,,,,
2026-09-28T00:18:25.775250+00:00,power,0,0,,,,,,536242018075,545955109238,0.005194011916086717,
2026-09-28T00:18:26.767454+00:00,freq,0,0,2500.0,4250.0,2500.0,900.0,0,,,,
2026-09-28T00:18:26.767454+00:00,freq,1,0,500.0,500.0,1200.0,550.0,0,,,,
2026-09-28T00:18:26.767454+00:00,power,0,0,,,,,,536242018075,545956101557,0.0,
2026-09-28T00:18:27.759652+00:00,freq,0,0,2500.0,4250.0,2500.0,900.0,0,,,,
2026-09-28T00:18:27.759652+00:00,freq,1,0,550.0,550.0,1200.0,550.0,0,,,,
2026-09-28T00:18:27.759652+00:00,power,0,0,,,,,,536243477486,545957093362,1.471469694143506,
2026-09-28T00:18:28.763786+00:00,freq,0,0,2500.0,4250.0,2500.0,900.0,0,,,,
2026-09-28T00:18:28.763786+00:00,freq,1,0,550.0,550.0,1200.0,500.0,0,,,,
2026-09-28T00:18:28.763786+00:00,power,0,0,,,,,,536247915131,545958097589,4.4189660305887015,
2026-09-28T00:18:29.768893+00:00,freq,0,0,2500.0,4250.0,2500.0,900.0,0,,,,
2026-09-28T00:18:29.768893+00:00,freq,1,0,500.0,500.0,1200.0,500.0,0,,,,
2026-09-28T00:18:29.768893+00:00,power,0,0,,,,,,536252329888,545959102620,4.392657539916679,
2026-09-28T00:18:30.760670+00:00,freq,0,0,2500.0,4250.0,2500.0,900.0,0,,,,
2026-09-28T00:18:30.760670+00:00,freq,1,0,500.0,500.0,1200.0,550.0,0,,,,
2026-09-28T00:18:30.760670+00:00,power,0,0,,,,,,536256728654,545960094435,4.4350670235880685,
2026-09-28T00:18:31.773207+00:00,freq,0,0,2500.0,4250.0,2500.0,900.0,0,,,,
2026-09-28T00:18:31.773207+00:00,freq,1,0,550.0,550.0,1200.0,550.0,0,,,,
2026-09-28T00:18:31.773207+00:00,power,0,0,,,,,,536261439957,545961106948,4.6530790221952705,
2026-09-28T00:18:32.771019+00:00,freq,0,0,2500.0,4250.0,2500.0,900.0,0,,,,
2026-09-28T00:18:32.771019+00:00,freq,1,0,550.0,550.0,1200.0,500.0,0,,,,
2026-09-28T00:18:32.771019+00:00,power,0,0,,,,,,536266206985,545962104766,4.777452401139286,
2026-09-28T00:18:33.766239+00:00,freq,0,0,2500.0,4250.0,2500.0,900.0,0,,,,
2026-09-28T00:18:33.766239+00:00,freq,1,0,500.0,500.0,1200.0,550.0,0,,,,
2026-09-28T00:18:33.766239+00:00,power,0,0,,,,,,536267953834,545963100006,1.7552037699449379,
2026-09-28T00:18:34.759653+00:00,freq,0,0,2500.0,4250.0,2500.0,900.0,0,,,,
2026-09-28T00:18:34.759653+00:00,freq,1,0,550.0,550.0,1200.0,550.0,0,,,,
2026-09-28T00:18:34.759653+00:00,power,0,0,,,,,,536267953834,545964093459,0.0,
2026-09-28T00:18:35.768939+00:00,freq,0,0,2500.0,4250.0,2500.0,900.0,0,,,,
2026-09-28T00:18:35.768939+00:00,freq,1,0,550.0,550.0,1200.0,500.0,0,,,,
2026-09-28T00:18:35.768939+00:00,power,0,0,,,,,,536267953834,545965102848,0.0,
2026-09-28T00:18:36.762667+00:00,freq,0,0,2500.0,4250.0,2500.0,900.0,0,,,,
2026-09-28T00:18:36.762667+00:00,freq,1,0,500.0,500.0,1200.0,500.0,0,,,,
2026-09-28T00:18:36.762667+00:00,power,0,0,,,,,,536267953834,545966096676,0.0,
2026-09-28T00:18:37.778250+00:00,freq,0,0,2500.0,4250.0,2500.0,900.0,0,,,,
2026-09-28T00:18:37.778250+00:00,freq,1,0,500.0,500.0,1200.0,500.0,0,,,,
2026-09-28T00:18:37.778250+00:00,power,0,0,,,,,,536267953834,545967112082,0.0,
2026-09-28T00:18:38.777767+00:00,freq,0,0,2500.0,4250.0,2500.0,900.0,0,,,,
2026-09-28T00:18:38.777767+00:00,freq,1,0,500.0,500.0,1200.0,500.0,0,,,,
2026-09-28T00:18:38.777767+00:00,power,0,0,,,,,,536267953834,545968111541,0.0,
2026-09-28T00:18:39.776044+00:00,freq,0,0,2500.0,4250.0,2500.0,900.0,0,,,,
2026-09-28T00:18:39.776044+00:00,freq,1,0,500.0,500.0,1200.0,550.0,0,,,,
2026-09-28T00:18:39.776044+00:00,power,0,0,,,,,,536267953834,545969109818,0.0,
2026-09-28T00:18:40.774572+00:00,freq,0,0,2500.0,4250.0,2500.0,900.0,0,,,,
2026-09-28T00:18:40.774572+00:00,freq,1,0,550.0,550.0,1200.0,500.0,0,,,,
2026-09-28T00:18:40.774572+00:00,power,0,0,,,,,,536267953834,545970108374,0.0,
2026-09-28T00:18:41.773849+00:00,freq,0,0,2500.0,4250.0,2500.0,900.0,0,,,,
2026-09-28T00:18:41.773849+00:00,freq,1,0,500.0,500.0,1200.0,500.0,0,,,,
2026-09-28T00:18:41.773849+00:00,power,0,0,,,,,,536267953834,545971107499,0.0,
2026-09-28T00:18:42.758973+00:00,freq,0,0,2500.0,4250.0,2500.0,900.0,0,,,,
2026-09-28T00:18:42.758973+00:00,freq,1,0,500.0,500.0,1200.0,500.0,0,,,,
2026-09-28T00:18:42.758973+00:00,power,0,0,,,,,,536267953834,545972093156,0.0,
2026-09-28T00:18:43.761543+00:00,freq,0,0,2500.0,4250.0,2500.0,900.0,0,,,,
2026-09-28T00:18:43.761543+00:00,freq,1,0,500.0,500.0,1200.0,500.0,0,,,,
2026-09-28T00:18:43.761543+00:00,power,0,0,,,,,,536267953895,545973095086,6.088249678121226e-05,
2026-09-28T00:18:44.763745+00:00,freq,0,0,2500.0,4250.0,2500.0,900.0,0,,,,
2026-09-28T00:18:44.763745+00:00,freq,1,0,500.0,500.0,1200.0,550.0,0,,,,
2026-09-28T00:18:44.763745+00:00,power,0,0,,,,,,536267958472,545974097439,0.004566255600571854,
2026-09-28T00:18:45.769463+00:00,freq,0,0,2500.0,4250.0,2500.0,900.0,0,,,,
2026-09-28T00:18:45.769463+00:00,freq,1,0,550.0,550.0,1200.0,500.0,0,,,,
2026-09-28T00:18:45.769463+00:00,power,0,0,,,,,,536267958472,545975103067,0.0,
2026-09-28T00:18:46.764426+00:00,freq,0,0,2500.0,4250.0,2500.0,900.0,0,,,,
2026-09-28T00:18:46.764426+00:00,freq,1,0,500.0,500.0,1200.0,500.0,0,,,,
2026-09-28T00:18:46.764426+00:00,power,0,0,,,,,,536267968627,545976098030,0.010206409685586297,
2026-09-28T00:18:47.776191+00:00,freq,0,0,2500.0,4250.0,2500.0,950.0,0,,,,
2026-09-28T00:18:47.776191+00:00,freq,1,0,500.0,500.0,1200.0,500.0,0,,,,
2026-09-28T00:18:47.776191+00:00,power,0,0,,,,,,536267968627,545977109796,0.0,
2026-09-28T00:18:48.771742+00:00,freq,0,0,2500.0,4250.0,2500.0,900.0,0,,,,
2026-09-28T00:18:48.771742+00:00,freq,1,0,500.0,500.0,1200.0,500.0,0,,,,
2026-09-28T00:18:48.771742+00:00,power,0,0,,,,,,536267968627,545978105314,0.0,
2026-09-28T00:18:49.761156+00:00,freq,0,0,2500.0,4250.0,2500.0,900.0,0,,,,
2026-09-28T00:18:49.761156+00:00,freq,1,0,500.0,500.0,1200.0,500.0,0,,,,
2026-09-28T00:18:49.761156+00:00,power,0,0,,,,,,536271617186,545979094535,3.688315351170264,
2026-09-28T00:18:50.765655+00:00,freq,0,0,2500.0,4250.0,2500.0,900.0,0,,,,
2026-09-28T00:18:50.765655+00:00,freq,1,0,500.0,500.0,1200.0,500.0,0,,,,
2026-09-28T00:18:50.765655+00:00,power,0,0,,,,,,536276054380,545980098950,4.417689899095493,
2026-09-28T00:18:51.757002+00:00,freq,0,0,2500.0,4250.0,2500.0,900.0,0,,,,
2026-09-28T00:18:51.757002+00:00,freq,1,0,500.0,500.0,1200.0,550.0,0,,,,
2026-09-28T00:18:51.757002+00:00,power,0,0,,,,,,536280451254,545981090322,4.435140391296103,
2026-09-28T00:18:52.767990+00:00,freq,0,0,2500.0,4250.0,2500.0,900.0,0,,,,
2026-09-28T00:18:52.767990+00:00,freq,1,0,550.0,550.0,1200.0,550.0,0,,,,
2026-09-28T00:18:52.767990+00:00,power,0,0,,,,,,536285225081,545982101288,4.72204505393851,
2026-09-28T00:18:53.761984+00:00,freq,0,0,2500.0,4250.0,2500.0,900.0,0,,,,
2026-09-28T00:18:53.761984+00:00,freq,1,0,550.0,550.0,1200.0,550.0,0,,,,
2026-09-28T00:18:53.761984+00:00,power,0,0,,,,,,536290030195,545983095336,4.833885285217615,
2026-09-28T00:18:54.776097+00:00,freq,0,0,2500.0,4250.0,2500.0,900.0,0,,,,
2026-09-28T00:18:54.776097+00:00,freq,1,0,550.0,550.0,1200.0,500.0,0,,,,
2026-09-28T00:18:54.776097+00:00,power,0,0,,,,,,536292959272,545984109468,2.8882601081516017,
2026-09-28T00:18:55.768838+00:00,freq,0,0,2500.0,4250.0,2500.0,900.0,0,,,,
2026-09-28T00:18:55.768838+00:00,freq,1,0,500.0,500.0,1200.0,550.0,0,,,,
2026-09-28T00:18:55.768838+00:00,power,0,0,,,,,,536292984930,545985102209,0.02584561330699548,
2026-09-28T00:18:56.764300+00:00,freq,0,0,2500.0,4250.0,2500.0,900.0,0,,,,
2026-09-28T00:18:56.764300+00:00,freq,1,0,550.0,550.0,1200.0,500.0,0,,,,
2026-09-28T00:18:56.764300+00:00,power,0,0,,,,,,536292984930,545986097675,0.0,
2026-09-28T00:18:57.776342+00:00,freq,0,0,2500.0,4250.0,2500.0,900.0,0,,,,
2026-09-28T00:18:57.776342+00:00,freq,1,0,500.0,500.0,1200.0,550.0,0,,,,
2026-09-28T00:18:57.776342+00:00,power,0,0,,,,,,536292984930,545987109768,0.0,
2026-09-28T00:18:58.774114+00:00,freq,0,0,2500.0,4250.0,2500.0,900.0,0,,,,
2026-09-28T00:18:58.774114+00:00,freq,1,0,550.0,550.0,1200.0,550.0,0,,,,
2026-09-28T00:18:58.774114+00:00,power,0,0,,,,,,536292984930,545988107617,0.0,
2026-09-28T00:18:59.773847+00:00,freq,0,0,2500.0,4250.0,2500.0,900.0,0,,,,
2026-09-28T00:18:59.773847+00:00,freq,1,0,550.0,550.0,1200.0,500.0,0,,,,
2026-09-28T00:18:59.773847+00:00,power,0,0,,,,,,536292984930,545989107196,0.0,
2026-09-28T00:19:00.774866+00:00,freq,0,0,2500.0,4250.0,2500.0,900.0,0,,,,
2026-09-28T00:19:00.774866+00:00,freq,1,0,500.0,500.0,1200.0,500.0,0,,,,
2026-09-28T00:19:00.774866+00:00,power,0,0,,,,,,536292985967,545990108079,0.0010360851368241843,
2026-09-28T00:19:01.760381+00:00,freq,0,0,2500.0,4250.0,2500.0,900.0,0,,,,
2026-09-28T00:19:01.760381+00:00,freq,1,0,500.0,500.0,1200.0,500.0,0,,,,
2026-09-28T00:19:01.760381+00:00,power,0,0,,,,,,536292985967,545991093732,0.0,
2026-09-28T00:19:02.774373+00:00,freq,0,0,900.0,900.0,2500.0,900.0,0,,,,
2026-09-28T00:19:02.774373+00:00,freq,1,0,500.0,500.0,1200.0,500.0,0,,,,
2026-09-28T00:19:02.774373+00:00,power,0,0,,,,,,536292987248,545992107634,0.0012634357166668969,
2026-09-28T00:19:03.774783+00:00,freq,0,0,900.0,900.0,2500.0,900.0,0,,,,
2026-09-28T00:19:03.774783+00:00,freq,1,0,500.0,500.0,1200.0,550.0,0,,,,
2026-09-28T00:19:03.774783+00:00,power,0,0,,,,,,536292987248,545993107968,0.0,
2026-09-28T00:19:04.763650+00:00,freq,0,0,900.0,900.0,2500.0,900.0,0,,,,
2026-09-28T00:19:04.763650+00:00,freq,1,0,550.0,550.0,1200.0,550.0,0,,,,
2026-09-28T00:19:04.763650+00:00,power,0,0,,,,,,536292988858,545994096860,0.0016280847655760185,
2026-09-28T00:19:05.765425+00:00,freq,0,0,900.0,900.0,2500.0,900.0,0,,,,
2026-09-28T00:19:05.765425+00:00,freq,1,0,550.0,550.0,1200.0,500.0,0,,,,
2026-09-28T00:19:05.765425+00:00,power,0,0,,,,,,536292988858,545995098579,0.0,
2026-09-28T00:19:06.760131+00:00,freq,0,0,900.0,900.0,2500.0,900.0,0,,,,
2026-09-28T00:19:06.760131+00:00,freq,1,0,500.0,500.0,1200.0,550.0,0,,,,
2026-09-28T00:19:06.760131+00:00,power,0,0,,,,,,536292988858,545996093385,0.0,
2026-09-28T00:19:07.764956+00:00,freq,0,0,900.0,900.0,2500.0,900.0,0,,,,
2026-09-28T00:19:07.764956+00:00,freq,1,0,500.0,500.0,1200.0,500.0,0,,,,
2026-09-28T00:19:07.764956+00:00,power,0,0,,,,,,536292991116,545997098174,0.002247237977326583,
2026-09-28T00:19:08.771335+00:00,freq,0,0,900.0,900.0,2500.0,900.0,0,,,,
2026-09-28T00:19:08.771335+00:00,freq,1,0,500.0,500.0,1200.0,500.0,0,,,,
2026-09-28T00:19:08.771335+00:00,power,0,0,,,,,,536292991116,545998104418,0.0,
2026-09-28T00:19:09.770389+00:00,freq,0,0,900.0,900.0,2500.0,900.0,0,,,,
2026-09-28T00:19:09.770389+00:00,freq,1,0,500.0,500.0,1200.0,500.0,0,,,,
2026-09-28T00:19:09.770389+00:00,power,0,0,,,,,,536292991116,545999103393,0.0,
2026-09-28T00:19:10.768315+00:00,freq,0,0,2500.0,4250.0,2500.0,950.0,0,,,,
2026-09-28T00:19:10.768315+00:00,freq,1,0,500.0,500.0,1200.0,550.0,0,,,,
2026-09-28T00:19:10.768315+00:00,power,0,0,,,,,,536293000538,546000101626,0.009438678144280944,
2026-09-28T00:19:11.753488+00:00,freq,0,0,2500.0,4250.0,2500.0,900.0,0,,,,
2026-09-28T00:19:11.753488+00:00,freq,1,0,550.0,550.0,1200.0,500.0,0,,,,
2026-09-28T00:19:11.753488+00:00,power,0,0,,,,,,536293000538,546001087315,0.0,
2026-09-28T00:19:12.763604+00:00,freq,0,0,2500.0,4250.0,2500.0,900.0,0,,,,
2026-09-28T00:19:12.763604+00:00,freq,1,0,500.0,500.0,1200.0,550.0,0,,,,
2026-09-28T00:19:12.763604+00:00,power,0,0,,,,,,536294290882,546002096534,1.2785569831721362,
2026-09-28T00:19:13.766398+00:00,freq,0,0,2500.0,4250.0,2500.0,900.0,0,,,,
2026-09-28T00:19:13.766398+00:00,freq,1,0,550.0,550.0,1200.0,500.0,0,,,,
2026-09-28T00:19:13.766398+00:00,power,0,0,,,,,,536298736767,546003099369,4.433316547587589,
2026-09-28T00:19:14.755977+00:00,freq,0,0,2500.0,4250.0,2500.0,900.0,0,,,,
2026-09-28T00:19:14.755977+00:00,freq,1,0,500.0,500.0,1200.0,550.0,0,,,,
2026-09-28T00:19:14.755977+00:00,power,0,0,,,,,,536303116527,546004088964,4.42581055886499,
2026-09-28T00:19:15.760649+00:00,freq,0,0,2500.0,4250.0,2500.0,900.0,0,,,,
2026-09-28T00:19:15.760649+00:00,freq,1,0,550.0,550.0,1200.0,550.0,0,,,,
2026-09-28T00:19:15.760649+00:00,power,0,0,,,,,,536307592075,546005093569,4.455032574992161,
2026-09-28T00:19:16.772858+00:00,freq,0,0,2500.0,4250.0,2500.0,900.0,0,,,,
2026-09-28T00:19:16.772858+00:00,freq,1,0,550.0,550.0,1200.0,500.0,0,,,,
2026-09-28T00:19:16.772858+00:00,power,0,0,,,,,,536312124484,546006105702,4.478076497851567,
2026-09-28T00:19:17.767250+00:00,freq,0,0,2500.0,4250.0,2500.0,900.0,0,,,,
2026-09-28T00:19:17.767250+00:00,freq,1,0,500.0,500.0,1200.0,500.0,0,,,,
2026-09-28T00:19:17.767250+00:00,power,0,0,,,,,,536316751704,546007100055,4.653498304927928,
2026-09-28T00:19:18.761309+00:00,freq,0,0,2500.0,4250.0,2500.0,900.0,0,,,,
2026-09-28T00:19:18.761309+00:00,freq,1,0,500.0,500.0,1200.0,500.0,0,,,,
2026-09-28T00:19:18.761309+00:00,power,0,0,,,,,,536320819086,546008094211,4.09129150757024,
2026-09-28T00:19:19.777070+00:00,freq,0,0,2500.0,4250.0,2500.0,900.0,0,,,,
2026-09-28T00:19:19.777070+00:00,freq,1,0,500.0,500.0,1200.0,550.0,0,,,,
2026-09-28T00:19:19.777070+00:00,power,0,0,,,,,,536320845514,546009109911,0.02601949394506252,
2026-09-28T00:19:20.777684+00:00,freq,0,0,2500.0,4250.0,2500.0,900.0,0,,,,
2026-09-28T00:19:20.777684+00:00,freq,1,0,550.0,550.0,1200.0,500.0,0,,,,
2026-09-28T00:19:20.777684+00:00,power,0,0,,,,,,536320845514,546010110523,0.0,
2026-09-28T00:19:21.763208+00:00,freq,0,0,2500.0,4250.0,2500.0,900.0,0,,,,
2026-09-28T00:19:21.763208+00:00,freq,1,0,500.0,500.0,1200.0,550.0,0,,,,
2026-09-28T00:19:21.763208+00:00,power,0,0,,,,,,536320845514,546011096218,0.0,
2026-09-28T00:19:22.774763+00:00,freq,0,0,2500.0,4250.0,2500.0,900.0,0,,,,
2026-09-28T00:19:22.774763+00:00,freq,1,0,550.0,550.0,1200.0,500.0,0,,,,
2026-09-28T00:19:22.774763+00:00,power,0,0,,,,,,536320845514,546012107820,0.0,
2026-09-28T00:19:23.768893+00:00,freq,0,0,2500.0,4250.0,2500.0,900.0,0,,,,
2026-09-28T00:19:23.768893+00:00,freq,1,0,500.0,500.0,1200.0,550.0,0,,,,
2026-09-28T00:19:23.768893+00:00,power,0,0,,,,,,536320845514,546013101874,0.0,
2026-09-28T00:19:24.755052+00:00,freq,0,0,2500.0,4250.0,2500.0,900.0,0,,,,
2026-09-28T00:19:24.755052+00:00,freq,1,0,550.0,550.0,1200.0,500.0,0,,,,
2026-09-28T00:19:24.755052+00:00,power,0,0,,,,,,536320845514,546014087950,0.0,
2026-09-28T00:19:25.768670+00:00,freq,0,0,2500.0,4250.0,2500.0,900.0,0,,,,
2026-09-28T00:19:25.768670+00:00,freq,1,0,500.0,500.0,1200.0,500.0,0,,,,
2026-09-28T00:19:25.768670+00:00,power,0,0,,,,,,536320845514,546015101592,0.0,
2026-09-28T00:19:26.754200+00:00,freq,0,0,2500.0,4250.0,2500.0,900.0,0,,,,
2026-09-28T00:19:26.754200+00:00,freq,1,0,500.0,500.0,1200.0,500.0,0,,,,
2026-09-28T00:19:26.754200+00:00,power,0,0,,,,,,536320845514,546016087193,0.0,
2026-09-28T00:19:27.756210+00:00,freq,0,0,2500.0,4250.0,2500.0,900.0,0,,,,
2026-09-28T00:19:27.756210+00:00,freq,1,0,500.0,500.0,1200.0,500.0,0,,,,
2026-09-28T00:19:27.756210+00:00,power,0,0,,,,,,536320845514,546017089108,0.0,
2026-09-28T00:19:28.772290+00:00,freq,0,0,2500.0,4250.0,2500.0,900.0,0,,,,
2026-09-28T00:19:28.772290+00:00,freq,1,0,500.0,500.0,1200.0,550.0,0,,,,
2026-09-28T00:19:28.772290+00:00,power,0,0,,,,,,536320845514,546018105076,0.0,
2026-09-28T00:19:29.765152+00:00,freq,0,0,2500.0,4250.0,2500.0,900.0,0,,,,
2026-09-28T00:19:29.765152+00:00,freq,1,0,550.0,550.0,1200.0,550.0,0,,,,
2026-09-28T00:19:29.765152+00:00,power,0,0,,,,,,536320852190,546019097772,0.006725120278514268,
2026-09-28T00:19:30.774669+00:00,freq,0,0,2500.0,4250.0,2500.0,900.0,0,,,,
2026-09-28T00:19:30.774669+00:00,freq,1,0,550.0,550.0,1200.0,550.0,0,,,,
2026-09-28T00:19:30.774669+00:00,power,0,0,,,,,,536320852190,546020107328,0.0,
2026-09-28T00:19:31.775239+00:00,freq,0,0,2500.0,4250.0,2500.0,900.0,0,,,,
2026-09-28T00:19:31.775239+00:00,freq,1,0,550.0,550.0,1200.0,500.0,0,,,,
2026-09-28T00:19:31.775239+00:00,power,0,0,,,,,,536320852190,546021108014,0.0,
2026-09-28T00:19:32.774226+00:00,freq,0,0,2500.0,4250.0,2500.0,1000.0,0,,,,
2026-09-28T00:19:32.774226+00:00,freq,1,0,500.0,500.0,1200.0,550.0,0,,,,
2026-09-28T00:19:32.774226+00:00,power,0,0,,,,,,536320857828,546022106917,0.005644191678271063,
2026-09-28T00:19:33.774274+00:00,freq,0,0,2500.0,4250.0,2500.0,900.0,0,,,,
2026-09-28T00:19:33.774274+00:00,freq,1,0,550.0,550.0,1200.0,550.0,0,,,,
2026-09-28T00:19:33.774274+00:00,power,0,0,,,,,,536320857828,546023107119,0.0,
2026-09-28T00:19:34.774416+00:00,freq,0,0,2500.0,4250.0,2500.0,900.0,0,,,,
2026-09-28T00:19:34.774416+00:00,freq,1,0,550.0,550.0,1200.0,500.0,0,,,,
2026-09-28T00:19:34.774416+00:00,power,0,0,,,,,,536320857828,546024107117,0.0,
2026-09-28T00:19:35.762091+00:00,freq,0,0,2500.0,4250.0,2500.0,900.0,0,,,,
2026-09-28T00:19:35.762091+00:00,freq,1,0,550.0,550.0,1200.0,550.0,0,,,,
2026-09-28T00:19:35.762091+00:00,power,0,0,,,,,,536323962770,546025094535,3.1445061767154336,
2026-09-28T00:19:36.765744+00:00,freq,0,0,2500.0,4250.0,2500.0,900.0,0,,,,
2026-09-28T00:19:36.765744+00:00,freq,1,0,550.0,550.0,1200.0,500.0,0,,,,
2026-09-28T00:19:36.765744+00:00,power,0,0,,,,,,536328401917,546026098312,4.422443431160507,
2026-09-28T00:19:37.769144+00:00,freq,0,0,2500.0,4250.0,2500.0,900.0,0,,,,
2026-09-28T00:19:37.769144+00:00,freq,1,0,500.0,500.0,1200.0,550.0,0,,,,
2026-09-28T00:19:37.769144+00:00,power,0,0,,,,,,536332860413,546027101551,4.444101555063151,
2026-09-28T00:19:38.764981+00:00,freq,0,0,2500.0,4250.0,2500.0,900.0,0,,,,
2026-09-28T00:19:38.764981+00:00,freq,1,0,550.0,550.0,1200.0,550.0,0,,,,
2026-09-28T00:19:38.764981+00:00,power,0,0,,,,,,536337341431,546028097334,4.499994476708279,
2026-09-28T00:19:39.775723+00:00,freq,0,0,2500.0,4250.0,2500.0,900.0,0,,,,
2026-09-28T00:19:39.775723+00:00,freq,1,0,550.0,550.0,1200.0,500.0,0,,,,
2026-09-28T00:19:39.775723+00:00,power,0,0,,,,,,536342164025,546029108108,4.771189207478625,
2026-09-28T00:19:40.771841+00:00,freq,0,0,2500.0,4250.0,2500.0,900.0,0,,,,
2026-09-28T00:19:40.771841+00:00,freq,1,0,500.0,500.0,1200.0,550.0,0,,,,
2026-09-28T00:19:40.771841+00:00,power,0,0,,,,,,536346902695,546030104212,4.757204067045208,
2026-09-28T00:19:41.769950+00:00,freq,0,0,2500.0,4250.0,2500.0,900.0,0,,,,
2026-09-28T00:19:41.769950+00:00,freq,1,0,550.0,550.0,1200.0,550.0,0,,,,
2026-09-28T00:19:41.769950+00:00,power,0,0,,,,,,536346923592,546031102397,0.020934997019590555,
2026-09-28T00:19:42.755119+00:00,freq,0,0,2500.0,4250.0,2500.0,900.0,0,,,,
2026-09-28T00:19:42.755119+00:00,freq,1,0,550.0,550.0,1200.0,500.0,0,,,,
2026-09-28T00:19:42.755119+00:00,power,0,0,,,,,,536346923836,546032088011,0.00024756141856751223,
2026-09-28T00:19:43.766340+00:00,freq,0,0,2500.0,4250.0,2500.0,900.0,0,,,,
2026-09-28T00:19:43.766340+00:00,freq,1,0,500.0,500.0,1200.0,550.0,0,,,,
2026-09-28T00:19:43.766340+00:00,power,0,0,,,,,,536346923836,546033098898,0.0,
2026-09-28T00:19:44.762422+00:00,freq,0,0,2500.0,4250.0,2500.0,900.0,0,,,,
2026-09-28T00:19:44.762422+00:00,freq,1,0,550.0,550.0,1200.0,550.0,0,,,,
2026-09-28T00:19:44.762422+00:00,power,0,0,,,,,,536346923836,546034095084,0.0,
2026-09-28T00:19:45.776960+00:00,freq,0,0,2500.0,4250.0,2500.0,900.0,0,,,,
2026-09-28T00:19:45.776960+00:00,freq,1,0,550.0,550.0,1200.0,550.0,0,,,,
2026-09-28T00:19:45.776960+00:00,power,0,0,,,,,,536346923836,546035109703,0.0,
2026-09-28T00:19:46.771421+00:00,freq,0,0,2500.0,4250.0,2500.0,900.0,0,,,,
2026-09-28T00:19:46.771421+00:00,freq,1,0,550.0,550.0,1200.0,550.0,0,,,,
2026-09-28T00:19:46.771421+00:00,power,0,0,,,,,,536346923836,546036104047,0.0,
2026-09-28T00:19:47.771116+00:00,freq,0,0,2500.0,4250.0,2500.0,900.0,0,,,,
2026-09-28T00:19:47.771116+00:00,freq,1,0,550.0,550.0,1200.0,550.0,0,,,,
2026-09-28T00:19:47.771116+00:00,power,0,0,,,,,,536346923836,546037103402,0.0,
2026-09-28T00:19:48.770389+00:00,freq,0,0,2500.0,4250.0,2500.0,900.0,0,,,,
2026-09-28T00:19:48.770389+00:00,freq,1,0,550.0,550.0,1200.0,550.0,0,,,,
2026-09-28T00:19:48.770389+00:00,power,0,0,,,,,,536346923836,546038102688,0.0,
2026-09-28T00:19:49.759379+00:00,freq,0,0,2500.0,4250.0,2500.0,900.0,0,,,,
2026-09-28T00:19:49.759379+00:00,freq,1,0,550.0,550.0,1200.0,550.0,0,,,,
2026-09-28T00:19:49.759379+00:00,power,0,0,,,,,,536346923836,546039091652,0.0,
2026-09-28T00:19:50.773144+00:00,freq,0,0,2500.0,4250.0,2500.0,900.0,0,,,,
2026-09-28T00:19:50.773144+00:00,freq,1,0,550.0,550.0,1200.0,550.0,0,,,,
2026-09-28T00:19:50.773144+00:00,power,0,0,,,,,,536346923836,546040105397,0.0,
2026-09-28T00:19:51.769932+00:00,freq,0,0,2500.0,4250.0,2500.0,900.0,0,,,,
2026-09-28T00:19:51.769932+00:00,freq,1,0,550.0,550.0,1200.0,550.0,0,,,,
2026-09-28T00:19:51.769932+00:00,power,0,0,,,,,,536346923836,546041102200,0.0,
2026-09-28T00:19:52.755621+00:00,freq,0,0,2500.0,4250.0,2500.0,900.0,0,,,,
2026-09-28T00:19:52.755621+00:00,freq,1,0,500.0,500.0,1200.0,500.0,0,,,,
2026-09-28T00:19:52.755621+00:00,power,0,0,,,,,,536346926887,546042087903,0.003095252829706311,
2026-09-28T00:19:53.764463+00:00,freq,0,0,2500.0,4250.0,2500.0,900.0,0,,,,
2026-09-28T00:19:53.764463+00:00,freq,1,0,500.0,500.0,1200.0,500.0,0,,,,
2026-09-28T00:19:53.764463+00:00,power,0,0,,,,,,536346926887,546043096653,0.0,
2026-09-28T00:19:54.768787+00:00,freq,0,0,2500.0,4250.0,2500.0,900.0,0,,,,
2026-09-28T00:19:54.768787+00:00,freq,1,0,500.0,500.0,1200.0,500.0,0,,,,
2026-09-28T00:19:54.768787+00:00,power,0,0,,,,,,536346926887,546044101063,0.0,
2026-09-28T00:19:55.766098+00:00,freq,0,0,2500.0,4250.0,2500.0,1000.0,0,,,,
2026-09-28T00:19:55.766098+00:00,freq,1,0,500.0,500.0,1200.0,500.0,0,,,,
2026-09-28T00:19:55.766098+00:00,power,0,0,,,,,,536346932013,546045098320,0.00514009929235894,
2026-09-28T00:19:56.780794+00:00,freq,0,0,2500.0,4250.0,2500.0,1000.0,0,,,,
2026-09-28T00:19:56.780794+00:00,freq,1,0,500.0,500.0,1200.0,500.0,0,,,,
2026-09-28T00:19:56.780794+00:00,power,0,0,,,,,,536346932013,546046113087,0.0,
2026-09-28T00:19:57.772776+00:00,freq,0,0,2500.0,4250.0,2500.0,900.0,0,,,,
2026-09-28T00:19:57.772776+00:00,freq,1,0,500.0,500.0,1200.0,500.0,0,,,,
2026-09-28T00:19:57.772776+00:00,power,0,0,,,,,,536347507330,546047104856,0.5800917350713725,
2026-09-28T00:19:58.760674+00:00,freq,0,0,2500.0,4250.0,2500.0,900.0,0,,,,
2026-09-28T00:19:58.760674+00:00,freq,1,0,500.0,500.0,1200.0,550.0,0,,,,
2026-09-28T00:19:58.760674+00:00,power,0,0,,,,,,536351886320,546048092628,4.433199159320167,
2026-09-28T00:19:59.766886+00:00,freq,0,0,2500.0,4250.0,2500.0,900.0,0,,,,
2026-09-28T00:19:59.766886+00:00,freq,1,0,550.0,550.0,1200.0,550.0,0,,,,
2026-09-28T00:19:59.766886+00:00,power,0,0,,,,,,536356340994,546049098831,4.427212003939563,
2026-09-28T00:20:00.756393+00:00,freq,0,0,2500.0,4250.0,2500.0,900.0,0,,,,
2026-09-28T00:20:00.756393+00:00,freq,1,0,550.0,550.0,1200.0,550.0,0,,,,
2026-09-28T00:20:00.756393+00:00,power,0,0,,,,,,536360750478,546050088233,4.456716279126179,
2026-09-28T00:20:01.765068+00:00,freq,0,0,2500.0,4250.0,2500.0,900.0,0,,,,
2026-09-28T00:20:01.765068+00:00,freq,1,0,550.0,550.0,1200.0,500.0,0,,,,
2026-09-28T00:20:01.765068+00:00,power,0,0,,,,,,536365498365,546051097005,4.706600698671256,
2026-09-28T00:20:02.774937+00:00,freq,0,0,2500.0,4250.0,2500.0,900.0,0,,,,
2026-09-28T00:20:02.774937+00:00,freq,1,0,500.0,500.0,1200.0,550.0,0,,,,
2026-09-28T00:20:02.774937+00:00,power,0,0,,,,,,536370343664,546052106902,4.7978150247005384,
2026-09-28T00:20:03.771248+00:00,freq,0,0,2500.0,4250.0,2500.0,900.0,0,,,,
2026-09-28T00:20:03.771248+00:00,freq,1,0,550.0,550.0,1200.0,550.0,0,,,,
2026-09-28T00:20:03.771248+00:00,power,0,0,,,,,,536373721410,546053103396,3.389630042930514,
2026-09-28T00:20:04.767195+00:00,freq,0,0,2500.0,4250.0,2500.0,900.0,0,,,,
2026-09-28T00:20:04.767195+00:00,freq,1,0,550.0,550.0,1200.0,550.0,0,,,,
2026-09-28T00:20:04.767195+00:00,power,0,0,,,,,,536373721410,546054099183,0.0,
2026-09-28T00:20:05.761272+00:00,freq,0,0,2500.0,4250.0,2500.0,900.0,0,,,,
2026-09-28T00:20:05.761272+00:00,freq,1,0,550.0,550.0,1200.0,550.0,0,,,,
2026-09-28T00:20:05.761272+00:00,power,0,0,,,,,,536373721410,546055093379,0.0,
2026-09-28T00:20:06.775561+00:00,freq,0,0,2500.0,4250.0,2500.0,900.0,0,,,,
2026-09-28T00:20:06.775561+00:00,freq,1,0,550.0,550.0,1200.0,550.0,0,,,,
2026-09-28T00:20:06.775561+00:00,power,0,0,,,,,,536373721410,546056107700,0.0,
2026-09-28T00:20:07.775368+00:00,freq,0,0,2500.0,4250.0,2500.0,900.0,0,,,,
2026-09-28T00:20:07.775368+00:00,freq,1,0,550.0,550.0,1200.0,500.0,0,,,,
2026-09-28T00:20:07.775368+00:00,power,0,0,,,,,,536373721410,546057107483,0.0,
2026-09-28T00:20:08.773999+00:00,freq,0,0,2500.0,4250.0,2500.0,900.0,0,,,,
2026-09-28T00:20:08.773999+00:00,freq,1,0,500.0,500.0,1200.0,550.0,0,,,,
2026-09-28T00:20:08.773999+00:00,power,0,0,,,,,,536373721410,546058106069,0.0,
2026-09-28T00:20:09.773878+00:00,freq,0,0,2500.0,4250.0,2500.0,900.0,0,,,,
2026-09-28T00:20:09.773878+00:00,freq,1,0,550.0,550.0,1200.0,500.0,0,,,,
2026-09-28T00:20:09.773878+00:00,power,0,0,,,,,,536373721410,546059105790,0.0,
2026-09-28T00:20:10.774295+00:00,freq,0,0,2500.0,4250.0,2500.0,900.0,0,,,,
2026-09-28T00:20:10.774295+00:00,freq,1,0,500.0,500.0,1200.0,500.0,0,,,,
2026-09-28T00:20:10.774295+00:00,power,0,0,,,,,,536373721410,546060106247,0.0,
2026-09-28T00:20:11.772081+00:00,freq,0,0,2500.0,4250.0,2500.0,900.0,0,,,,
2026-09-28T00:20:11.772081+00:00,freq,1,0,500.0,500.0,1200.0,500.0,0,,,,
2026-09-28T00:20:11.772081+00:00,power,0,0,,,,,,536373721410,546061103970,0.0,
2026-09-28T00:20:12.770108+00:00,freq,0,0,2500.0,4250.0,2500.0,900.0,0,,,,
2026-09-28T00:20:12.770108+00:00,freq,1,0,500.0,500.0,1200.0,550.0,0,,,,
2026-09-28T00:20:12.770108+00:00,power,0,0,,,,,,536373721410,546062102058,0.0,
2026-09-28T00:20:13.768904+00:00,freq,0,0,2500.0,4250.0,2500.0,900.0,0,,,,
2026-09-28T00:20:13.768904+00:00,freq,1,0,550.0,550.0,1200.0,500.0,0,,,,
2026-09-28T00:20:13.768904+00:00,power,0,0,,,,,,536373721410,546063100888,0.0,
2026-09-28T00:20:14.768188+00:00,freq,0,0,2500.0,4250.0,2500.0,900.0,0,,,,
2026-09-28T00:20:14.768188+00:00,freq,1,0,500.0,500.0,1200.0,500.0,0,,,,
2026-09-28T00:20:14.768188+00:00,power,0,0,,,,,,536373721410,546064100057,0.0,
2026-09-28T00:20:15.764068+00:00,freq,0,0,2500.0,4250.0,2500.0,900.0,0,,,,
2026-09-28T00:20:15.764068+00:00,freq,1,0,500.0,500.0,1200.0,550.0,0,,,,
2026-09-28T00:20:15.764068+00:00,power,0,0,,,,,,536373727452,546065095851,0.006067519989074045,
2026-09-28T00:20:16.771592+00:00,freq,0,0,2500.0,4250.0,2500.0,900.0,0,,,,
2026-09-28T00:20:16.771592+00:00,freq,1,0,550.0,550.0,1200.0,550.0,0,,,,
2026-09-28T00:20:16.771592+00:00,power,0,0,,,,,,536373727452,546066103497,0.0,
2026-09-28T00:20:17.767211+00:00,freq,0,0,2500.0,4250.0,2500.0,900.0,0,,,,
2026-09-28T00:20:17.767211+00:00,freq,1,0,550.0,550.0,1200.0,550.0,0,,,,
2026-09-28T00:20:17.767211+00:00,power,0,0,,,,,,536373727452,546067099126,0.0,
2026-09-28T00:20:18.755256+00:00,freq,0,0,2500.0,4250.0,2500.0,1000.0,0,,,,
2026-09-28T00:20:18.755256+00:00,freq,1,0,550.0,550.0,1200.0,500.0,0,,,,
2026-09-28T00:20:18.755256+00:00,power,0,0,,,,,,536373727452,546068086997,0.0,
2026-09-28T00:20:19.758753+00:00,freq,0,0,2500.0,4250.0,2500.0,900.0,0,,,,
2026-09-28T00:20:19.758753+00:00,freq,1,0,500.0,500.0,1200.0,550.0,0,,,,
2026-09-28T00:20:19.758753+00:00,power,0,0,,,,,,536373737118,546069090609,0.00963121206203194,
2026-09-28T00:20:20.773612+00:00,freq,0,0,2500.0,4250.0,2500.0,900.0,0,,,,
2026-09-28T00:20:20.773612+00:00,freq,1,0,550.0,550.0,1200.0,550.0,0,,,,
2026-09-28T00:20:20.773612+00:00,power,0,0,,,,,,536373737118,546070105299,0.0,
2026-09-28T00:20:21.773407+00:00,freq,0,0,2500.0,4250.0,2500.0,900.0,0,,,,
2026-09-28T00:20:21.773407+00:00,freq,1,0,550.0,550.0,1200.0,550.0,0,,,,
2026-09-28T00:20:21.773407+00:00,power,0,0,,,,,,536376158321,546071104930,2.422096753702116,
2026-09-28T00:20:22.767547+00:00,freq,0,0,2500.0,4250.0,2500.0,900.0,0,,,,
2026-09-28T00:20:22.767547+00:00,freq,1,0,550.0,550.0,1200.0,550.0,0,,,,
2026-09-28T00:20:22.767547+00:00,power,0,0,,,,,,536380557819,546072099016,4.425671420782508,
2026-09-28T00:20:23.763649+00:00,freq,0,0,2500.0,4250.0,2500.0,900.0,0,,,,
2026-09-28T00:20:23.763649+00:00,freq,1,0,550.0,550.0,1200.0,500.0,0,,,,
2026-09-28T00:20:23.763649+00:00,power,0,0,,,,,,536384996295,546073095063,4.456090927436155,
2026-09-28T00:20:24.775240+00:00,freq,0,0,2500.0,4250.0,2500.0,900.0,0,,,,
2026-09-28T00:20:24.775240+00:00,freq,1,0,500.0,500.0,1200.0,550.0,0,,,,
2026-09-28T00:20:24.775240+00:00,power,0,0,,,,,,536389505328,546074106814,4.456662755954776,
2026-09-28T00:20:25.773368+00:00,freq,0,0,2500.0,4250.0,2500.0,900.0,0,,,,
2026-09-28T00:20:25.773368+00:00,freq,1,0,550.0,550.0,1200.0,550.0,0,,,,
2026-09-28T00:20:25.773368+00:00,power,0,0,,,,,,536394122233,546075104874,4.625879205658978,
2026-09-28T00:20:26.766112+00:00,freq,0,0,2500.0,4250.0,2500.0,900.0,0,,,,
2026-09-28T00:20:26.766112+00:00,freq,1,0,550.0,550.0,1200.0,550.0,0,,,,
2026-09-28T00:20:26.766112+00:00,power,0,0,,,,,,536398793765,546076097556,4.705970290586512,
2026-09-28T00:20:27.779810+00:00,freq,0,0,2500.0,4250.0,2500.0,900.0,0,,,,
2026-09-28T00:20:27.779810+00:00,freq,1,0,550.0,550.0,1200.0,550.0,0,,,,
2026-09-28T00:20:27.779810+00:00,power,0,0,,,,,,536401731654,546077111527,2.8974092947431433,
2026-09-28T00:20:28.779410+00:00,freq,0,0,2500.0,4250.0,2500.0,900.0,0,,,,
2026-09-28T00:20:28.779410+00:00,freq,1,0,550.0,550.0,1200.0,500.0,0,,,,
2026-09-28T00:20:28.779410+00:00,power,0,0,,,,,,536401731654,546078110937,0.0,
2026-09-28T00:20:29.779029+00:00,freq,0,0,2500.0,4250.0,2500.0,900.0,0,,,,
2026-09-28T00:20:29.779029+00:00,freq,1,0,500.0,500.0,1200.0,550.0,0,,,,
2026-09-28T00:20:29.779029+00:00,power,0,0,,,,,,536401731654,546079110616,0.0,
2026-09-28T00:20:30.776891+00:00,freq,0,0,2500.0,4250.0,2500.0,900.0,0,,,,
2026-09-28T00:20:30.776891+00:00,freq,1,0,550.0,550.0,1200.0,500.0,0,,,,
2026-09-28T00:20:30.776891+00:00,power,0,0,,,,,,536401731654,546080108547,0.0,
2026-09-28T00:20:31.776857+00:00,freq,0,0,2500.0,4250.0,2500.0,900.0,0,,,,
2026-09-28T00:20:31.776857+00:00,freq,1,0,500.0,500.0,1200.0,550.0,0,,,,
2026-09-28T00:20:31.776857+00:00,power,0,0,,,,,,536401731654,546081108531,0.0,
2026-09-28T00:20:32.772311+00:00,freq,0,0,900.0,900.0,2500.0,900.0,0,,,,
2026-09-28T00:20:32.772311+00:00,freq,1,0,550.0,550.0,1200.0,550.0,0,,,,
2026-09-28T00:20:32.772311+00:00,power,0,0,,,,,,536401732203,546082103963,0.0005515193403467037,
2026-09-28T00:20:33.771275+00:00,freq,0,0,900.0,900.0,2500.0,900.0,0,,,,
2026-09-28T00:20:33.771275+00:00,freq,1,0,550.0,550.0,1200.0,550.0,0,,,,
2026-09-28T00:20:33.771275+00:00,power,0,0,,,,,,536401732203,546083102674,0.0,
2026-09-28T00:20:34.771579+00:00,freq,0,0,900.0,900.0,2500.0,900.0,0,,,,
2026-09-28T00:20:34.771579+00:00,freq,1,0,550.0,550.0,1200.0,550.0,0,,,,
2026-09-28T00:20:34.771579+00:00,power,0,0,,,,,,536401732325,546084102929,0.00012196889793102758,
2026-09-28T00:20:35.770813+00:00,freq,0,0,900.0,900.0,2500.0,900.0,0,,,,
2026-09-28T00:20:35.770813+00:00,freq,1,0,550.0,550.0,1200.0,550.0,0,,,,
2026-09-28T00:20:35.770813+00:00,power,0,0,,,,,,536401732325,546085102252,0.0,
2026-09-28T00:20:36.768757+00:00,freq,0,0,900.0,900.0,2500.0,900.0,0,,,,
2026-09-28T00:20:36.768757+00:00,freq,1,0,550.0,550.0,1200.0,550.0,0,,,,
2026-09-28T00:20:36.768757+00:00,power,0,0,,,,,,536401732325,546086100087,0.0,
2026-09-28T00:20:37.754828+00:00,freq,0,0,900.0,900.0,2500.0,900.0,0,,,,
2026-09-28T00:20:37.754828+00:00,freq,1,0,550.0,550.0,1200.0,550.0,0,,,,
2026-09-28T00:20:37.754828+00:00,power,0,0,,,,,,536401732325,546087086152,0.0,
2026-09-28T00:20:38.755911+00:00,freq,0,0,900.0,900.0,2500.0,900.0,0,,,,
2026-09-28T00:20:38.755911+00:00,freq,1,0,550.0,550.0,1200.0,550.0,0,,,,
2026-09-28T00:20:38.755911+00:00,power,0,0,,,,,,536401732325,546088087266,0.0,
2026-09-28T00:20:39.771165+00:00,freq,0,0,900.0,900.0,2500.0,900.0,0,,,,
2026-09-28T00:20:39.771165+00:00,freq,1,0,550.0,550.0,1200.0,500.0,0,,,,
2026-09-28T00:20:39.771165+00:00,power,0,0,,,,,,536401734850,546089102382,0.0024874004547263562,
2026-09-28T00:20:40.768394+00:00,freq,0,0,900.0,900.0,2500.0,900.0,0,,,,
2026-09-28T00:20:40.768394+00:00,freq,1,0,500.0,500.0,1200.0,550.0,0,,,,
2026-09-28T00:20:40.768394+00:00,power,0,0,,,,,,536401734850,546090099708,0.0,
2026-09-28T00:20:41.760245+00:00,freq,0,0,900.0,900.0,2500.0,900.0,0,,,,
2026-09-28T00:20:41.760245+00:00,freq,1,0,550.0,550.0,1200.0,500.0,0,,,,
2026-09-28T00:20:41.760245+00:00,power,0,0,,,,,,536401734850,546091091452,0.0,
2026-09-28T00:20:42.761375+00:00,freq,0,0,2500.0,4250.0,2500.0,950.0,0,,,,
2026-09-28T00:20:42.761375+00:00,freq,1,0,550.0,550.0,1200.0,550.0,0,,,,
2026-09-28T00:20:42.761375+00:00,power,0,0,,,,,,536401739854,546092092674,0.004997892575273016,
2026-09-28T00:20:43.761698+00:00,freq,0,0,2500.0,4250.0,2500.0,900.0,0,,,,
2026-09-28T00:20:43.761698+00:00,freq,1,0,550.0,550.0,1200.0,550.0,0,,,,
2026-09-28T00:20:43.761698+00:00,power,0,0,,,,,,536401739854,546093093399,0.0,
2026-09-28T00:20:44.776737+00:00,freq,0,0,2500.0,4250.0,2500.0,900.0,0,,,,
2026-09-28T00:20:44.776737+00:00,freq,1,0,550.0,550.0,1200.0,500.0,0,,,,
2026-09-28T00:20:44.776737+00:00,power,0,0,,,,,,536401768235,546094108070,0.02797064270093459,
2026-09-28T00:20:45.764593+00:00,freq,0,0,2500.0,4250.0,2500.0,900.0,0,,,,
2026-09-28T00:20:45.764593+00:00,freq,1,0,500.0,500.0,1200.0,550.0,0,,,,
2026-09-28T00:20:45.764593+00:00,power,0,0,,,,,,536406198410,546095095759,4.4853946940788045,
2026-09-28T00:20:46.768526+00:00,freq,0,0,2500.0,4250.0,2500.0,900.0,0,,,,
2026-09-28T00:20:46.768526+00:00,freq,1,0,500.0,500.0,1200.0,550.0,0,,,,
2026-09-28T00:20:46.768526+00:00,power,0,0,,,,,,536410644173,546096099573,4.4288712849193175,
2026-09-28T00:20:47.761039+00:00,freq,0,0,2500.0,4250.0,2500.0,900.0,0,,,,
2026-09-28T00:20:47.761039+00:00,freq,1,0,550.0,550.0,1200.0,550.0,0,,,,
2026-09-28T00:20:47.761039+00:00,power,0,0,,,,,,536415049202,546097092091,4.438235880860599,
2026-09-28T00:20:48.770478+00:00,freq,0,0,2500.0,4250.0,2500.0,900.0,0,,,,
2026-09-28T00:20:48.770478+00:00,freq,1,0,550.0,550.0,1200.0,550.0,0,,,,
2026-09-28T00:20:48.770478+00:00,power,0,0,,,,,,536419706428,546098101614,4.613293604999589,
2026-09-28T00:20:49.765848+00:00,freq,0,0,2500.0,4250.0,2500.0,900.0,0,,,,
2026-09-28T00:20:49.765848+00:00,freq,1,0,550.0,550.0,1200.0,550.0,0,,,,
2026-09-28T00:20:49.765848+00:00,power,0,0,,,,,,536424484039,546099097069,4.7994243838244826,
2026-09-28T00:20:50.779305+00:00,freq,0,0,2500.0,4250.0,2500.0,900.0,0,,,,
2026-09-28T00:20:50.779305+00:00,freq,1,0,550.0,550.0,1200.0,550.0,0,,,,
2026-09-28T00:20:50.779305+00:00,power,0,0,,,,,,536428128204,546100110657,3.595311901877291,
2026-09-28T00:20:51.777477+00:00,freq,0,0,2500.0,4250.0,2500.0,900.0,0,,,,
2026-09-28T00:20:51.777477+00:00,freq,1,0,550.0,550.0,1200.0,550.0,0,,,,
2026-09-28T00:20:51.777477+00:00,power,0,0,,,,,,536428153190,546101108659,0.025036021971899854,
2026-09-28T00:20:52.777049+00:00,freq,0,0,2500.0,4250.0,2500.0,900.0,0,,,,
2026-09-28T00:20:52.777049+00:00,freq,1,0,550.0,550.0,1200.0,550.0,0,,,,
2026-09-28T00:20:52.777049+00:00,power,0,0,,,,,,536428153190,546102108070,0.0,
2026-09-28T00:20:53.772927+00:00,freq,0,0,2500.0,4250.0,2500.0,900.0,0,,,,
2026-09-28T00:20:53.772927+00:00,freq,1,0,550.0,550.0,1200.0,550.0,0,,,,
2026-09-28T00:20:53.772927+00:00,power,0,0,,,,,,536428153190,546103104148,0.0,
2026-09-28T00:20:54.768154+00:00,freq,0,0,2500.0,4250.0,2500.0,900.0,0,,,,
2026-09-28T00:20:54.768154+00:00,freq,1,0,550.0,550.0,1200.0,550.0,0,,,,
2026-09-28T00:20:54.768154+00:00,power,0,0,,,,,,536428153190,546104099454,0.0,
2026-09-28T00:20:55.764286+00:00,freq,0,0,2500.0,4250.0,2500.0,900.0,0,,,,
2026-09-28T00:20:55.764286+00:00,freq,1,0,550.0,550.0,1200.0,500.0,0,,,,
2026-09-28T00:20:55.764286+00:00,power,0,0,,,,,,536428153190,546105095550,0.0,
2026-09-28T00:20:56.778884+00:00,freq,0,0,2500.0,4250.0,2500.0,900.0,0,,,,
2026-09-28T00:20:56.778884+00:00,freq,1,0,550.0,550.0,1200.0,500.0,0,,,,
2026-09-28T00:20:56.778884+00:00,power,0,0,,,,,,536428153190,546106109982,0.0,
2026-09-28T00:20:57.775780+00:00,freq,0,0,2500.0,4250.0,2500.0,900.0,0,,,,
2026-09-28T00:20:57.775780+00:00,freq,1,0,500.0,500.0,1200.0,550.0,0,,,,
2026-09-28T00:20:57.775780+00:00,power,0,0,,,,,,536428153190,546107106906,0.0,
2026-09-28T00:20:58.762712+00:00,freq,0,0,2500.0,4250.0,2500.0,900.0,0,,,,
2026-09-28T00:20:58.762712+00:00,freq,1,0,550.0,550.0,1200.0,500.0,0,,,,
2026-09-28T00:20:58.762712+00:00,power,0,0,,,,,,536428153190,546108093623,0.0,
2026-09-28T00:20:59.764832+00:00,freq,0,0,2500.0,4250.0,2500.0,900.0,0,,,,
2026-09-28T00:20:59.764832+00:00,freq,1,0,500.0,500.0,1200.0,500.0,0,,,,
2026-09-28T00:20:59.764832+00:00,power,0,0,,,,,,536428153190,546109095741,0.0,
2026-09-28T00:21:00.775694+00:00,freq,0,0,2500.0,4250.0,2500.0,900.0,0,,,,
2026-09-28T00:21:00.775694+00:00,freq,1,0,500.0,500.0,1200.0,550.0,0,,,,
2026-09-28T00:21:00.775694+00:00,power,0,0,,,,,,536428153190,546110106563,0.0,
2026-09-28T00:21:01.771844+00:00,freq,0,0,2500.0,4250.0,2500.0,900.0,0,,,,
2026-09-28T00:21:01.771844+00:00,freq,1,0,500.0,500.0,1200.0,500.0,0,,,,
2026-09-28T00:21:01.771844+00:00,power,0,0,,,,,,536428159683,546111102691,0.006518238619936394,
2026-09-28T00:21:02.768210+00:00,freq,0,0,900.0,900.0,2500.0,900.0,0,,,,
2026-09-28T00:21:02.768210+00:00,freq,1,0,500.0,500.0,1200.0,500.0,0,,,,
2026-09-28T00:21:02.768210+00:00,power,0,0,,,,,,536428160720,546112099018,0.001040822942668421,
2026-09-28T00:21:03.762404+00:00,freq,0,0,900.0,900.0,2500.0,1000.0,0,,,,
2026-09-28T00:21:03.762404+00:00,freq,1,0,500.0,500.0,1200.0,550.0,0,,,,
2026-09-28T00:21:03.762404+00:00,power,0,0,,,,,,536428160720,546113093292,0.0,
2026-09-28T00:21:04.762882+00:00,freq,0,0,2500.0,4250.0,2500.0,1000.0,0,,,,
2026-09-28T00:21:04.762882+00:00,freq,1,0,550.0,550.0,1200.0,550.0,0,,,,
2026-09-28T00:21:04.762882+00:00,power,0,0,,,,,,536428170570,546114093898,0.009844034515083859,
2026-09-28T00:21:05.775157+00:00,freq,0,0,2500.0,4250.0,2500.0,900.0,0,,,,
2026-09-28T00:21:05.775157+00:00,freq,1,0,550.0,550.0,1200.0,500.0,0,,,,
2026-09-28T00:21:05.775157+00:00,power,0,0,,,,,,536428170570,546115106047,0.0,
2026-09-28T00:21:06.765402+00:00,freq,0,0,2500.0,4250.0,2500.0,900.0,0,,,,
2026-09-28T00:21:06.765402+00:00,freq,1,0,500.0,500.0,1200.0,550.0,0,,,,
2026-09-28T00:21:06.765402+00:00,power,0,0,,,,,,536430236426,546116096041,2.0867358792073487,
2026-09-28T00:21:07.772852+00:00,freq,0,0,2500.0,4250.0,2500.0,900.0,0,,,,
2026-09-28T00:21:07.772852+00:00,freq,1,0,550.0,550.0,1200.0,550.0,0,,,,
2026-09-28T00:21:07.772852+00:00,power,0,0,,,,,,536434704528,546117103429,4.4353337542237945,
2026-09-28T00:21:08.764393+00:00,freq,0,0,2500.0,4250.0,2500.0,900.0,0,,,,
2026-09-28T00:21:08.764393+00:00,freq,1,0,550.0,550.0,1200.0,500.0,0,,,,
2026-09-28T00:21:08.764393+00:00,power,0,0,,,,,,536439123351,546118095028,4.45626004060109,
2026-09-28T00:21:09.775257+00:00,freq,0,0,2500.0,4250.0,2500.0,900.0,0,,,,
2026-09-28T00:21:09.775257+00:00,freq,1,0,500.0,500.0,1200.0,550.0,0,,,,
2026-09-28T00:21:09.775257+00:00,power,0,0,,,,,,536443210593,546119105847,4.043495423018364,
2026-09-28T00:21:10.773585+00:00,freq,0,0,2500.0,4250.0,2500.0,900.0,0,,,,
2026-09-28T00:21:10.773585+00:00,freq,1,0,550.0,550.0,1200.0,550.0,0,,,,
2026-09-28T00:21:10.773585+00:00,power,0,0,,,,,,536447694418,546120104191,4.491262530750924,
2026-09-28T00:21:11.767799+00:00,freq,0,0,2500.0,4250.0,2500.0,900.0,0,,,,
2026-09-28T00:21:11.767799+00:00,freq,1,0,550.0,550.0,1200.0,550.0,0,,,,
2026-09-28T00:21:11.767799+00:00,power,0,0,,,,,,536452430586,546121098400,4.763754904652845,
2026-09-28T00:21:12.780953+00:00,freq,0,0,2500.0,4250.0,2500.0,900.0,0,,,,
2026-09-28T00:21:12.780953+00:00,freq,1,0,550.0,550.0,1200.0,550.0,0,,,,
2026-09-28T00:21:12.780953+00:00,power,0,0,,,,,,536456141950,546122111709,3.66261821418738,
2026-09-28T00:21:13.779323+00:00,freq,0,0,2500.0,4250.0,2500.0,900.0,0,,,,
2026-09-28T00:21:13.779323+00:00,freq,1,0,550.0,550.0,1200.0,550.0,0,,,,
2026-09-28T00:21:13.779323+00:00,power,0,0,,,,,,536456165594,546123109978,0.023684998732806488,
2026-09-28T00:21:14.775576+00:00,freq,0,0,2500.0,4250.0,2500.0,900.0,0,,,,
2026-09-28T00:21:14.775576+00:00,freq,1,0,550.0,550.0,1200.0,500.0,0,,,,
2026-09-28T00:21:14.775576+00:00,power,0,0,,,,,,536456165594,546124106188,0.0,
2026-09-28T00:21:15.767852+00:00,freq,0,0,2500.0,4250.0,2500.0,900.0,0,,,,
2026-09-28T00:21:15.767852+00:00,freq,1,0,500.0,500.0,1200.0,500.0,0,,,,
2026-09-28T00:21:15.767852+00:00,power,0,0,,,,,,536456165594,546125098729,0.0,
2026-09-28T00:21:16.780053+00:00,freq,0,0,2500.0,4250.0,2500.0,900.0,0,,,,
2026-09-28T00:21:16.780053+00:00,freq,1,0,500.0,500.0,1200.0,550.0,0,,,,
2026-09-28T00:21:16.780053+00:00,power,0,0,,,,,,536456165594,546126110875,0.0,
2026-09-28T00:21:17.780041+00:00,freq,0,0,2500.0,4250.0,2500.0,900.0,0,,,,
2026-09-28T00:21:17.780041+00:00,freq,1,0,550.0,550.0,1200.0,550.0,0,,,,
2026-09-28T00:21:17.780041+00:00,power,0,0,,,,,,536456165594,546127110788,0.0,
2026-09-28T00:21:18.781113+00:00,freq,0,0,2500.0,4250.0,2500.0,900.0,0,,,,
2026-09-28T00:21:18.781113+00:00,freq,1,0,550.0,550.0,1200.0,500.0,0,,,,
2026-09-28T00:21:18.781113+00:00,power,0,0,,,,,,536456165594,546128111615,0.0,
2026-09-28T00:21:19.766608+00:00,freq,0,0,2500.0,4250.0,2500.0,900.0,0,,,,
2026-09-28T00:21:19.766608+00:00,freq,1,0,500.0,500.0,1200.0,550.0,0,,,,
2026-09-28T00:21:19.766608+00:00,power,0,0,,,,,,536456165777,546129097281,0.00018566126862446306,
2026-09-28T00:21:20.781035+00:00,freq,0,0,2500.0,4250.0,2500.0,900.0,0,,,,
2026-09-28T00:21:20.781035+00:00,freq,1,0,550.0,550.0,1200.0,550.0,0,,,,
2026-09-28T00:21:20.781035+00:00,power,0,0,,,,,,536456165777,546130111574,0.0,
2026-09-28T00:21:21.778846+00:00,freq,0,0,2500.0,4250.0,2500.0,900.0,0,,,,
2026-09-28T00:21:21.778846+00:00,freq,1,0,550.0,550.0,1200.0,500.0,0,,,,
2026-09-28T00:21:21.778846+00:00,power,0,0,,,,,,536456165777,546131109482,0.0,
2026-09-28T00:21:22.776779+00:00,freq,0,0,2500.0,4250.0,2500.0,900.0,0,,,,
2026-09-28T00:21:22.776779+00:00,freq,1,0,500.0,500.0,1200.0,550.0,0,,,,
2026-09-28T00:21:22.776779+00:00,power,0,0,,,,,,536456165777,546132107327,0.0,
2026-09-28T00:21:23.775678+00:00,freq,0,0,2500.0,4250.0,2500.0,900.0,0,,,,
2026-09-28T00:21:23.775678+00:00,freq,1,0,550.0,550.0,1200.0,500.0,0,,,,
2026-09-28T00:21:23.775678+00:00,power,0,0,,,,,,536456165777,546133106159,0.0,
2026-09-28T00:21:24.774228+00:00,freq,0,0,2500.0,4250.0,2500.0,900.0,0,,,,
2026-09-28T00:21:24.774228+00:00,freq,1,0,500.0,500.0,1200.0,550.0,0,,,,
2026-09-28T00:21:24.774228+00:00,power,0,0,,,,,,536456165777,546134104761,0.0,
2026-09-28T00:21:25.763248+00:00,freq,0,0,2500.0,4250.0,2500.0,900.0,0,,,,
2026-09-28T00:21:25.763248+00:00,freq,1,0,550.0,550.0,1200.0,550.0,0,,,,
2026-09-28T00:21:25.763248+00:00,power,0,0,,,,,,536456173284,546135093564,0.007592007710332594,
2026-09-28T00:21:26.764618+00:00,freq,0,0,2500.0,4250.0,2500.0,900.0,0,,,,
2026-09-28T00:21:26.764618+00:00,freq,1,0,550.0,550.0,1200.0,550.0,0,,,,
2026-09-28T00:21:26.764618+00:00,power,0,0,,,,,,536456174772,546136095137,0.0014856630520191738,
2026-09-28T00:21:27.768752+00:00,freq,0,0,2500.0,4250.0,2500.0,900.0,0,,,,
2026-09-28T00:21:27.768752+00:00,freq,1,0,550.0,550.0,1200.0,500.0,0,,,,
2026-09-28T00:21:27.768752+00:00,power,0,0,,,,,,536456174772,546137099148,0.0,
2026-09-28T00:21:28.767558+00:00,freq,0,0,2500.0,4250.0,2500.0,950.0,0,,,,
2026-09-28T00:21:28.767558+00:00,freq,1,0,550.0,550.0,1200.0,500.0,0,,,,
2026-09-28T00:21:28.767558+00:00,power,0,0,,,,,,536456183866,546138098156,0.009103030205964317,
2026-09-28T00:21:29.779158+00:00,freq,0,0,2500.0,4250.0,2500.0,1000.0,0,,,,
2026-09-28T00:21:29.779158+00:00,freq,1,0,500.0,500.0,1200.0,550.0,0,,,,
2026-09-28T00:21:29.779158+00:00,power,0,0,,,,,,536456183866,546139109719,0.0,
2026-09-28T00:21:30.771196+00:00,freq,0,0,2500.0,4250.0,2500.0,900.0,0,,,,
2026-09-28T00:21:30.771196+00:00,freq,1,0,550.0,550.0,1200.0,550.0,0,,,,
2026-09-28T00:21:30.771196+00:00,power,0,0,,,,,,536456183866,546140101615,0.0,
2026-09-28T00:21:31.761101+00:00,freq,0,0,2500.0,4250.0,2500.0,900.0,0,,,,
2026-09-28T00:21:31.761101+00:00,freq,1,0,550.0,550.0,1200.0,550.0,0,,,,
2026-09-28T00:21:31.761101+00:00,power,0,0,,,,,,536459724599,546141091293,3.577661623275449,
2026-09-28T00:21:32.766178+00:00,freq,0,0,2500.0,4250.0,2500.0,900.0,0,,,,
2026-09-28T00:21:32.766178+00:00,freq,1,0,550.0,550.0,1200.0,550.0,0,,,,
2026-09-28T00:21:32.766178+00:00,power,0,0,,,,,,536464156178,546142096396,4.409079467477462,
2026-09-28T00:21:33.772202+00:00,freq,0,0,2500.0,4250.0,2500.0,900.0,0,,,,
2026-09-28T00:21:33.772202+00:00,freq,1,0,550.0,550.0,1200.0,550.0,0,,,,
2026-09-28T00:21:33.772202+00:00,power,0,0,,,,,,536468612232,546143102351,4.429675283685652,
2026-09-28T00:21:34.765691+00:00,freq,0,0,2500.0,4250.0,2500.0,900.0,0,,,,
2026-09-28T00:21:34.765691+00:00,freq,1,0,550.0,550.0,1200.0,500.0,0,,,,
2026-09-28T00:21:34.765691+00:00,power,0,0,,,,,,536473223156,546144095818,4.641245255252565,
2026-09-28T00:21:35.775192+00:00,freq,0,0,2500.0,4250.0,2500.0,900.0,0,,,,
2026-09-28T00:21:35.775192+00:00,freq,1,0,500.0,500.0,1200.0,550.0,0,,,,
2026-09-28T00:21:35.775192+00:00,power,0,0,,,,,,536478049839,546145105285,4.781417322210632,
2026-09-28T00:21:36.768176+00:00,freq,0,0,2500.0,4250.0,2500.0,900.0,0,,,,
2026-09-28T00:21:36.768176+00:00,freq,1,0,550.0,550.0,1200.0,500.0,0,,,,
2026-09-28T00:21:36.768176+00:00,power,0,0,,,,,,536482748020,546146098308,4.731190516231749,
2026-09-28T00:21:37.779586+00:00,freq,0,0,2500.0,4250.0,2500.0,900.0,0,,,,
2026-09-28T00:21:37.779586+00:00,freq,1,0,500.0,500.0,1200.0,550.0,0,,,,
2026-09-28T00:21:37.779586+00:00,power,0,0,,,,,,536482827877,546147109770,0.07895205158473576,
2026-09-28T00:21:38.777247+00:00,freq,0,0,2500.0,4250.0,2500.0,900.0,0,,,,
2026-09-28T00:21:38.777247+00:00,freq,1,0,550.0,550.0,1200.0,550.0,0,,,,
2026-09-28T00:21:38.777247+00:00,power,0,0,,,,,,536482851643,546148107511,0.02381980894841447,
2026-09-28T00:21:39.762587+00:00,freq,0,0,2500.0,4250.0,2500.0,900.0,0,,,,
2026-09-28T00:21:39.762587+00:00,freq,1,0,550.0,550.0,1200.0,550.0,0,,,,
2026-09-28T00:21:39.762587+00:00,power,0,0,,,,,,536482851643,546149093200,0.0,
2026-09-28T00:21:40.778188+00:00,freq,0,0,2500.0,4250.0,2500.0,900.0,0,,,,
2026-09-28T00:21:40.778188+00:00,freq,1,0,550.0,550.0,1200.0,550.0,0,,,,
2026-09-28T00:21:40.778188+00:00,power,0,0,,,,,,536482851643,546150108505,0.0,
2026-09-28T00:21:41.777328+00:00,freq,0,0,2500.0,4250.0,2500.0,900.0,0,,,,
2026-09-28T00:21:41.777328+00:00,freq,1,0,550.0,550.0,1200.0,550.0,0,,,,
2026-09-28T00:21:41.777328+00:00,power,0,0,,,,,,536482851643,546151107641,0.0,
2026-09-28T00:21:42.776728+00:00,freq,0,0,2500.0,4250.0,2500.0,900.0,0,,,,
2026-09-28T00:21:42.776728+00:00,freq,1,0,550.0,550.0,1200.0,500.0,0,,,,
2026-09-28T00:21:42.776728+00:00,power,0,0,,,,,,536482851643,546152106785,0.0,
2026-09-28T00:21:43.776078+00:00,freq,0,0,2500.0,4250.0,2500.0,900.0,0,,,,
2026-09-28T00:21:43.776078+00:00,freq,1,0,500.0,500.0,1200.0,550.0,0,,,,
2026-09-28T00:21:43.776078+00:00,power,0,0,,,,,,536482851643,546153106284,0.0,
2026-09-28T00:21:44.775910+00:00,freq,0,0,2500.0,4250.0,2500.0,900.0,0,,,,
2026-09-28T00:21:44.775910+00:00,freq,1,0,550.0,550.0,1200.0,550.0,0,,,,
2026-09-28T00:21:44.775910+00:00,power,0,0,,,,,,536482851948,546154105971,0.00030509549488990056,
2026-09-28T00:21:45.775249+00:00,freq,0,0,2500.0,4250.0,2500.0,900.0,0,,,,
2026-09-28T00:21:45.775249+00:00,freq,1,0,550.0,550.0,1200.0,500.0,0,,,,
2026-09-28T00:21:45.775249+00:00,power,0,0,,,,,,536482851948,546155105245,0.0,
2026-09-28T00:21:46.775142+00:00,freq,0,0,2500.0,4250.0,2500.0,900.0,0,,,,
2026-09-28T00:21:46.775142+00:00,freq,1,0,500.0,500.0,1200.0,550.0,0,,,,
2026-09-28T00:21:46.775142+00:00,power,0,0,,,,,,536482851948,546156105194,0.0,
2026-09-28T00:21:47.764246+00:00,freq,0,0,2500.0,4250.0,2500.0,900.0,0,,,,
2026-09-28T00:21:47.764246+00:00,freq,1,0,550.0,550.0,1200.0,550.0,0,,,,
2026-09-28T00:21:47.764246+00:00,power,0,0,,,,,,536482855488,546157094429,0.0035785227979196047,
2026-09-28T00:21:48.772151+00:00,freq,0,0,2500.0,4250.0,2500.0,900.0,0,,,,
2026-09-28T00:21:48.772151+00:00,freq,1,0,550.0,550.0,1200.0,500.0,0,,,,
2026-09-28T00:21:48.772151+00:00,power,0,0,,,,,,536482855488,546158102068,0.0,
2026-09-28T00:21:49.757999+00:00,freq,0,0,2500.0,4250.0,2500.0,900.0,0,,,,
2026-09-28T00:21:49.757999+00:00,freq,1,0,550.0,550.0,1200.0,500.0,0,,,,
2026-09-28T00:21:49.757999+00:00,power,0,0,,,,,,536482856610,546159087980,0.0011380326033155089,
2026-09-28T00:21:50.767563+00:00,freq,0,0,2500.0,4250.0,2500.0,900.0,0,,,,
2026-09-28T00:21:50.767563+00:00,freq,1,0,500.0,500.0,1200.0,550.0,0,,,,
2026-09-28T00:21:50.767563+00:00,power,0,0,,,,,,536482863591,546160097585,0.006914585407164188,
2026-09-28T00:21:51.779387+00:00,freq,0,0,2500.0,4250.0,2500.0,900.0,0,,,,
2026-09-28T00:21:51.779387+00:00,freq,1,0,550.0,550.0,1200.0,550.0,0,,,,
2026-09-28T00:21:51.779387+00:00,power,0,0,,,,,,536482863591,546161109331,0.0,
2026-09-28T00:21:52.775434+00:00,freq,0,0,2500.0,4250.0,2500.0,900.0,0,,,,
2026-09-28T00:21:52.775434+00:00,freq,1,0,500.0,500.0,1200.0,550.0,0,,,,
2026-09-28T00:21:52.775434+00:00,power,0,0,,,,,,536484172795,546162105565,1.3141531005767721,
2026-09-28T00:21:53.766652+00:00,freq,0,0,2500.0,4250.0,2500.0,900.0,0,,,,
2026-09-28T00:21:53.766652+00:00,freq,1,0,550.0,550.0,1200.0,550.0,0,,,,
2026-09-28T00:21:53.766652+00:00,power,0,0,,,,,,536488546269,546163096469,4.4136202901592885,
2026-09-28T00:21:54.771658+00:00,freq,0,0,2500.0,4250.0,2500.0,900.0,0,,,,
2026-09-28T00:21:54.771658+00:00,freq,1,0,550.0,550.0,1200.0,550.0,0,,,,
2026-09-28T00:21:54.771658+00:00,power,0,0,,,,,,536492981106,546164101368,4.413216651623696,
2026-09-28T00:21:55.758307+00:00,freq,0,0,2500.0,4250.0,2500.0,900.0,0,,,,
2026-09-28T00:21:55.758307+00:00,freq,1,0,550.0,550.0,1200.0,500.0,0,,,,
2026-09-28T00:21:55.758307+00:00,power,0,0,,,,,,536497444118,546165088049,4.523257263492456,
2026-09-28T00:21:56.766777+00:00,freq,0,0,2500.0,4250.0,2500.0,900.0,0,,,,
2026-09-28T00:21:56.766777+00:00,freq,1,0,500.0,500.0,1200.0,550.0,0,,,,
2026-09-28T00:21:56.766777+00:00,power,0,0,,,,,,536502194629,546166096621,4.710135716636988,
2026-09-28T00:21:57.775691+00:00,freq,0,0,2500.0,4250.0,2500.0,900.0,0,,,,
2026-09-28T00:21:57.775691+00:00,freq,1,0,550.0,550.0,1200.0,550.0,0,,,,
2026-09-28T00:21:57.775691+00:00,power,0,0,,,,,,536506928698,546167105368,4.693019161395275,
2026-09-28T00:21:58.773467+00:00,freq,0,0,2500.0,4250.0,2500.0,900.0,0,,,,
2026-09-28T00:21:58.773467+00:00,freq,1,0,550.0,550.0,1200.0,550.0,0,,,,
2026-09-28T00:21:58.773467+00:00,power,0,0,,,,,,536509447313,546168103365,2.523669910831395,
2026-09-28T00:21:59.772982+00:00,freq,0,0,2500.0,4250.0,2500.0,900.0,0,,,,
2026-09-28T00:21:59.772982+00:00,freq,1,0,550.0,550.0,1200.0,550.0,0,,,,
2026-09-28T00:21:59.772982+00:00,power,0,0,,,,,,536509472543,546169102784,0.025244667151615087,
2026-09-28T00:22:00.771092+00:00,freq,0,0,2500.0,4250.0,2500.0,900.0,0,,,,
2026-09-28T00:22:00.771092+00:00,freq,1,0,550.0,550.0,1200.0,550.0,0,,,,
2026-09-28T00:22:00.771092+00:00,power,0,0,,,,,,536509472543,546170100949,0.0,
2026-09-28T00:22:01.769052+00:00,freq,0,0,2500.0,4250.0,2500.0,900.0,0,,,,
2026-09-28T00:22:01.769052+00:00,freq,1,0,550.0,550.0,1200.0,550.0,0,,,,
2026-09-28T00:22:01.769052+00:00,power,0,0,,,,,,536509472543,546171098986,0.0,
2026-09-28T00:22:02.768994+00:00,freq,0,0,900.0,900.0,2500.0,900.0,0,,,,
2026-09-28T00:22:02.768994+00:00,freq,1,0,550.0,550.0,1200.0,550.0,0,,,,
2026-09-28T00:22:02.768994+00:00,power,0,0,,,,,,536509474068,546172098846,0.0015252135298941853,
2026-09-28T00:22:03.783767+00:00,freq,0,0,900.0,900.0,2500.0,900.0,0,,,,
2026-09-28T00:22:03.783767+00:00,freq,1,0,550.0,550.0,1200.0,500.0,0,,,,
2026-09-28T00:22:03.783767+00:00,power,0,0,,,,,,536509474068,546173113624,0.0,
2026-09-28T00:22:04.784452+00:00,freq,0,0,900.0,900.0,2500.0,900.0,0,,,,
2026-09-28T00:22:04.784452+00:00,freq,1,0,500.0,500.0,1200.0,550.0,0,,,,
2026-09-28T00:22:04.784452+00:00,power,0,0,,,,,,536509474068,546174114021,0.0,
2026-09-28T00:22:05.770428+00:00,freq,0,0,900.0,900.0,2500.0,900.0,0,,,,
2026-09-28T00:22:05.770428+00:00,freq,1,0,550.0,550.0,1200.0,550.0,0,,,,
2026-09-28T00:22:05.770428+00:00,power,0,0,,,,,,536509475556,546175100013,0.0015091400335905361,
2026-09-28T00:22:06.761013+00:00,freq,0,0,900.0,900.0,2500.0,900.0,0,,,,
2026-09-28T00:22:06.761013+00:00,freq,1,0,550.0,550.0,1200.0,550.0,0,,,,
2026-09-28T00:22:06.761013+00:00,power,0,0,,,,,,536509475556,546176090566,0.0,
2026-09-28T00:22:07.774612+00:00,freq,0,0,900.0,900.0,2500.0,900.0,0,,,,
2026-09-28T00:22:07.774612+00:00,freq,1,0,550.0,550.0,1200.0,550.0,0,,,,
2026-09-28T00:22:07.774612+00:00,power,0,0,,,,,,536509475556,546177104211,0.0,
2026-09-28T00:22:08.775263+00:00,freq,0,0,900.0,900.0,2500.0,900.0,0,,,,
2026-09-28T00:22:08.775263+00:00,freq,1,0,550.0,550.0,1200.0,550.0,0,,,,
2026-09-28T00:22:08.775263+00:00,power,0,0,,,,,,536509476715,546178104837,0.0011582749199001425,
2026-09-28T00:22:09.773126+00:00,freq,0,0,900.0,900.0,2500.0,900.0,0,,,,
2026-09-28T00:22:09.773126+00:00,freq,1,0,550.0,550.0,1200.0,500.0,0,,,,
2026-09-28T00:22:09.773126+00:00,power,0,0,,,,,,536509477264,546179102690,0.0005501812391203915,
2026-09-28T00:22:10.769333+00:00,freq,0,0,900.0,900.0,2500.0,900.0,0,,,,
2026-09-28T00:22:10.769333+00:00,freq,1,0,500.0,500.0,1200.0,500.0,0,,,,
2026-09-28T00:22:10.769333+00:00,power,0,0,,,,,,536509478935,546180098873,0.001677402645899398,
2026-09-28T00:22:11.756115+00:00,freq,0,0,900.0,900.0,2500.0,900.0,0,,,,
2026-09-28T00:22:11.756115+00:00,freq,1,0,500.0,500.0,1200.0,550.0,0,,,,
2026-09-28T00:22:11.756115+00:00,power,0,0,,,,,,536509478935,546181085572,0.0,
2026-09-28T00:22:12.771050+00:00,freq,0,0,2500.0,4250.0,2500.0,900.0,0,,,,
2026-09-28T00:22:12.771050+00:00,freq,1,0,550.0,550.0,1200.0,500.0,0,,,,
2026-09-28T00:22:12.771050+00:00,power,0,0,,,,,,536509482681,546182100618,0.0036904731411187275,
2026-09-28T00:22:13.758530+00:00,freq,0,0,2500.0,4250.0,2500.0,1000.0,0,,,,
2026-09-28T00:22:13.758530+00:00,freq,1,0,500.0,500.0,1200.0,500.0,0,,,,
2026-09-28T00:22:13.758530+00:00,power,0,0,,,,,,536509482681,546183088051,0.0,
2026-09-28T00:22:14.767760+00:00,freq,0,0,2500.0,4250.0,2500.0,900.0,0,,,,
2026-09-28T00:22:14.767760+00:00,freq,1,0,500.0,500.0,1200.0,550.0,0,,,,
2026-09-28T00:22:14.767760+00:00,power,0,0,,,,,,536509482681,546184097333,0.0,
2026-09-28T00:22:15.775597+00:00,freq,0,0,2500.0,4250.0,2500.0,900.0,0,,,,
2026-09-28T00:22:15.775597+00:00,freq,1,0,550.0,550.0,1200.0,550.0,0,,,,
2026-09-28T00:22:15.775597+00:00,power,0,0,,,,,,536512967971,546185104913,3.45907024752377,
2026-09-28T00:22:16.763394+00:00,freq,0,0,2500.0,4250.0,2500.0,900.0,0,,,,
2026-09-28T00:22:16.763394+00:00,freq,1,0,550.0,550.0,1200.0,550.0,0,,,,
2026-09-28T00:22:16.763394+00:00,power,0,0,,,,,,536517368751,546186092706,4.455164189258276,
2026-09-28T00:22:17.767319+00:00,freq,0,0,2500.0,4250.0,2500.0,900.0,0,,,,
2026-09-28T00:22:17.767319+00:00,freq,1,0,550.0,550.0,1200.0,550.0,0,,,,
2026-09-28T00:22:17.767319+00:00,power,0,0,,,,,,536521837524,546187096680,4.45108439063163,
2026-09-28T00:22:18.775557+00:00,freq,0,0,2500.0,4250.0,2500.0,900.0,0,,,,
2026-09-28T00:22:18.775557+00:00,freq,1,0,550.0,550.0,1200.0,550.0,0,,,,
2026-09-28T00:22:18.775557+00:00,power,0,0,,,,,,536526333007,546188105015,4.458322878805159,
2026-09-28T00:22:19.772585+00:00,freq,0,0,2500.0,4250.0,2500.0,900.0,0,,,,
2026-09-28T00:22:19.772585+00:00,freq,1,0,550.0,550.0,1200.0,550.0,0,,,,
2026-09-28T00:22:19.772585+00:00,power,0,0,,,,,,536531021629,546189101883,4.703352901286831,
2026-09-28T00:22:20.768012+00:00,freq,0,0,2500.0,4250.0,2500.0,900.0,0,,,,
2026-09-28T00:22:20.768012+00:00,freq,1,0,550.0,550.0,1200.0,550.0,0,,,,
2026-09-28T00:22:20.768012+00:00,power,0,0,,,,,,536535666038,546190097420,4.665229921138039,
2026-09-28T00:22:21.781053+00:00,freq,0,0,2500.0,4250.0,2500.0,900.0,0,,,,
2026-09-28T00:22:21.781053+00:00,freq,1,0,550.0,550.0,1200.0,550.0,0,,,,
2026-09-28T00:22:21.781053+00:00,power,0,0,,,,,,536537642868,546191110577,1.95115860621799,
2026-09-28T00:22:22.774491+00:00,freq,0,0,2500.0,4250.0,2500.0,900.0,0,,,,
2026-09-28T00:22:22.774491+00:00,freq,1,0,550.0,550.0,1200.0,550.0,0,,,,
2026-09-28T00:22:22.774491+00:00,power,0,0,,,,,,536537667037,546192103799,0.024333935414237704,
2026-09-28T00:22:23.770747+00:00,freq,0,0,2500.0,4250.0,2500.0,900.0,0,,,,
2026-09-28T00:22:23.770747+00:00,freq,1,0,550.0,550.0,1200.0,550.0,0,,,,
2026-09-28T00:22:23.770747+00:00,power,0,0,,,,,,536537667037,546193100201,0.0,
2026-09-28T00:22:24.769574+00:00,freq,0,0,2500.0,4250.0,2500.0,900.0,0,,,,
2026-09-28T00:22:24.769574+00:00,freq,1,0,550.0,550.0,1200.0,550.0,0,,,,
2026-09-28T00:22:24.769574+00:00,power,0,0,,,,,,536537667159,546194099035,0.00012214241805945733,
2026-09-28T00:22:25.768079+00:00,freq,0,0,2500.0,4250.0,2500.0,900.0,0,,,,
2026-09-28T00:22:25.768079+00:00,freq,1,0,550.0,550.0,1200.0,500.0,0,,,,
2026-09-28T00:22:25.768079+00:00,power,0,0,,,,,,536537667159,546195097491,0.0,
2026-09-28T00:22:26.783005+00:00,freq,0,0,2500.0,4250.0,2500.0,900.0,0,,,,
2026-09-28T00:22:26.783005+00:00,freq,1,0,500.0,500.0,1200.0,550.0,0,,,,
2026-09-28T00:22:26.783005+00:00,power,0,0,,,,,,536537667159,546196112182,0.0,
2026-09-28T00:22:27.781707+00:00,freq,0,0,2500.0,4250.0,2500.0,900.0,0,,,,
2026-09-28T00:22:27.781707+00:00,freq,1,0,500.0,500.0,1200.0,550.0,0,,,,
2026-09-28T00:22:27.781707+00:00,power,0,0,,,,,,536537667159,546197110885,0.0,
2026-09-28T00:22:28.782305+00:00,freq,0,0,2500.0,4250.0,2500.0,900.0,0,,,,
2026-09-28T00:22:28.782305+00:00,freq,1,0,550.0,550.0,1200.0,550.0,0,,,,
2026-09-28T00:22:28.782305+00:00,power,0,0,,,,,,536537667159,546198111566,0.0,
2026-09-28T00:22:29.777303+00:00,freq,0,0,2500.0,4250.0,2500.0,900.0,0,,,,
2026-09-28T00:22:29.777303+00:00,freq,1,0,550.0,550.0,1200.0,500.0,0,,,,
2026-09-28T00:22:29.777303+00:00,power,0,0,,,,,,536537667159,546199106474,0.0,
2026-09-28T00:22:30.774424+00:00,freq,0,0,2500.0,4250.0,2500.0,900.0,0,,,,
2026-09-28T00:22:30.774424+00:00,freq,1,0,500.0,500.0,1200.0,550.0,0,,,,
2026-09-28T00:22:30.774424+00:00,power,0,0,,,,,,536537667159,546200103750,0.0,
2026-09-28T00:22:31.773806+00:00,freq,0,0,2500.0,4250.0,2500.0,900.0,0,,,,
2026-09-28T00:22:31.773806+00:00,freq,1,0,550.0,550.0,1200.0,500.0,0,,,,
2026-09-28T00:22:31.773806+00:00,power,0,0,,,,,,536537667159,546201103025,0.0,
2026-09-28T00:22:32.761864+00:00,freq,0,0,900.0,900.0,2500.0,900.0,0,,,,
2026-09-28T00:22:32.761864+00:00,freq,1,0,500.0,500.0,1200.0,550.0,0,,,,
2026-09-28T00:22:32.761864+00:00,power,0,0,,,,,,536537671821,546202090947,0.004718996034099858,
2026-09-28T00:22:33.768903+00:00,freq,0,0,900.0,900.0,2500.0,900.0,0,,,,
2026-09-28T00:22:33.768903+00:00,freq,1,0,500.0,500.0,1200.0,500.0,0,,,,
2026-09-28T00:22:33.768903+00:00,power,0,0,,,,,,536537673614,546203098071,0.0017803170215385594,
2026-09-28T00:22:34.771235+00:00,freq,0,0,900.0,900.0,2500.0,900.0,0,,,,
2026-09-28T00:22:34.771235+00:00,freq,1,0,500.0,500.0,1200.0,500.0,0,,,,
2026-09-28T00:22:34.771235+00:00,power,0,0,,,,,,536537673614,546204100233,0.0,
2026-09-28T00:22:35.762346+00:00,freq,0,0,900.0,900.0,2500.0,900.0,0,,,,
2026-09-28T00:22:35.762346+00:00,freq,1,0,500.0,500.0,1200.0,500.0,0,,,,
2026-09-28T00:22:35.762346+00:00,power,0,0,,,,,,536537673614,546205091315,0.0,
2026-09-28T00:22:36.773334+00:00,freq,0,0,2500.0,4250.0,2500.0,900.0,0,,,,
2026-09-28T00:22:36.773334+00:00,freq,1,0,550.0,550.0,1200.0,550.0,0,,,,
2026-09-28T00:22:36.773334+00:00,power,0,0,,,,,,536537683318,546206102457,0.009597069452163988,
2026-09-28T00:22:37.769783+00:00,freq,0,0,2500.0,4250.0,2500.0,900.0,0,,,,
2026-09-28T00:22:37.769783+00:00,freq,1,0,550.0,550.0,1200.0,550.0,0,,,,
2026-09-28T00:22:37.769783+00:00,power,0,0,,,,,,536537684684,546207098953,0.0013708032947447857,
2026-09-28T00:22:38.766029+00:00,freq,0,0,2500.0,4250.0,2500.0,900.0,0,,,,
2026-09-28T00:22:38.766029+00:00,freq,1,0,550.0,550.0,1200.0,550.0,0,,,,
2026-09-28T00:22:38.766029+00:00,power,0,0,,,,,,536538533194,546208095039,0.851844117877372,
2026-09-28T00:22:39.770344+00:00,freq,0,0,2500.0,4250.0,2500.0,900.0,0,,,,
2026-09-28T00:22:39.770344+00:00,freq,1,0,550.0,550.0,1200.0,500.0,0,,,,
2026-09-28T00:22:39.770344+00:00,power,0,0,,,,,,536543015151,546209099222,4.463287070185414,
2026-09-28T00:22:40.759363+00:00,freq,0,0,2500.0,4250.0,2500.0,900.0,0,,,,
2026-09-28T00:22:40.759363+00:00,freq,1,0,500.0,500.0,1200.0,550.0,0,,,,
2026-09-28T00:22:40.759363+00:00,power,0,0,,,,,,536547389357,546210088254,4.422714330779995,
2026-09-28T00:22:41.767440+00:00,freq,0,0,2500.0,4250.0,2500.0,900.0,0,,,,
2026-09-28T00:22:41.767440+00:00,freq,1,0,550.0,550.0,1200.0,550.0,0,,,,
2026-09-28T00:22:41.767440+00:00,power,0,0,,,,,,536551842505,546211096271,4.417731050170781,
2026-09-28T00:22:42.782111+00:00,freq,0,0,2500.0,4250.0,2500.0,900.0,0,,,,
2026-09-28T00:22:42.782111+00:00,freq,1,0,550.0,550.0,1200.0,550.0,0,,,,
2026-09-28T00:22:42.782111+00:00,power,0,0,,,,,,536556351599,546212110938,4.4439150972683645,
2026-09-28T00:22:43.779204+00:00,freq,0,0,2500.0,4250.0,2500.0,900.0,0,,,,
2026-09-28T00:22:43.779204+00:00,freq,1,0,550.0,550.0,1200.0,550.0,0,,,,
2026-09-28T00:22:43.779204+00:00,power,0,0,,,,,,536560989416,546213108199,4.65055486978835,
2026-09-28T00:22:44.775611+00:00,freq,0,0,2500.0,4250.0,2500.0,900.0,0,,,,
2026-09-28T00:22:44.775611+00:00,freq,1,0,550.0,550.0,1200.0,550.0,0,,,,
2026-09-28T00:22:44.775611+00:00,power,0,0,,,,,,536565660704,546214104369,4.689247819147334,
2026-09-28T00:22:45.775508+00:00,freq,0,0,2500.0,4250.0,2500.0,900.0,0,,,,
2026-09-28T00:22:45.775508+00:00,freq,1,0,550.0,550.0,1200.0,500.0,0,,,,
2026-09-28T00:22:45.775508+00:00,power,0,0,,,,,,536566286642,546215104438,0.6258948132578852,
2026-09-28T00:22:46.771463+00:00,freq,0,0,2500.0,4250.0,2500.0,900.0,0,,,,
2026-09-28T00:22:46.771463+00:00,freq,1,0,500.0,500.0,1200.0,550.0,0,,,,
2026-09-28T00:22:46.771463+00:00,power,0,0,,,,,,536566286642,546216100286,0.0,
2026-09-28T00:22:47.771462+00:00,freq,0,0,2500.0,4250.0,2500.0,900.0,0,,,,
2026-09-28T00:22:47.771462+00:00,freq,1,0,550.0,550.0,1200.0,550.0,0,,,,
2026-09-28T00:22:47.771462+00:00,power,0,0,,,,,,536566286642,546217100429,0.0,
2026-09-28T00:22:48.770056+00:00,freq,0,0,2500.0,4250.0,2500.0,900.0,0,,,,
2026-09-28T00:22:48.770056+00:00,freq,1,0,550.0,550.0,1200.0,550.0,0,,,,
2026-09-28T00:22:48.770056+00:00,power,0,0,,,,,,536566287008,546218099037,0.00036651018217358564,
2026-09-28T00:22:49.766999+00:00,freq,0,0,2500.0,4250.0,2500.0,900.0,0,,,,
2026-09-28T00:22:49.766999+00:00,freq,1,0,550.0,550.0,1200.0,550.0,0,,,,
2026-09-28T00:22:49.766999+00:00,power,0,0,,,,,,536566287008,546219095967,0.0,
2026-09-28T00:22:50.776239+00:00,freq,0,0,2500.0,4250.0,2500.0,900.0,0,,,,
2026-09-28T00:22:50.776239+00:00,freq,1,0,550.0,550.0,1200.0,500.0,0,,,,
2026-09-28T00:22:50.776239+00:00,power,0,0,,,,,,536566287008,546220105103,0.0,
2026-09-28T00:22:51.770452+00:00,freq,0,0,2500.0,4250.0,2500.0,900.0,0,,,,
2026-09-28T00:22:51.770452+00:00,freq,1,0,500.0,500.0,1200.0,550.0,0,,,,
2026-09-28T00:22:51.770452+00:00,power,0,0,,,,,,536566288618,546221099175,0.0016196009946965611,
2026-09-28T00:22:52.755481+00:00,freq,0,0,2500.0,4250.0,2500.0,900.0,0,,,,
2026-09-28T00:22:52.755481+00:00,freq,1,0,550.0,550.0,1200.0,500.0,0,,,,
2026-09-28T00:22:52.755481+00:00,power,0,0,,,,,,536566288618,546222084764,0.0,
2026-09-28T00:22:53.758275+00:00,freq,0,0,2500.0,4250.0,2500.0,900.0,0,,,,
2026-09-28T00:22:53.758275+00:00,freq,1,0,500.0,500.0,1200.0,550.0,0,,,,
2026-09-28T00:22:53.758275+00:00,power,0,0,,,,,,536566288618,546223087066,0.0,
2026-09-28T00:22:54.759539+00:00,freq,0,0,2500.0,4250.0,2500.0,900.0,0,,,,
2026-09-28T00:22:54.759539+00:00,freq,1,0,550.0,550.0,1200.0,550.0,0,,,,
2026-09-28T00:22:54.759539+00:00,power,0,0,,,,,,536566288618,546224088152,0.0,
2026-09-28T00:22:55.761173+00:00,freq,0,0,2500.0,4250.0,2500.0,900.0,0,,,,
2026-09-28T00:22:55.761173+00:00,freq,1,0,500.0,500.0,1200.0,500.0,0,,,,
2026-09-28T00:22:55.761173+00:00,power,0,0,,,,,,536566291974,546225090008,0.003349782803117414,
2026-09-28T00:22:56.763288+00:00,freq,0,0,2500.0,4250.0,2500.0,900.0,0,,,,
2026-09-28T00:22:56.763288+00:00,freq,1,0,500.0,500.0,1200.0,550.0,0,,,,
2026-09-28T00:22:56.763288+00:00,power,0,0,,,,,,536566291974,546226091848,0.0,
2026-09-28T00:22:57.771158+00:00,freq,0,0,2500.0,4250.0,2500.0,900.0,0,,,,
2026-09-28T00:22:57.771158+00:00,freq,1,0,550.0,550.0,1200.0,550.0,0,,,,
2026-09-28T00:22:57.771158+00:00,power,0,0,,,,,,536566291974,546227099846,0.0,
2026-09-28T00:22:58.768634+00:00,freq,0,0,2500.0,4250.0,2500.0,1000.0,0,,,,
2026-09-28T00:22:58.768634+00:00,freq,1,0,550.0,550.0,1200.0,500.0,0,,,,
2026-09-28T00:22:58.768634+00:00,power,0,0,,,,,,536566300274,546228097282,0.00832133590526109,
2026-09-28T00:22:59.780178+00:00,freq,0,0,2500.0,4250.0,2500.0,900.0,0,,,,
2026-09-28T00:22:59.780178+00:00,freq,1,0,500.0,500.0,1200.0,500.0,0,,,,
2026-09-28T00:22:59.780178+00:00,power,0,0,,,,,,536566300274,546229108841,0.0,
2026-09-28T00:23:00.775662+00:00,freq,0,0,2500.0,4250.0,2500.0,900.0,0,,,,
2026-09-28T00:23:00.775662+00:00,freq,1,0,500.0,500.0,1200.0,550.0,0,,,,
2026-09-28T00:23:00.775662+00:00,power,0,0,,,,,,536566300274,546230104404,0.0,
2026-09-28T00:23:01.766049+00:00,freq,0,0,2500.0,4250.0,2500.0,900.0,0,,,,
2026-09-28T00:23:01.766049+00:00,freq,1,0,550.0,550.0,1200.0,550.0,0,,,,
2026-09-28T00:23:01.766049+00:00,power,0,0,,,,,,536569243450,546231094407,2.9728960417291663,
2026-09-28T00:23:02.771252+00:00,freq,0,0,2500.0,4250.0,2500.0,900.0,0,,,,
2026-09-28T00:23:02.771252+00:00,freq,1,0,550.0,550.0,1200.0,500.0,0,,,,
2026-09-28T00:23:02.771252+00:00,power,0,0,,,,,,536573706608,546232099607,4.440069637883008,
2026-09-28T00:23:03.761780+00:00,freq,0,0,2500.0,4250.0,2500.0,900.0,0,,,,
2026-09-28T00:23:03.761780+00:00,freq,1,0,500.0,500.0,1200.0,550.0,0,,,,
2026-09-28T00:23:03.761780+00:00,power,0,0,,,,,,536578102848,546233090118,4.438355555869647,
2026-09-28T00:23:04.770702+00:00,freq,0,0,2500.0,4250.0,2500.0,900.0,0,,,,
2026-09-28T00:23:04.770702+00:00,freq,1,0,550.0,550.0,1200.0,550.0,0,,,,
2026-09-28T00:23:04.770702+00:00,power,0,0,,,,,,536582597110,546234099092,4.45428920864165,
2026-09-28T00:23:05.766384+00:00,freq,0,0,2500.0,4250.0,2500.0,900.0,0,,,,
2026-09-28T00:23:05.766384+00:00,freq,1,0,550.0,550.0,1200.0,550.0,0,,,,
2026-09-28T00:23:05.766384+00:00,power,0,0,,,,,,536587279238,546235094776,4.702423660518799,
2026-09-28T00:23:06.777188+00:00,freq,0,0,2500.0,4250.0,2500.0,900.0,0,,,,
2026-09-28T00:23:06.777188+00:00,freq,1,0,550.0,550.0,1200.0,550.0,0,,,,
2026-09-28T00:23:06.777188+00:00,power,0,0,,,,,,536592044886,546236105692,4.714187924614904,
2026-09-28T00:23:07.776382+00:00,freq,0,0,2500.0,4250.0,2500.0,900.0,0,,,,
2026-09-28T00:23:07.776382+00:00,freq,1,0,550.0,550.0,1200.0,550.0,0,,,,
2026-09-28T00:23:07.776382+00:00,power,0,0,,,,,,536594781847,546237105056,2.738702814990334,
2026-09-28T00:23:08.775482+00:00,freq,0,0,2500.0,4250.0,2500.0,900.0,0,,,,
2026-09-28T00:23:08.775482+00:00,freq,1,0,550.0,550.0,1200.0,550.0,0,,,,
2026-09-28T00:23:08.775482+00:00,power,0,0,,,,,,536594809312,546238103882,0.02749728180884358,
2026-09-28T00:23:09.770809+00:00,freq,0,0,2500.0,4250.0,2500.0,900.0,0,,,,
2026-09-28T00:23:09.770809+00:00,freq,1,0,550.0,550.0,1200.0,550.0,0,,,,
2026-09-28T00:23:09.770809+00:00,power,0,0,,,,,,536594809312,546239099198,0.0,
2026-09-28T00:23:10.766301+00:00,freq,0,0,2500.0,4250.0,2500.0,900.0,0,,,,
2026-09-28T00:23:10.766301+00:00,freq,1,0,550.0,550.0,1200.0,550.0,0,,,,
2026-09-28T00:23:10.766301+00:00,power,0,0,,,,,,536594809312,546240094771,0.0,
2026-09-28T00:23:11.776485+00:00,freq,0,0,2500.0,4250.0,2500.0,900.0,0,,,,
2026-09-28T00:23:11.776485+00:00,freq,1,0,550.0,550.0,1200.0,550.0,0,,,,
2026-09-28T00:23:11.776485+00:00,power,0,0,,,,,,536594809312,546241105067,0.0,
2026-09-28T00:23:12.772174+00:00,freq,0,0,2500.0,4250.0,2500.0,900.0,0,,,,
2026-09-28T00:23:12.772174+00:00,freq,1,0,550.0,550.0,1200.0,550.0,0,,,,
2026-09-28T00:23:12.772174+00:00,power,0,0,,,,,,536594809312,546242100667,0.0,
2026-09-28T00:23:13.759243+00:00,freq,0,0,2500.0,4250.0,2500.0,900.0,0,,,,
2026-09-28T00:23:13.759243+00:00,freq,1,0,550.0,550.0,1200.0,550.0,0,,,,
2026-09-28T00:23:13.759243+00:00,power,0,0,,,,,,536594809312,546243087731,0.0,
2026-09-28T00:23:14.760743+00:00,freq,0,0,2500.0,4250.0,2500.0,900.0,0,,,,
2026-09-28T00:23:14.760743+00:00,freq,1,0,550.0,550.0,1200.0,550.0,0,,,,
2026-09-28T00:23:14.760743+00:00,power,0,0,,,,,,536594809312,546244089224,0.0,
2026-09-28T00:23:15.775144+00:00,freq,0,0,2500.0,4250.0,2500.0,900.0,0,,,,
2026-09-28T00:23:15.775144+00:00,freq,1,0,550.0,550.0,1200.0,550.0,0,,,,
2026-09-28T00:23:15.775144+00:00,power,0,0,,,,,,536594809312,546245103490,0.0,
2026-09-28T00:23:16.761507+00:00,freq,0,0,2500.0,4250.0,2500.0,900.0,0,,,,
2026-09-28T00:23:16.761507+00:00,freq,1,0,550.0,550.0,1200.0,550.0,0,,,,
2026-09-28T00:23:16.761507+00:00,power,0,0,,,,,,536594809312,546246089791,0.0,
2026-09-28T00:23:17.764093+00:00,freq,0,0,2500.0,4250.0,2500.0,900.0,0,,,,
2026-09-28T00:23:17.764093+00:00,freq,1,0,550.0,550.0,1200.0,550.0,0,,,,
2026-09-28T00:23:17.764093+00:00,power,0,0,,,,,,536594809312,546247092368,0.0,
2026-09-28T00:23:18.766479+00:00,freq,0,0,2500.0,4250.0,2500.0,900.0,0,,,,
2026-09-28T00:23:18.766479+00:00,freq,1,0,550.0,550.0,1200.0,500.0,0,,,,
2026-09-28T00:23:18.766479+00:00,power,0,0,,,,,,536594809312,546248094737,0.0,
2026-09-28T00:23:19.771858+00:00,freq,0,0,2500.0,4250.0,2500.0,900.0,0,,,,
2026-09-28T00:23:19.771858+00:00,freq,1,0,500.0,500.0,1200.0,550.0,0,,,,
2026-09-28T00:23:19.771858+00:00,power,0,0,,,,,,536594815866,546249100106,0.006518999491728908,
2026-09-28T00:23:20.763791+00:00,freq,0,0,2500.0,4250.0,2500.0,900.0,0,,,,
2026-09-28T00:23:20.763791+00:00,freq,1,0,550.0,550.0,1200.0,550.0,0,,,,
2026-09-28T00:23:20.763791+00:00,power,0,0,,,,,,536594815866,546250091933,0.0,
2026-09-28T00:23:21.772538+00:00,freq,0,0,2500.0,4250.0,2500.0,900.0,0,,,,
2026-09-28T00:23:21.772538+00:00,freq,1,0,550.0,550.0,1200.0,550.0,0,,,,
2026-09-28T00:23:21.772538+00:00,power,0,0,,,,,,536594815866,546251100770,0.0,
2026-09-28T00:23:22.772764+00:00,freq,0,0,2500.0,4250.0,2500.0,1000.0,0,,,,
2026-09-28T00:23:22.772764+00:00,freq,1,0,550.0,550.0,1200.0,550.0,0,,,,
2026-09-28T00:23:22.772764+00:00,power,0,0,,,,,,536594823007,546252100957,0.007139664882666942,
2026-09-28T00:23:23.759751+00:00,freq,0,0,2500.0,4250.0,2500.0,950.0,0,,,,
2026-09-28T00:23:23.759751+00:00,freq,1,0,550.0,550.0,1200.0,500.0,0,,,,
2026-09-28T00:23:23.759751+00:00,power,0,0,,,,,,536594823007,546253087922,0.0,
2026-09-28T00:23:24.760440+00:00,freq,0,0,2500.0,4250.0,2500.0,900.0,0,,,,
2026-09-28T00:23:24.760440+00:00,freq,1,0,500.0,500.0,1200.0,550.0,0,,,,
2026-09-28T00:23:24.760440+00:00,power,0,0,,,,,,536594887849,546254088696,0.06479185110724299,
2026-09-28T00:23:25.771407+00:00,freq,0,0,2500.0,4250.0,2500.0,900.0,0,,,,
2026-09-28T00:23:25.771407+00:00,freq,1,0,550.0,550.0,1200.0,550.0,0,,,,
2026-09-28T00:23:25.771407+00:00,power,0,0,,,,,,536599446869,546255099397,4.51075045933466,
2026-09-28T00:23:26.762220+00:00,freq,0,0,2500.0,4250.0,2500.0,900.0,0,,,,
2026-09-28T00:23:26.762220+00:00,freq,1,0,550.0,550.0,1200.0,550.0,0,,,,
2026-09-28T00:23:26.762220+00:00,power,0,0,,,,,,536603799041,546256090252,4.39233994883207,
2026-09-28T00:23:27.771854+00:00,freq,0,0,2500.0,4250.0,2500.0,900.0,0,,,,
2026-09-28T00:23:27.771854+00:00,freq,1,0,550.0,550.0,1200.0,550.0,0,,,,
2026-09-28T00:23:27.771854+00:00,power,0,0,,,,,,536608243254,546257099839,4.402010921297521,
2026-09-28T00:23:28.767967+00:00,freq,0,0,2500.0,4250.0,2500.0,900.0,0,,,,
2026-09-28T00:23:28.767967+00:00,freq,1,0,550.0,550.0,1200.0,550.0,0,,,,
2026-09-28T00:23:28.767967+00:00,power,0,0,,,,,,536612748319,546258096051,4.5221950749438875,
2026-09-28T00:23:29.782711+00:00,freq,0,0,2500.0,4250.0,2500.0,900.0,0,,,,
2026-09-28T00:23:29.782711+00:00,freq,1,0,550.0,550.0,1200.0,550.0,0,,,,
2026-09-28T00:23:29.782711+00:00,power,0,0,,,,,,536617484609,546259110699,4.667914390015059,
2026-09-28T00:23:30.778906+00:00,freq,0,0,2500.0,4250.0,2500.0,900.0,0,,,,
2026-09-28T00:23:30.778906+00:00,freq,1,0,550.0,550.0,1200.0,550.0,0,,,,
2026-09-28T00:23:30.778906+00:00,power,0,0,,,,,,536622164418,546260106773,4.698254346564613,
2026-09-28T00:23:31.773040+00:00,freq,0,0,2500.0,4250.0,2500.0,900.0,0,,,,
2026-09-28T00:23:31.773040+00:00,freq,1,0,550.0,550.0,1200.0,550.0,0,,,,
2026-09-28T00:23:31.773040+00:00,power,0,0,,,,,,536623023206,546261101001,0.863773701806829,
2026-09-28T00:23:32.772044+00:00,freq,0,0,900.0,900.0,2500.0,900.0,0,,,,
2026-09-28T00:23:32.772044+00:00,freq,1,0,550.0,550.0,1200.0,550.0,0,,,,
2026-09-28T00:23:32.772044+00:00,power,0,0,,,,,,536623051976,546262099978,0.02879946184947201,
2026-09-28T00:23:33.765029+00:00,freq,0,0,900.0,900.0,2500.0,900.0,0,,,,
2026-09-28T00:23:33.765029+00:00,freq,1,0,550.0,550.0,1200.0,550.0,0,,,,
2026-09-28T00:23:33.765029+00:00,power,0,0,,,,,,536623052281,546263092921,0.0003071676823342327,
2026-09-28T00:23:34.777129+00:00,freq,0,0,900.0,900.0,2500.0,900.0,0,,,,
2026-09-28T00:23:34.777129+00:00,freq,1,0,550.0,550.0,1200.0,550.0,0,,,,
2026-09-28T00:23:34.777129+00:00,power,0,0,,,,,,536623052281,546264105177,0.0,
2026-09-28T00:23:35.775671+00:00,freq,0,0,900.0,900.0,2500.0,900.0,0,,,,
2026-09-28T00:23:35.775671+00:00,freq,1,0,550.0,550.0,1200.0,550.0,0,,,,
2026-09-28T00:23:35.775671+00:00,power,0,0,,,,,,536623052281,546265103668,0.0,
2026-09-28T00:23:36.774748+00:00,freq,0,0,900.0,900.0,2500.0,900.0,0,,,,
2026-09-28T00:23:36.774748+00:00,freq,1,0,550.0,550.0,1200.0,550.0,0,,,,
2026-09-28T00:23:36.774748+00:00,power,0,0,,,,,,536623052281,546266102792,0.0,
2026-09-28T00:23:37.774925+00:00,freq,0,0,900.0,900.0,2500.0,900.0,0,,,,
2026-09-28T00:23:37.774925+00:00,freq,1,0,550.0,550.0,1200.0,550.0,0,,,,
2026-09-28T00:23:37.774925+00:00,power,0,0,,,,,,536623052281,546267102740,0.0,
2026-09-28T00:23:38.774541+00:00,freq,0,0,900.0,900.0,2500.0,900.0,0,,,,
2026-09-28T00:23:38.774541+00:00,freq,1,0,550.0,550.0,1200.0,550.0,0,,,,
2026-09-28T00:23:38.774541+00:00,power,0,0,,,,,,536623052281,546268102344,0.0,
2026-09-28T00:23:39.762566+00:00,freq,0,0,900.0,900.0,2500.0,900.0,0,,,,
2026-09-28T00:23:39.762566+00:00,freq,1,0,550.0,550.0,1200.0,550.0,0,,,,
2026-09-28T00:23:39.762566+00:00,power,0,0,,,,,,536623052281,546269090323,0.0,
2026-09-28T00:23:40.774789+00:00,freq,0,0,900.0,900.0,2500.0,900.0,0,,,,
2026-09-28T00:23:40.774789+00:00,freq,1,0,550.0,550.0,1200.0,550.0,0,,,,
2026-09-28T00:23:40.774789+00:00,power,0,0,,,,,,536623052281,546270102520,0.0,
2026-09-28T00:23:41.773308+00:00,freq,0,0,900.0,900.0,2500.0,900.0,0,,,,
2026-09-28T00:23:41.773308+00:00,freq,1,0,550.0,550.0,1200.0,550.0,0,,,,
2026-09-28T00:23:41.773308+00:00,power,0,0,,,,,,536623052281,546271101094,0.0,
2026-09-28T00:23:42.761216+00:00,freq,0,0,900.0,900.0,2500.0,900.0,0,,,,
2026-09-28T00:23:42.761216+00:00,freq,1,0,550.0,550.0,1200.0,550.0,0,,,,
2026-09-28T00:23:42.761216+00:00,power,0,0,,,,,,536623053318,546272089218,0.001049463427666973,
2026-09-28T00:23:43.762711+00:00,freq,0,0,900.0,900.0,2500.0,900.0,0,,,,
2026-09-28T00:23:43.762711+00:00,freq,1,0,550.0,550.0,1200.0,550.0,0,,,,
2026-09-28T00:23:43.762711+00:00,power,0,0,,,,,,536623053318,546273090395,0.0,
2026-09-28T00:23:44.763378+00:00,freq,0,0,900.0,900.0,2500.0,900.0,0,,,,
2026-09-28T00:23:44.763378+00:00,freq,1,0,550.0,550.0,1200.0,500.0,0,,,,
2026-09-28T00:23:44.763378+00:00,power,0,0,,,,,,536623053318,546274091105,0.0,
2026-09-28T00:23:45.766245+00:00,freq,0,0,2500.0,4250.0,2500.0,900.0,0,,,,
2026-09-28T00:23:45.766245+00:00,freq,1,0,550.0,550.0,1200.0,550.0,0,,,,
2026-09-28T00:23:45.766245+00:00,power,0,0,,,,,,536623059689,546275094076,0.006352127828222352,
2026-09-28T00:23:46.766926+00:00,freq,0,0,2500.0,4250.0,2500.0,900.0,0,,,,
2026-09-28T00:23:46.766926+00:00,freq,1,0,550.0,550.0,1200.0,500.0,0,,,,
2026-09-28T00:23:46.766926+00:00,power,0,0,,,,,,536623059689,546276094672,0.0,
2026-09-28T00:23:47.777254+00:00,freq,0,0,2500.0,4250.0,2500.0,900.0,0,,,,
2026-09-28T00:23:47.777254+00:00,freq,1,0,500.0,500.0,1200.0,550.0,0,,,,
2026-09-28T00:23:47.777254+00:00,power,0,0,,,,,,536625550496,546277104744,2.4659697526512963,
2026-09-28T00:23:48.768356+00:00,freq,0,0,2500.0,4250.0,2500.0,900.0,0,,,,
2026-09-28T00:23:48.768356+00:00,freq,1,0,550.0,550.0,1200.0,550.0,0,,,,
2026-09-28T00:23:48.768356+00:00,power,0,0,,,,,,536629916401,546278095864,4.405021591734603,
2026-09-28T00:23:49.773441+00:00,freq,0,0,2500.0,4250.0,2500.0,900.0,0,,,,
2026-09-28T00:23:49.773441+00:00,freq,1,0,550.0,550.0,1200.0,550.0,0,,,,
2026-09-28T00:23:49.773441+00:00,power,0,0,,,,,,536634409283,546279100971,4.470053437096747,
2026-09-28T00:23:50.766002+00:00,freq,0,0,2500.0,4250.0,2500.0,900.0,0,,,,
2026-09-28T00:23:50.766002+00:00,freq,1,0,550.0,550.0,1200.0,550.0,0,,,,
2026-09-28T00:23:50.766002+00:00,power,0,0,,,,,,536638805607,546280093644,4.42877362434558,
2026-09-28T00:23:51.775746+00:00,freq,0,0,2500.0,4250.0,2500.0,900.0,0,,,,
2026-09-28T00:23:51.775746+00:00,freq,1,0,550.0,550.0,1200.0,500.0,0,,,,
2026-09-28T00:23:51.775746+00:00,power,0,0,,,,,,536643451664,546281103332,4.601477882276505,
2026-09-28T00:23:52.772118+00:00,freq,0,0,2500.0,4250.0,2500.0,900.0,0,,,,
2026-09-28T00:23:52.772118+00:00,freq,1,0,500.0,500.0,1200.0,550.0,0,,,,
2026-09-28T00:23:52.772118+00:00,power,0,0,,,,,,536648146244,546282099544,4.712430687444038,
2026-09-28T00:23:53.770838+00:00,freq,0,0,2500.0,4250.0,2500.0,900.0,0,,,,
2026-09-28T00:23:53.770838+00:00,freq,1,0,550.0,550.0,1200.0,550.0,0,,,,
2026-09-28T00:23:53.770838+00:00,power,0,0,,,,,,536651842800,546283098371,3.700897152359718,
2026-09-28T00:23:54.780997+00:00,freq,0,0,2500.0,4250.0,2500.0,900.0,0,,,,
2026-09-28T00:23:54.780997+00:00,freq,1,0,550.0,550.0,1200.0,550.0,0,,,,
2026-09-28T00:23:54.780997+00:00,power,0,0,,,,,,536651867481,546284108479,0.024434020916575257,
2026-09-28T00:23:55.774543+00:00,freq,0,0,2500.0,4250.0,2500.0,900.0,0,,,,
2026-09-28T00:23:55.774543+00:00,freq,1,0,550.0,550.0,1200.0,550.0,0,,,,
2026-09-28T00:23:55.774543+00:00,power,0,0,,,,,,536651867481,546285102076,0.0,
2026-09-28T00:23:56.773104+00:00,freq,0,0,2500.0,4250.0,2500.0,900.0,0,,,,
2026-09-28T00:23:56.773104+00:00,freq,1,0,550.0,550.0,1200.0,550.0,0,,,,
2026-09-28T00:23:56.773104+00:00,power,0,0,,,,,,536651867481,546286100732,0.0,
2026-09-28T00:23:57.770300+00:00,freq,0,0,2500.0,4250.0,2500.0,900.0,0,,,,
2026-09-28T00:23:57.770300+00:00,freq,1,0,550.0,550.0,1200.0,550.0,0,,,,
2026-09-28T00:23:57.770300+00:00,power,0,0,,,,,,536651867481,546287098042,0.0,
2026-09-28T00:23:58.785440+00:00,freq,0,0,2500.0,4250.0,2500.0,900.0,0,,,,
2026-09-28T00:23:58.785440+00:00,freq,1,0,550.0,550.0,1200.0,550.0,0,,,,
2026-09-28T00:23:58.785440+00:00,power,0,0,,,,,,536651867481,546288113119,0.0,
2026-09-28T00:23:59.771726+00:00,freq,0,0,2500.0,4250.0,2500.0,900.0,0,,,,
2026-09-28T00:23:59.771726+00:00,freq,1,0,550.0,550.0,1200.0,550.0,0,,,,
2026-09-28T00:23:59.771726+00:00,power,0,0,,,,,,536651867481,546289099117,0.0,
2026-09-28T00:24:00.770989+00:00,freq,0,0,2500.0,4250.0,2500.0,900.0,0,,,,
2026-09-28T00:24:00.770989+00:00,freq,1,0,550.0,550.0,1200.0,550.0,0,,,,
2026-09-28T00:24:00.770989+00:00,power,0,0,,,,,,536651867481,546290098462,0.0,
2026-09-28T00:24:01.784049+00:00,freq,0,0,2500.0,4250.0,2500.0,900.0,0,,,,
2026-09-28T00:24:01.784049+00:00,freq,1,0,550.0,550.0,1200.0,550.0,0,,,,
2026-09-28T00:24:01.784049+00:00,power,0,0,,,,,,536651867481,546291111499,0.0,
2026-09-28T00:24:02.780107+00:00,freq,0,0,900.0,900.0,2500.0,900.0,0,,,,
2026-09-28T00:24:02.780107+00:00,freq,1,0,550.0,550.0,1200.0,550.0,0,,,,
2026-09-28T00:24:02.780107+00:00,power,0,0,,,,,,536651869312,546292107429,0.001838482624280823,
2026-09-28T00:24:03.778939+00:00,freq,0,0,900.0,900.0,2500.0,900.0,0,,,,
2026-09-28T00:24:03.778939+00:00,freq,1,0,550.0,550.0,1200.0,550.0,0,,,,
2026-09-28T00:24:03.778939+00:00,power,0,0,,,,,,536651869312,546293106220,0.0,
2026-09-28T00:24:04.779798+00:00,freq,0,0,900.0,900.0,2500.0,900.0,0,,,,
2026-09-28T00:24:04.779798+00:00,freq,1,0,550.0,550.0,1200.0,550.0,0,,,,
2026-09-28T00:24:04.779798+00:00,power,0,0,,,,,,536651869312,546294107075,0.0,
2026-09-28T00:24:05.779280+00:00,freq,0,0,900.0,900.0,2500.0,900.0,0,,,,
2026-09-28T00:24:05.779280+00:00,freq,1,0,550.0,550.0,1200.0,550.0,0,,,,
2026-09-28T00:24:05.779280+00:00,power,0,0,,,,,,536651871448,546295106680,0.0021368440534010936,
2026-09-28T00:24:06.778403+00:00,freq,0,0,900.0,900.0,2500.0,900.0,0,,,,
2026-09-28T00:24:06.778403+00:00,freq,1,0,550.0,550.0,1200.0,550.0,0,,,,
2026-09-28T00:24:06.778403+00:00,power,0,0,,,,,,536651871448,546296105663,0.0,
2026-09-28T00:24:07.766611+00:00,freq,0,0,900.0,900.0,2500.0,900.0,0,,,,
2026-09-28T00:24:07.766611+00:00,freq,1,0,550.0,550.0,1200.0,550.0,0,,,,
2026-09-28T00:24:07.766611+00:00,power,0,0,,,,,,536651873485,546297093805,0.002061444610187605,
2026-09-28T00:24:08.776129+00:00,freq,0,0,2500.0,4250.0,2500.0,900.0,0,,,,
2026-09-28T00:24:08.776129+00:00,freq,1,0,550.0,550.0,1200.0,550.0,0,,,,
2026-09-28T00:24:08.776129+00:00,power,0,0,,,,,,536651877696,546298103420,0.0041708968270083155,
2026-09-28T00:24:09.772693+00:00,freq,0,0,2500.0,4250.0,2500.0,900.0,0,,,,
2026-09-28T00:24:09.772693+00:00,freq,1,0,550.0,550.0,1200.0,550.0,0,,,,
2026-09-28T00:24:09.772693+00:00,power,0,0,,,,,,536651877696,546299099952,0.0,
2026-09-28T00:24:10.767231+00:00,freq,0,0,2500.0,4250.0,2500.0,900.0,0,,,,
2026-09-28T00:24:10.767231+00:00,freq,1,0,550.0,550.0,1200.0,550.0,0,,,,
2026-09-28T00:24:10.767231+00:00,power,0,0,,,,,,536651877696,546300094645,0.0,
2026-09-28T00:24:11.770002+00:00,freq,0,0,2500.0,4250.0,2500.0,900.0,0,,,,
2026-09-28T00:24:11.770002+00:00,freq,1,0,550.0,550.0,1200.0,550.0,0,,,,
2026-09-28T00:24:11.770002+00:00,power,0,0,,,,,,536655699778,546301097139,3.812573441836061,
2026-09-28T00:24:12.773394+00:00,freq,0,0,2500.0,4250.0,2500.0,900.0,0,,,,
2026-09-28T00:24:12.773394+00:00,freq,1,0,550.0,550.0,1200.0,550.0,0,,,,
2026-09-28T00:24:12.773394+00:00,power,0,0,,,,,,536660159433,546302100331,4.4454650754790705,
2026-09-28T00:24:13.764366+00:00,freq,0,0,2500.0,4250.0,2500.0,900.0,0,,,,
2026-09-28T00:24:13.764366+00:00,freq,1,0,550.0,550.0,1200.0,550.0,0,,,,
2026-09-28T00:24:13.764366+00:00,power,0,0,,,,,,536664107393,546303091350,3.9837379505337434,
2026-09-28T00:24:14.775827+00:00,freq,0,0,2500.0,4250.0,2500.0,900.0,0,,,,
2026-09-28T00:24:14.775827+00:00,freq,1,0,550.0,550.0,1200.0,550.0,0,,,,
2026-09-28T00:24:14.775827+00:00,power,0,0,,,,,,536668727594,546304102911,4.56739731958824,
2026-09-28T00:24:15.772864+00:00,freq,0,0,2500.0,4250.0,2500.0,900.0,0,,,,
2026-09-28T00:24:15.772864+00:00,freq,1,0,550.0,550.0,1200.0,550.0,0,,,,
2026-09-28T00:24:15.772864+00:00,power,0,0,,,,,,536673413629,546305099937,4.70001283818075,
2026-09-28T00:24:16.764318+00:00,freq,0,0,2500.0,4250.0,2500.0,900.0,0,,,,
2026-09-28T00:24:16.764318+00:00,freq,1,0,550.0,550.0,1200.0,550.0,0,,,,
2026-09-28T00:24:16.764318+00:00,power,0,0,,,,,,536678072076,546306091423,4.698449599893493,
2026-09-28T00:24:17.779107+00:00,freq,0,0,2500.0,4250.0,2500.0,900.0,0,,,,
2026-09-28T00:24:17.779107+00:00,freq,1,0,550.0,550.0,1200.0,550.0,0,,,,
2026-09-28T00:24:17.779107+00:00,power,0,0,,,,,,536679515191,546307106131,1.4221973217910966,
2026-09-28T00:24:18.776544+00:00,freq,0,0,2500.0,4250.0,2500.0,900.0,0,,,,
2026-09-28T00:24:18.776544+00:00,freq,1,0,550.0,550.0,1200.0,550.0,0,,,,
2026-09-28T00:24:18.776544+00:00,power,0,0,,,,,,536679515191,546308103559,0.0,
2026-09-28T00:24:19.770813+00:00,freq,0,0,2500.0,4250.0,2500.0,900.0,0,,,,
2026-09-28T00:24:19.770813+00:00,freq,1,0,550.0,550.0,1200.0,550.0,0,,,,
2026-09-28T00:24:19.770813+00:00,power,0,0,,,,,,536679515191,546309097796,0.0,
2026-09-28T00:24:20.785428+00:00,freq,0,0,2500.0,4250.0,2500.0,900.0,0,,,,
2026-09-28T00:24:20.785428+00:00,freq,1,0,550.0,550.0,1200.0,550.0,0,,,,
2026-09-28T00:24:20.785428+00:00,power,0,0,,,,,,536679515191,546310112624,0.0,
2026-09-28T00:24:21.782736+00:00,freq,0,0,2500.0,4250.0,2500.0,900.0,0,,,,
2026-09-28T00:24:21.782736+00:00,freq,1,0,550.0,550.0,1200.0,550.0,0,,,,
2026-09-28T00:24:21.782736+00:00,power,0,0,,,,,,536679515191,546311109983,0.0,
2026-09-28T00:24:22.780994+00:00,freq,0,0,2500.0,4250.0,2500.0,900.0,0,,,,
2026-09-28T00:24:22.780994+00:00,freq,1,0,550.0,550.0,1200.0,550.0,0,,,,
2026-09-28T00:24:22.780994+00:00,power,0,0,,,,,,536679516618,546312108090,0.0014297064342800921,
2026-09-28T00:24:23.767472+00:00,freq,0,0,2500.0,4250.0,2500.0,900.0,0,,,,
2026-09-28T00:24:23.767472+00:00,freq,1,0,550.0,550.0,1200.0,550.0,0,,,,
2026-09-28T00:24:23.767472+00:00,power,0,0,,,,,,536679516618,546313094498,0.0,
2026-09-28T00:24:24.768116+00:00,freq,0,0,2500.0,4250.0,2500.0,900.0,0,,,,
2026-09-28T00:24:24.768116+00:00,freq,1,0,550.0,550.0,1200.0,550.0,0,,,,
2026-09-28T00:24:24.768116+00:00,power,0,0,,,,,,536679516618,546314095122,0.0,
2026-09-28T00:24:25.770105+00:00,freq,0,0,2500.0,4250.0,2500.0,900.0,0,,,,
2026-09-28T00:24:25.770105+00:00,freq,1,0,550.0,550.0,1200.0,550.0,0,,,,
2026-09-28T00:24:25.770105+00:00,power,0,0,,,,,,536679516618,546315096983,0.0,
2026-09-28T00:24:26.785320+00:00,freq,0,0,2500.0,4250.0,2500.0,900.0,0,,,,
2026-09-28T00:24:26.785320+00:00,freq,1,0,550.0,550.0,1200.0,550.0,0,,,,
2026-09-28T00:24:26.785320+00:00,power,0,0,,,,,,536679516618,546316112153,0.0,
2026-09-28T00:24:27.785796+00:00,freq,0,0,2500.0,4250.0,2500.0,900.0,0,,,,
2026-09-28T00:24:27.785796+00:00,freq,1,0,550.0,550.0,1200.0,550.0,0,,,,
2026-09-28T00:24:27.785796+00:00,power,0,0,,,,,,536679516618,546317112557,0.0,
2026-09-28T00:24:28.779076+00:00,freq,0,0,2500.0,4250.0,2500.0,900.0,0,,,,
2026-09-28T00:24:28.779076+00:00,freq,1,0,550.0,550.0,1200.0,500.0,0,,,,
2026-09-28T00:24:28.779076+00:00,power,0,0,,,,,,536679520219,546318106131,0.003624289685519146,
2026-09-28T00:24:29.778642+00:00,freq,0,0,2500.0,4250.0,2500.0,900.0,0,,,,
2026-09-28T00:24:29.778642+00:00,freq,1,0,500.0,500.0,1200.0,550.0,0,,,,
2026-09-28T00:24:29.778642+00:00,power,0,0,,,,,,536679520219,546319105702,0.0,
2026-09-28T00:24:30.779983+00:00,freq,0,0,2500.0,4250.0,2500.0,900.0,0,,,,
2026-09-28T00:24:30.779983+00:00,freq,1,0,550.0,550.0,1200.0,550.0,0,,,,
2026-09-28T00:24:30.779983+00:00,power,0,0,,,,,,536679520219,546320106860,0.0,
2026-09-28T00:24:31.775173+00:00,freq,0,0,2500.0,4250.0,2500.0,900.0,0,,,,
2026-09-28T00:24:31.775173+00:00,freq,1,0,550.0,550.0,1200.0,550.0,0,,,,
2026-09-28T00:24:31.775173+00:00,power,0,0,,,,,,536679527238,546321102095,0.007052605665998483,
2026-09-28T00:24:32.765444+00:00,freq,0,0,900.0,900.0,2500.0,950.0,0,,,,
2026-09-28T00:24:32.765444+00:00,freq,1,0,550.0,550.0,1200.0,550.0,0,,,,
2026-09-28T00:24:32.765444+00:00,power,0,0,,,,,,536679527238,546322092312,0.0,
2026-09-28T00:24:33.777093+00:00,freq,0,0,2500.0,4250.0,2500.0,900.0,0,,,,
2026-09-28T00:24:33.777093+00:00,freq,1,0,550.0,550.0,1200.0,550.0,0,,,,
2026-09-28T00:24:33.777093+00:00,power,0,0,,,,,,536680871865,546323103732,1.3294447410571275,
2026-09-28T00:24:34.766427+00:00,freq,0,0,2500.0,4250.0,2500.0,900.0,0,,,,
2026-09-28T00:24:34.766427+00:00,freq,1,0,550.0,550.0,1200.0,550.0,0,,,,
2026-09-28T00:24:34.766427+00:00,power,0,0,,,,,,536685232277,546324092973,4.40783590651823,
2026-09-28T00:24:35.772442+00:00,freq,0,0,2500.0,4250.0,2500.0,900.0,0,,,,
2026-09-28T00:24:35.772442+00:00,freq,1,0,550.0,550.0,1200.0,550.0,0,,,,
2026-09-28T00:24:35.772442+00:00,power,0,0,,,,,,536689663513,546325099125,4.404141720137713,
2026-09-28T00:24:36.765728+00:00,freq,0,0,2500.0,4250.0,2500.0,900.0,0,,,,
2026-09-28T00:24:36.765728+00:00,freq,1,0,550.0,550.0,1200.0,550.0,0,,,,
2026-09-28T00:24:36.765728+00:00,power,0,0,,,,,,536693350646,546326092442,3.7119398943136983,
2026-09-28T00:24:37.778290+00:00,freq,0,0,2500.0,4250.0,2500.0,900.0,0,,,,
2026-09-28T00:24:37.778290+00:00,freq,1,0,550.0,550.0,1200.0,550.0,0,,,,
2026-09-28T00:24:37.778290+00:00,power,0,0,,,,,,536697795493,546327104933,4.390011368002283,
2026-09-28T00:24:38.775885+00:00,freq,0,0,2500.0,4250.0,2500.0,900.0,0,,,,
2026-09-28T00:24:38.775885+00:00,freq,1,0,550.0,550.0,1200.0,550.0,0,,,,
2026-09-28T00:24:38.775885+00:00,power,0,0,,,,,,536702464926,546328102431,4.681145225353835,
2026-09-28T00:24:39.772507+00:00,freq,0,0,2500.0,4250.0,2500.0,900.0,0,,,,
2026-09-28T00:24:39.772507+00:00,freq,1,0,550.0,550.0,1200.0,550.0,0,,,,
2026-09-28T00:24:39.772507+00:00,power,0,0,,,,,,536707127096,546329099097,4.677765670746268,
2026-09-28T00:24:40.769001+00:00,freq,0,0,2500.0,4250.0,2500.0,900.0,0,,,,
2026-09-28T00:24:40.769001+00:00,freq,1,0,550.0,550.0,1200.0,550.0,0,,,,
2026-09-28T00:24:40.769001+00:00,power,0,0,,,,,,536708006941,546330095600,0.8829326153558996,
2026-09-28T00:24:41.775267+00:00,freq,0,0,2500.0,4250.0,2500.0,900.0,0,,,,
2026-09-28T00:24:41.775267+00:00,freq,1,0,550.0,550.0,1200.0,550.0,0,,,,
2026-09-28T00:24:41.775267+00:00,power,0,0,,,,,,536708006941,546331102010,0.0,
2026-09-28T00:24:42.769816+00:00,freq,0,0,2500.0,4250.0,2500.0,900.0,0,,,,
2026-09-28T00:24:42.769816+00:00,freq,1,0,550.0,550.0,1200.0,550.0,0,,,,
2026-09-28T00:24:42.769816+00:00,power,0,0,,,,,,536708006941,546332096547,0.0,
2026-09-28T00:24:43.784950+00:00,freq,0,0,2500.0,4250.0,2500.0,900.0,0,,,,
2026-09-28T00:24:43.784950+00:00,freq,1,0,550.0,550.0,1200.0,550.0,0,,,,
2026-09-28T00:24:43.784950+00:00,power,0,0,,,,,,536708006941,546333111638,0.0,
2026-09-28T00:24:44.784694+00:00,freq,0,0,2500.0,4250.0,2500.0,900.0,0,,,,
2026-09-28T00:24:44.784694+00:00,freq,1,0,550.0,550.0,1200.0,550.0,0,,,,
2026-09-28T00:24:44.784694+00:00,power,0,0,,,,,,536708006941,546334111454,0.0,
2026-09-28T00:24:45.784254+00:00,freq,0,0,2500.0,4250.0,2500.0,900.0,0,,,,
2026-09-28T00:24:45.784254+00:00,freq,1,0,550.0,550.0,1200.0,550.0,0,,,,
2026-09-28T00:24:45.784254+00:00,power,0,0,,,,,,536708006941,546335110721,0.0,
2026-09-28T00:24:46.784095+00:00,freq,0,0,2500.0,4250.0,2500.0,900.0,0,,,,
2026-09-28T00:24:46.784095+00:00,freq,1,0,550.0,550.0,1200.0,550.0,0,,,,
2026-09-28T00:24:46.784095+00:00,power,0,0,,,,,,536708006941,546336110551,0.0,
2026-09-28T00:24:47.782715+00:00,freq,0,0,2500.0,4250.0,2500.0,900.0,0,,,,
2026-09-28T00:24:47.782715+00:00,freq,1,0,550.0,550.0,1200.0,550.0,0,,,,
2026-09-28T00:24:47.782715+00:00,power,0,0,,,,,,536708006941,546337109144,0.0,
2026-09-28T00:24:48.782406+00:00,freq,0,0,2500.0,4250.0,2500.0,900.0,0,,,,
2026-09-28T00:24:48.782406+00:00,freq,1,0,550.0,550.0,1200.0,550.0,0,,,,
2026-09-28T00:24:48.782406+00:00,power,0,0,,,,,,536708006941,546338108903,0.0,
2026-09-28T00:24:49.768009+00:00,freq,0,0,2500.0,4250.0,2500.0,900.0,0,,,,
2026-09-28T00:24:49.768009+00:00,freq,1,0,550.0,550.0,1200.0,550.0,0,,,,
2026-09-28T00:24:49.768009+00:00,power,0,0,,,,,,536708006941,546339094651,0.0,
2026-09-28T00:24:50.770144+00:00,freq,0,0,2500.0,4250.0,2500.0,900.0,0,,,,
2026-09-28T00:24:50.770144+00:00,freq,1,0,550.0,550.0,1200.0,550.0,0,,,,
2026-09-28T00:24:50.770144+00:00,power,0,0,,,,,,536708015814,546340096669,0.008855130346959835,
2026-09-28T00:24:51.776147+00:00,freq,0,0,2500.0,4250.0,2500.0,900.0,0,,,,
2026-09-28T00:24:51.776147+00:00,freq,1,0,550.0,550.0,1200.0,550.0,0,,,,
2026-09-28T00:24:51.776147+00:00,power,0,0,,,,,,536708015814,546341102584,0.0,
2026-09-28T00:24:52.766885+00:00,freq,0,0,2500.0,4250.0,2500.0,900.0,0,,,,
2026-09-28T00:24:52.766885+00:00,freq,1,0,550.0,550.0,1200.0,550.0,0,,,,
2026-09-28T00:24:52.766885+00:00,power,0,0,,,,,,536708015814,546342093317,0.0,
2026-09-28T00:24:53.777474+00:00,freq,0,0,2500.0,4250.0,2500.0,1000.0,0,,,,
2026-09-28T00:24:53.777474+00:00,freq,1,0,550.0,550.0,1200.0,500.0,0,,,,
2026-09-28T00:24:53.777474+00:00,power,0,0,,,,,,536708020269,546343103951,0.00440812400928526,
2026-09-28T00:24:54.776774+00:00,freq,0,0,2500.0,4250.0,2500.0,1000.0,0,,,,
2026-09-28T00:24:54.776774+00:00,freq,1,0,500.0,500.0,1200.0,550.0,0,,,,
2026-09-28T00:24:54.776774+00:00,power,0,0,,,,,,536708020269,546344103192,0.0,
2026-09-28T00:24:55.773916+00:00,freq,0,0,2500.0,4250.0,2500.0,900.0,0,,,,
2026-09-28T00:24:55.773916+00:00,freq,1,0,550.0,550.0,1200.0,550.0,0,,,,
2026-09-28T00:24:55.773916+00:00,power,0,0,,,,,,536708020269,546345100527,0.0,
2026-09-28T00:24:56.764595+00:00,freq,0,0,2500.0,4250.0,2500.0,900.0,0,,,,
2026-09-28T00:24:56.764595+00:00,freq,1,0,550.0,550.0,1200.0,550.0,0,,,,
2026-09-28T00:24:56.764595+00:00,power,0,0,,,,,,536711443998,546346090713,3.45766249977277,
2026-09-28T00:24:57.770149+00:00,freq,0,0,2500.0,4250.0,2500.0,900.0,0,,,,
2026-09-28T00:24:57.770149+00:00,freq,1,0,550.0,550.0,1200.0,550.0,0,,,,
2026-09-28T00:24:57.770149+00:00,power,0,0,,,,,,536715879178,546347096179,4.411069096319517,
2026-09-28T00:24:58.774274+00:00,freq,0,0,2500.0,4250.0,2500.0,900.0,0,,,,
2026-09-28T00:24:58.774274+00:00,freq,1,0,550.0,550.0,1200.0,550.0,0,,,,
2026-09-28T00:24:58.774274+00:00,power,0,0,,,,,,536720329373,546348100506,4.431021967944703,
2026-09-28T00:24:59.769234+00:00,freq,0,0,2500.0,4250.0,2500.0,900.0,0,,,,
2026-09-28T00:24:59.769234+00:00,freq,1,0,550.0,550.0,1200.0,550.0,0,,,,
2026-09-28T00:24:59.769234+00:00,power,0,0,,,,,,536724943654,546349095511,4.637445037964634,
2026-09-28T00:25:00.780265+00:00,freq,0,0,2500.0,4250.0,2500.0,900.0,0,,,,
2026-09-28T00:25:00.780265+00:00,freq,1,0,550.0,550.0,1200.0,550.0,0,,,,
2026-09-28T00:25:00.780265+00:00,power,0,0,,,,,,536729690724,546350106390,4.695982407390004,
2026-09-28T00:25:01.778815+00:00,freq,0,0,2500.0,4250.0,2500.0,900.0,0,,,,
2026-09-28T00:25:01.778815+00:00,freq,1,0,550.0,550.0,1200.0,550.0,0,,,,
2026-09-28T00:25:01.778815+00:00,power,0,0,,,,,,536734182629,546351105005,4.498134916859851,
2026-09-28T00:25:02.775420+00:00,freq,0,0,900.0,900.0,2500.0,900.0,0,,,,
2026-09-28T00:25:02.775420+00:00,freq,1,0,550.0,550.0,1200.0,550.0,0,,,,
2026-09-28T00:25:02.775420+00:00,power,0,0,,,,,,536734217419,546352101568,0.03490998562057793,
2026-09-28T00:25:03.770245+00:00,freq,0,0,900.0,900.0,2500.0,900.0,0,,,,
2026-09-28T00:25:03.770245+00:00,freq,1,0,550.0,550.0,1200.0,550.0,0,,,,
2026-09-28T00:25:03.770245+00:00,power,0,0,,,,,,536734217419,546353096395,0.0,
2026-09-28T00:25:04.782490+00:00,freq,0,0,900.0,900.0,2500.0,900.0,0,,,,
2026-09-28T00:25:04.782490+00:00,freq,1,0,550.0,550.0,1200.0,550.0,0,,,,
2026-09-28T00:25:04.782490+00:00,power,0,0,,,,,,536734217419,546354108785,0.0,
2026-09-28T00:25:05.780577+00:00,freq,0,0,900.0,900.0,2500.0,900.0,0,,,,
2026-09-28T00:25:05.780577+00:00,freq,1,0,550.0,550.0,1200.0,550.0,0,,,,
2026-09-28T00:25:05.780577+00:00,power,0,0,,,,,,536734218968,546355106902,0.0015519222696337204,
2026-09-28T00:25:06.780177+00:00,freq,0,0,900.0,900.0,2500.0,900.0,0,,,,
2026-09-28T00:25:06.780177+00:00,freq,1,0,550.0,550.0,1200.0,550.0,0,,,,
2026-09-28T00:25:06.780177+00:00,power,0,0,,,,,,536734218968,546356106426,0.0,
2026-09-28T00:25:07.777830+00:00,freq,0,0,900.0,900.0,2500.0,900.0,0,,,,
2026-09-28T00:25:07.777830+00:00,freq,1,0,550.0,550.0,1200.0,550.0,0,,,,
2026-09-28T00:25:07.777830+00:00,power,0,0,,,,,,536734218968,546357103928,0.0,
2026-09-28T00:25:08.777383+00:00,freq,0,0,900.0,900.0,2500.0,900.0,0,,,,
2026-09-28T00:25:08.777383+00:00,freq,1,0,550.0,550.0,1200.0,550.0,0,,,,
2026-09-28T00:25:08.777383+00:00,power,0,0,,,,,,536734218968,546358103374,0.0,
2026-09-28T00:25:09.768004+00:00,freq,0,0,900.0,900.0,2500.0,900.0,0,,,,
2026-09-28T00:25:09.768004+00:00,freq,1,0,550.0,550.0,1200.0,550.0,0,,,,
2026-09-28T00:25:09.768004+00:00,power,0,0,,,,,,536734219273,546359093992,0.00030788861094791333,
2026-09-28T00:25:10.782256+00:00,freq,0,0,900.0,900.0,2500.0,900.0,0,,,,
2026-09-28T00:25:10.782256+00:00,freq,1,0,550.0,550.0,1200.0,550.0,0,,,,
2026-09-28T00:25:10.782256+00:00,power,0,0,,,,,,536734220456,546360108470,0.0011661169586723418,
2026-09-28T00:25:11.768704+00:00,freq,0,0,900.0,900.0,2500.0,900.0,0,,,,
2026-09-28T00:25:11.768704+00:00,freq,1,0,550.0,550.0,1200.0,550.0,0,,,,
2026-09-28T00:25:11.768704+00:00,power,0,0,,,,,,536734220456,546361094661,0.0,
2026-09-28T00:25:12.771227+00:00,freq,0,0,900.0,900.0,2500.0,900.0,0,,,,
2026-09-28T00:25:12.771227+00:00,freq,1,0,550.0,550.0,1200.0,550.0,0,,,,
2026-09-28T00:25:12.771227+00:00,power,0,0,,,,,,536734221066,546362097164,0.0006084769821137693,
2026-09-28T00:25:13.782876+00:00,freq,0,0,900.0,900.0,2500.0,900.0,0,,,,
2026-09-28T00:25:13.782876+00:00,freq,1,0,500.0,500.0,1200.0,550.0,0,,,,
2026-09-28T00:25:13.782876+00:00,power,0,0,,,,,,536734225728,546363108843,0.004608181053476448,
2026-09-28T00:25:14.770564+00:00,freq,0,0,900.0,900.0,2500.0,900.0,0,,,,
2026-09-28T00:25:14.770564+00:00,freq,1,0,550.0,550.0,1200.0,550.0,0,,,,
2026-09-28T00:25:14.770564+00:00,power,0,0,,,,,,536734225728,546364096498,0.0,
2026-09-28T00:25:15.786136+00:00,freq,0,0,2500.0,4250.0,2500.0,1000.0,0,,,,
2026-09-28T00:25:15.786136+00:00,freq,1,0,550.0,550.0,1200.0,500.0,0,,,,
2026-09-28T00:25:15.786136+00:00,power,0,0,,,,,,536734228047,546365112057,0.0022834714674381303,
2026-09-28T00:25:16.786896+00:00,freq,0,0,2500.0,4250.0,2500.0,900.0,0,,,,
2026-09-28T00:25:16.786896+00:00,freq,1,0,500.0,500.0,1200.0,550.0,0,,,,
2026-09-28T00:25:16.786896+00:00,power,0,0,,,,,,536734228047,546366112936,0.0,
2026-09-28T00:25:17.781265+00:00,freq,0,0,2500.0,4250.0,2500.0,900.0,0,,,,
2026-09-28T00:25:17.781265+00:00,freq,1,0,550.0,550.0,1200.0,550.0,0,,,,
2026-09-28T00:25:17.781265+00:00,power,0,0,,,,,,536735044659,546367107246,0.821285112288924,
2026-09-28T00:25:18.769895+00:00,freq,0,0,2500.0,4250.0,2500.0,900.0,0,,,,
2026-09-28T00:25:18.769895+00:00,freq,1,0,550.0,550.0,1200.0,550.0,0,,,,
2026-09-28T00:25:18.769895+00:00,power,0,0,,,,,,536739458622,546368095762,4.465241837259083,
2026-09-28T00:25:19.773167+00:00,freq,0,0,2500.0,4250.0,2500.0,900.0,0,,,,
2026-09-28T00:25:19.773167+00:00,freq,1,0,550.0,550.0,1200.0,550.0,0,,,,
2026-09-28T00:25:19.773167+00:00,power,0,0,,,,,,536743935672,546369098813,4.463432068758219,
2026-09-28T00:25:20.766536+00:00,freq,0,0,2500.0,4250.0,2500.0,900.0,0,,,,
2026-09-28T00:25:20.766536+00:00,freq,1,0,550.0,550.0,1200.0,550.0,0,,,,
2026-09-28T00:25:20.766536+00:00,power,0,0,,,,,,536747896304,546370092174,3.987102372652037,
2026-09-28T00:25:21.780996+00:00,freq,0,0,2500.0,4250.0,2500.0,900.0,0,,,,
2026-09-28T00:25:21.780996+00:00,freq,1,0,550.0,550.0,1200.0,550.0,0,,,,
2026-09-28T00:25:21.780996+00:00,power,0,0,,,,,,536751916530,546371106819,3.9621995870476865,
2026-09-28T00:25:22.775644+00:00,freq,0,0,2500.0,4250.0,2500.0,900.0,0,,,,
2026-09-28T00:25:22.775644+00:00,freq,1,0,550.0,550.0,1200.0,550.0,0,,,,
2026-09-28T00:25:22.775644+00:00,power,0,0,,,,,,536756491359,546372101406,4.599727324004838,
2026-09-28T00:25:23.769717+00:00,freq,0,0,2500.0,4250.0,2500.0,900.0,0,,,,
2026-09-28T00:25:23.769717+00:00,freq,1,0,550.0,550.0,1200.0,550.0,0,,,,
2026-09-28T00:25:23.769717+00:00,power,0,0,,,,,,536761142017,546373095332,4.679078724170612,
2026-09-28T00:25:24.781156+00:00,freq,0,0,2500.0,4250.0,2500.0,900.0,0,,,,
2026-09-28T00:25:24.781156+00:00,freq,1,0,550.0,550.0,1200.0,550.0,0,,,,
2026-09-28T00:25:24.781156+00:00,power,0,0,,,,,,536763592151,546374107288,2.421186296637403,
2026-09-28T00:25:25.779042+00:00,freq,0,0,2500.0,4250.0,2500.0,900.0,0,,,,
2026-09-28T00:25:25.779042+00:00,freq,1,0,550.0,550.0,1200.0,550.0,0,,,,
2026-09-28T00:25:25.779042+00:00,power,0,0,,,,,,536763619457,546375104744,0.027375643637413582,
2026-09-28T00:25:26.777057+00:00,freq,0,0,2500.0,4250.0,2500.0,900.0,0,,,,
2026-09-28T00:25:26.777057+00:00,freq,1,0,550.0,550.0,1200.0,550.0,0,,,,
2026-09-28T00:25:26.777057+00:00,power,0,0,,,,,,536763619457,546376102740,0.0,
2026-09-28T00:25:27.777841+00:00,freq,0,0,2500.0,4250.0,2500.0,900.0,0,,,,
2026-09-28T00:25:27.777841+00:00,freq,1,0,550.0,550.0,1200.0,550.0,0,,,,
2026-09-28T00:25:27.777841+00:00,power,0,0,,,,,,536763619457,546377103707,0.0,
2026-09-28T00:25:28.775815+00:00,freq,0,0,2500.0,4250.0,2500.0,900.0,0,,,,
2026-09-28T00:25:28.775815+00:00,freq,1,0,550.0,550.0,1200.0,550.0,0,,,,
2026-09-28T00:25:28.775815+00:00,power,0,0,,,,,,536763619457,546378101649,0.0,
2026-09-28T00:25:29.773971+00:00,freq,0,0,2500.0,4250.0,2500.0,900.0,0,,,,
2026-09-28T00:25:29.773971+00:00,freq,1,0,550.0,550.0,1200.0,550.0,0,,,,
2026-09-28T00:25:29.773971+00:00,power,0,0,,,,,,536763619457,546379099892,0.0,
2026-09-28T00:25:30.771988+00:00,freq,0,0,2500.0,4250.0,2500.0,900.0,0,,,,
2026-09-28T00:25:30.771988+00:00,freq,1,0,550.0,550.0,1200.0,550.0,0,,,,
2026-09-28T00:25:30.771988+00:00,power,0,0,,,,,,536763619457,546380097605,0.0,
2026-09-28T00:25:31.787154+00:00,freq,0,0,2500.0,4250.0,2500.0,900.0,0,,,,
2026-09-28T00:25:31.787154+00:00,freq,1,0,550.0,550.0,1200.0,550.0,0,,,,
2026-09-28T00:25:31.787154+00:00,power,0,0,,,,,,536763619457,546381112864,0.0,
2026-09-28T00:25:32.783053+00:00,freq,0,0,900.0,900.0,2500.0,900.0,0,,,,
2026-09-28T00:25:32.783053+00:00,freq,1,0,550.0,550.0,1200.0,550.0,0,,,,
2026-09-28T00:25:32.783053+00:00,power,0,0,,,,,,536763620860,546382108584,0.0014090306511870807,
2026-09-28T00:25:33.779655+00:00,freq,0,0,900.0,900.0,2500.0,900.0,0,,,,
2026-09-28T00:25:33.779655+00:00,freq,1,0,550.0,550.0,1200.0,500.0,0,,,,
2026-09-28T00:25:33.779655+00:00,power,0,0,,,,,,536763621165,546383105194,0.00030603746701317466,
2026-09-28T00:25:34.764999+00:00,freq,0,0,900.0,900.0,2500.0,900.0,0,,,,
2026-09-28T00:25:34.764999+00:00,freq,1,0,500.0,500.0,1200.0,550.0,0,,,,
2026-09-28T00:25:34.764999+00:00,power,0,0,,,,,,536763621165,546384090801,0.0,
2026-09-28T00:25:35.767013+00:00,freq,0,0,900.0,900.0,2500.0,900.0,0,,,,
2026-09-28T00:25:35.767013+00:00,freq,1,0,550.0,550.0,1200.0,500.0,0,,,,
2026-09-28T00:25:35.767013+00:00,power,0,0,,,,,,536763621165,546385092452,0.0,
2026-09-28T00:25:36.774160+00:00,freq,0,0,900.0,900.0,2500.0,900.0,0,,,,
2026-09-28T00:25:36.774160+00:00,freq,1,0,550.0,550.0,1200.0,550.0,0,,,,
2026-09-28T00:25:36.774160+00:00,power,0,0,,,,,,536763625094,546386099683,0.0039007933631907674,
2026-09-28T00:25:37.761361+00:00,freq,0,0,900.0,900.0,2500.0,900.0,0,,,,
2026-09-28T00:25:37.761361+00:00,freq,1,0,550.0,550.0,1200.0,550.0,0,,,,
2026-09-28T00:25:37.761361+00:00,power,0,0,,,,,,536763625094,546387087492,0.0,
2026-09-28T00:25:38.769423+00:00,freq,0,0,900.0,900.0,2500.0,900.0,0,,,,
2026-09-28T00:25:38.769423+00:00,freq,1,0,550.0,550.0,1200.0,550.0,0,,,,
2026-09-28T00:25:38.769423+00:00,power,0,0,,,,,,536763625094,546388094877,0.0,
2026-09-28T00:25:39.782707+00:00,freq,0,0,900.0,900.0,2500.0,1000.0,0,,,,
2026-09-28T00:25:39.782707+00:00,freq,1,0,550.0,550.0,1200.0,500.0,0,,,,
2026-09-28T00:25:39.782707+00:00,power,0,0,,,,,,536763626460,546389108014,0.0013482875465016084,
2026-09-28T00:25:40.782735+00:00,freq,0,0,2500.0,4250.0,2500.0,1000.0,0,,,,
2026-09-28T00:25:40.782735+00:00,freq,1,0,550.0,550.0,1200.0,550.0,0,,,,
2026-09-28T00:25:40.782735+00:00,power,0,0,,,,,,536763631342,546390108213,0.004881028675293617,
2026-09-28T00:25:41.782621+00:00,freq,0,0,2500.0,4250.0,2500.0,900.0,0,,,,
2026-09-28T00:25:41.782621+00:00,freq,1,0,550.0,550.0,1200.0,550.0,0,,,,
2026-09-28T00:25:41.782621+00:00,power,0,0,,,,,,536763631342,546391107961,0.0,
2026-09-28T00:25:42.778631+00:00,freq,0,0,2500.0,4250.0,2500.0,900.0,0,,,,
2026-09-28T00:25:42.778631+00:00,freq,1,0,550.0,550.0,1200.0,550.0,0,,,,
2026-09-28T00:25:42.778631+00:00,power,0,0,,,,,,536766253740,546392103907,2.633072475816962,
2026-09-28T00:25:43.768523+00:00,freq,0,0,2500.0,4250.0,2500.0,900.0,0,,,,
2026-09-28T00:25:43.768523+00:00,freq,1,0,550.0,550.0,1200.0,550.0,0,,,,
2026-09-28T00:25:43.768523+00:00,power,0,0,,,,,,536770638871,546393093720,4.430262079806994,
2026-09-28T00:25:44.776560+00:00,freq,0,0,2500.0,4250.0,2500.0,900.0,0,,,,
2026-09-28T00:25:44.776560+00:00,freq,1,0,550.0,550.0,1200.0,550.0,0,,,,
2026-09-28T00:25:44.776560+00:00,power,0,0,,,,,,536775104592,546394101747,4.430160104838461,
2026-09-28T00:25:45.773022+00:00,freq,0,0,2500.0,4250.0,2500.0,900.0,0,,,,
2026-09-28T00:25:45.773022+00:00,freq,1,0,550.0,550.0,1200.0,550.0,0,,,,
2026-09-28T00:25:45.773022+00:00,power,0,0,,,,,,536779504128,546395098192,4.415232150294297,
2026-09-28T00:25:46.785262+00:00,freq,0,0,2500.0,4250.0,2500.0,900.0,0,,,,
2026-09-28T00:25:46.785262+00:00,freq,1,0,550.0,550.0,1200.0,550.0,0,,,,
2026-09-28T00:25:46.785262+00:00,power,0,0,,,,,,536784075233,546396110463,4.515692932031047,
2026-09-28T00:25:47.771175+00:00,freq,0,0,2500.0,4250.0,2500.0,900.0,0,,,,
2026-09-28T00:25:47.771175+00:00,freq,1,0,550.0,550.0,1200.0,550.0,0,,,,
2026-09-28T00:25:47.771175+00:00,power,0,0,,,,,,536788711608,546397096498,4.702038974275761,
2026-09-28T00:25:48.775290+00:00,freq,0,0,2500.0,4250.0,2500.0,900.0,0,,,,
2026-09-28T00:25:48.775290+00:00,freq,1,0,550.0,550.0,1200.0,550.0,0,,,,
2026-09-28T00:25:48.775290+00:00,power,0,0,,,,,,536793278929,546398100645,4.548458542424565,
2026-09-28T00:25:49.763977+00:00,freq,0,0,2500.0,4250.0,2500.0,900.0,0,,,,
2026-09-28T00:25:49.763977+00:00,freq,1,0,550.0,550.0,1200.0,550.0,0,,,,
2026-09-28T00:25:49.763977+00:00,power,0,0,,,,,,536793304258,546399089225,0.025621598656659045,
2026-09-28T00:25:50.768232+00:00,freq,0,0,2500.0,4250.0,2500.0,900.0,0,,,,
2026-09-28T00:25:50.768232+00:00,freq,1,0,550.0,550.0,1200.0,550.0,0,,,,
2026-09-28T00:25:50.768232+00:00,power,0,0,,,,,,536793331869,546400093340,0.027497846362219466,
2026-09-28T00:25:51.769737+00:00,freq,0,0,2500.0,4250.0,2500.0,900.0,0,,,,
2026-09-28T00:25:51.769737+00:00,freq,1,0,550.0,550.0,1200.0,550.0,0,,,,
2026-09-28T00:25:51.769737+00:00,power,0,0,,,,,,536793331869,546401094988,0.0,
2026-09-28T00:25:52.770064+00:00,freq,0,0,2500.0,4250.0,2500.0,900.0,0,,,,
2026-09-28T00:25:52.770064+00:00,freq,1,0,550.0,550.0,1200.0,550.0,0,,,,
2026-09-28T00:25:52.770064+00:00,power,0,0,,,,,,536793331869,546402095740,0.0,
2026-09-28T00:25:53.781679+00:00,freq,0,0,2500.0,4250.0,2500.0,900.0,0,,,,
2026-09-28T00:25:53.781679+00:00,freq,1,0,550.0,550.0,1200.0,550.0,0,,,,
2026-09-28T00:25:53.781679+00:00,power,0,0,,,,,,536793331869,546403107034,0.0,
2026-09-28T00:25:54.778521+00:00,freq,0,0,2500.0,4250.0,2500.0,900.0,0,,,,
2026-09-28T00:25:54.778521+00:00,freq,1,0,550.0,550.0,1200.0,550.0,0,,,,
2026-09-28T00:25:54.778521+00:00,power,0,0,,,,,,536793331869,546404103666,0.0,
2026-09-28T00:25:55.778575+00:00,freq,0,0,2500.0,4250.0,2500.0,900.0,0,,,,
2026-09-28T00:25:55.778575+00:00,freq,1,0,550.0,550.0,1200.0,550.0,0,,,,
2026-09-28T00:25:55.778575+00:00,power,0,0,,,,,,536793331869,546405103874,0.0,
2026-09-28T00:25:56.776963+00:00,freq,0,0,2500.0,4250.0,2500.0,900.0,0,,,,
2026-09-28T00:25:56.776963+00:00,freq,1,0,550.0,550.0,1200.0,550.0,0,,,,
2026-09-28T00:25:56.776963+00:00,power,0,0,,,,,,536793331869,546406102211,0.0,
2026-09-28T00:25:57.775910+00:00,freq,0,0,2500.0,4250.0,2500.0,900.0,0,,,,
2026-09-28T00:25:57.775910+00:00,freq,1,0,550.0,550.0,1200.0,550.0,0,,,,
2026-09-28T00:25:57.775910+00:00,power,0,0,,,,,,536793331869,546407101135,0.0,
2026-09-28T00:25:58.775948+00:00,freq,0,0,2500.0,4250.0,2500.0,900.0,0,,,,
2026-09-28T00:25:58.775948+00:00,freq,1,0,550.0,550.0,1200.0,550.0,0,,,,
2026-09-28T00:25:58.775948+00:00,power,0,0,,,,,,536793331930,546408101131,6.1000244000976005e-05,
2026-09-28T00:25:59.771816+00:00,freq,0,0,2500.0,4250.0,2500.0,900.0,0,,,,
2026-09-28T00:25:59.771816+00:00,freq,1,0,550.0,550.0,1200.0,550.0,0,,,,
2026-09-28T00:25:59.771816+00:00,power,0,0,,,,,,536793331930,546409097258,0.0,
2026-09-28T00:26:00.784174+00:00,freq,0,0,2500.0,4250.0,2500.0,900.0,0,,,,
2026-09-28T00:26:00.784174+00:00,freq,1,0,550.0,550.0,1200.0,550.0,0,,,,
2026-09-28T00:26:00.784174+00:00,power,0,0,,,,,,536793331930,546410109143,0.0,
2026-09-28T00:26:01.770399+00:00,freq,0,0,2500.0,4250.0,2500.0,900.0,0,,,,
2026-09-28T00:26:01.770399+00:00,freq,1,0,500.0,500.0,1200.0,550.0,0,,,,
2026-09-28T00:26:01.770399+00:00,power,0,0,,,,,,536793334455,546411095544,0.0025598108679938483,
2026-09-28T00:26:02.786213+00:00,freq,0,0,900.0,900.0,2500.0,900.0,0,,,,
2026-09-28T00:26:02.786213+00:00,freq,1,0,550.0,550.0,1200.0,550.0,0,,,,
2026-09-28T00:26:02.786213+00:00,power,0,0,,,,,,536793335797,546412111390,0.0013210663821090992,
2026-09-28T00:26:03.774112+00:00,freq,0,0,900.0,900.0,2500.0,900.0,0,,,,
2026-09-28T00:26:03.774112+00:00,freq,1,0,550.0,550.0,1200.0,550.0,0,,,,
2026-09-28T00:26:03.774112+00:00,power,0,0,,,,,,536793335797,546413099013,0.0,
2026-09-28T00:26:04.772706+00:00,freq,0,0,2500.0,4250.0,2500.0,900.0,0,,,,
2026-09-28T00:26:04.772706+00:00,freq,1,0,550.0,550.0,1200.0,550.0,0,,,,
2026-09-28T00:26:04.772706+00:00,power,0,0,,,,,,536793340642,546414097781,0.0048509764029284076,
2026-09-28T00:26:05.788150+00:00,freq,0,0,2500.0,4250.0,2500.0,900.0,0,,,,
2026-09-28T00:26:05.788150+00:00,freq,1,0,550.0,550.0,1200.0,550.0,0,,,,
2026-09-28T00:26:05.788150+00:00,power,0,0,,,,,,536793340642,546415113043,0.0,
2026-09-28T00:26:06.787264+00:00,freq,0,0,2500.0,4250.0,2500.0,900.0,0,,,,
2026-09-28T00:26:06.787264+00:00,freq,1,0,550.0,550.0,1200.0,550.0,0,,,,
2026-09-28T00:26:06.787264+00:00,power,0,0,,,,,,536793340642,546416112141,0.0,
2026-09-28T00:26:07.779752+00:00,freq,0,0,2500.0,4250.0,2500.0,900.0,0,,,,
2026-09-28T00:26:07.779752+00:00,freq,1,0,550.0,550.0,1200.0,550.0,0,,,,
2026-09-28T00:26:07.779752+00:00,power,0,0,,,,,,536797347111,546417104684,4.0365697002548,
2026-09-28T00:26:08.770195+00:00,freq,0,0,2500.0,4250.0,2500.0,900.0,0,,,,
2026-09-28T00:26:08.770195+00:00,freq,1,0,550.0,550.0,1200.0,550.0,0,,,,
2026-09-28T00:26:08.770195+00:00,power,0,0,,,,,,536801716458,546418094903,4.412505718431984,
2026-09-28T00:26:09.776343+00:00,freq,0,0,2500.0,4250.0,2500.0,900.0,0,,,,
2026-09-28T00:26:09.776343+00:00,freq,1,0,550.0,550.0,1200.0,550.0,0,,,,
2026-09-28T00:26:09.776343+00:00,power,0,0,,,,,,536806199368,546419101088,4.455353637750513,
2026-09-28T00:26:10.774327+00:00,freq,0,0,2500.0,4250.0,2500.0,900.0,0,,,,
2026-09-28T00:26:10.774327+00:00,freq,1,0,550.0,550.0,1200.0,550.0,0,,,,
2026-09-28T00:26:10.774327+00:00,power,0,0,,,,,,536810693287,546420099229,4.502288754795164,
2026-09-28T00:26:11.771136+00:00,freq,0,0,2500.0,4250.0,2500.0,900.0,0,,,,
2026-09-28T00:26:11.771136+00:00,freq,1,0,550.0,550.0,1200.0,550.0,0,,,,
2026-09-28T00:26:11.771136+00:00,power,0,0,,,,,,536815362415,546421096025,4.684135971653177,
2026-09-28T00:26:12.785333+00:00,freq,0,0,2500.0,4250.0,2500.0,900.0,0,,,,
2026-09-28T00:26:12.785333+00:00,freq,1,0,550.0,550.0,1200.0,550.0,0,,,,
2026-09-28T00:26:12.785333+00:00,power,0,0,,,,,,536820152782,546422110086,4.723943628637725,
2026-09-28T00:26:13.785803+00:00,freq,0,0,2500.0,4250.0,2500.0,900.0,0,,,,
2026-09-28T00:26:13.785803+00:00,freq,1,0,550.0,550.0,1200.0,550.0,0,,,,
2026-09-28T00:26:13.785803+00:00,power,0,0,,,,,,536820874156,546423110575,0.7210214205253631,
2026-09-28T00:26:14.777547+00:00,freq,0,0,2500.0,4250.0,2500.0,900.0,0,,,,
2026-09-28T00:26:14.777547+00:00,freq,1,0,550.0,550.0,1200.0,550.0,0,,,,
2026-09-28T00:26:14.777547+00:00,power,0,0,,,,,,536820874156,546424102535,0.0,
2026-09-28T00:26:15.771683+00:00,freq,0,0,2500.0,4250.0,2500.0,900.0,0,,,,
2026-09-28T00:26:15.771683+00:00,freq,1,0,550.0,550.0,1200.0,550.0,0,,,,
2026-09-28T00:26:15.771683+00:00,power,0,0,,,,,,536820874156,546425096475,0.0,
2026-09-28T00:26:16.786877+00:00,freq,0,0,2500.0,4250.0,2500.0,900.0,0,,,,
2026-09-28T00:26:16.786877+00:00,freq,1,0,550.0,550.0,1200.0,550.0,0,,,,
2026-09-28T00:26:16.786877+00:00,power,0,0,,,,,,536820874156,546426111869,0.0,
2026-09-28T00:26:17.785286+00:00,freq,0,0,2500.0,4250.0,2500.0,900.0,0,,,,
2026-09-28T00:26:17.785286+00:00,freq,1,0,550.0,550.0,1200.0,550.0,0,,,,
2026-09-28T00:26:17.785286+00:00,power,0,0,,,,,,536820874156,546427110167,0.0,
2026-09-28T00:26:18.785690+00:00,freq,0,0,2500.0,4250.0,2500.0,900.0,0,,,,
2026-09-28T00:26:18.785690+00:00,freq,1,0,550.0,550.0,1200.0,550.0,0,,,,
2026-09-28T00:26:18.785690+00:00,power,0,0,,,,,,536820875705,546428110417,0.0015486128467883029,
2026-09-28T00:26:19.784800+00:00,freq,0,0,2500.0,4250.0,2500.0,900.0,0,,,,
2026-09-28T00:26:19.784800+00:00,freq,1,0,550.0,550.0,1200.0,550.0,0,,,,
2026-09-28T00:26:19.784800+00:00,power,0,0,,,,,,536820875705,546429109431,0.0,
2026-09-28T00:26:20.782492+00:00,freq,0,0,2500.0,4250.0,2500.0,900.0,0,,,,
2026-09-28T00:26:20.782492+00:00,freq,1,0,550.0,550.0,1200.0,550.0,0,,,,
2026-09-28T00:26:20.782492+00:00,power,0,0,,,,,,536820876803,546430107205,0.0011004496008114061,
2026-09-28T00:26:21.782134+00:00,freq,0,0,2500.0,4250.0,2500.0,900.0,0,,,,
2026-09-28T00:26:21.782134+00:00,freq,1,0,550.0,550.0,1200.0,500.0,0,,,,
2026-09-28T00:26:21.782134+00:00,power,0,0,,,,,,536820876803,546431106940,0.0,
2026-09-28T00:26:22.781340+00:00,freq,0,0,2500.0,4250.0,2500.0,900.0,0,,,,
2026-09-28T00:26:22.781340+00:00,freq,1,0,500.0,500.0,1200.0,550.0,0,,,,
2026-09-28T00:26:22.781340+00:00,power,0,0,,,,,,536820876925,546432105917,0.00012212493380728485,
2026-09-28T00:26:23.773214+00:00,freq,0,0,2500.0,4250.0,2500.0,900.0,0,,,,
2026-09-28T00:26:23.773214+00:00,freq,1,0,550.0,550.0,1200.0,550.0,0,,,,
2026-09-28T00:26:23.773214+00:00,power,0,0,,,,,,536820876925,546433097760,0.0,
2026-09-28T00:26:24.777593+00:00,freq,0,0,2500.0,4250.0,2500.0,900.0,0,,,,
2026-09-28T00:26:24.777593+00:00,freq,1,0,550.0,550.0,1200.0,550.0,0,,,,
2026-09-28T00:26:24.777593+00:00,power,0,0,,,,,,536820878328,546434102339,0.0013966049459524835,
2026-09-28T00:26:25.762686+00:00,freq,0,0,2500.0,4250.0,2500.0,900.0,0,,,,
2026-09-28T00:26:25.762686+00:00,freq,1,0,550.0,550.0,1200.0,550.0,0,,,,
2026-09-28T00:26:25.762686+00:00,power,0,0,,,,,,536820878389,546435088004,6.188715232863092e-05,
2026-09-28T00:26:26.778404+00:00,freq,0,0,2500.0,4250.0,2500.0,900.0,0,,,,
2026-09-28T00:26:26.778404+00:00,freq,1,0,550.0,550.0,1200.0,550.0,0,,,,
2026-09-28T00:26:26.778404+00:00,power,0,0,,,,,,536820878389,546436102927,0.0,
2026-09-28T00:26:27.777819+00:00,freq,0,0,2500.0,4250.0,2500.0,1000.0,0,,,,
2026-09-28T00:26:27.777819+00:00,freq,1,0,550.0,550.0,1200.0,500.0,0,,,,
2026-09-28T00:26:27.777819+00:00,power,0,0,,,,,,536820890741,546437102370,0.01235888389833137,
2026-09-28T00:26:28.772559+00:00,freq,0,0,2500.0,4250.0,2500.0,900.0,0,,,,
2026-09-28T00:26:28.772559+00:00,freq,1,0,550.0,550.0,1200.0,550.0,0,,,,
2026-09-28T00:26:28.772559+00:00,power,0,0,,,,,,536820890741,546438097161,0.0,
2026-09-28T00:26:29.781655+00:00,freq,0,0,2500.0,4250.0,2500.0,900.0,0,,,,
2026-09-28T00:26:29.781655+00:00,freq,1,0,550.0,550.0,1200.0,550.0,0,,,,
2026-09-28T00:26:29.781655+00:00,power,0,0,,,,,,536822498735,546439106037,1.5938470139045828,
2026-09-28T00:26:30.770794+00:00,freq,0,0,2500.0,4250.0,2500.0,900.0,0,,,,
2026-09-28T00:26:30.770794+00:00,freq,1,0,550.0,550.0,1200.0,550.0,0,,,,
2026-09-28T00:26:30.770794+00:00,power,0,0,,,,,,536826896806,546440095081,4.4467900315860565,
2026-09-28T00:26:31.775608+00:00,freq,0,0,2500.0,4250.0,2500.0,900.0,0,,,,
2026-09-28T00:26:31.775608+00:00,freq,1,0,550.0,550.0,1200.0,550.0,0,,,,
2026-09-28T00:26:31.775608+00:00,power,0,0,,,,,,536831389627,546441099892,4.471309529851883,
2026-09-28T00:26:32.766510+00:00,freq,0,0,2500.0,4250.0,2500.0,900.0,0,,,,
2026-09-28T00:26:32.766510+00:00,freq,1,0,550.0,550.0,1200.0,550.0,0,,,,
2026-09-28T00:26:32.766510+00:00,power,0,0,,,,,,536835780580,546442090792,4.4312776264002425,
2026-09-28T00:26:33.780440+00:00,freq,0,0,2500.0,4250.0,2500.0,900.0,0,,,,
2026-09-28T00:26:33.780440+00:00,freq,1,0,550.0,550.0,1200.0,550.0,0,,,,
2026-09-28T00:26:33.780440+00:00,power,0,0,,,,,,536840285340,546443104795,4.4425509589222125,
2026-09-28T00:26:34.775339+00:00,freq,0,0,2500.0,4250.0,2500.0,900.0,0,,,,
2026-09-28T00:26:34.775339+00:00,freq,1,0,550.0,550.0,1200.0,550.0,0,,,,
2026-09-28T00:26:34.775339+00:00,power,0,0,,,,,,536844938866,546444099565,4.677991897624577,
2026-09-28T00:26:35.768850+00:00,freq,0,0,2500.0,4250.0,2500.0,900.0,0,,,,
2026-09-28T00:26:35.768850+00:00,freq,1,0,550.0,550.0,1200.0,550.0,0,,,,
2026-09-28T00:26:35.768850+00:00,power,0,0,,,,,,536849594200,546445093317,4.684603402056046,
2026-09-28T00:26:36.782974+00:00,freq,0,0,2500.0,4250.0,2500.0,900.0,0,,,,
2026-09-28T00:26:36.782974+00:00,freq,1,0,550.0,550.0,1200.0,550.0,0,,,,
2026-09-28T00:26:36.782974+00:00,power,0,0,,,,,,536850356796,546446107290,0.7520870871315114,
2026-09-28T00:26:37.781759+00:00,freq,0,0,2500.0,4250.0,2500.0,900.0,0,,,,
2026-09-28T00:26:37.781759+00:00,freq,1,0,550.0,550.0,1200.0,550.0,0,,,,
2026-09-28T00:26:37.781759+00:00,power,0,0,,,,,,536850356796,546447106142,0.0,
2026-09-28T00:26:38.780872+00:00,freq,0,0,2500.0,4250.0,2500.0,900.0,0,,,,
2026-09-28T00:26:38.780872+00:00,freq,1,0,550.0,550.0,1200.0,550.0,0,,,,
2026-09-28T00:26:38.780872+00:00,power,0,0,,,,,,536850356796,546448105339,0.0,
2026-09-28T00:26:39.776813+00:00,freq,0,0,2500.0,4250.0,2500.0,900.0,0,,,,
2026-09-28T00:26:39.776813+00:00,freq,1,0,550.0,550.0,1200.0,550.0,0,,,,
2026-09-28T00:26:39.776813+00:00,power,0,0,,,,,,536850356796,546449101309,0.0,
2026-09-28T00:26:40.776514+00:00,freq,0,0,2500.0,4250.0,2500.0,900.0,0,,,,
2026-09-28T00:26:40.776514+00:00,freq,1,0,550.0,550.0,1200.0,550.0,0,,,,
2026-09-28T00:26:40.776514+00:00,power,0,0,,,,,,536850357040,546450100951,0.0002440873832832154,
2026-09-28T00:26:41.772449+00:00,freq,0,0,2500.0,4250.0,2500.0,900.0,0,,,,
2026-09-28T00:26:41.772449+00:00,freq,1,0,550.0,550.0,1200.0,550.0,0,,,,
2026-09-28T00:26:41.772449+00:00,power,0,0,,,,,,536850357040,546451096660,0.0,
2026-09-28T00:26:42.773961+00:00,freq,0,0,2500.0,4250.0,2500.0,900.0,0,,,,
2026-09-28T00:26:42.773961+00:00,freq,1,0,550.0,550.0,1200.0,550.0,0,,,,
2026-09-28T00:26:42.773961+00:00,power,0,0,,,,,,536850357040,546452098142,0.0,
2026-09-28T00:26:43.787045+00:00,freq,0,0,2500.0,4250.0,2500.0,900.0,0,,,,
2026-09-28T00:26:43.787045+00:00,freq,1,0,550.0,550.0,1200.0,550.0,0,,,,
2026-09-28T00:26:43.787045+00:00,power,0,0,,,,,,536850357040,546453111325,0.0,
2026-09-28T00:26:44.782940+00:00,freq,0,0,2500.0,4250.0,2500.0,900.0,0,,,,
2026-09-28T00:26:44.782940+00:00,freq,1,0,550.0,550.0,1200.0,550.0,0,,,,
2026-09-28T00:26:44.782940+00:00,power,0,0,,,,,,536850357040,546454107088,0.0,
2026-09-28T00:26:45.780329+00:00,freq,0,0,2500.0,4250.0,2500.0,900.0,0,,,,
2026-09-28T00:26:45.780329+00:00,freq,1,0,550.0,550.0,1200.0,550.0,0,,,,
2026-09-28T00:26:45.780329+00:00,power,0,0,,,,,,536850357040,546455104499,0.0,
2026-09-28T00:26:46.779906+00:00,freq,0,0,2500.0,4250.0,2500.0,900.0,0,,,,
2026-09-28T00:26:46.779906+00:00,freq,1,0,550.0,550.0,1200.0,550.0,0,,,,
2026-09-28T00:26:46.779906+00:00,power,0,0,,,,,,536850357040,546456104121,0.0,
2026-09-28T00:26:47.768049+00:00,freq,0,0,2500.0,4250.0,2500.0,900.0,0,,,,
2026-09-28T00:26:47.768049+00:00,freq,1,0,550.0,550.0,1200.0,550.0,0,,,,
2026-09-28T00:26:47.768049+00:00,power,0,0,,,,,,536850357040,546457092320,0.0,
2026-09-28T00:26:48.772280+00:00,freq,0,0,2500.0,4250.0,2500.0,900.0,0,,,,
2026-09-28T00:26:48.772280+00:00,freq,1,0,550.0,550.0,1200.0,550.0,0,,,,
2026-09-28T00:26:48.772280+00:00,power,0,0,,,,,,536850364753,546458096533,0.007680641457539387,
2026-09-28T00:26:49.773741+00:00,freq,0,0,2500.0,4250.0,2500.0,900.0,0,,,,
2026-09-28T00:26:49.773741+00:00,freq,1,0,550.0,550.0,1200.0,550.0,0,,,,
2026-09-28T00:26:49.773741+00:00,power,0,0,,,,,,536850364753,546459098014,0.0,
2026-09-28T00:26:50.785483+00:00,freq,0,0,2500.0,4250.0,2500.0,1000.0,0,,,,
2026-09-28T00:26:50.785483+00:00,freq,1,0,550.0,550.0,1200.0,550.0,0,,,,
2026-09-28T00:26:50.785483+00:00,power,0,0,,,,,,536850366424,546460109645,0.0016517880531537685,
2026-09-28T00:26:51.782293+00:00,freq,0,0,2500.0,4250.0,2500.0,900.0,0,,,,
2026-09-28T00:26:51.782293+00:00,freq,1,0,550.0,550.0,1200.0,550.0,0,,,,
2026-09-28T00:26:51.782293+00:00,power,0,0,,,,,,536850366424,546461106338,0.0,
2026-09-28T00:26:52.768945+00:00,freq,0,0,900.0,900.0,2500.0,900.0,0,,,,
2026-09-28T00:26:52.768945+00:00,freq,1,0,550.0,550.0,1200.0,550.0,0,,,,
2026-09-28T00:26:52.768945+00:00,power,0,0,,,,,,536850366790,546462093000,0.00037094770042831284,
2026-09-28T00:26:53.783803+00:00,freq,0,0,2500.0,4250.0,2500.0,900.0,0,,,,
2026-09-28T00:26:53.783803+00:00,freq,1,0,550.0,550.0,1200.0,550.0,0,,,,
2026-09-28T00:26:53.783803+00:00,power,0,0,,,,,,536853938712,546463107611,3.520484205276702,
2026-09-28T00:26:54.772917+00:00,freq,0,0,2500.0,4250.0,2500.0,900.0,0,,,,
2026-09-28T00:26:54.772917+00:00,freq,1,0,550.0,550.0,1200.0,550.0,0,,,,
2026-09-28T00:26:54.772917+00:00,power,0,0,,,,,,536858301528,546464096774,4.4106138219888935,
2026-09-28T00:26:55.773673+00:00,freq,0,0,2500.0,4250.0,2500.0,900.0,0,,,,
2026-09-28T00:26:55.773673+00:00,freq,1,0,550.0,550.0,1200.0,550.0,0,,,,
2026-09-28T00:26:55.773673+00:00,power,0,0,,,,,,536862741652,546465097442,4.437159977135273,
2026-09-28T00:26:56.780820+00:00,freq,0,0,2500.0,4250.0,2500.0,900.0,0,,,,
2026-09-28T00:26:56.780820+00:00,freq,1,0,550.0,550.0,1200.0,550.0,0,,,,
2026-09-28T00:26:56.780820+00:00,power,0,0,,,,,,536867289588,546466104843,4.514524007818138,
2026-09-28T00:26:57.777577+00:00,freq,0,0,2500.0,4250.0,2500.0,900.0,0,,,,
2026-09-28T00:26:57.777577+00:00,freq,1,0,550.0,550.0,1200.0,550.0,0,,,,
2026-09-28T00:26:57.777577+00:00,power,0,0,,,,,,536871945288,546467101463,4.671489634966186,
2026-09-28T00:26:58.771772+00:00,freq,0,0,2500.0,4250.0,2500.0,900.0,0,,,,
2026-09-28T00:26:58.771772+00:00,freq,1,0,550.0,550.0,1200.0,550.0,0,,,,
2026-09-28T00:26:58.771772+00:00,power,0,0,,,,,,536876607787,546468095625,4.689878510745734,
2026-09-28T00:26:59.784199+00:00,freq,0,0,2500.0,4250.0,2500.0,900.0,0,,,,
2026-09-28T00:26:59.784199+00:00,freq,1,0,550.0,550.0,1200.0,550.0,0,,,,
2026-09-28T00:26:59.784199+00:00,power,0,0,,,,,,536878584227,546469108147,1.9519970924088563,
2026-09-28T00:27:00.784384+00:00,freq,0,0,2500.0,4250.0,2500.0,900.0,0,,,,
2026-09-28T00:27:00.784384+00:00,freq,1,0,550.0,550.0,1200.0,550.0,0,,,,
2026-09-28T00:27:00.784384+00:00,power,0,0,,,,,,536878611655,546470108198,0.02742660124333659,
2026-09-28T00:27:01.782288+00:00,freq,0,0,2500.0,4250.0,2500.0,900.0,0,,,,
2026-09-28T00:27:01.782288+00:00,freq,1,0,550.0,550.0,1200.0,550.0,0,,,,
2026-09-28T00:27:01.782288+00:00,power,0,0,,,,,,536878611655,546471106085,0.0,
2026-09-28T00:27:02.782757+00:00,freq,0,0,900.0,900.0,2500.0,900.0,0,,,,
2026-09-28T00:27:02.782757+00:00,freq,1,0,550.0,550.0,1200.0,550.0,0,,,,
2026-09-28T00:27:02.782757+00:00,power,0,0,,,,,,536878612875,546472106671,0.001219285498697763,
2026-09-28T00:27:03.776088+00:00,freq,0,0,900.0,900.0,2500.0,900.0,0,,,,
2026-09-28T00:27:03.776088+00:00,freq,1,0,550.0,550.0,1200.0,500.0,0,,,,
2026-09-28T00:27:03.776088+00:00,power,0,0,,,,,,536878614851,546473100042,0.0019891863160893565,
2026-09-28T00:27:04.766191+00:00,freq,0,0,900.0,900.0,2500.0,900.0,0,,,,
2026-09-28T00:27:04.766191+00:00,freq,1,0,500.0,500.0,1200.0,550.0,0,,,,
2026-09-28T00:27:04.766191+00:00,power,0,0,,,,,,536878615156,546474090108,0.0003080602707294261,
2026-09-28T00:27:05.778956+00:00,freq,0,0,900.0,900.0,2500.0,900.0,0,,,,
2026-09-28T00:27:05.778956+00:00,freq,1,0,550.0,550.0,1200.0,550.0,0,,,,
2026-09-28T00:27:05.778956+00:00,power,0,0,,,,,,536878615156,546475102685,0.0,
2026-09-28T00:27:06.766325+00:00,freq,0,0,900.0,900.0,2500.0,900.0,0,,,,
2026-09-28T00:27:06.766325+00:00,freq,1,0,550.0,550.0,1200.0,550.0,0,,,,
2026-09-28T00:27:06.766325+00:00,power,0,0,,,,,,536878615339,546476090019,0.0001853476128645423,
2026-09-28T00:27:07.781258+00:00,freq,0,0,900.0,900.0,2500.0,900.0,0,,,,
2026-09-28T00:27:07.781258+00:00,freq,1,0,550.0,550.0,1200.0,550.0,0,,,,
2026-09-28T00:27:07.781258+00:00,power,0,0,,,,,,536878616522,546477104957,0.001165588439884998,
2026-09-28T00:27:08.780073+00:00,freq,0,0,900.0,900.0,2500.0,900.0,0,,,,
2026-09-28T00:27:08.780073+00:00,freq,1,0,550.0,550.0,1200.0,550.0,0,,,,
2026-09-28T00:27:08.780073+00:00,power,0,0,,,,,,536878616522,546478103752,0.0,
2026-09-28T00:27:09.766360+00:00,freq,0,0,900.0,900.0,2500.0,900.0,0,,,,
2026-09-28T00:27:09.766360+00:00,freq,1,0,550.0,550.0,1200.0,550.0,0,,,,
2026-09-28T00:27:09.766360+00:00,power,0,0,,,,,,536878616766,546479090036,0.0002473932457588281,
2026-09-28T00:27:10.781022+00:00,freq,0,0,900.0,900.0,2500.0,900.0,0,,,,
2026-09-28T00:27:10.781022+00:00,freq,1,0,550.0,550.0,1200.0,550.0,0,,,,
2026-09-28T00:27:10.781022+00:00,power,0,0,,,,,,536878616766,546480104755,0.0,
2026-09-28T00:27:11.766059+00:00,freq,0,0,900.0,900.0,2500.0,900.0,0,,,,
2026-09-28T00:27:11.766059+00:00,freq,1,0,550.0,550.0,1200.0,550.0,0,,,,
2026-09-28T00:27:11.766059+00:00,power,0,0,,,,,,536878616766,546481090315,0.0,
2026-09-28T00:27:12.774875+00:00,freq,0,0,900.0,900.0,2500.0,900.0,0,,,,
2026-09-28T00:27:12.774875+00:00,freq,1,0,550.0,550.0,1200.0,550.0,0,,,,
2026-09-28T00:27:12.774875+00:00,power,0,0,,,,,,536878621428,546482098490,0.004624197187988196,
2026-09-28T00:27:13.775953+00:00,freq,0,0,900.0,900.0,2500.0,900.0,0,,,,
2026-09-28T00:27:13.775953+00:00,freq,1,0,550.0,550.0,1200.0,550.0,0,,,,
2026-09-28T00:27:13.775953+00:00,power,0,0,,,,,,536878621428,546483099552,0.0,
2026-09-28T00:27:14.767914+00:00,freq,0,0,900.0,900.0,2500.0,900.0,0,,,,
2026-09-28T00:27:14.767914+00:00,freq,1,0,550.0,550.0,1200.0,550.0,0,,,,
2026-09-28T00:27:14.767914+00:00,power,0,0,,,,,,536878621428,546484091397,0.0,
2026-09-28T00:27:15.782550+00:00,freq,0,0,2500.0,4250.0,2500.0,1000.0,0,,,,
2026-09-28T00:27:15.782550+00:00,freq,1,0,550.0,550.0,1200.0,550.0,0,,,,
2026-09-28T00:27:15.782550+00:00,power,0,0,,,,,,536878622587,546485106200,0.001142093588607838,
2026-09-28T00:27:16.768337+00:00,freq,0,0,2500.0,4250.0,2500.0,950.0,0,,,,
2026-09-28T00:27:16.768337+00:00,freq,1,0,550.0,550.0,1200.0,550.0,0,,,,
2026-09-28T00:27:16.768337+00:00,power,0,0,,,,,,536878622587,546486091963,0.0,
2026-09-28T00:27:17.776694+00:00,freq,0,0,2500.0,4250.0,2500.0,900.0,0,,,,
2026-09-28T00:27:17.776694+00:00,freq,1,0,550.0,550.0,1200.0,550.0,0,,,,
2026-09-28T00:27:17.776694+00:00,power,0,0,,,,,,536879450712,546487100424,0.8211770212234286,
2026-09-28T00:27:18.769333+00:00,freq,0,0,2500.0,4250.0,2500.0,900.0,0,,,,
2026-09-28T00:27:18.769333+00:00,freq,1,0,550.0,550.0,1200.0,550.0,0,,,,
2026-09-28T00:27:18.769333+00:00,power,0,0,,,,,,536883835623,546488092757,4.418789861870965,
2026-09-28T00:27:19.775930+00:00,freq,0,0,2500.0,4250.0,2500.0,900.0,0,,,,
2026-09-28T00:27:19.775930+00:00,freq,1,0,550.0,550.0,1200.0,550.0,0,,,,
2026-09-28T00:27:19.775930+00:00,power,0,0,,,,,,536888277090,546489099249,4.412818979187117,
2026-09-28T00:27:20.766606+00:00,freq,0,0,2500.0,4250.0,2500.0,900.0,0,,,,
2026-09-28T00:27:20.766606+00:00,freq,1,0,550.0,550.0,1200.0,550.0,0,,,,
2026-09-28T00:27:20.766606+00:00,power,0,0,,,,,,536892656996,546490090066,4.420499446416442,
2026-09-28T00:27:21.779182+00:00,freq,0,0,2500.0,4250.0,2500.0,900.0,0,,,,
2026-09-28T00:27:21.779182+00:00,freq,1,0,550.0,550.0,1200.0,550.0,0,,,,
2026-09-28T00:27:21.779182+00:00,power,0,0,,,,,,536897169836,546491102567,4.457121523830594,
2026-09-28T00:27:22.776589+00:00,freq,0,0,2500.0,4250.0,2500.0,900.0,0,,,,
2026-09-28T00:27:22.776589+00:00,freq,1,0,550.0,550.0,1200.0,550.0,0,,,,
2026-09-28T00:27:22.776589+00:00,power,0,0,,,,,,536901791234,546492099847,4.634002486763998,
2026-09-28T00:27:23.774604+00:00,freq,0,0,2500.0,4250.0,2500.0,900.0,0,,,,
2026-09-28T00:27:23.774604+00:00,freq,1,0,550.0,550.0,1200.0,550.0,0,,,,
2026-09-28T00:27:23.774604+00:00,power,0,0,,,,,,536906477109,546493097993,4.694578749000647,
2026-09-28T00:27:24.784155+00:00,freq,0,0,2500.0,4250.0,2500.0,900.0,0,,,,
2026-09-28T00:27:24.784155+00:00,freq,1,0,550.0,550.0,1200.0,550.0,0,,,,
2026-09-28T00:27:24.784155+00:00,power,0,0,,,,,,536908503232,546494107576,2.0068909638930132,
2026-09-28T00:27:25.778472+00:00,freq,0,0,2500.0,4250.0,2500.0,900.0,0,,,,
2026-09-28T00:27:25.778472+00:00,freq,1,0,550.0,550.0,1200.0,550.0,0,,,,
2026-09-28T00:27:25.778472+00:00,power,0,0,,,,,,536908503232,546495101824,0.0,
2026-09-28T00:27:26.776268+00:00,freq,0,0,2500.0,4250.0,2500.0,900.0,0,,,,
2026-09-28T00:27:26.776268+00:00,freq,1,0,550.0,550.0,1200.0,550.0,0,,,,
2026-09-28T00:27:26.776268+00:00,power,0,0,,,,,,536908503232,546496099599,0.0,
2026-09-28T00:27:27.776060+00:00,freq,0,0,2500.0,4250.0,2500.0,900.0,0,,,,
2026-09-28T00:27:27.776060+00:00,freq,1,0,550.0,550.0,1200.0,550.0,0,,,,
2026-09-28T00:27:27.776060+00:00,power,0,0,,,,,,536908503232,546497099509,0.0,
2026-09-28T00:27:28.775508+00:00,freq,0,0,2500.0,4250.0,2500.0,900.0,0,,,,
2026-09-28T00:27:28.775508+00:00,freq,1,0,550.0,550.0,1200.0,550.0,0,,,,
2026-09-28T00:27:28.775508+00:00,power,0,0,,,,,,536908503232,546498099109,0.0,
2026-09-28T00:27:29.774436+00:00,freq,0,0,2500.0,4250.0,2500.0,900.0,0,,,,
2026-09-28T00:27:29.774436+00:00,freq,1,0,550.0,550.0,1200.0,550.0,0,,,,
2026-09-28T00:27:29.774436+00:00,power,0,0,,,,,,536908503232,546499097749,0.0,
2026-09-28T00:27:30.788264+00:00,freq,0,0,2500.0,4250.0,2500.0,900.0,0,,,,
2026-09-28T00:27:30.788264+00:00,freq,1,0,550.0,550.0,1200.0,500.0,0,,,,
2026-09-28T00:27:30.788264+00:00,power,0,0,,,,,,536908503232,546500111504,0.0,
2026-09-28T00:27:31.787649+00:00,freq,0,0,2500.0,4250.0,2500.0,950.0,0,,,,
2026-09-28T00:27:31.787649+00:00,freq,1,0,500.0,500.0,1200.0,550.0,0,,,,
2026-09-28T00:27:31.787649+00:00,power,0,0,,,,,,536908503232,546501110976,0.0,
2026-09-28T00:27:32.784554+00:00,freq,0,0,900.0,900.0,2500.0,900.0,0,,,,
2026-09-28T00:27:32.784554+00:00,freq,1,0,550.0,550.0,1200.0,550.0,0,,,,
2026-09-28T00:27:32.784554+00:00,power,0,0,,,,,,536908504598,546502107768,0.001370396231109399,
2026-09-28T00:27:33.783825+00:00,freq,0,0,900.0,900.0,2500.0,900.0,0,,,,
2026-09-28T00:27:33.783825+00:00,freq,1,0,550.0,550.0,1200.0,550.0,0,,,,
2026-09-28T00:27:33.783825+00:00,power,0,0,,,,,,536908504598,546503107011,0.0,
2026-09-28T00:27:34.780555+00:00,freq,0,0,900.0,900.0,2500.0,900.0,0,,,,
2026-09-28T00:27:34.780555+00:00,freq,1,0,550.0,550.0,1200.0,550.0,0,,,,
2026-09-28T00:27:34.780555+00:00,power,0,0,,,,,,536908504598,546504103696,0.0,
2026-09-28T00:27:35.773686+00:00,freq,0,0,900.0,900.0,2500.0,900.0,0,,,,
2026-09-28T00:27:35.773686+00:00,freq,1,0,550.0,550.0,1200.0,550.0,0,,,,
2026-09-28T00:27:35.773686+00:00,power,0,0,,,,,,536908504598,546505096749,0.0,
2026-09-28T00:27:36.780312+00:00,freq,0,0,900.0,900.0,2500.0,900.0,0,,,,
2026-09-28T00:27:36.780312+00:00,freq,1,0,550.0,550.0,1200.0,550.0,0,,,,
2026-09-28T00:27:36.780312+00:00,power,0,0,,,,,,536908505940,546506103472,0.0013330379856226588,
2026-09-28T00:27:37.776889+00:00,freq,0,0,900.0,900.0,2500.0,900.0,0,,,,
2026-09-28T00:27:37.776889+00:00,freq,1,0,550.0,550.0,1200.0,550.0,0,,,,
2026-09-28T00:27:37.776889+00:00,power,0,0,,,,,,536908506184,546507099958,0.00024486043958470063,
2026-09-28T00:27:38.771889+00:00,freq,0,0,2500.0,4250.0,2500.0,1000.0,0,,,,
2026-09-28T00:27:38.771889+00:00,freq,1,0,550.0,550.0,1200.0,550.0,0,,,,
2026-09-28T00:27:38.771889+00:00,power,0,0,,,,,,536908511188,546508095143,0.0050282108351713505,
2026-09-28T00:27:39.785302+00:00,freq,0,0,2500.0,4250.0,2500.0,1000.0,0,,,,
2026-09-28T00:27:39.785302+00:00,freq,1,0,550.0,550.0,1200.0,550.0,0,,,,
2026-09-28T00:27:39.785302+00:00,power,0,0,,,,,,536908511188,546509108448,0.0,
2026-09-28T00:27:40.783126+00:00,freq,0,0,2500.0,4250.0,2500.0,900.0,0,,,,
2026-09-28T00:27:40.783126+00:00,freq,1,0,550.0,550.0,1200.0,550.0,0,,,,
2026-09-28T00:27:40.783126+00:00,power,0,0,,,,,,536908511188,546510106375,0.0,
2026-09-28T00:27:41.775935+00:00,freq,0,0,2500.0,4250.0,2500.0,900.0,0,,,,
2026-09-28T00:27:41.775935+00:00,freq,1,0,550.0,550.0,1200.0,550.0,0,,,,
2026-09-28T00:27:41.775935+00:00,power,0,0,,,,,,536911490825,546511098842,3.002252971635329,
2026-09-28T00:27:42.764261+00:00,freq,0,0,2500.0,4250.0,2500.0,900.0,0,,,,
2026-09-28T00:27:42.764261+00:00,freq,1,0,550.0,550.0,1200.0,550.0,0,,,,
2026-09-28T00:27:42.764261+00:00,power,0,0,,,,,,536915863078,546512087101,4.42419750288133,
2026-09-28T00:27:43.767472+00:00,freq,0,0,2500.0,4250.0,2500.0,900.0,0,,,,
2026-09-28T00:27:43.767472+00:00,freq,1,0,550.0,550.0,1200.0,550.0,0,,,,
2026-09-28T00:27:43.767472+00:00,power,0,0,,,,,,536920339847,546513090273,4.462613589693492,
2026-09-28T00:27:44.777189+00:00,freq,0,0,2500.0,4250.0,2500.0,900.0,0,,,,
2026-09-28T00:27:44.777189+00:00,freq,1,0,550.0,550.0,1200.0,550.0,0,,,,
2026-09-28T00:27:44.777189+00:00,power,0,0,,,,,,536924805240,546514100182,4.421579568060093,
2026-09-28T00:27:45.762302+00:00,freq,0,0,2500.0,4250.0,2500.0,900.0,0,,,,
2026-09-28T00:27:45.762302+00:00,freq,1,0,550.0,550.0,1200.0,550.0,0,,,,
2026-09-28T00:27:45.762302+00:00,power,0,0,,,,,,536929357143,546515085793,4.618356532140976,
2026-09-28T00:27:46.772171+00:00,freq,0,0,2500.0,4250.0,2500.0,900.0,0,,,,
2026-09-28T00:27:46.772171+00:00,freq,1,0,550.0,550.0,1200.0,550.0,0,,,,
2026-09-28T00:27:46.772171+00:00,power,0,0,,,,,,536934086268,546516095068,4.685665452924129,
2026-09-28T00:27:47.785237+00:00,freq,0,0,2500.0,4250.0,2500.0,900.0,0,,,,
2026-09-28T00:27:47.785237+00:00,freq,1,0,550.0,550.0,1200.0,550.0,0,,,,
2026-09-28T00:27:47.785237+00:00,power,0,0,,,,,,536936863635,546517108173,2.741440423253266,
2026-09-28T00:27:48.784407+00:00,freq,0,0,2500.0,4250.0,2500.0,900.0,0,,,,
2026-09-28T00:27:48.784407+00:00,freq,1,0,550.0,550.0,1200.0,550.0,0,,,,
2026-09-28T00:27:48.784407+00:00,power,0,0,,,,,,536936889758,546518107513,0.026140252566694017,
2026-09-28T00:27:49.782469+00:00,freq,0,0,2500.0,4250.0,2500.0,900.0,0,,,,
2026-09-28T00:27:49.782469+00:00,freq,1,0,550.0,550.0,1200.0,550.0,0,,,,
2026-09-28T00:27:49.782469+00:00,power,0,0,,,,,,536936889758,546519105366,0.0,
2026-09-28T00:27:50.782058+00:00,freq,0,0,2500.0,4250.0,2500.0,900.0,0,,,,
2026-09-28T00:27:50.782058+00:00,freq,1,0,550.0,550.0,1200.0,550.0,0,,,,
2026-09-28T00:27:50.782058+00:00,power,0,0,,,,,,536936889819,546520105153,6.1012995768098604e-05,
2026-09-28T00:27:51.780463+00:00,freq,0,0,2500.0,4250.0,2500.0,900.0,0,,,,
2026-09-28T00:27:51.780463+00:00,freq,1,0,550.0,550.0,1200.0,550.0,0,,,,
2026-09-28T00:27:51.780463+00:00,power,0,0,,,,,,536936889819,546521103607,0.0,
2026-09-28T00:27:52.775106+00:00,freq,0,0,2500.0,4250.0,2500.0,900.0,0,,,,
2026-09-28T00:27:52.775106+00:00,freq,1,0,550.0,550.0,1200.0,550.0,0,,,,
2026-09-28T00:27:52.775106+00:00,power,0,0,,,,,,536936889819,546522098242,0.0,
2026-09-28T00:27:53.787951+00:00,freq,0,0,2500.0,4250.0,2500.0,900.0,0,,,,
2026-09-28T00:27:53.787951+00:00,freq,1,0,550.0,550.0,1200.0,550.0,0,,,,
2026-09-28T00:27:53.787951+00:00,power,0,0,,,,,,536936889819,546523110750,0.0,
2026-09-28T00:27:54.773642+00:00,freq,0,0,2500.0,4250.0,2500.0,900.0,0,,,,
2026-09-28T00:27:54.773642+00:00,freq,1,0,550.0,550.0,1200.0,550.0,0,,,,
2026-09-28T00:27:54.773642+00:00,power,0,0,,,,,,536936889819,546524096480,0.0,
2026-09-28T00:27:55.774246+00:00,freq,0,0,2500.0,4250.0,2500.0,900.0,0,,,,
2026-09-28T00:27:55.774246+00:00,freq,1,0,550.0,550.0,1200.0,550.0,0,,,,
2026-09-28T00:27:55.774246+00:00,power,0,0,,,,,,536936889819,546525097289,0.0,
2026-09-28T00:27:56.787900+00:00,freq,0,0,2500.0,4250.0,2500.0,900.0,0,,,,
2026-09-28T00:27:56.787900+00:00,freq,1,0,550.0,550.0,1200.0,550.0,0,,,,
2026-09-28T00:27:56.787900+00:00,power,0,0,,,,,,536936889819,546526110702,0.0,
2026-09-28T00:27:57.777394+00:00,freq,0,0,2500.0,4250.0,2500.0,900.0,0,,,,
2026-09-28T00:27:57.777394+00:00,freq,1,0,550.0,550.0,1200.0,550.0,0,,,,
2026-09-28T00:27:57.777394+00:00,power,0,0,,,,,,536936889880,546527100072,6.165539686871444e-05,
2026-09-28T00:27:58.763015+00:00,freq,0,0,2500.0,4250.0,2500.0,900.0,0,,,,
2026-09-28T00:27:58.763015+00:00,freq,1,0,550.0,550.0,1200.0,550.0,0,,,,
2026-09-28T00:27:58.763015+00:00,power,0,0,,,,,,536936894786,546528085760,0.004977234175520043,
2026-09-28T00:27:59.765251+00:00,freq,0,0,2500.0,4250.0,2500.0,900.0,0,,,,
2026-09-28T00:27:59.765251+00:00,freq,1,0,550.0,550.0,1200.0,550.0,0,,,,
2026-09-28T00:27:59.765251+00:00,power,0,0,,,,,,536936894786,546529088061,0.0,
2026-09-28T00:28:00.766008+00:00,freq,0,0,2500.0,4250.0,2500.0,900.0,0,,,,
2026-09-28T00:28:00.766008+00:00,freq,1,0,550.0,550.0,1200.0,550.0,0,,,,
2026-09-28T00:28:00.766008+00:00,power,0,0,,,,,,536936894786,546530089321,0.0,
2026-09-28T00:28:01.781197+00:00,freq,0,0,2500.0,4250.0,2500.0,1000.0,0,,,,
2026-09-28T00:28:01.781197+00:00,freq,1,0,550.0,550.0,1200.0,550.0,0,,,,
2026-09-28T00:28:01.781197+00:00,power,0,0,,,,,,536936901988,546531103856,0.007098818670622502,
2026-09-28T00:28:02.782205+00:00,freq,0,0,1000.0,1000.0,2500.0,900.0,0,,,,
2026-09-28T00:28:02.782205+00:00,freq,1,0,550.0,550.0,1200.0,550.0,0,,,,
2026-09-28T00:28:02.782205+00:00,power,0,0,,,,,,536936905429,546532104957,0.0034372156255962185,
2026-09-28T00:28:03.774693+00:00,freq,0,0,2500.0,4250.0,2500.0,900.0,0,,,,
2026-09-28T00:28:03.774693+00:00,freq,1,0,550.0,550.0,1200.0,550.0,0,,,,
2026-09-28T00:28:03.774693+00:00,power,0,0,,,,,,536937706454,546533097293,0.8072114686960868,
2026-09-28T00:28:04.779479+00:00,freq,0,0,2500.0,4250.0,2500.0,900.0,0,,,,
2026-09-28T00:28:04.779479+00:00,freq,1,0,550.0,550.0,1200.0,550.0,0,,,,
2026-09-28T00:28:04.779479+00:00,power,0,0,,,,,,536942175020,546534101865,4.448228698390957,
2026-09-28T00:28:05.771463+00:00,freq,0,0,2500.0,4250.0,2500.0,900.0,0,,,,
2026-09-28T00:28:05.771463+00:00,freq,1,0,550.0,550.0,1200.0,550.0,0,,,,
2026-09-28T00:28:05.771463+00:00,power,0,0,,,,,,536946555391,546535093872,4.415665413651315,
2026-09-28T00:28:06.778277+00:00,freq,0,0,2500.0,4250.0,2500.0,900.0,0,,,,
2026-09-28T00:28:06.778277+00:00,freq,1,0,550.0,550.0,1200.0,550.0,0,,,,
2026-09-28T00:28:06.778277+00:00,power,0,0,,,,,,536951017328,546536100771,4.431365012776853,
2026-09-28T00:28:07.774580+00:00,freq,0,0,2500.0,4250.0,2500.0,900.0,0,,,,
2026-09-28T00:28:07.774580+00:00,freq,1,0,550.0,550.0,1200.0,550.0,0,,,,
2026-09-28T00:28:07.774580+00:00,power,0,0,,,,,,536955551531,546537097036,4.551201738493273,
2026-09-28T00:28:08.784805+00:00,freq,0,0,2500.0,4250.0,2500.0,900.0,0,,,,
2026-09-28T00:28:08.784805+00:00,freq,1,0,550.0,550.0,1200.0,550.0,0,,,,
2026-09-28T00:28:08.784805+00:00,power,0,0,,,,,,536960308366,546538107391,4.708082802579291,
2026-09-28T00:28:09.779790+00:00,freq,0,0,2500.0,4250.0,2500.0,900.0,0,,,,
2026-09-28T00:28:09.779790+00:00,freq,1,0,550.0,550.0,1200.0,550.0,0,,,,
2026-09-28T00:28:09.779790+00:00,power,0,0,,,,,,536964779519,546539102471,4.493259838404953,
2026-09-28T00:28:10.775686+00:00,freq,0,0,2500.0,4250.0,2500.0,900.0,0,,,,
2026-09-28T00:28:10.775686+00:00,freq,1,0,550.0,550.0,1200.0,550.0,0,,,,
2026-09-28T00:28:10.775686+00:00,power,0,0,,,,,,536964805825,546540098350,0.02641485562001006,
2026-09-28T00:28:11.788706+00:00,freq,0,0,2500.0,4250.0,2500.0,900.0,0,,,,
2026-09-28T00:28:11.788706+00:00,freq,1,0,550.0,550.0,1200.0,500.0,0,,,,
2026-09-28T00:28:11.788706+00:00,power,0,0,,,,,,536964807961,546541111253,0.00210879027902968,
2026-09-28T00:28:12.788113+00:00,freq,0,0,2500.0,4250.0,2500.0,900.0,0,,,,
2026-09-28T00:28:12.788113+00:00,freq,1,0,500.0,500.0,1200.0,550.0,0,,,,
2026-09-28T00:28:12.788113+00:00,power,0,0,,,,,,536964807961,546542110791,0.0,
2026-09-28T00:28:13.783363+00:00,freq,0,0,2500.0,4250.0,2500.0,900.0,0,,,,
2026-09-28T00:28:13.783363+00:00,freq,1,0,550.0,550.0,1200.0,550.0,0,,,,
2026-09-28T00:28:13.783363+00:00,power,0,0,,,,,,536964807961,546543105997,0.0,
2026-09-28T00:28:14.778297+00:00,freq,0,0,2500.0,4250.0,2500.0,900.0,0,,,,
2026-09-28T00:28:14.778297+00:00,freq,1,0,550.0,550.0,1200.0,550.0,0,,,,
2026-09-28T00:28:14.778297+00:00,power,0,0,,,,,,536964807961,546544100893,0.0,
2026-09-28T00:28:15.777248+00:00,freq,0,0,2500.0,4250.0,2500.0,900.0,0,,,,
2026-09-28T00:28:15.777248+00:00,freq,1,0,550.0,550.0,1200.0,550.0,0,,,,
2026-09-28T00:28:15.777248+00:00,power,0,0,,,,,,536964807961,546545099900,0.0,
2026-09-28T00:28:16.775966+00:00,freq,0,0,2500.0,4250.0,2500.0,900.0,0,,,,
2026-09-28T00:28:16.775966+00:00,freq,1,0,550.0,550.0,1200.0,550.0,0,,,,
2026-09-28T00:28:16.775966+00:00,power,0,0,,,,,,536964807961,546546098439,0.0,
2026-09-28T00:28:17.788759+00:00,freq,0,0,2500.0,4250.0,2500.0,900.0,0,,,,
2026-09-28T00:28:17.788759+00:00,freq,1,0,550.0,550.0,1200.0,550.0,0,,,,
2026-09-28T00:28:17.788759+00:00,power,0,0,,,,,,536964809449,546547111103,0.0014693916244677406,
2026-09-28T00:28:18.786568+00:00,freq,0,0,2500.0,4250.0,2500.0,900.0,0,,,,
2026-09-28T00:28:18.786568+00:00,freq,1,0,550.0,550.0,1200.0,550.0,0,,,,
2026-09-28T00:28:18.786568+00:00,power,0,0,,,,,,536964809449,546548109014,0.0,
2026-09-28T00:28:19.786936+00:00,freq,0,0,2500.0,4250.0,2500.0,900.0,0,,,,
2026-09-28T00:28:19.786936+00:00,freq,1,0,550.0,550.0,1200.0,550.0,0,,,,
2026-09-28T00:28:19.786936+00:00,power,0,0,,,,,,536964809449,546549109404,0.0,
2026-09-28T00:28:20.784048+00:00,freq,0,0,2500.0,4250.0,2500.0,900.0,0,,,,
2026-09-28T00:28:20.784048+00:00,freq,1,0,550.0,550.0,1200.0,550.0,0,,,,
2026-09-28T00:28:20.784048+00:00,power,0,0,,,,,,536964809449,546550106425,0.0,
2026-09-28T00:28:21.782212+00:00,freq,0,0,2500.0,4250.0,2500.0,900.0,0,,,,
2026-09-28T00:28:21.782212+00:00,freq,1,0,550.0,550.0,1200.0,550.0,0,,,,
2026-09-28T00:28:21.782212+00:00,power,0,0,,,,,,536964814026,546551104514,0.004585763393845639,
2026-09-28T00:28:22.770369+00:00,freq,0,0,2500.0,4250.0,2500.0,900.0,0,,,,
2026-09-28T00:28:22.770369+00:00,freq,1,0,550.0,550.0,1200.0,550.0,0,,,,
2026-09-28T00:28:22.770369+00:00,power,0,0,,,,,,536964814026,546552092467,0.0,
2026-09-28T00:28:23.775263+00:00,freq,0,0,2500.0,4250.0,2500.0,900.0,0,,,,
2026-09-28T00:28:23.775263+00:00,freq,1,0,550.0,550.0,1200.0,550.0,0,,,,
2026-09-28T00:28:23.775263+00:00,power,0,0,,,,,,536964814026,546553097540,0.0,
2026-09-28T00:28:24.783515+00:00,freq,0,0,2500.0,4250.0,2500.0,950.0,0,,,,
2026-09-28T00:28:24.783515+00:00,freq,1,0,550.0,550.0,1200.0,550.0,0,,,,
2026-09-28T00:28:24.783515+00:00,power,0,0,,,,,,536964814026,546554105762,0.0,
2026-09-28T00:28:25.775154+00:00,freq,0,0,2500.0,4250.0,2500.0,900.0,0,,,,
2026-09-28T00:28:25.775154+00:00,freq,1,0,550.0,550.0,1200.0,550.0,0,,,,
2026-09-28T00:28:25.775154+00:00,power,0,0,,,,,,536964814026,546555097490,0.0,
2026-09-28T00:28:26.778543+00:00,freq,0,0,2500.0,4250.0,2500.0,900.0,0,,,,
2026-09-28T00:28:26.778543+00:00,freq,1,0,550.0,550.0,1200.0,550.0,0,,,,
2026-09-28T00:28:26.778543+00:00,power,0,0,,,,,,536964814026,546556100752,0.0,
2026-09-28T00:28:27.778299+00:00,freq,0,0,2500.0,4250.0,2500.0,900.0,0,,,,
2026-09-28T00:28:27.778299+00:00,freq,1,0,550.0,550.0,1200.0,550.0,0,,,,
2026-09-28T00:28:27.778299+00:00,power,0,0,,,,,,536967904358,546557100358,3.091550070727867,
2026-09-28T00:28:28.773328+00:00,freq,0,0,2500.0,4250.0,2500.0,900.0,0,,,,
2026-09-28T00:28:28.773328+00:00,freq,1,0,550.0,550.0,1200.0,550.0,0,,,,
2026-09-28T00:28:28.773328+00:00,power,0,0,,,,,,536972284569,546558095327,4.402359269484778,
2026-09-28T00:28:29.786849+00:00,freq,0,0,2500.0,4250.0,2500.0,900.0,0,,,,
2026-09-28T00:28:29.786849+00:00,freq,1,0,550.0,550.0,1200.0,550.0,0,,,,
2026-09-28T00:28:29.786849+00:00,power,0,0,,,,,,536976743454,546559108844,4.399418066001853,
2026-09-28T00:28:30.772666+00:00,freq,0,0,2500.0,4250.0,2500.0,900.0,0,,,,
2026-09-28T00:28:30.772666+00:00,freq,1,0,550.0,550.0,1200.0,550.0,0,,,,
2026-09-28T00:28:30.772666+00:00,power,0,0,,,,,,536981042526,546560094775,4.360418731128243,
2026-09-28T00:28:31.774569+00:00,freq,0,0,2500.0,4250.0,2500.0,900.0,0,,,,
2026-09-28T00:28:31.774569+00:00,freq,1,0,550.0,550.0,1200.0,550.0,0,,,,
2026-09-28T00:28:31.774569+00:00,power,0,0,,,,,,536985704635,546561096594,4.653644021524847,
2026-09-28T00:28:32.790388+00:00,freq,0,0,2500.0,4250.0,2500.0,900.0,0,,,,
2026-09-28T00:28:32.790388+00:00,freq,1,0,550.0,550.0,1200.0,550.0,0,,,,
2026-09-28T00:28:32.790388+00:00,power,0,0,,,,,,536990442451,546562112394,4.664122858830479,
2026-09-28T00:28:33.779792+00:00,freq,0,0,2500.0,4250.0,2500.0,900.0,0,,,,
2026-09-28T00:28:33.779792+00:00,freq,1,0,550.0,550.0,1200.0,550.0,0,,,,
2026-09-28T00:28:33.779792+00:00,power,0,0,,,,,,536994494452,546563101953,4.094754329959103,
2026-09-28T00:28:34.778511+00:00,freq,0,0,2500.0,4250.0,2500.0,900.0,0,,,,
2026-09-28T00:28:34.778511+00:00,freq,1,0,550.0,550.0,1200.0,550.0,0,,,,
2026-09-28T00:28:34.778511+00:00,power,0,0,,,,,,536994521978,546564100721,0.027559953863159414,
2026-09-28T00:28:35.774817+00:00,freq,0,0,2500.0,4250.0,2500.0,900.0,0,,,,
2026-09-28T00:28:35.774817+00:00,freq,1,0,550.0,550.0,1200.0,550.0,0,,,,
2026-09-28T00:28:35.774817+00:00,power,0,0,,,,,,536994521978,546565097011,0.0,
2026-09-28T00:28:36.775206+00:00,freq,0,0,2500.0,4250.0,2500.0,900.0,0,,,,
2026-09-28T00:28:36.775206+00:00,freq,1,0,550.0,550.0,1200.0,550.0,0,,,,
2026-09-28T00:28:36.775206+00:00,power,0,0,,,,,,536994521978,546566097817,0.0,
2026-09-28T00:28:37.780351+00:00,freq,0,0,2500.0,4250.0,2500.0,900.0,0,,,,
2026-09-28T00:28:37.780351+00:00,freq,1,0,550.0,550.0,1200.0,550.0,0,,,,
2026-09-28T00:28:37.780351+00:00,power,0,0,,,,,,536994521978,546567102396,0.0,
2026-09-28T00:28:38.778540+00:00,freq,0,0,2500.0,4250.0,2500.0,900.0,0,,,,
2026-09-28T00:28:38.778540+00:00,freq,1,0,550.0,550.0,1200.0,550.0,0,,,,
2026-09-28T00:28:38.778540+00:00,power,0,0,,,,,,536994521978,546568100542,0.0,
2026-09-28T00:28:39.764014+00:00,freq,0,0,2500.0,4250.0,2500.0,900.0,0,,,,
2026-09-28T00:28:39.764014+00:00,freq,1,0,550.0,550.0,1200.0,550.0,0,,,,
2026-09-28T00:28:39.764014+00:00,power,0,0,,,,,,536994521978,546569086421,0.0,
2026-09-28T00:28:40.778862+00:00,freq,0,0,2500.0,4250.0,2500.0,900.0,0,,,,
2026-09-28T00:28:40.778862+00:00,freq,1,0,550.0,550.0,1200.0,550.0,0,,,,
2026-09-28T00:28:40.778862+00:00,power,0,0,,,,,,536994521978,546570100838,0.0,
2026-09-28T00:28:41.774114+00:00,freq,0,0,2500.0,4250.0,2500.0,900.0,0,,,,
2026-09-28T00:28:41.774114+00:00,freq,1,0,550.0,550.0,1200.0,550.0,0,,,,
2026-09-28T00:28:41.774114+00:00,power,0,0,,,,,,536994521978,546571096108,0.0,
2026-09-28T00:28:42.785135+00:00,freq,0,0,2500.0,4250.0,2500.0,900.0,0,,,,
2026-09-28T00:28:42.785135+00:00,freq,1,0,550.0,550.0,1200.0,550.0,0,,,,
2026-09-28T00:28:42.785135+00:00,power,0,0,,,,,,536994521978,546572107003,0.0,
2026-09-28T00:28:43.782162+00:00,freq,0,0,2500.0,4250.0,2500.0,900.0,0,,,,
2026-09-28T00:28:43.782162+00:00,freq,1,0,550.0,550.0,1200.0,550.0,0,,,,
2026-09-28T00:28:43.782162+00:00,power,0,0,,,,,,536994521978,546573104065,0.0,
2026-09-28T00:28:44.777131+00:00,freq,0,0,2500.0,4250.0,2500.0,900.0,0,,,,
2026-09-28T00:28:44.777131+00:00,freq,1,0,550.0,550.0,1200.0,550.0,0,,,,
2026-09-28T00:28:44.777131+00:00,power,0,0,,,,,,536994529874,546574099033,0.007935933617965603,
2026-09-28T00:28:45.770355+00:00,freq,0,0,2500.0,4250.0,2500.0,900.0,0,,,,
2026-09-28T00:28:45.770355+00:00,freq,1,0,550.0,550.0,1200.0,550.0,0,,,,
2026-09-28T00:28:45.770355+00:00,power,0,0,,,,,,536994529874,546575092407,0.0,
2026-09-28T00:28:46.783082+00:00,freq,0,0,2500.0,4250.0,2500.0,900.0,0,,,,
2026-09-28T00:28:46.783082+00:00,freq,1,0,550.0,550.0,1200.0,550.0,0,,,,
2026-09-28T00:28:46.783082+00:00,power,0,0,,,,,,536994529874,546576104950,0.0,
2026-09-28T00:28:47.783617+00:00,freq,0,0,2500.0,4250.0,2500.0,1000.0,0,,,,
2026-09-28T00:28:47.783617+00:00,freq,1,0,500.0,500.0,1200.0,550.0,0,,,,
2026-09-28T00:28:47.783617+00:00,power,0,0,,,,,,536994534268,546577105328,0.004392339695595065,
2026-09-28T00:28:48.781447+00:00,freq,0,0,2500.0,4250.0,2500.0,900.0,0,,,,
2026-09-28T00:28:48.781447+00:00,freq,1,0,550.0,550.0,1200.0,550.0,0,,,,
2026-09-28T00:28:48.781447+00:00,power,0,0,,,,,,536994534268,546578103462,0.0,
2026-09-28T00:28:49.771049+00:00,freq,0,0,2500.0,4250.0,2500.0,900.0,0,,,,
2026-09-28T00:28:49.771049+00:00,freq,1,0,550.0,550.0,1200.0,550.0,0,,,,
2026-09-28T00:28:49.771049+00:00,power,0,0,,,,,,536995758168,546579092687,1.2372311658116202,
2026-09-28T00:28:50.776155+00:00,freq,0,0,2500.0,4250.0,2500.0,900.0,0,,,,
2026-09-28T00:28:50.776155+00:00,freq,1,0,550.0,550.0,1200.0,550.0,0,,,,
2026-09-28T00:28:50.776155+00:00,power,0,0,,,,,,537000221180,546580097731,4.440613545277619,
2026-09-28T00:28:51.783193+00:00,freq,0,0,2500.0,4250.0,2500.0,900.0,0,,,,
2026-09-28T00:28:51.783193+00:00,freq,1,0,550.0,550.0,1200.0,550.0,0,,,,
2026-09-28T00:28:51.783193+00:00,power,0,0,,,,,,537003791309,546581104733,3.545304775958737,
2026-09-28T00:28:52.774734+00:00,freq,0,0,2500.0,4250.0,2500.0,900.0,0,,,,
2026-09-28T00:28:52.774734+00:00,freq,1,0,550.0,550.0,1200.0,550.0,0,,,,
2026-09-28T00:28:52.774734+00:00,power,0,0,,,,,,537008329601,546582096299,4.576893519947235,
2026-09-28T00:28:53.785639+00:00,freq,0,0,2500.0,4250.0,2500.0,900.0,0,,,,
2026-09-28T00:28:53.785639+00:00,freq,1,0,550.0,550.0,1200.0,550.0,0,,,,
2026-09-28T00:28:53.785639+00:00,power,0,0,,,,,,537013139438,546583107163,4.758144517956916,
2026-09-28T00:28:54.780581+00:00,freq,0,0,2500.0,4250.0,2500.0,900.0,0,,,,
2026-09-28T00:28:54.780581+00:00,freq,1,0,550.0,550.0,1200.0,550.0,0,,,,
2026-09-28T00:28:54.780581+00:00,power,0,0,,,,,,537017866061,546584102066,4.750838021395051,
2026-09-28T00:28:55.778746+00:00,freq,0,0,2500.0,4250.0,2500.0,900.0,0,,,,
2026-09-28T00:28:55.778746+00:00,freq,1,0,550.0,550.0,1200.0,550.0,0,,,,
2026-09-28T00:28:55.778746+00:00,power,0,0,,,,,,537019884066,546585100481,2.0212086156558144,
2026-09-28T00:28:56.771315+00:00,freq,0,0,2500.0,4250.0,2500.0,900.0,0,,,,
2026-09-28T00:28:56.771315+00:00,freq,1,0,550.0,550.0,1200.0,550.0,0,,,,
2026-09-28T00:28:56.771315+00:00,power,0,0,,,,,,537019906160,546586093023,0.02226001519331172,
2026-09-28T00:28:57.779896+00:00,freq,0,0,2500.0,4250.0,2500.0,900.0,0,,,,
2026-09-28T00:28:57.779896+00:00,freq,1,0,550.0,550.0,1200.0,550.0,0,,,,
2026-09-28T00:28:57.779896+00:00,power,0,0,,,,,,537019906160,546587101529,0.0,
2026-09-28T00:28:58.778774+00:00,freq,0,0,2500.0,4250.0,2500.0,900.0,0,,,,
2026-09-28T00:28:58.778774+00:00,freq,1,0,550.0,550.0,1200.0,550.0,0,,,,
2026-09-28T00:28:58.778774+00:00,power,0,0,,,,,,537019906160,546588100603,0.0,
2026-09-28T00:28:59.777514+00:00,freq,0,0,2500.0,4250.0,2500.0,900.0,0,,,,
2026-09-28T00:28:59.777514+00:00,freq,1,0,550.0,550.0,1200.0,550.0,0,,,,
2026-09-28T00:28:59.777514+00:00,power,0,0,,,,,,537019906160,546589099352,0.0,
2026-09-28T00:29:00.763708+00:00,freq,0,0,2500.0,4250.0,2500.0,900.0,0,,,,
2026-09-28T00:29:00.763708+00:00,freq,1,0,550.0,550.0,1200.0,550.0,0,,,,
2026-09-28T00:29:00.763708+00:00,power,0,0,,,,,,537019906160,546590085326,0.0,
2026-09-28T00:29:01.764992+00:00,freq,0,0,2500.0,4250.0,2500.0,900.0,0,,,,
2026-09-28T00:29:01.764992+00:00,freq,1,0,550.0,550.0,1200.0,550.0,0,,,,
2026-09-28T00:29:01.764992+00:00,power,0,0,,,,,,537019906160,546591086512,0.0,
2026-09-28T00:29:02.776688+00:00,freq,0,0,900.0,900.0,2500.0,900.0,0,,,,
2026-09-28T00:29:02.776688+00:00,freq,1,0,550.0,550.0,1200.0,550.0,0,,,,
2026-09-28T00:29:02.776688+00:00,power,0,0,,,,,,537019908624,546592098132,0.0024356971985528162,
2026-09-28T00:29:03.778000+00:00,freq,0,0,900.0,900.0,2500.0,900.0,0,,,,
2026-09-28T00:29:03.778000+00:00,freq,1,0,550.0,550.0,1200.0,550.0,0,,,,
2026-09-28T00:29:03.778000+00:00,power,0,0,,,,,,537019908624,546593099538,0.0,
2026-09-28T00:29:04.774053+00:00,freq,0,0,900.0,900.0,2500.0,900.0,0,,,,
2026-09-28T00:29:04.774053+00:00,freq,1,0,550.0,550.0,1200.0,550.0,0,,,,
2026-09-28T00:29:04.774053+00:00,power,0,0,,,,,,537019908624,546594095557,0.0,
2026-09-28T00:29:05.789352+00:00,freq,0,0,900.0,900.0,2500.0,900.0,0,,,,
2026-09-28T00:29:05.789352+00:00,freq,1,0,550.0,550.0,1200.0,550.0,0,,,,
2026-09-28T00:29:05.789352+00:00,power,0,0,,,,,,537019909661,546595110758,0.0010214725950821561,
2026-09-28T00:29:06.781861+00:00,freq,0,0,900.0,900.0,2500.0,900.0,0,,,,
2026-09-28T00:29:06.781861+00:00,freq,1,0,550.0,550.0,1200.0,550.0,0,,,,
2026-09-28T00:29:06.781861+00:00,power,0,0,,,,,,537019909661,546596103367,0.0,
2026-09-28T00:29:07.777057+00:00,freq,0,0,900.0,900.0,2500.0,900.0,0,,,,
2026-09-28T00:29:07.777057+00:00,freq,1,0,550.0,550.0,1200.0,550.0,0,,,,
2026-09-28T00:29:07.777057+00:00,power,0,0,,,,,,537019909661,546597098397,0.0,
2026-09-28T00:29:08.789841+00:00,freq,0,0,2500.0,4250.0,2500.0,1000.0,0,,,,
2026-09-28T00:29:08.789841+00:00,freq,1,0,550.0,550.0,1200.0,550.0,0,,,,
2026-09-28T00:29:08.789841+00:00,power,0,0,,,,,,537019915543,546598111298,0.005807082824481366,
2026-09-28T00:29:09.790475+00:00,freq,0,0,2500.0,4250.0,2500.0,900.0,0,,,,
2026-09-28T00:29:09.790475+00:00,freq,1,0,550.0,550.0,1200.0,550.0,0,,,,
2026-09-28T00:29:09.790475+00:00,power,0,0,,,,,,537019916031,546599112068,0.0004876245291125833,
2026-09-28T00:29:10.786872+00:00,freq,0,0,2500.0,4250.0,2500.0,900.0,0,,,,
2026-09-28T00:29:10.786872+00:00,freq,1,0,550.0,550.0,1200.0,550.0,0,,,,
2026-09-28T00:29:10.786872+00:00,power,0,0,,,,,,537019916031,546600108292,0.0,
2026-09-28T00:29:11.777986+00:00,freq,0,0,2500.0,4250.0,2500.0,900.0,0,,,,
2026-09-28T00:29:11.777986+00:00,freq,1,0,550.0,550.0,1200.0,550.0,0,,,,
2026-09-28T00:29:11.777986+00:00,power,0,0,,,,,,537022835976,546601099088,2.947069830721965,
2026-09-28T00:29:12.766417+00:00,freq,0,0,2500.0,4250.0,2500.0,900.0,0,,,,
2026-09-28T00:29:12.766417+00:00,freq,1,0,550.0,550.0,1200.0,550.0,0,,,,
2026-09-28T00:29:12.766417+00:00,power,0,0,,,,,,537027201271,546602087469,4.416611610300077,
2026-09-28T00:29:13.771625+00:00,freq,0,0,2500.0,4250.0,2500.0,900.0,0,,,,
2026-09-28T00:29:13.771625+00:00,freq,1,0,550.0,550.0,1200.0,550.0,0,,,,
2026-09-28T00:29:13.771625+00:00,power,0,0,,,,,,537031681030,546603092860,4.455738115817627,
2026-09-28T00:29:14.784936+00:00,freq,0,0,2500.0,4250.0,2500.0,900.0,0,,,,
2026-09-28T00:29:14.784936+00:00,freq,1,0,550.0,550.0,1200.0,550.0,0,,,,
2026-09-28T00:29:14.784936+00:00,power,0,0,,,,,,537036251732,546604106087,4.511034546059274,
2026-09-28T00:29:15.779326+00:00,freq,0,0,2500.0,4250.0,2500.0,900.0,0,,,,
2026-09-28T00:29:15.779326+00:00,freq,1,0,550.0,550.0,1200.0,550.0,0,,,,
2026-09-28T00:29:15.779326+00:00,power,0,0,,,,,,537040962509,546605100372,4.737853834665111,
2026-09-28T00:29:16.775432+00:00,freq,0,0,2500.0,4250.0,2500.0,900.0,0,,,,
2026-09-28T00:29:16.775432+00:00,freq,1,0,550.0,550.0,1200.0,550.0,0,,,,
2026-09-28T00:29:16.775432+00:00,power,0,0,,,,,,537045696419,546606096547,4.75208673174894,
2026-09-28T00:29:17.788333+00:00,freq,0,0,2500.0,4250.0,2500.0,900.0,0,,,,
2026-09-28T00:29:17.788333+00:00,freq,1,0,550.0,550.0,1200.0,550.0,0,,,,
2026-09-28T00:29:17.788333+00:00,power,0,0,,,,,,537046292389,546607109506,0.5883456289938684,
2026-09-28T00:29:18.784250+00:00,freq,0,0,2500.0,4250.0,2500.0,900.0,0,,,,
2026-09-28T00:29:18.784250+00:00,freq,1,0,550.0,550.0,1200.0,550.0,0,,,,
2026-09-28T00:29:18.784250+00:00,power,0,0,,,,,,537046315460,546608105362,0.023167004064844718,
2026-09-28T00:29:19.781551+00:00,freq,0,0,2500.0,4250.0,2500.0,900.0,0,,,,
2026-09-28T00:29:19.781551+00:00,freq,1,0,550.0,550.0,1200.0,550.0,0,,,,
2026-09-28T00:29:19.781551+00:00,power,0,0,,,,,,537046315460,546609103001,0.0,
2026-09-28T00:29:20.779540+00:00,freq,0,0,2500.0,4250.0,2500.0,900.0,0,,,,
2026-09-28T00:29:20.779540+00:00,freq,1,0,550.0,550.0,1200.0,550.0,0,,,,
2026-09-28T00:29:20.779540+00:00,power,0,0,,,,,,537046315460,546610100847,0.0,
2026-09-28T00:29:21.779081+00:00,freq,0,0,2500.0,4250.0,2500.0,900.0,0,,,,
2026-09-28T00:29:21.779081+00:00,freq,1,0,550.0,550.0,1200.0,550.0,0,,,,
2026-09-28T00:29:21.779081+00:00,power,0,0,,,,,,537046315460,546611100467,0.0,
2026-09-28T00:29:22.766063+00:00,freq,0,0,2500.0,4250.0,2500.0,900.0,0,,,,
2026-09-28T00:29:22.766063+00:00,freq,1,0,550.0,550.0,1200.0,550.0,0,,,,
2026-09-28T00:29:22.766063+00:00,power,0,0,,,,,,537046315460,546612087126,0.0,
2026-09-28T00:29:23.780996+00:00,freq,0,0,2500.0,4250.0,2500.0,900.0,0,,,,
2026-09-28T00:29:23.780996+00:00,freq,1,0,550.0,550.0,1200.0,550.0,0,,,,
2026-09-28T00:29:23.780996+00:00,power,0,0,,,,,,537046316558,546613101952,0.0010819588776795233,
2026-09-28T00:29:24.780350+00:00,freq,0,0,2500.0,4250.0,2500.0,900.0,0,,,,
2026-09-28T00:29:24.780350+00:00,freq,1,0,550.0,550.0,1200.0,550.0,0,,,,
2026-09-28T00:29:24.780350+00:00,power,0,0,,,,,,537046316558,546614101585,0.0,
2026-09-28T00:29:25.780168+00:00,freq,0,0,2500.0,4250.0,2500.0,900.0,0,,,,
2026-09-28T00:29:25.780168+00:00,freq,1,0,550.0,550.0,1200.0,550.0,0,,,,
2026-09-28T00:29:25.780168+00:00,power,0,0,,,,,,537046316558,546615101285,0.0,
2026-09-28T00:29:26.778117+00:00,freq,0,0,2500.0,4250.0,2500.0,900.0,0,,,,
2026-09-28T00:29:26.778117+00:00,freq,1,0,550.0,550.0,1200.0,550.0,0,,,,
2026-09-28T00:29:26.778117+00:00,power,0,0,,,,,,537046316558,546616099306,0.0,
2026-09-28T00:29:27.767520+00:00,freq,0,0,2500.0,4250.0,2500.0,900.0,0,,,,
2026-09-28T00:29:27.767520+00:00,freq,1,0,550.0,550.0,1200.0,550.0,0,,,,
2026-09-28T00:29:27.767520+00:00,power,0,0,,,,,,537046321525,546617088513,0.0050211937440798535,
2026-09-28T00:29:28.770746+00:00,freq,0,0,2500.0,4250.0,2500.0,900.0,0,,,,
2026-09-28T00:29:28.770746+00:00,freq,1,0,550.0,550.0,1200.0,550.0,0,,,,
2026-09-28T00:29:28.770746+00:00,power,0,0,,,,,,537046321525,546618091815,0.0,
2026-09-28T00:29:29.775937+00:00,freq,0,0,2500.0,4250.0,2500.0,900.0,0,,,,
2026-09-28T00:29:29.775937+00:00,freq,1,0,550.0,550.0,1200.0,550.0,0,,,,
2026-09-28T00:29:29.775937+00:00,power,0,0,,,,,,537046321525,546619097025,0.0,
2026-09-28T00:29:30.790514+00:00,freq,0,0,2500.0,4250.0,2500.0,900.0,0,,,,
2026-09-28T00:29:30.790514+00:00,freq,1,0,550.0,550.0,1200.0,550.0,0,,,,
2026-09-28T00:29:30.790514+00:00,power,0,0,,,,,,537046329093,546620111472,0.007460222170305595,
2026-09-28T00:29:31.783010+00:00,freq,0,0,2500.0,4250.0,2500.0,900.0,0,,,,
2026-09-28T00:29:31.783010+00:00,freq,1,0,550.0,550.0,1200.0,550.0,0,,,,
2026-09-28T00:29:31.783010+00:00,power,0,0,,,,,,537048556899,546621103945,2.244701870982888,
2026-09-28T00:29:32.774536+00:00,freq,0,0,2500.0,4250.0,2500.0,900.0,0,,,,
2026-09-28T00:29:32.774536+00:00,freq,1,0,550.0,550.0,1200.0,550.0,0,,,,
2026-09-28T00:29:32.774536+00:00,power,0,0,,,,,,537053067664,546622095459,4.549370961983391,
2026-09-28T00:29:33.781000+00:00,freq,0,0,2500.0,4250.0,2500.0,900.0,0,,,,
2026-09-28T00:29:33.781000+00:00,freq,1,0,550.0,550.0,1200.0,550.0,0,,,,
2026-09-28T00:29:33.781000+00:00,power,0,0,,,,,,537055275915,546623101859,2.1942080683624803,
2026-09-28T00:29:34.778119+00:00,freq,0,0,2500.0,4250.0,2500.0,900.0,0,,,,
2026-09-28T00:29:34.778119+00:00,freq,1,0,550.0,550.0,1200.0,550.0,0,,,,
2026-09-28T00:29:34.778119+00:00,power,0,0,,,,,,537055276159,546624098943,0.00024471358481331564,
2026-09-28T00:29:35.773231+00:00,freq,0,0,2500.0,4250.0,2500.0,900.0,0,,,,
2026-09-28T00:29:35.773231+00:00,freq,1,0,550.0,550.0,1200.0,550.0,0,,,,
2026-09-28T00:29:35.773231+00:00,power,0,0,,,,,,537055276159,546625094053,0.0,
2026-09-28T00:29:36.784817+00:00,freq,0,0,2500.0,4250.0,2500.0,900.0,0,,,,
2026-09-28T00:29:36.784817+00:00,freq,1,0,550.0,550.0,1200.0,550.0,0,,,,
2026-09-28T00:29:36.784817+00:00,power,0,0,,,,,,537055276159,546626105787,0.0,
2026-09-28T00:29:37.784955+00:00,freq,0,0,2500.0,4250.0,2500.0,900.0,0,,,,
2026-09-28T00:29:37.784955+00:00,freq,1,0,550.0,550.0,1200.0,550.0,0,,,,
2026-09-28T00:29:37.784955+00:00,power,0,0,,,,,,537055276159,546627105851,0.0,
2026-09-28T00:29:38.779086+00:00,freq,0,0,2500.0,4250.0,2500.0,900.0,0,,,,
2026-09-28T00:29:38.779086+00:00,freq,1,0,550.0,550.0,1200.0,550.0,0,,,,
2026-09-28T00:29:38.779086+00:00,power,0,0,,,,,,537055277464,546628100021,0.0013126527656235855,
2026-09-28T00:29:39.770027+00:00,freq,0,0,2500.0,4250.0,2500.0,900.0,0,,,,
2026-09-28T00:29:39.770027+00:00,freq,1,0,550.0,550.0,1200.0,550.0,0,,,,
2026-09-28T00:29:39.770027+00:00,power,0,0,,,,,,537055277464,546629090743,0.0,
2026-09-28T00:29:40.770877+00:00,freq,0,0,2500.0,4250.0,2500.0,900.0,0,,,,
2026-09-28T00:29:40.770877+00:00,freq,1,0,550.0,550.0,1200.0,550.0,0,,,,
2026-09-28T00:29:40.770877+00:00,power,0,0,,,,,,537055277464,546630091554,0.0,
2026-09-28T00:29:41.785554+00:00,freq,0,0,2500.0,4250.0,2500.0,900.0,0,,,,
2026-09-28T00:29:41.785554+00:00,freq,1,0,550.0,550.0,1200.0,550.0,0,,,,
2026-09-28T00:29:41.785554+00:00,power,0,0,,,,,,537055277464,546631106485,0.0,
2026-09-28T00:29:42.783691+00:00,freq,0,0,2500.0,4250.0,2500.0,900.0,0,,,,
2026-09-28T00:29:42.783691+00:00,freq,1,0,550.0,550.0,1200.0,550.0,0,,,,
2026-09-28T00:29:42.783691+00:00,power,0,0,,,,,,537056351926,546632104399,1.0767080129149407,
2026-09-28T00:29:43.781741+00:00,freq,0,0,2500.0,4250.0,2500.0,900.0,0,,,,
2026-09-28T00:29:43.781741+00:00,freq,1,0,550.0,550.0,1200.0,550.0,0,,,,
2026-09-28T00:29:43.781741+00:00,power,0,0,,,,,,537057421200,546633102504,1.0713041213098822,
2026-09-28T00:29:44.779342+00:00,freq,0,0,2500.0,4250.0,2500.0,900.0,0,,,,
2026-09-28T00:29:44.779342+00:00,freq,1,0,550.0,550.0,1200.0,550.0,0,,,,
2026-09-28T00:29:44.779342+00:00,power,0,0,,,,,,537057422237,546634100054,0.0010395468898802065,
2026-09-28T00:29:45.774263+00:00,freq,0,0,2500.0,4250.0,2500.0,900.0,0,,,,
2026-09-28T00:29:45.774263+00:00,freq,1,0,550.0,550.0,1200.0,550.0,0,,,,
2026-09-28T00:29:45.774263+00:00,power,0,0,,,,,,537057422237,546635094862,0.0,
2026-09-28T00:29:46.782965+00:00,freq,0,0,2500.0,4250.0,2500.0,900.0,0,,,,
2026-09-28T00:29:46.782965+00:00,freq,1,0,550.0,550.0,1200.0,550.0,0,,,,
2026-09-28T00:29:46.782965+00:00,power,0,0,,,,,,537057422237,546636103682,0.0,
2026-09-28T00:29:47.781791+00:00,freq,0,0,2500.0,4250.0,2500.0,900.0,0,,,,
2026-09-28T00:29:47.781791+00:00,freq,1,0,550.0,550.0,1200.0,550.0,0,,,,
2026-09-28T00:29:47.781791+00:00,power,0,0,,,,,,537057422237,546637102483,0.0,
2026-09-28T00:29:48.781610+00:00,freq,0,0,2500.0,4250.0,2500.0,900.0,0,,,,
2026-09-28T00:29:48.781610+00:00,freq,1,0,550.0,550.0,1200.0,550.0,0,,,,
2026-09-28T00:29:48.781610+00:00,power,0,0,,,,,,537057422237,546638102373,0.0,
2026-09-28T00:29:49.779677+00:00,freq,0,0,2500.0,4250.0,2500.0,900.0,0,,,,
2026-09-28T00:29:49.779677+00:00,freq,1,0,550.0,550.0,1200.0,550.0,0,,,,
2026-09-28T00:29:49.779677+00:00,power,0,0,,,,,,537057422237,546639100251,0.0,
2026-09-28T00:29:50.779469+00:00,freq,0,0,2500.0,4250.0,2500.0,900.0,0,,,,
2026-09-28T00:29:50.779469+00:00,freq,1,0,550.0,550.0,1200.0,550.0,0,,,,
2026-09-28T00:29:50.779469+00:00,power,0,0,,,,,,537057422237,546640100095,0.0,
2026-09-28T00:29:51.777283+00:00,freq,0,0,2500.0,4250.0,2500.0,900.0,0,,,,
2026-09-28T00:29:51.777283+00:00,freq,1,0,550.0,550.0,1200.0,550.0,0,,,,
2026-09-28T00:29:51.777283+00:00,power,0,0,,,,,,537057423603,546641098009,0.0013688554324320533,
2026-09-28T00:29:52.790380+00:00,freq,0,0,2500.0,4250.0,2500.0,900.0,0,,,,
2026-09-28T00:29:52.790380+00:00,freq,1,0,550.0,550.0,1200.0,550.0,0,,,,
2026-09-28T00:29:52.790380+00:00,power,0,0,,,,,,537057429340,546642110969,0.005663599747275312,
2026-09-28T00:29:53.788636+00:00,freq,0,0,2500.0,4250.0,2500.0,900.0,0,,,,
2026-09-28T00:29:53.788636+00:00,freq,1,0,550.0,550.0,1200.0,550.0,0,,,,
2026-09-28T00:29:53.788636+00:00,power,0,0,,,,,,537057429340,546643109193,0.0,
2026-09-28T00:29:54.788936+00:00,freq,0,0,2500.0,4250.0,2500.0,900.0,0,,,,
2026-09-28T00:29:54.788936+00:00,freq,1,0,550.0,550.0,1200.0,550.0,0,,,,
2026-09-28T00:29:54.788936+00:00,power,0,0,,,,,,537060508281,546644109351,3.0784546041725407,
2026-09-28T00:29:55.779110+00:00,freq,0,0,2500.0,4250.0,2500.0,900.0,0,,,,
2026-09-28T00:29:55.779110+00:00,freq,1,0,550.0,550.0,1200.0,550.0,0,,,,
2026-09-28T00:29:55.779110+00:00,power,0,0,,,,,,537060508281,546645099500,0.0,
2026-09-28T00:29:56.777745+00:00,freq,0,0,2500.0,4250.0,2500.0,900.0,0,,,,
2026-09-28T00:29:56.777745+00:00,freq,1,0,550.0,550.0,1200.0,550.0,0,,,,
2026-09-28T00:29:56.777745+00:00,power,0,0,,,,,,537060508281,546646098215,0.0,
2026-09-28T00:29:57.778957+00:00,freq,0,0,2500.0,4250.0,2500.0,900.0,0,,,,
2026-09-28T00:29:57.778957+00:00,freq,1,0,550.0,550.0,1200.0,550.0,0,,,,
2026-09-28T00:29:57.778957+00:00,power,0,0,,,,,,537060508281,546647099316,0.0,
2026-09-28T00:29:58.769155+00:00,freq,0,0,2500.0,4250.0,2500.0,900.0,0,,,,
2026-09-28T00:29:58.769155+00:00,freq,1,0,550.0,550.0,1200.0,550.0,0,,,,
2026-09-28T00:29:58.769155+00:00,power,0,0,,,,,,537060508281,546648089452,0.0,
2026-09-28T00:29:59.772004+00:00,freq,0,0,2500.0,4250.0,2500.0,900.0,0,,,,
2026-09-28T00:29:59.772004+00:00,freq,1,0,550.0,550.0,1200.0,550.0,0,,,,
2026-09-28T00:29:59.772004+00:00,power,0,0,,,,,,537060508281,546649092459,0.0,
2026-09-28T00:30:00.784703+00:00,freq,0,0,2500.0,4250.0,2500.0,900.0,0,,,,
2026-09-28T00:30:00.784703+00:00,freq,1,0,550.0,550.0,1200.0,550.0,0,,,,
2026-09-28T00:30:00.784703+00:00,power,0,0,,,,,,537061593692,546650105130,1.071829844046092,
2026-09-28T00:30:01.785642+00:00,freq,0,0,2500.0,4250.0,2500.0,900.0,0,,,,
2026-09-28T00:30:01.785642+00:00,freq,1,0,550.0,550.0,1200.0,550.0,0,,,,
2026-09-28T00:30:01.785642+00:00,power,0,0,,,,,,537062656985,546651105966,1.0624048295624857,
2026-09-28T00:30:02.785577+00:00,freq,0,0,900.0,900.0,2500.0,900.0,0,,,,
2026-09-28T00:30:02.785577+00:00,freq,1,0,550.0,550.0,1200.0,550.0,0,,,,
2026-09-28T00:30:02.785577+00:00,power,0,0,,,,,,537062662806,546652105842,0.005821721893514796,
2026-09-28T00:30:03.770915+00:00,freq,0,0,900.0,900.0,2500.0,900.0,0,,,,
2026-09-28T00:30:03.770915+00:00,freq,1,0,550.0,550.0,1200.0,550.0,0,,,,
2026-09-28T00:30:03.770915+00:00,power,0,0,,,,,,537062662806,546653091467,0.0,
2026-09-28T00:30:04.771783+00:00,freq,0,0,900.0,900.0,2500.0,900.0,0,,,,
2026-09-28T00:30:04.771783+00:00,freq,1,0,550.0,550.0,1200.0,550.0,0,,,,
2026-09-28T00:30:04.771783+00:00,power,0,0,,,,,,537062662806,546654092071,0.0,
2026-09-28T00:30:05.782615+00:00,freq,0,0,900.0,900.0,2500.0,900.0,0,,,,
2026-09-28T00:30:05.782615+00:00,freq,1,0,550.0,550.0,1200.0,550.0,0,,,,
2026-09-28T00:30:05.782615+00:00,power,0,0,,,,,,537062662806,546655102804,0.0,
2026-09-28T00:30:06.771780+00:00,freq,0,0,900.0,900.0,2500.0,900.0,0,,,,
2026-09-28T00:30:06.771780+00:00,freq,1,0,550.0,550.0,1200.0,550.0,0,,,,
2026-09-28T00:30:06.771780+00:00,power,0,0,,,,,,537062662806,546656091927,0.0,
2026-09-28T00:30:07.771924+00:00,freq,0,0,2500.0,4250.0,2500.0,1000.0,0,,,,
2026-09-28T00:30:07.771924+00:00,freq,1,0,550.0,550.0,1200.0,550.0,0,,,,
2026-09-28T00:30:07.771924+00:00,power,0,0,,,,,,537062665186,546657092679,0.0023782115848881642,
2026-09-28T00:30:08.787410+00:00,freq,0,0,2500.0,4250.0,2500.0,900.0,0,,,,
2026-09-28T00:30:08.787410+00:00,freq,1,0,550.0,550.0,1200.0,550.0,0,,,,
2026-09-28T00:30:08.787410+00:00,power,0,0,,,,,,537063268602,546658107438,0.5946397124834567,
2026-09-28T00:30:09.788137+00:00,freq,0,0,2500.0,4250.0,2500.0,900.0,0,,,,
2026-09-28T00:30:09.788137+00:00,freq,1,0,550.0,550.0,1200.0,550.0,0,,,,
2026-09-28T00:30:09.788137+00:00,power,0,0,,,,,,537065757394,546659108236,2.4868075275929806,
2026-09-28T00:30:10.775510+00:00,freq,0,0,2500.0,4250.0,2500.0,900.0,0,,,,
2026-09-28T00:30:10.775510+00:00,freq,1,0,550.0,550.0,1200.0,550.0,0,,,,
2026-09-28T00:30:10.775510+00:00,power,0,0,,,,,,537065783944,546660095578,0.026890378409912676,
2026-09-28T00:30:11.777621+00:00,freq,0,0,2500.0,4250.0,2500.0,900.0,0,,,,
2026-09-28T00:30:11.777621+00:00,freq,1,0,550.0,550.0,1200.0,550.0,0,,,,
2026-09-28T00:30:11.777621+00:00,power,0,0,,,,,,537065783944,546661097655,0.0,
2026-09-28T00:30:12.779833+00:00,freq,0,0,2500.0,4250.0,2500.0,900.0,0,,,,
2026-09-28T00:30:12.779833+00:00,freq,1,0,550.0,550.0,1200.0,550.0,0,,,,
2026-09-28T00:30:12.779833+00:00,power,0,0,,,,,,537065783944,546662099870,0.0,
2026-09-28T00:30:13.779688+00:00,freq,0,0,2500.0,4250.0,2500.0,900.0,0,,,,
2026-09-28T00:30:13.779688+00:00,freq,1,0,550.0,550.0,1200.0,550.0,0,,,,
2026-09-28T00:30:13.779688+00:00,power,0,0,,,,,,537065783944,546663099778,0.0,
2026-09-28T00:30:14.779403+00:00,freq,0,0,2500.0,4250.0,2500.0,900.0,0,,,,
2026-09-28T00:30:14.779403+00:00,freq,1,0,550.0,550.0,1200.0,550.0,0,,,,
2026-09-28T00:30:14.779403+00:00,power,0,0,,,,,,537065783944,546664099587,0.0,
2026-09-28T00:30:15.779361+00:00,freq,0,0,2500.0,4250.0,2500.0,900.0,0,,,,
2026-09-28T00:30:15.779361+00:00,freq,1,0,550.0,550.0,1200.0,550.0,0,,,,
2026-09-28T00:30:15.779361+00:00,power,0,0,,,,,,537066875130,546665099383,1.0914086473640623,
2026-09-28T00:30:16.777130+00:00,freq,0,0,2500.0,4250.0,2500.0,900.0,0,,,,
2026-09-28T00:30:16.777130+00:00,freq,1,0,550.0,550.0,1200.0,550.0,0,,,,
2026-09-28T00:30:16.777130+00:00,power,0,0,,,,,,537067958954,546666097247,1.0861440035916718,
2026-09-28T00:30:17.790519+00:00,freq,0,0,2500.0,4250.0,2500.0,900.0,0,,,,
2026-09-28T00:30:17.790519+00:00,freq,1,0,550.0,550.0,1200.0,550.0,0,,,,
2026-09-28T00:30:17.790519+00:00,power,0,0,,,,,,537067958954,546667110701,0.0,
2026-09-28T00:30:18.776103+00:00,freq,0,0,2500.0,4250.0,2500.0,900.0,0,,,,
2026-09-28T00:30:18.776103+00:00,freq,1,0,550.0,550.0,1200.0,550.0,0,,,,
2026-09-28T00:30:18.776103+00:00,power,0,0,,,,,,537067958954,546668096430,0.0,
2026-09-28T00:30:19.783110+00:00,freq,0,0,2500.0,4250.0,2500.0,900.0,0,,,,
2026-09-28T00:30:19.783110+00:00,freq,1,0,550.0,550.0,1200.0,550.0,0,,,,
2026-09-28T00:30:19.783110+00:00,power,0,0,,,,,,537067958954,546669103223,0.0,
2026-09-28T00:30:20.775830+00:00,freq,0,0,2500.0,4250.0,2500.0,900.0,0,,,,
2026-09-28T00:30:20.775830+00:00,freq,1,0,550.0,550.0,1200.0,550.0,0,,,,
2026-09-28T00:30:20.775830+00:00,power,0,0,,,,,,537067958954,546670095917,0.0,
2026-09-28T00:30:21.786027+00:00,freq,0,0,900.0,900.0,2500.0,900.0,0,,,,
2026-09-28T00:30:21.786027+00:00,freq,1,0,550.0,550.0,1200.0,550.0,0,,,,
2026-09-28T00:30:21.786027+00:00,power,0,0,,,,,,537067962066,546671106110,0.003080599449808106,
2026-09-28T00:30:22.786136+00:00,freq,0,0,2500.0,4250.0,2500.0,1000.0,0,,,,
2026-09-28T00:30:22.786136+00:00,freq,1,0,550.0,550.0,1200.0,550.0,0,,,,
2026-09-28T00:30:22.786136+00:00,power,0,0,,,,,,537067970695,546672106209,0.008628145813564457,
2026-09-28T00:30:23.785540+00:00,freq,0,0,2500.0,4250.0,2500.0,900.0,0,,,,
2026-09-28T00:30:23.785540+00:00,freq,1,0,550.0,550.0,1200.0,550.0,0,,,,
2026-09-28T00:30:23.785540+00:00,power,0,0,,,,,,537068037223,546673105396,0.06658213127272472,
2026-09-28T00:30:24.772779+00:00,freq,0,0,2500.0,4250.0,2500.0,900.0,0,,,,
2026-09-28T00:30:24.772779+00:00,freq,1,0,550.0,550.0,1200.0,550.0,0,,,,
2026-09-28T00:30:24.772779+00:00,power,0,0,,,,,,537071160269,546674092587,3.1635681443611214,
2026-09-28T00:30:25.773198+00:00,freq,0,0,2500.0,4250.0,2500.0,900.0,0,,,,
2026-09-28T00:30:25.773198+00:00,freq,1,0,550.0,550.0,1200.0,550.0,0,,,,
2026-09-28T00:30:25.773198+00:00,power,0,0,,,,,,537071186598,546675093215,0.02631247576521944,
2026-09-28T00:30:26.789072+00:00,freq,0,0,2500.0,4250.0,2500.0,900.0,0,,,,
2026-09-28T00:30:26.789072+00:00,freq,1,0,550.0,550.0,1200.0,550.0,0,,,,
2026-09-28T00:30:26.789072+00:00,power,0,0,,,,,,537071186598,546676109036,0.0,
2026-09-28T00:30:27.789258+00:00,freq,0,0,2500.0,4250.0,2500.0,900.0,0,,,,
2026-09-28T00:30:27.789258+00:00,freq,1,0,550.0,550.0,1200.0,550.0,0,,,,
2026-09-28T00:30:27.789258+00:00,power,0,0,,,,,,537071186903,546677109123,0.0003049734673083442,
2026-09-28T00:30:28.789509+00:00,freq,0,0,2500.0,4250.0,2500.0,900.0,0,,,,
2026-09-28T00:30:28.789509+00:00,freq,1,0,550.0,550.0,1200.0,550.0,0,,,,
2026-09-28T00:30:28.789509+00:00,power,0,0,,,,,,537071186903,546678109280,0.0,
2026-09-28T00:30:29.777226+00:00,freq,0,0,2500.0,4250.0,2500.0,900.0,0,,,,
2026-09-28T00:30:29.777226+00:00,freq,1,0,550.0,550.0,1200.0,550.0,0,,,,
2026-09-28T00:30:29.777226+00:00,power,0,0,,,,,,537071191114,546679097051,0.004263133864023139,
2026-09-28T00:30:30.793303+00:00,freq,0,0,2500.0,4250.0,2500.0,900.0,0,,,,
2026-09-28T00:30:30.793303+00:00,freq,1,0,550.0,550.0,1200.0,550.0,0,,,,
2026-09-28T00:30:30.793303+00:00,power,0,0,,,,,,537072281652,546680113138,1.0732722690084608,
2026-09-28T00:30:31.793979+00:00,freq,0,0,2500.0,4250.0,2500.0,900.0,0,,,,
2026-09-28T00:30:31.793979+00:00,freq,1,0,550.0,550.0,1200.0,550.0,0,,,,
2026-09-28T00:30:31.793979+00:00,power,0,0,,,,,,537073337987,546681113726,1.0557142400268642,
2026-09-28T00:30:32.793767+00:00,freq,0,0,900.0,900.0,2500.0,900.0,0,,,,
2026-09-28T00:30:32.793767+00:00,freq,1,0,550.0,550.0,1200.0,550.0,0,,,,
2026-09-28T00:30:32.793767+00:00,power,0,0,,,,,,537073341099,546682113449,0.0031128622628468086,
2026-09-28T00:30:33.792940+00:00,freq,0,0,900.0,900.0,2500.0,900.0,0,,,,
2026-09-28T00:30:33.792940+00:00,freq,1,0,550.0,550.0,1200.0,550.0,0,,,,
2026-09-28T00:30:33.792940+00:00,power,0,0,,,,,,537073341099,546683112537,0.0,
2026-09-28T00:30:34.792713+00:00,freq,0,0,900.0,900.0,2500.0,900.0,0,,,,
2026-09-28T00:30:34.792713+00:00,freq,1,0,550.0,550.0,1200.0,550.0,0,,,,
2026-09-28T00:30:34.792713+00:00,power,0,0,,,,,,537073341099,546684112328,0.0,
2026-09-28T00:30:35.778848+00:00,freq,0,0,900.0,900.0,2500.0,900.0,0,,,,
2026-09-28T00:30:35.778848+00:00,freq,1,0,550.0,550.0,1200.0,550.0,0,,,,
2026-09-28T00:30:35.778848+00:00,power,0,0,,,,,,537073341099,546685098487,0.0,
2026-09-28T00:30:36.779447+00:00,freq,0,0,900.0,900.0,2500.0,900.0,0,,,,
2026-09-28T00:30:36.779447+00:00,freq,1,0,550.0,550.0,1200.0,550.0,0,,,,
2026-09-28T00:30:36.779447+00:00,power,0,0,,,,,,537073343075,546686099105,0.0019747795862157186,
2026-09-28T00:30:37.765277+00:00,freq,0,0,900.0,900.0,2500.0,900.0,0,,,,
2026-09-28T00:30:37.765277+00:00,freq,1,0,550.0,550.0,1200.0,550.0,0,,,,
2026-09-28T00:30:37.765277+00:00,power,0,0,,,,,,537073343319,546687084901,0.00024751571319015295,
2026-09-28T00:30:38.773984+00:00,freq,0,0,900.0,900.0,2500.0,900.0,0,,,,
2026-09-28T00:30:38.773984+00:00,freq,1,0,550.0,550.0,1200.0,550.0,0,,,,
2026-09-28T00:30:38.773984+00:00,power,0,0,,,,,,537073343319,546688093640,0.0,
2026-09-28T00:30:39.777367+00:00,freq,0,0,900.0,900.0,2500.0,900.0,0,,,,
2026-09-28T00:30:39.777367+00:00,freq,1,0,550.0,550.0,1200.0,550.0,0,,,,
2026-09-28T00:30:39.777367+00:00,power,0,0,,,,,,537073344746,546689097007,0.0014222114141684947,
2026-09-28T00:30:40.779220+00:00,freq,0,0,2500.0,4250.0,2500.0,900.0,0,,,,
2026-09-28T00:30:40.779220+00:00,freq,1,0,550.0,550.0,1200.0,550.0,0,,,,
2026-09-28T00:30:40.779220+00:00,power,0,0,,,,,,537073351483,546690098811,0.006724868337519115,
2026-09-28T00:30:41.770931+00:00,freq,0,0,2500.0,4250.0,2500.0,900.0,0,,,,
2026-09-28T00:30:41.770931+00:00,freq,1,0,550.0,550.0,1200.0,550.0,0,,,,
2026-09-28T00:30:41.770931+00:00,power,0,0,,,,,,537076704083,546691090490,3.380731063176693,
2026-09-28T00:30:42.785146+00:00,freq,0,0,2500.0,4250.0,2500.0,900.0,0,,,,
2026-09-28T00:30:42.785146+00:00,freq,1,0,550.0,550.0,1200.0,550.0,0,,,,
2026-09-28T00:30:42.785146+00:00,power,0,0,,,,,,537076728764,546692104802,0.024332749686486996,
2026-09-28T00:30:43.771469+00:00,freq,0,0,2500.0,4250.0,2500.0,900.0,0,,,,
2026-09-28T00:30:43.771469+00:00,freq,1,0,550.0,550.0,1200.0,550.0,0,,,,
2026-09-28T00:30:43.771469+00:00,power,0,0,,,,,,537076731595,546693090919,0.0028708560951692347,
2026-09-28T00:30:44.774951+00:00,freq,0,0,2500.0,4250.0,2500.0,900.0,0,,,,
2026-09-28T00:30:44.774951+00:00,freq,1,0,550.0,550.0,1200.0,550.0,0,,,,
2026-09-28T00:30:44.774951+00:00,power,0,0,,,,,,537076731595,546694094367,0.0,
2026-09-28T00:30:45.778990+00:00,freq,0,0,2500.0,4250.0,2500.0,900.0,0,,,,
2026-09-28T00:30:45.778990+00:00,freq,1,0,550.0,550.0,1200.0,550.0,0,,,,
2026-09-28T00:30:45.778990+00:00,power,0,0,,,,,,537076731595,546695098463,0.0,
2026-09-28T00:30:46.794008+00:00,freq,0,0,2500.0,4250.0,2500.0,900.0,0,,,,
2026-09-28T00:30:46.794008+00:00,freq,1,0,550.0,550.0,1200.0,550.0,0,,,,
2026-09-28T00:30:46.794008+00:00,power,0,0,,,,,,537076731595,546696113431,0.0,
2026-09-28T00:30:47.792507+00:00,freq,0,0,2500.0,4250.0,2500.0,900.0,0,,,,
2026-09-28T00:30:47.792507+00:00,freq,1,0,550.0,550.0,1200.0,550.0,0,,,,
2026-09-28T00:30:47.792507+00:00,power,0,0,,,,,,537077822377,546697111954,1.0923954681063932,
2026-09-28T00:30:48.793159+00:00,freq,0,0,2500.0,4250.0,2500.0,900.0,0,,,,
2026-09-28T00:30:48.793159+00:00,freq,1,0,550.0,550.0,1200.0,550.0,0,,,,
2026-09-28T00:30:48.793159+00:00,power,0,0,,,,,,537078899159,546698112701,1.0759782442515442,
2026-09-28T00:30:49.792628+00:00,freq,0,0,2500.0,4250.0,2500.0,900.0,0,,,,
2026-09-28T00:30:49.792628+00:00,freq,1,0,550.0,550.0,1200.0,550.0,0,,,,
2026-09-28T00:30:49.792628+00:00,power,0,0,,,,,,537078901234,546699112095,0.002076258212476761,
2026-09-28T00:30:50.779276+00:00,freq,0,0,2500.0,4250.0,2500.0,900.0,0,,,,
2026-09-28T00:30:50.779276+00:00,freq,1,0,550.0,550.0,1200.0,550.0,0,,,,
2026-09-28T00:30:50.779276+00:00,power,0,0,,,,,,537078901234,546700098587,0.0,
2026-09-28T00:30:51.783743+00:00,freq,0,0,2500.0,4250.0,2500.0,900.0,0,,,,
2026-09-28T00:30:51.783743+00:00,freq,1,0,550.0,550.0,1200.0,550.0,0,,,,
2026-09-28T00:30:51.783743+00:00,power,0,0,,,,,,537078901234,546701103065,0.0,
2026-09-28T00:30:52.770585+00:00,freq,0,0,2500.0,4250.0,2500.0,900.0,0,,,,
2026-09-28T00:30:52.770585+00:00,freq,1,0,550.0,550.0,1200.0,550.0,0,,,,
2026-09-28T00:30:52.770585+00:00,power,0,0,,,,,,537078901234,546702089859,0.0,
2026-09-28T00:30:53.774944+00:00,freq,0,0,2500.0,4250.0,2500.0,900.0,0,,,,
2026-09-28T00:30:53.774944+00:00,freq,1,0,550.0,550.0,1200.0,550.0,0,,,,
2026-09-28T00:30:53.774944+00:00,power,0,0,,,,,,537078901234,546703094292,0.0,
2026-09-28T00:30:54.776173+00:00,freq,0,0,2500.0,4250.0,2500.0,900.0,0,,,,
2026-09-28T00:30:54.776173+00:00,freq,1,0,550.0,550.0,1200.0,550.0,0,,,,
2026-09-28T00:30:54.776173+00:00,power,0,0,,,,,,537078901234,546704095503,0.0,
2026-09-28T00:30:55.787024+00:00,freq,0,0,2500.0,4250.0,2500.0,900.0,0,,,,
2026-09-28T00:30:55.787024+00:00,freq,1,0,550.0,550.0,1200.0,550.0,0,,,,
2026-09-28T00:30:55.787024+00:00,power,0,0,,,,,,537078901234,546705106347,0.0,
2026-09-28T00:30:56.785273+00:00,freq,0,0,2500.0,4250.0,2500.0,900.0,0,,,,
2026-09-28T00:30:56.785273+00:00,freq,1,0,550.0,550.0,1200.0,550.0,0,,,,
2026-09-28T00:30:56.785273+00:00,power,0,0,,,,,,537078901234,546706104542,0.0,
2026-09-28T00:30:57.781964+00:00,freq,0,0,2500.0,4250.0,2500.0,1000.0,0,,,,
2026-09-28T00:30:57.781964+00:00,freq,1,0,550.0,550.0,1200.0,550.0,0,,,,
2026-09-28T00:30:57.781964+00:00,power,0,0,,,,,,537078905407,546707101246,0.00418679969178412,
2026-09-28T00:30:58.767624+00:00,freq,0,0,2500.0,4250.0,2500.0,900.0,0,,,,
2026-09-28T00:30:58.767624+00:00,freq,1,0,550.0,550.0,1200.0,550.0,0,,,,
2026-09-28T00:30:58.767624+00:00,power,0,0,,,,,,537081441906,546708086824,2.573615685415056,
2026-09-28T00:30:59.782954+00:00,freq,0,0,2500.0,4250.0,2500.0,900.0,0,,,,
2026-09-28T00:30:59.782954+00:00,freq,1,0,550.0,550.0,1200.0,550.0,0,,,,
2026-09-28T00:30:59.782954+00:00,power,0,0,,,,,,537082235569,546709102265,0.7815944008563767,
2026-09-28T00:31:00.776187+00:00,freq,0,0,2500.0,4250.0,2500.0,900.0,0,,,,
2026-09-28T00:31:00.776187+00:00,freq,1,0,550.0,550.0,1200.0,550.0,0,,,,
2026-09-28T00:31:00.776187+00:00,power,0,0,,,,,,537082235569,546710095306,0.0,
2026-09-28T00:31:01.791104+00:00,freq,0,0,2500.0,4250.0,2500.0,900.0,0,,,,
2026-09-28T00:31:01.791104+00:00,freq,1,0,550.0,550.0,1200.0,550.0,0,,,,
2026-09-28T00:31:01.791104+00:00,power,0,0,,,,,,537082235569,546711110287,0.0,
2026-09-28T00:31:02.789712+00:00,freq,0,0,1650.0,1650.0,2500.0,900.0,0,,,,
2026-09-28T00:31:02.789712+00:00,freq,1,0,550.0,550.0,1200.0,550.0,0,,,,
2026-09-28T00:31:02.789712+00:00,power,0,0,,,,,,537082239498,546712108820,0.003934772310980208,
2026-09-28T00:31:03.786285+00:00,freq,0,0,1650.0,1650.0,2500.0,900.0,0,,,,
2026-09-28T00:31:03.786285+00:00,freq,1,0,550.0,550.0,1200.0,550.0,0,,,,
2026-09-28T00:31:03.786285+00:00,power,0,0,,,,,,537082239498,546713105368,0.0,
2026-09-28T00:31:04.786419+00:00,freq,0,0,2500.0,4250.0,2500.0,900.0,0,,,,
2026-09-28T00:31:04.786419+00:00,freq,1,0,550.0,550.0,1200.0,550.0,0,,,,
2026-09-28T00:31:04.786419+00:00,power,0,0,,,,,,537083326534,546714105472,1.0869229600121588,
2026-09-28T00:31:05.784369+00:00,freq,0,0,2500.0,4250.0,2500.0,900.0,0,,,,
2026-09-28T00:31:05.784369+00:00,freq,1,0,550.0,550.0,1200.0,550.0,0,,,,
2026-09-28T00:31:05.784369+00:00,power,0,0,,,,,,537083326534,546715103464,0.0,
2026-09-28T00:31:06.776468+00:00,freq,0,0,2500.0,4250.0,2500.0,900.0,0,,,,
2026-09-28T00:31:06.776468+00:00,freq,1,0,550.0,550.0,1200.0,550.0,0,,,,
2026-09-28T00:31:06.776468+00:00,power,0,0,,,,,,537084415279,546716095551,1.0974289553234746,
2026-09-28T00:31:07.790139+00:00,freq,0,0,2500.0,4250.0,2500.0,900.0,0,,,,
2026-09-28T00:31:07.790139+00:00,freq,1,0,550.0,550.0,1200.0,500.0,0,,,,
2026-09-28T00:31:07.790139+00:00,power,0,0,,,,,,537084415279,546717109211,0.0,
2026-09-28T00:31:08.785876+00:00,freq,0,0,2500.0,4250.0,2500.0,900.0,0,,,,
2026-09-28T00:31:08.785876+00:00,freq,1,0,550.0,550.0,1200.0,550.0,0,,,,
2026-09-28T00:31:08.785876+00:00,power,0,0,,,,,,537084417194,546718104852,0.00192338403099109,
2026-09-28T00:31:09.781368+00:00,freq,0,0,2500.0,4250.0,2500.0,900.0,0,,,,
2026-09-28T00:31:09.781368+00:00,freq,1,0,550.0,550.0,1200.0,550.0,0,,,,
2026-09-28T00:31:09.781368+00:00,power,0,0,,,,,,537084417194,546719100343,0.0,
2026-09-28T00:31:10.775635+00:00,freq,0,0,2500.0,4250.0,2500.0,900.0,0,,,,
2026-09-28T00:31:10.775635+00:00,freq,1,0,550.0,550.0,1200.0,550.0,0,,,,
2026-09-28T00:31:10.775635+00:00,power,0,0,,,,,,537084417194,546720094548,0.0,
2026-09-28T00:31:11.790150+00:00,freq,0,0,2500.0,4250.0,2500.0,900.0,0,,,,
2026-09-28T00:31:11.790150+00:00,freq,1,0,550.0,550.0,1200.0,550.0,0,,,,
2026-09-28T00:31:11.790150+00:00,power,0,0,,,,,,537084417194,546721109040,0.0,
2026-09-28T00:31:12.787789+00:00,freq,0,0,2500.0,4250.0,2500.0,900.0,0,,,,
2026-09-28T00:31:12.787789+00:00,freq,1,0,550.0,550.0,1200.0,550.0,0,,,,
2026-09-28T00:31:12.787789+00:00,power,0,0,,,,,,537084417194,546722106639,0.0,
2026-09-28T00:31:13.777953+00:00,freq,0,0,2500.0,4250.0,2500.0,900.0,0,,,,
2026-09-28T00:31:13.777953+00:00,freq,1,0,550.0,550.0,1200.0,550.0,0,,,,
2026-09-28T00:31:13.777953+00:00,power,0,0,,,,,,537084417194,546723096734,0.0,
2026-09-28T00:31:14.787916+00:00,freq,0,0,2500.0,4250.0,2500.0,900.0,0,,,,
2026-09-28T00:31:14.787916+00:00,freq,1,0,550.0,550.0,1200.0,550.0,0,,,,
2026-09-28T00:31:14.787916+00:00,power,0,0,,,,,,537084423565,546724107256,0.006304662342828756,
2026-09-28T00:31:15.786871+00:00,freq,0,0,2500.0,4250.0,2500.0,900.0,0,,,,
2026-09-28T00:31:15.786871+00:00,freq,1,0,550.0,550.0,1200.0,550.0,0,,,,
2026-09-28T00:31:15.786871+00:00,power,0,0,,,,,,537084695561,546725105544,0.2724624557241998,
2026-09-28T00:31:16.785496+00:00,freq,0,0,2500.0,4250.0,2500.0,900.0,0,,,,
2026-09-28T00:31:16.785496+00:00,freq,1,0,550.0,550.0,1200.0,550.0,0,,,,
2026-09-28T00:31:16.785496+00:00,power,0,0,,,,,,537087896061,546726104483,3.203899337196766,
2026-09-28T00:31:17.782456+00:00,freq,0,0,2500.0,4250.0,2500.0,900.0,0,,,,
2026-09-28T00:31:17.782456+00:00,freq,1,0,550.0,550.0,1200.0,550.0,0,,,,
2026-09-28T00:31:17.782456+00:00,power,0,0,,,,,,537087922634,546727101213,0.026660178784625725,
2026-09-28T00:31:18.782809+00:00,freq,0,0,2500.0,4250.0,2500.0,900.0,0,,,,
2026-09-28T00:31:18.782809+00:00,freq,1,0,550.0,550.0,1200.0,550.0,0,,,,
2026-09-28T00:31:18.782809+00:00,power,0,0,,,,,,537087922634,546728101524,0.0,
2026-09-28T00:31:19.783684+00:00,freq,0,0,2500.0,4250.0,2500.0,900.0,0,,,,
2026-09-28T00:31:19.783684+00:00,freq,1,0,550.0,550.0,1200.0,550.0,0,,,,
2026-09-28T00:31:19.783684+00:00,power,0,0,,,,,,537087922634,546729102442,0.0,
2026-09-28T00:31:20.770210+00:00,freq,0,0,2500.0,4250.0,2500.0,900.0,0,,,,
2026-09-28T00:31:20.770210+00:00,freq,1,0,550.0,550.0,1200.0,550.0,0,,,,
2026-09-28T00:31:20.770210+00:00,power,0,0,,,,,,537087922634,546730089099,0.0,
2026-09-28T00:31:21.772015+00:00,freq,0,0,2500.0,4250.0,2500.0,900.0,0,,,,
2026-09-28T00:31:21.772015+00:00,freq,1,0,550.0,550.0,1200.0,550.0,0,,,,
2026-09-28T00:31:21.772015+00:00,power,0,0,,,,,,537087922634,546731090862,0.0,
2026-09-28T00:31:22.786818+00:00,freq,0,0,2500.0,4250.0,2500.0,900.0,0,,,,
2026-09-28T00:31:22.786818+00:00,freq,1,0,550.0,550.0,1200.0,550.0,0,,,,
2026-09-28T00:31:22.786818+00:00,power,0,0,,,,,,537089007228,546732105563,1.0688803893954968,
2026-09-28T00:31:23.785714+00:00,freq,0,0,2500.0,4250.0,2500.0,900.0,0,,,,
2026-09-28T00:31:23.785714+00:00,freq,1,0,550.0,550.0,1200.0,550.0,0,,,,
2026-09-28T00:31:23.785714+00:00,power,0,0,,,,,,537090085803,546733104390,1.0798416542604474,
2026-09-28T00:31:24.785210+00:00,freq,0,0,2500.0,4250.0,2500.0,900.0,0,,,,
2026-09-28T00:31:24.785210+00:00,freq,1,0,550.0,550.0,1200.0,550.0,0,,,,
2026-09-28T00:31:24.785210+00:00,power,0,0,,,,,,537090087084,546734103859,0.001281680572383936,
2026-09-28T00:31:25.785236+00:00,freq,0,0,2500.0,4250.0,2500.0,900.0,0,,,,
2026-09-28T00:31:25.785236+00:00,freq,1,0,550.0,550.0,1200.0,550.0,0,,,,
2026-09-28T00:31:25.785236+00:00,power,0,0,,,,,,537090087084,546735103796,0.0,
2026-09-28T00:31:26.772046+00:00,freq,0,0,2500.0,4250.0,2500.0,900.0,0,,,,
2026-09-28T00:31:26.772046+00:00,freq,1,0,550.0,550.0,1200.0,550.0,0,,,,
2026-09-28T00:31:26.772046+00:00,power,0,0,,,,,,537090087084,546736090936,0.0,
2026-09-28T00:31:27.774105+00:00,freq,0,0,2500.0,4250.0,2500.0,900.0,0,,,,
2026-09-28T00:31:27.774105+00:00,freq,1,0,550.0,550.0,1200.0,550.0,0,,,,
2026-09-28T00:31:27.774105+00:00,power,0,0,,,,,,537090087084,546737092780,0.0,
2026-09-28T00:31:28.779268+00:00,freq,0,0,2500.0,4250.0,2500.0,900.0,0,,,,
2026-09-28T00:31:28.779268+00:00,freq,1,0,550.0,550.0,1200.0,550.0,0,,,,
2026-09-28T00:31:28.779268+00:00,power,0,0,,,,,,537090087084,546738097909,0.0,
2026-09-28T00:31:29.779361+00:00,freq,0,0,2500.0,4250.0,2500.0,900.0,0,,,,
2026-09-28T00:31:29.779361+00:00,freq,1,0,550.0,550.0,1200.0,550.0,0,,,,
2026-09-28T00:31:29.779361+00:00,power,0,0,,,,,,537090087084,546739098517,0.0,
2026-09-28T00:31:30.790502+00:00,freq,0,0,2500.0,4250.0,2500.0,900.0,0,,,,
2026-09-28T00:31:30.790502+00:00,freq,1,0,550.0,550.0,1200.0,550.0,0,,,,
2026-09-28T00:31:30.790502+00:00,power,0,0,,,,,,537090087328,546740109167,0.00024142878345619157,
2026-09-28T00:31:31.777237+00:00,freq,0,0,2500.0,4250.0,2500.0,950.0,0,,,,
2026-09-28T00:31:31.777237+00:00,freq,1,0,550.0,550.0,1200.0,550.0,0,,,,
2026-09-28T00:31:31.777237+00:00,power,0,0,,,,,,537090087328,546741095739,0.0,
2026-09-28T00:31:32.792758+00:00,freq,0,0,900.0,900.0,2500.0,900.0,0,,,,
2026-09-28T00:31:32.792758+00:00,freq,1,0,550.0,550.0,1200.0,550.0,0,,,,
2026-09-28T00:31:32.792758+00:00,power,0,0,,,,,,537090097971,546742111187,0.010481088150254864,
2026-09-28T00:31:33.778571+00:00,freq,0,0,2500.0,4250.0,2500.0,900.0,0,,,,
2026-09-28T00:31:33.778571+00:00,freq,1,0,550.0,550.0,1200.0,550.0,0,,,,
2026-09-28T00:31:33.778571+00:00,power,0,0,,,,,,537093520662,546743097010,3.4719123006868373,
2026-09-28T00:31:34.779939+00:00,freq,0,0,2500.0,4250.0,2500.0,900.0,0,,,,
2026-09-28T00:31:34.779939+00:00,freq,1,0,550.0,550.0,1200.0,550.0,0,,,,
2026-09-28T00:31:34.779939+00:00,power,0,0,,,,,,537093546846,546744098386,0.02614802032403413,
2026-09-28T00:31:35.794390+00:00,freq,0,0,2500.0,4250.0,2500.0,900.0,0,,,,
2026-09-28T00:31:35.794390+00:00,freq,1,0,550.0,550.0,1200.0,550.0,0,,,,
2026-09-28T00:31:35.794390+00:00,power,0,0,,,,,,537093546846,546745112797,0.0,
2026-09-28T00:31:36.779735+00:00,freq,0,0,2500.0,4250.0,2500.0,900.0,0,,,,
2026-09-28T00:31:36.779735+00:00,freq,1,0,550.0,550.0,1200.0,550.0,0,,,,
2026-09-28T00:31:36.779735+00:00,power,0,0,,,,,,537093546846,546746098624,0.0,
2026-09-28T00:31:37.791857+00:00,freq,0,0,2500.0,4250.0,2500.0,900.0,0,,,,
2026-09-28T00:31:37.791857+00:00,freq,1,0,550.0,550.0,1200.0,550.0,0,,,,
2026-09-28T00:31:37.791857+00:00,power,0,0,,,,,,537093546846,546747110327,0.0,
2026-09-28T00:31:38.790882+00:00,freq,0,0,2500.0,4250.0,2500.0,900.0,0,,,,
2026-09-28T00:31:38.790882+00:00,freq,1,0,550.0,550.0,1200.0,550.0,0,,,,
2026-09-28T00:31:38.790882+00:00,power,0,0,,,,,,537093546846,546748109379,0.0,
2026-09-28T00:31:39.776611+00:00,freq,0,0,2500.0,4250.0,2500.0,900.0,0,,,,
2026-09-28T00:31:39.776611+00:00,freq,1,0,550.0,550.0,1200.0,550.0,0,,,,
2026-09-28T00:31:39.776611+00:00,power,0,0,,,,,,537094640802,546749095075,1.1098310229523098,
2026-09-28T00:31:40.777362+00:00,freq,0,0,2500.0,4250.0,2500.0,900.0,0,,,,
2026-09-28T00:31:40.777362+00:00,freq,1,0,550.0,550.0,1200.0,550.0,0,,,,
2026-09-28T00:31:40.777362+00:00,power,0,0,,,,,,537095725725,546750095729,1.0842139240936428,
2026-09-28T00:31:41.779494+00:00,freq,0,0,2500.0,4250.0,2500.0,900.0,0,,,,
2026-09-28T00:31:41.779494+00:00,freq,1,0,550.0,550.0,1200.0,550.0,0,,,,
2026-09-28T00:31:41.779494+00:00,power,0,0,,,,,,537095732255,546751097870,0.006516049138793842,
2026-09-28T00:31:42.782257+00:00,freq,0,0,2500.0,4250.0,2500.0,900.0,0,,,,
2026-09-28T00:31:42.782257+00:00,freq,1,0,550.0,550.0,1200.0,550.0,0,,,,
2026-09-28T00:31:42.782257+00:00,power,0,0,,,,,,537095732255,546752100570,0.0,
2026-09-28T00:31:43.769345+00:00,freq,0,0,2500.0,4250.0,2500.0,900.0,0,,,,
2026-09-28T00:31:43.769345+00:00,freq,1,0,550.0,550.0,1200.0,550.0,0,,,,
2026-09-28T00:31:43.769345+00:00,power,0,0,,,,,,537095732255,546753087726,0.0,
2026-09-28T00:31:44.772355+00:00,freq,0,0,2500.0,4250.0,2500.0,900.0,0,,,,
2026-09-28T00:31:44.772355+00:00,freq,1,0,550.0,550.0,1200.0,550.0,0,,,,
2026-09-28T00:31:44.772355+00:00,power,0,0,,,,,,537095732255,546754090836,0.0,
2026-09-28T00:31:45.785949+00:00,freq,0,0,2500.0,4250.0,2500.0,900.0,0,,,,
2026-09-28T00:31:45.785949+00:00,freq,1,0,550.0,550.0,1200.0,550.0,0,,,,
2026-09-28T00:31:45.785949+00:00,power,0,0,,,,,,537095732255,546755104206,0.0,
2026-09-28T00:31:46.781552+00:00,freq,0,0,2500.0,4250.0,2500.0,900.0,0,,,,
2026-09-28T00:31:46.781552+00:00,freq,1,0,550.0,550.0,1200.0,550.0,0,,,,
2026-09-28T00:31:46.781552+00:00,power,0,0,,,,,,537095734269,546756099934,0.002022640721160799,
2026-09-28T00:31:47.778268+00:00,freq,0,0,2500.0,4250.0,2500.0,900.0,0,,,,
2026-09-28T00:31:47.778268+00:00,freq,1,0,550.0,550.0,1200.0,550.0,0,,,,
2026-09-28T00:31:47.778268+00:00,power,0,0,,,,,,537095734269,546757096564,0.0,
2026-09-28T00:31:48.779035+00:00,freq,0,0,2500.0,4250.0,2500.0,900.0,0,,,,
2026-09-28T00:31:48.779035+00:00,freq,1,0,550.0,550.0,1200.0,550.0,0,,,,
2026-09-28T00:31:48.779035+00:00,power,0,0,,,,,,537095734269,546758097394,0.0,
2026-09-28T00:31:49.779963+00:00,freq,0,0,2500.0,4250.0,2500.0,1000.0,0,,,,
2026-09-28T00:31:49.779963+00:00,freq,1,0,550.0,550.0,1200.0,550.0,0,,,,
2026-09-28T00:31:49.779963+00:00,power,0,0,,,,,,537095740311,546759098089,0.006037803726410145,
2026-09-28T00:31:50.780407+00:00,freq,0,0,2500.0,4250.0,2500.0,900.0,0,,,,
2026-09-28T00:31:50.780407+00:00,freq,1,0,550.0,550.0,1200.0,550.0,0,,,,
2026-09-28T00:31:50.780407+00:00,power,0,0,,,,,,537098791336,546760098628,3.049381383434329,
2026-09-28T00:31:51.794416+00:00,freq,0,0,2500.0,4250.0,2500.0,900.0,0,,,,
2026-09-28T00:31:51.794416+00:00,freq,1,0,550.0,550.0,1200.0,550.0,0,,,,
2026-09-28T00:31:51.794416+00:00,power,0,0,,,,,,537099180824,546761112691,0.38408659028088,
2026-09-28T00:31:52.793201+00:00,freq,0,0,2500.0,4250.0,2500.0,900.0,0,,,,
2026-09-28T00:31:52.793201+00:00,freq,1,0,550.0,550.0,1200.0,550.0,0,,,,
2026-09-28T00:31:52.793201+00:00,power,0,0,,,,,,537099205505,546762111346,0.0247142406536792,
2026-09-28T00:31:53.779037+00:00,freq,0,0,2500.0,4250.0,2500.0,900.0,0,,,,
2026-09-28T00:31:53.779037+00:00,freq,1,0,550.0,550.0,1200.0,550.0,0,,,,
2026-09-28T00:31:53.779037+00:00,power,0,0,,,,,,537099205505,546763097043,0.0,
2026-09-28T00:31:54.779454+00:00,freq,0,0,2500.0,4250.0,2500.0,900.0,0,,,,
2026-09-28T00:31:54.779454+00:00,freq,1,0,550.0,550.0,1200.0,550.0,0,,,,
2026-09-28T00:31:54.779454+00:00,power,0,0,,,,,,537099205505,546764097670,0.0,
2026-09-28T00:31:55.793787+00:00,freq,0,0,2500.0,4250.0,2500.0,900.0,0,,,,
2026-09-28T00:31:55.793787+00:00,freq,1,0,550.0,550.0,1200.0,550.0,0,,,,
2026-09-28T00:31:55.793787+00:00,power,0,0,,,,,,537099205505,546765111954,0.0,
2026-09-28T00:31:56.790833+00:00,freq,0,0,2500.0,4250.0,2500.0,900.0,0,,,,
2026-09-28T00:31:56.790833+00:00,freq,1,0,550.0,550.0,1200.0,550.0,0,,,,
2026-09-28T00:31:56.790833+00:00,power,0,0,,,,,,537100298766,546766109076,1.0964164866485746,
2026-09-28T00:31:57.790879+00:00,freq,0,0,2500.0,4250.0,2500.0,900.0,0,,,,
2026-09-28T00:31:57.790879+00:00,freq,1,0,550.0,550.0,1200.0,550.0,0,,,,
2026-09-28T00:31:57.790879+00:00,power,0,0,,,,,,537101367857,546767109013,1.0691583569764895,
2026-09-28T00:31:58.791428+00:00,freq,0,0,2500.0,4250.0,2500.0,900.0,0,,,,
2026-09-28T00:31:58.791428+00:00,freq,1,0,550.0,550.0,1200.0,550.0,0,,,,
2026-09-28T00:31:58.791428+00:00,power,0,0,,,,,,537101367857,546768109496,0.0,
2026-09-28T00:31:59.785259+00:00,freq,0,0,2500.0,4250.0,2500.0,900.0,0,,,,
2026-09-28T00:31:59.785259+00:00,freq,1,0,550.0,550.0,1200.0,550.0,0,,,,
2026-09-28T00:31:59.785259+00:00,power,0,0,,,,,,537101367857,546769103471,0.0,
2026-09-28T00:32:00.780411+00:00,freq,0,0,2500.0,4250.0,2500.0,900.0,0,,,,
2026-09-28T00:32:00.780411+00:00,freq,1,0,550.0,550.0,1200.0,550.0,0,,,,
2026-09-28T00:32:00.780411+00:00,power,0,0,,,,,,537101367857,546770098489,0.0,
2026-09-28T00:32:01.792099+00:00,freq,0,0,2500.0,4250.0,2500.0,900.0,0,,,,
2026-09-28T00:32:01.792099+00:00,freq,1,0,550.0,550.0,1200.0,550.0,0,,,,
2026-09-28T00:32:01.792099+00:00,power,0,0,,,,,,537101367857,546771110171,0.0,
2026-09-28T00:32:02.778878+00:00,freq,0,0,950.0,950.0,2500.0,900.0,0,,,,
2026-09-28T00:32:02.778878+00:00,freq,1,0,550.0,550.0,1200.0,550.0,0,,,,
2026-09-28T00:32:02.778878+00:00,power,0,0,,,,,,537101369199,546772096706,0.0013603166638791325,
2026-09-28T00:32:03.793453+00:00,freq,0,0,950.0,950.0,2500.0,900.0,0,,,,
2026-09-28T00:32:03.793453+00:00,freq,1,0,550.0,550.0,1200.0,550.0,0,,,,
2026-09-28T00:32:03.793453+00:00,power,0,0,,,,,,537101369199,546773111316,0.0,
2026-09-28T00:32:04.778563+00:00,freq,0,0,2500.0,4250.0,2500.0,1000.0,0,,,,
2026-09-28T00:32:04.778563+00:00,freq,1,0,550.0,550.0,1200.0,550.0,0,,,,
2026-09-28T00:32:04.778563+00:00,power,0,0,,,,,,537101376790,546774096890,0.007702110648211093,
2026-09-28T00:32:05.780076+00:00,freq,0,0,2500.0,4250.0,2500.0,900.0,0,,,,
2026-09-28T00:32:05.780076+00:00,freq,1,0,550.0,550.0,1200.0,550.0,0,,,,
2026-09-28T00:32:05.780076+00:00,power,0,0,,,,,,537104342976,546775097827,2.963409285499487,
2026-09-28T00:32:06.793900+00:00,freq,0,0,2500.0,4250.0,2500.0,900.0,0,,,,
2026-09-28T00:32:06.793900+00:00,freq,1,0,550.0,550.0,1200.0,550.0,0,,,,
2026-09-28T00:32:06.793900+00:00,power,0,0,,,,,,537104931232,546776111838,0.5801278289880485,
2026-09-28T00:32:07.780657+00:00,freq,0,0,2500.0,4250.0,2500.0,900.0,0,,,,
2026-09-28T00:32:07.780657+00:00,freq,1,0,550.0,550.0,1200.0,550.0,0,,,,
2026-09-28T00:32:07.780657+00:00,power,0,0,,,,,,537104955669,546777098550,0.024766091828213297,
2026-09-28T00:32:08.794850+00:00,freq,0,0,2500.0,4250.0,2500.0,900.0,0,,,,
2026-09-28T00:32:08.794850+00:00,freq,1,0,550.0,550.0,1200.0,550.0,0,,,,
2026-09-28T00:32:08.794850+00:00,power,0,0,,,,,,537104955669,546778112634,0.0,
2026-09-28T00:32:09.792305+00:00,freq,0,0,2500.0,4250.0,2500.0,900.0,0,,,,
2026-09-28T00:32:09.792305+00:00,freq,1,0,550.0,550.0,1200.0,550.0,0,,,,
2026-09-28T00:32:09.792305+00:00,power,0,0,,,,,,537104956279,546779110123,0.0006115355658057382,
2026-09-28T00:32:10.780159+00:00,freq,0,0,2500.0,4250.0,2500.0,900.0,0,,,,
2026-09-28T00:32:10.780159+00:00,freq,1,0,550.0,550.0,1200.0,550.0,0,,,,
2026-09-28T00:32:10.780159+00:00,power,0,0,,,,,,537104956279,546780097900,0.0,
2026-09-28T00:32:11.781135+00:00,freq,0,0,2500.0,4250.0,2500.0,900.0,0,,,,
2026-09-28T00:32:11.781135+00:00,freq,1,0,550.0,550.0,1200.0,550.0,0,,,,
2026-09-28T00:32:11.781135+00:00,power,0,0,,,,,,537106044009,546781098971,1.086566287506081,
2026-09-28T00:32:12.780040+00:00,freq,0,0,2500.0,4250.0,2500.0,900.0,0,,,,
2026-09-28T00:32:12.780040+00:00,freq,1,0,550.0,550.0,1200.0,550.0,0,,,,
2026-09-28T00:32:12.780040+00:00,power,0,0,,,,,,537107119471,546782097862,1.076656011516772,
2026-09-28T00:32:13.792904+00:00,freq,0,0,2500.0,4250.0,2500.0,900.0,0,,,,
2026-09-28T00:32:13.792904+00:00,freq,1,0,550.0,550.0,1200.0,550.0,0,,,,
2026-09-28T00:32:13.792904+00:00,power,0,0,,,,,,537107119471,546783110674,0.0,
2026-09-28T00:32:14.780340+00:00,freq,0,0,2500.0,4250.0,2500.0,900.0,0,,,,
2026-09-28T00:32:14.780340+00:00,freq,1,0,550.0,550.0,1200.0,550.0,0,,,,
2026-09-28T00:32:14.780340+00:00,power,0,0,,,,,,537107119471,546784097965,0.0,
2026-09-28T00:32:15.784472+00:00,freq,0,0,2500.0,4250.0,2500.0,900.0,0,,,,
2026-09-28T00:32:15.784472+00:00,freq,1,0,550.0,550.0,1200.0,550.0,0,,,,
2026-09-28T00:32:15.784472+00:00,power,0,0,,,,,,537107119471,546785102306,0.0,
2026-09-28T00:32:16.771228+00:00,freq,0,0,2500.0,4250.0,2500.0,900.0,0,,,,
2026-09-28T00:32:16.771228+00:00,freq,1,0,550.0,550.0,1200.0,550.0,0,,,,
2026-09-28T00:32:16.771228+00:00,power,0,0,,,,,,537107119471,546786089083,0.0,
2026-09-28T00:32:17.776530+00:00,freq,0,0,2500.0,4250.0,2500.0,900.0,0,,,,
2026-09-28T00:32:17.776530+00:00,freq,1,0,550.0,550.0,1200.0,550.0,0,,,,
2026-09-28T00:32:17.776530+00:00,power,0,0,,,,,,537107119471,546787094158,0.0,
2026-09-28T00:32:18.791636+00:00,freq,0,0,2500.0,4250.0,2500.0,950.0,0,,,,
2026-09-28T00:32:18.791636+00:00,freq,1,0,550.0,550.0,1200.0,550.0,0,,,,
2026-09-28T00:32:18.791636+00:00,power,0,0,,,,,,537107119776,546788109153,0.00030049409110389705,
2026-09-28T00:32:19.786752+00:00,freq,0,0,2500.0,4250.0,2500.0,900.0,0,,,,
2026-09-28T00:32:19.786752+00:00,freq,1,0,550.0,550.0,1200.0,550.0,0,,,,
2026-09-28T00:32:19.786752+00:00,power,0,0,,,,,,537107119776,546789104311,0.0,
2026-09-28T00:32:20.772011+00:00,freq,0,0,2500.0,4250.0,2500.0,900.0,0,,,,
2026-09-28T00:32:20.772011+00:00,freq,1,0,550.0,550.0,1200.0,550.0,0,,,,
2026-09-28T00:32:20.772011+00:00,power,0,0,,,,,,537107120142,546790089960,0.0003713289416414971,
2026-09-28T00:32:21.772755+00:00,freq,0,0,2500.0,4250.0,2500.0,1000.0,0,,,,
2026-09-28T00:32:21.772755+00:00,freq,1,0,550.0,550.0,1200.0,550.0,0,,,,
2026-09-28T00:32:21.772755+00:00,power,0,0,,,,,,537107129625,546791090566,0.009477256782389872,
2026-09-28T00:32:22.773579+00:00,freq,0,0,2500.0,4250.0,2500.0,900.0,0,,,,
2026-09-28T00:32:22.773579+00:00,freq,1,0,550.0,550.0,1200.0,550.0,0,,,,
2026-09-28T00:32:22.773579+00:00,power,0,0,,,,,,537107700853,546792090999,0.5709807653286127,
2026-09-28T00:32:23.787274+00:00,freq,0,0,2500.0,4250.0,2500.0,900.0,0,,,,
2026-09-28T00:32:23.787274+00:00,freq,1,0,550.0,550.0,1200.0,550.0,0,,,,
2026-09-28T00:32:23.787274+00:00,power,0,0,,,,,,537110619187,546793104705,2.878876123846559,
2026-09-28T00:32:24.772751+00:00,freq,0,0,2500.0,4250.0,2500.0,900.0,0,,,,
2026-09-28T00:32:24.772751+00:00,freq,1,0,550.0,550.0,1200.0,550.0,0,,,,
2026-09-28T00:32:24.772751+00:00,power,0,0,,,,,,537110642525,546794090273,0.023679746095652456,
2026-09-28T00:32:25.787570+00:00,freq,0,0,2500.0,4250.0,2500.0,900.0,0,,,,
2026-09-28T00:32:25.787570+00:00,freq,1,0,550.0,550.0,1200.0,550.0,0,,,,
2026-09-28T00:32:25.787570+00:00,power,0,0,,,,,,537110642525,546795105121,0.0,
2026-09-28T00:32:26.782458+00:00,freq,0,0,2500.0,4250.0,2500.0,900.0,0,,,,
2026-09-28T00:32:26.782458+00:00,freq,1,0,550.0,550.0,1200.0,550.0,0,,,,
2026-09-28T00:32:26.782458+00:00,power,0,0,,,,,,537110642525,546796100146,0.0,
2026-09-28T00:32:27.781991+00:00,freq,0,0,2500.0,4250.0,2500.0,900.0,0,,,,
2026-09-28T00:32:27.781991+00:00,freq,1,0,550.0,550.0,1200.0,550.0,0,,,,
2026-09-28T00:32:27.781991+00:00,power,0,0,,,,,,537110642525,546797099537,0.0,
2026-09-28T00:32:28.781144+00:00,freq,0,0,2500.0,4250.0,2500.0,900.0,0,,,,
2026-09-28T00:32:28.781144+00:00,freq,1,0,550.0,550.0,1200.0,550.0,0,,,,
2026-09-28T00:32:28.781144+00:00,power,0,0,,,,,,537111732551,546798098543,1.0911105639005172,
2026-09-28T00:32:29.781646+00:00,freq,0,0,2500.0,4250.0,2500.0,900.0,0,,,,
2026-09-28T00:32:29.781646+00:00,freq,1,0,550.0,550.0,1200.0,550.0,0,,,,
2026-09-28T00:32:29.781646+00:00,power,0,0,,,,,,537112808502,546799099219,1.0752241484756304,
2026-09-28T00:32:30.769571+00:00,freq,0,0,2500.0,4250.0,2500.0,900.0,0,,,,
2026-09-28T00:32:30.769571+00:00,freq,1,0,550.0,550.0,1200.0,550.0,0,,,,
2026-09-28T00:32:30.769571+00:00,power,0,0,,,,,,537112809234,546800087083,0.0007409926872524963,
2026-09-28T00:32:31.785225+00:00,freq,0,0,2500.0,4250.0,2500.0,900.0,0,,,,
2026-09-28T00:32:31.785225+00:00,freq,1,0,550.0,550.0,1200.0,550.0,0,,,,
2026-09-28T00:32:31.785225+00:00,power,0,0,,,,,,537112812614,546801102573,0.003328442426808733,
2026-09-28T00:32:32.772127+00:00,freq,0,0,900.0,900.0,2500.0,900.0,0,,,,
2026-09-28T00:32:32.772127+00:00,freq,1,0,550.0,550.0,1200.0,550.0,0,,,,
2026-09-28T00:32:32.772127+00:00,power,0,0,,,,,,537112813041,546802089472,0.00043266838855850496,
2026-09-28T00:32:33.787678+00:00,freq,0,0,900.0,900.0,2500.0,900.0,0,,,,
2026-09-28T00:32:33.787678+00:00,freq,1,0,550.0,550.0,1200.0,550.0,0,,,,
2026-09-28T00:32:33.787678+00:00,power,0,0,,,,,,537112813041,546803105008,0.0,
2026-09-28T00:32:34.773683+00:00,freq,0,0,900.0,900.0,2500.0,900.0,0,,,,
2026-09-28T00:32:34.773683+00:00,freq,1,0,550.0,550.0,1200.0,550.0,0,,,,
2026-09-28T00:32:34.773683+00:00,power,0,0,,,,,,537112813163,546804090954,0.00012373902830378135,
2026-09-28T00:32:35.776007+00:00,freq,0,0,900.0,900.0,2500.0,900.0,0,,,,
2026-09-28T00:32:35.776007+00:00,freq,1,0,550.0,550.0,1200.0,550.0,0,,,,
2026-09-28T00:32:35.776007+00:00,power,0,0,,,,,,537112813163,546805093259,0.0,
2026-09-28T00:32:36.786203+00:00,freq,0,0,900.0,900.0,2500.0,900.0,0,,,,
2026-09-28T00:32:36.786203+00:00,freq,1,0,550.0,550.0,1200.0,550.0,0,,,,
2026-09-28T00:32:36.786203+00:00,power,0,0,,,,,,537112814895,546806103424,0.0017145713819029565,
2026-09-28T00:32:37.782917+00:00,freq,0,0,900.0,900.0,2500.0,900.0,0,,,,
2026-09-28T00:32:37.782917+00:00,freq,1,0,550.0,550.0,1200.0,550.0,0,,,,
2026-09-28T00:32:37.782917+00:00,power,0,0,,,,,,537112814956,546807100113,6.120264194748813e-05,
2026-09-28T00:32:38.778299+00:00,freq,0,0,2500.0,4250.0,2500.0,900.0,0,,,,
2026-09-28T00:32:38.778299+00:00,freq,1,0,550.0,550.0,1200.0,550.0,0,,,,
2026-09-28T00:32:38.778299+00:00,power,0,0,,,,,,537112820655,546808095656,0.005724514159609379,
2026-09-28T00:32:39.792404+00:00,freq,0,0,2500.0,4250.0,2500.0,900.0,0,,,,
2026-09-28T00:32:39.792404+00:00,freq,1,0,550.0,550.0,1200.0,550.0,0,,,,
2026-09-28T00:32:39.792404+00:00,power,0,0,,,,,,537112820655,546809109716,0.0,
2026-09-28T00:32:40.788568+00:00,freq,0,0,2500.0,4250.0,2500.0,900.0,0,,,,
2026-09-28T00:32:40.788568+00:00,freq,1,0,550.0,550.0,1200.0,550.0,0,,,,
2026-09-28T00:32:40.788568+00:00,power,0,0,,,,,,537116375426,546810105786,3.5687963697330507,
2026-09-28T00:32:41.785759+00:00,freq,0,0,2500.0,4250.0,2500.0,900.0,0,,,,
2026-09-28T00:32:41.785759+00:00,freq,1,0,550.0,550.0,1200.0,550.0,0,,,,
2026-09-28T00:32:41.785759+00:00,power,0,0,,,,,,537116400412,546811102931,0.025057539274629066,
2026-09-28T00:32:42.781323+00:00,freq,0,0,2500.0,4250.0,2500.0,900.0,0,,,,
2026-09-28T00:32:42.781323+00:00,freq,1,0,550.0,550.0,1200.0,550.0,0,,,,
2026-09-28T00:32:42.781323+00:00,power,0,0,,,,,,537116400412,546812098458,0.0,
2026-09-28T00:32:43.795119+00:00,freq,0,0,2500.0,4250.0,2500.0,900.0,0,,,,
2026-09-28T00:32:43.795119+00:00,freq,1,0,550.0,550.0,1200.0,550.0,0,,,,
2026-09-28T00:32:43.795119+00:00,power,0,0,,,,,,537116400412,546813112242,0.0,
2026-09-28T00:32:44.795769+00:00,freq,0,0,2500.0,4250.0,2500.0,900.0,0,,,,
2026-09-28T00:32:44.795769+00:00,freq,1,0,550.0,550.0,1200.0,550.0,0,,,,
2026-09-28T00:32:44.795769+00:00,power,0,0,,,,,,537116400412,546814112856,0.0,
2026-09-28T00:32:45.795740+00:00,freq,0,0,2500.0,4250.0,2500.0,900.0,0,,,,
2026-09-28T00:32:45.795740+00:00,freq,1,0,550.0,550.0,1200.0,500.0,0,,,,
2026-09-28T00:32:45.795740+00:00,power,0,0,,,,,,537116400412,546815112922,0.0,
2026-09-28T00:32:46.790780+00:00,freq,0,0,2500.0,4250.0,2500.0,900.0,0,,,,
2026-09-28T00:32:46.790780+00:00,freq,1,0,500.0,500.0,1200.0,500.0,0,,,,
2026-09-28T00:32:46.790780+00:00,power,0,0,,,,,,537117458357,546816108062,1.063111722973652,
2026-09-28T00:32:47.782256+00:00,freq,0,0,2500.0,4250.0,2500.0,900.0,0,,,,
2026-09-28T00:32:47.782256+00:00,freq,1,0,500.0,500.0,1200.0,550.0,0,,,,
2026-09-28T00:32:47.782256+00:00,power,0,0,,,,,,537118531110,546817099409,1.0821165545464908,
2026-09-28T00:32:48.780794+00:00,freq,0,0,2500.0,4250.0,2500.0,900.0,0,,,,
2026-09-28T00:32:48.780794+00:00,freq,1,0,550.0,550.0,1200.0,550.0,0,,,,
2026-09-28T00:32:48.780794+00:00,power,0,0,,,,,,537118533574,546818097979,0.0024675285658491645,
2026-09-28T00:32:49.793860+00:00,freq,0,0,2500.0,4250.0,2500.0,900.0,0,,,,
2026-09-28T00:32:49.793860+00:00,freq,1,0,550.0,550.0,1200.0,550.0,0,,,,
2026-09-28T00:32:49.793860+00:00,power,0,0,,,,,,537118533574,546819111089,0.0,
2026-09-28T00:32:50.781775+00:00,freq,0,0,2500.0,4250.0,2500.0,900.0,0,,,,
2026-09-28T00:32:50.781775+00:00,freq,1,0,550.0,550.0,1200.0,550.0,0,,,,
2026-09-28T00:32:50.781775+00:00,power,0,0,,,,,,537118533574,546820098874,0.0,
2026-09-28T00:32:51.779743+00:00,freq,0,0,2500.0,4250.0,2500.0,900.0,0,,,,
2026-09-28T00:32:51.779743+00:00,freq,1,0,550.0,550.0,1200.0,550.0,0,,,,
2026-09-28T00:32:51.779743+00:00,power,0,0,,,,,,537118533574,546821096880,0.0,
2026-09-28T00:32:52.792982+00:00,freq,0,0,2500.0,4250.0,2500.0,900.0,0,,,,
2026-09-28T00:32:52.792982+00:00,freq,1,0,550.0,550.0,1200.0,550.0,0,,,,
2026-09-28T00:32:52.792982+00:00,power,0,0,,,,,,537118535710,546822110105,0.0021081201115250806,
2026-09-28T00:32:53.788039+00:00,freq,0,0,2500.0,4250.0,2500.0,1000.0,0,,,,
2026-09-28T00:32:53.788039+00:00,freq,1,0,550.0,550.0,1200.0,550.0,0,,,,
2026-09-28T00:32:53.788039+00:00,power,0,0,,,,,,537118535710,546823105023,0.0,
2026-09-28T00:32:54.787111+00:00,freq,0,0,2500.0,4250.0,2500.0,900.0,0,,,,
2026-09-28T00:32:54.787111+00:00,freq,1,0,550.0,550.0,1200.0,550.0,0,,,,
2026-09-28T00:32:54.787111+00:00,power,0,0,,,,,,537118540897,546824104074,0.005191927138854773,
2026-09-28T00:32:55.784584+00:00,freq,0,0,2500.0,4250.0,2500.0,900.0,0,,,,
2026-09-28T00:32:55.784584+00:00,freq,1,0,550.0,550.0,1200.0,550.0,0,,,,
2026-09-28T00:32:55.784584+00:00,power,0,0,,,,,,537122354397,546825101640,3.822804706656001,
2026-09-28T00:32:56.771412+00:00,freq,0,0,2500.0,4250.0,2500.0,900.0,0,,,,
2026-09-28T00:32:56.771412+00:00,freq,1,0,550.0,550.0,1200.0,550.0,0,,,,
2026-09-28T00:32:56.771412+00:00,power,0,0,,,,,,537122377712,546826088408,0.02362764094498403,
2026-09-28T00:32:57.775442+00:00,freq,0,0,2500.0,4250.0,2500.0,900.0,0,,,,
2026-09-28T00:32:57.775442+00:00,freq,1,0,550.0,550.0,1200.0,550.0,0,,,,
2026-09-28T00:32:57.775442+00:00,power,0,0,,,,,,537122377712,546827092297,0.0,
2026-09-28T00:32:58.782222+00:00,freq,0,0,2500.0,4250.0,2500.0,900.0,0,,,,
2026-09-28T00:32:58.782222+00:00,freq,1,0,550.0,550.0,1200.0,550.0,0,,,,
2026-09-28T00:32:58.782222+00:00,power,0,0,,,,,,537122377712,546828099141,0.0,
2026-09-28T00:32:59.782645+00:00,freq,0,0,2500.0,4250.0,2500.0,900.0,0,,,,
2026-09-28T00:32:59.782645+00:00,freq,1,0,550.0,550.0,1200.0,550.0,0,,,,
2026-09-28T00:32:59.782645+00:00,power,0,0,,,,,,537122377712,546829099465,0.0,
2026-09-28T00:33:00.781797+00:00,freq,0,0,2500.0,4250.0,2500.0,900.0,0,,,,
2026-09-28T00:33:00.781797+00:00,freq,1,0,550.0,550.0,1200.0,550.0,0,,,,
2026-09-28T00:33:00.781797+00:00,power,0,0,,,,,,537122377712,546830098640,0.0,
2026-09-28T00:33:01.785200+00:00,freq,0,0,2500.0,4250.0,2500.0,900.0,0,,,,
2026-09-28T00:33:01.785200+00:00,freq,1,0,550.0,550.0,1200.0,550.0,0,,,,
2026-09-28T00:33:01.785200+00:00,power,0,0,,,,,,537123455433,546831102003,1.0741087721990945,
2026-09-28T00:33:02.785163+00:00,freq,0,0,1750.0,1750.0,2500.0,900.0,0,,,,
2026-09-28T00:33:02.785163+00:00,freq,1,0,550.0,550.0,1200.0,550.0,0,,,,
2026-09-28T00:33:02.785163+00:00,power,0,0,,,,,,537124519214,546832102039,1.0637427052626105,
2026-09-28T00:33:03.770480+00:00,freq,0,0,2500.0,4250.0,2500.0,900.0,0,,,,
2026-09-28T00:33:03.770480+00:00,freq,1,0,550.0,550.0,1200.0,550.0,0,,,,
2026-09-28T00:33:03.770480+00:00,power,0,0,,,,,,537124521678,546833087674,0.0024999112247434396,
2026-09-28T00:33:04.774436+00:00,freq,0,0,2500.0,4250.0,2500.0,900.0,0,,,,
2026-09-28T00:33:04.774436+00:00,freq,1,0,550.0,550.0,1200.0,500.0,0,,,,
2026-09-28T00:33:04.774436+00:00,power,0,0,,,,,,537124521678,546834091121,0.0,
2026-09-28T00:33:05.775919+00:00,freq,0,0,2500.0,4250.0,2500.0,900.0,0,,,,
2026-09-28T00:33:05.775919+00:00,freq,1,0,500.0,500.0,1200.0,550.0,0,,,,
2026-09-28T00:33:05.775919+00:00,power,0,0,,,,,,537124521678,546835092604,0.0,
2026-09-28T00:33:06.788896+00:00,freq,0,0,2500.0,4250.0,2500.0,900.0,0,,,,
2026-09-28T00:33:06.788896+00:00,freq,1,0,550.0,550.0,1200.0,550.0,0,,,,
2026-09-28T00:33:06.788896+00:00,power,0,0,,,,,,537124521678,546836105577,0.0,
2026-09-28T00:33:07.776735+00:00,freq,0,0,2500.0,4250.0,2500.0,900.0,0,,,,
2026-09-28T00:33:07.776735+00:00,freq,1,0,550.0,550.0,1200.0,550.0,0,,,,
2026-09-28T00:33:07.776735+00:00,power,0,0,,,,,,537124521678,546837093407,0.0,
2026-09-28T00:33:08.780027+00:00,freq,0,0,2500.0,4250.0,2500.0,900.0,0,,,,
2026-09-28T00:33:08.780027+00:00,freq,1,0,550.0,550.0,1200.0,550.0,0,,,,
2026-09-28T00:33:08.780027+00:00,power,0,0,,,,,,537124523203,546838096734,0.001519943149142802,
2026-09-28T00:33:09.782737+00:00,freq,0,0,2500.0,4250.0,2500.0,900.0,0,,,,
2026-09-28T00:33:09.782737+00:00,freq,1,0,550.0,550.0,1200.0,550.0,0,,,,
2026-09-28T00:33:09.782737+00:00,power,0,0,,,,,,537124523203,546839099366,0.0,
2026-09-28T00:33:10.771389+00:00,freq,0,0,2500.0,4250.0,2500.0,900.0,0,,,,
2026-09-28T00:33:10.771389+00:00,freq,1,0,550.0,550.0,1200.0,550.0,0,,,,
2026-09-28T00:33:10.771389+00:00,power,0,0,,,,,,537124523203,546840088021,0.0,
2026-09-28T00:33:11.771777+00:00,freq,0,0,2500.0,4250.0,2500.0,950.0,0,,,,
2026-09-28T00:33:11.771777+00:00,freq,1,0,550.0,550.0,1200.0,500.0,0,,,,
2026-09-28T00:33:11.771777+00:00,power,0,0,,,,,,537124536104,546841088591,0.012893650619147086,
2026-09-28T00:33:12.786981+00:00,freq,0,0,2500.0,4250.0,2500.0,900.0,0,,,,
2026-09-28T00:33:12.786981+00:00,freq,1,0,500.0,500.0,1200.0,550.0,0,,,,
2026-09-28T00:33:12.786981+00:00,power,0,0,,,,,,537127775873,546842103463,3.192293215302028,
2026-09-28T00:33:13.772553+00:00,freq,0,0,2500.0,4250.0,2500.0,900.0,0,,,,
2026-09-28T00:33:13.772553+00:00,freq,1,0,550.0,550.0,1200.0,550.0,0,,,,
2026-09-28T00:33:13.772553+00:00,power,0,0,,,,,,537128058160,546843089182,0.2863767463141118,
2026-09-28T00:33:14.781058+00:00,freq,0,0,2500.0,4250.0,2500.0,900.0,0,,,,
2026-09-28T00:33:14.781058+00:00,freq,1,0,550.0,550.0,1200.0,550.0,0,,,,
2026-09-28T00:33:14.781058+00:00,power,0,0,,,,,,537128085710,546844097745,0.027316092301621218,
2026-09-28T00:33:15.789675+00:00,freq,0,0,2500.0,4250.0,2500.0,900.0,0,,,,
2026-09-28T00:33:15.789675+00:00,freq,1,0,550.0,550.0,1200.0,550.0,0,,,,
2026-09-28T00:33:15.789675+00:00,power,0,0,,,,,,537128085710,546845106383,0.0,
2026-09-28T00:33:16.776085+00:00,freq,0,0,2500.0,4250.0,2500.0,900.0,0,,,,
2026-09-28T00:33:16.776085+00:00,freq,1,0,550.0,550.0,1200.0,550.0,0,,,,
2026-09-28T00:33:16.776085+00:00,power,0,0,,,,,,537128085710,546846092597,0.0,
2026-09-28T00:33:17.778111+00:00,freq,0,0,2500.0,4250.0,2500.0,900.0,0,,,,
2026-09-28T00:33:17.778111+00:00,freq,1,0,550.0,550.0,1200.0,550.0,0,,,,
2026-09-28T00:33:17.778111+00:00,power,0,0,,,,,,537128085710,546847094729,0.0,
2026-09-28T00:33:18.790034+00:00,freq,0,0,2500.0,4250.0,2500.0,900.0,0,,,,
2026-09-28T00:33:18.790034+00:00,freq,1,0,550.0,550.0,1200.0,550.0,0,,,,
2026-09-28T00:33:18.790034+00:00,power,0,0,,,,,,537129162980,546848106562,1.0646717393087595,
2026-09-28T00:33:19.788771+00:00,freq,0,0,2500.0,4250.0,2500.0,900.0,0,,,,
2026-09-28T00:33:19.788771+00:00,freq,1,0,550.0,550.0,1200.0,550.0,0,,,,
2026-09-28T00:33:19.788771+00:00,power,0,0,,,,,,537130227311,546849105439,1.0655275874807408,
2026-09-28T00:33:20.775892+00:00,freq,0,0,2500.0,4250.0,2500.0,900.0,0,,,,
2026-09-28T00:33:20.775892+00:00,freq,1,0,550.0,550.0,1200.0,500.0,0,,,,
2026-09-28T00:33:20.775892+00:00,power,0,0,,,,,,537130227311,546850092326,0.0,
2026-09-28T00:33:21.790551+00:00,freq,0,0,2500.0,4250.0,2500.0,900.0,0,,,,
2026-09-28T00:33:21.790551+00:00,freq,1,0,500.0,500.0,1200.0,550.0,0,,,,
2026-09-28T00:33:21.790551+00:00,power,0,0,,,,,,537130232583,546851107054,0.0051954809564730645,
2026-09-28T00:33:22.789887+00:00,freq,0,0,2500.0,4250.0,2500.0,900.0,0,,,,
2026-09-28T00:33:22.789887+00:00,freq,1,0,550.0,550.0,1200.0,550.0,0,,,,
2026-09-28T00:33:22.789887+00:00,power,0,0,,,,,,537130232583,546852106368,0.0,
2026-09-28T00:33:23.775574+00:00,freq,0,0,2500.0,4250.0,2500.0,900.0,0,,,,
2026-09-28T00:33:23.775574+00:00,freq,1,0,550.0,550.0,1200.0,550.0,0,,,,
2026-09-28T00:33:23.775574+00:00,power,0,0,,,,,,537130234559,546853092046,0.0020047114777848344,
2026-09-28T00:33:24.781219+00:00,freq,0,0,2500.0,4250.0,2500.0,900.0,0,,,,
2026-09-28T00:33:24.781219+00:00,freq,1,0,550.0,550.0,1200.0,550.0,0,,,,
2026-09-28T00:33:24.781219+00:00,power,0,0,,,,,,537130234559,546854097548,0.0,
2026-09-28T00:33:25.795392+00:00,freq,0,0,2500.0,4250.0,2500.0,900.0,0,,,,
2026-09-28T00:33:25.795392+00:00,freq,1,0,550.0,550.0,1200.0,550.0,0,,,,
2026-09-28T00:33:25.795392+00:00,power,0,0,,,,,,537130234803,546855111726,0.0002405889301483566,
2026-09-28T00:33:26.780497+00:00,freq,0,0,2500.0,4250.0,2500.0,900.0,0,,,,
2026-09-28T00:33:26.780497+00:00,freq,1,0,550.0,550.0,1200.0,550.0,0,,,,
2026-09-28T00:33:26.780497+00:00,power,0,0,,,,,,537130234803,546856097361,0.0,
2026-09-28T00:33:27.782172+00:00,freq,0,0,2500.0,4250.0,2500.0,900.0,0,,,,
2026-09-28T00:33:27.782172+00:00,freq,1,0,550.0,550.0,1200.0,550.0,0,,,,
2026-09-28T00:33:27.782172+00:00,power,0,0,,,,,,537130234803,546857098403,0.0,
2026-09-28T00:33:28.791109+00:00,freq,0,0,2500.0,4250.0,2500.0,900.0,0,,,,
2026-09-28T00:33:28.791109+00:00,freq,1,0,550.0,550.0,1200.0,550.0,0,,,,
2026-09-28T00:33:28.791109+00:00,power,0,0,,,,,,537130238549,546858107290,0.0037130025463704064,
2026-09-28T00:33:29.788957+00:00,freq,0,0,2500.0,4250.0,2500.0,900.0,0,,,,
2026-09-28T00:33:29.788957+00:00,freq,1,0,550.0,550.0,1200.0,550.0,0,,,,
2026-09-28T00:33:29.788957+00:00,power,0,0,,,,,,537130884728,546859105110,0.64759074783027,
2026-09-28T00:33:30.786864+00:00,freq,0,0,2500.0,4250.0,2500.0,900.0,0,,,,
2026-09-28T00:33:30.786864+00:00,freq,1,0,550.0,550.0,1200.0,550.0,0,,,,
2026-09-28T00:33:30.786864+00:00,power,0,0,,,,,,537133900291,546860102994,3.0219574619895697,
2026-09-28T00:33:31.772017+00:00,freq,0,0,2500.0,4250.0,2500.0,900.0,0,,,,
2026-09-28T00:33:31.772017+00:00,freq,1,0,550.0,550.0,1200.0,550.0,0,,,,
2026-09-28T00:33:31.772017+00:00,power,0,0,,,,,,537133927841,546861088568,0.027953253636966883,
2026-09-28T00:33:32.774689+00:00,freq,0,0,1700.0,1700.0,2500.0,900.0,0,,,,
2026-09-28T00:33:32.774689+00:00,freq,1,0,550.0,550.0,1200.0,550.0,0,,,,
2026-09-28T00:33:32.774689+00:00,power,0,0,,,,,,537133930672,546862090882,0.002824464189864653,
2026-09-28T00:33:33.778953+00:00,freq,0,0,1700.0,1700.0,2500.0,900.0,0,,,,
2026-09-28T00:33:33.778953+00:00,freq,1,0,550.0,550.0,1200.0,550.0,0,,,,
2026-09-28T00:33:33.778953+00:00,power,0,0,,,,,,537133933113,546863095256,0.0024303695635291235,
2026-09-28T00:33:34.788895+00:00,freq,0,0,1700.0,1700.0,2500.0,900.0,0,,,,
2026-09-28T00:33:34.788895+00:00,freq,1,0,550.0,550.0,1200.0,550.0,0,,,,
2026-09-28T00:33:34.788895+00:00,power,0,0,,,,,,537133933113,546864104977,0.0,
2026-09-28T00:33:35.789984+00:00,freq,0,0,2500.0,4250.0,2500.0,900.0,0,,,,
2026-09-28T00:33:35.789984+00:00,freq,1,0,550.0,550.0,1200.0,550.0,0,,,,
2026-09-28T00:33:35.789984+00:00,power,0,0,,,,,,537135014496,546865106186,1.0800771866813024,
2026-09-28T00:33:36.788950+00:00,freq,0,0,2500.0,4250.0,2500.0,900.0,0,,,,
2026-09-28T00:33:36.788950+00:00,freq,1,0,550.0,550.0,1200.0,550.0,0,,,,
2026-09-28T00:33:36.788950+00:00,power,0,0,,,,,,537136093841,546866105286,1.0803172855570013,
2026-09-28T00:33:37.775463+00:00,freq,0,0,2500.0,4250.0,2500.0,900.0,0,,,,
2026-09-28T00:33:37.775463+00:00,freq,1,0,550.0,550.0,1200.0,550.0,0,,,,
2026-09-28T00:33:37.775463+00:00,power,0,0,,,,,,537136093841,546867091679,0.0,
2026-09-28T00:33:38.785233+00:00,freq,0,0,2500.0,4250.0,2500.0,900.0,0,,,,
2026-09-28T00:33:38.785233+00:00,freq,1,0,550.0,550.0,1200.0,550.0,0,,,,
2026-09-28T00:33:38.785233+00:00,power,0,0,,,,,,537136096611,546868101430,0.002743250563752846,
2026-09-28T00:33:39.777568+00:00,freq,0,0,2500.0,4250.0,2500.0,900.0,0,,,,
2026-09-28T00:33:39.777568+00:00,freq,1,0,550.0,550.0,1200.0,550.0,0,,,,
2026-09-28T00:33:39.777568+00:00,power,0,0,,,,,,537136096611,546869093583,0.0,
2026-09-28T00:33:40.778783+00:00,freq,0,0,2500.0,4250.0,2500.0,900.0,0,,,,
2026-09-28T00:33:40.778783+00:00,freq,1,0,550.0,550.0,1200.0,550.0,0,,,,
2026-09-28T00:33:40.778783+00:00,power,0,0,,,,,,537136096611,546870094791,0.0,
2026-09-28T00:33:41.783147+00:00,freq,0,0,2500.0,4250.0,2500.0,900.0,0,,,,
2026-09-28T00:33:41.783147+00:00,freq,1,0,550.0,550.0,1200.0,550.0,0,,,,
2026-09-28T00:33:41.783147+00:00,power,0,0,,,,,,537136096611,546871099124,0.0,
2026-09-28T00:33:42.782834+00:00,freq,0,0,2500.0,4250.0,2500.0,900.0,0,,,,
2026-09-28T00:33:42.782834+00:00,freq,1,0,550.0,550.0,1200.0,550.0,0,,,,
2026-09-28T00:33:42.782834+00:00,power,0,0,,,,,,537136101334,546872098827,0.0047244031477348776,
2026-09-28T00:33:43.781167+00:00,freq,0,0,1000.0,1000.0,2500.0,1000.0,0,,,,
2026-09-28T00:33:43.781167+00:00,freq,1,0,550.0,550.0,1200.0,550.0,0,,,,
2026-09-28T00:33:43.781167+00:00,power,0,0,,,,,,537136110611,546873097230,0.009291839066989983,
2026-09-28T00:33:44.794469+00:00,freq,0,0,2500.0,4250.0,2500.0,900.0,0,,,,
2026-09-28T00:33:44.794469+00:00,freq,1,0,550.0,550.0,1200.0,550.0,0,,,,
2026-09-28T00:33:44.794469+00:00,power,0,0,,,,,,537136850380,546874110463,0.7301074876163726,
2026-09-28T00:33:45.788838+00:00,freq,0,0,2500.0,4250.0,2500.0,900.0,0,,,,
2026-09-28T00:33:45.788838+00:00,freq,1,0,550.0,550.0,1200.0,550.0,0,,,,
2026-09-28T00:33:45.788838+00:00,power,0,0,,,,,,537139686256,546875104811,2.8519954784441666,
2026-09-28T00:33:46.782474+00:00,freq,0,0,2500.0,4250.0,2500.0,900.0,0,,,,
2026-09-28T00:33:46.782474+00:00,freq,1,0,550.0,550.0,1200.0,550.0,0,,,,
2026-09-28T00:33:46.782474+00:00,power,0,0,,,,,,537139710998,546876098399,0.024901669504865196,
2026-09-28T00:33:47.794171+00:00,freq,0,0,2500.0,4250.0,2500.0,900.0,0,,,,
2026-09-28T00:33:47.794171+00:00,freq,1,0,550.0,550.0,1200.0,550.0,0,,,,
2026-09-28T00:33:47.794171+00:00,power,0,0,,,,,,537139711120,546877110127,0.00012058577008840321,
2026-09-28T00:33:48.793597+00:00,freq,0,0,2500.0,4250.0,2500.0,900.0,0,,,,
2026-09-28T00:33:48.793597+00:00,freq,1,0,550.0,550.0,1200.0,550.0,0,,,,
2026-09-28T00:33:48.793597+00:00,power,0,0,,,,,,537139711120,546878109430,0.0,
2026-09-28T00:33:49.779587+00:00,freq,0,0,2500.0,4250.0,2500.0,900.0,0,,,,
2026-09-28T00:33:49.779587+00:00,freq,1,0,550.0,550.0,1200.0,550.0,0,,,,
2026-09-28T00:33:49.779587+00:00,power,0,0,,,,,,537139711120,546879095439,0.0,
2026-09-28T00:33:50.794544+00:00,freq,0,0,2500.0,4250.0,2500.0,900.0,0,,,,
2026-09-28T00:33:50.794544+00:00,freq,1,0,550.0,550.0,1200.0,550.0,0,,,,
2026-09-28T00:33:50.794544+00:00,power,0,0,,,,,,537140786888,546880110445,1.0598636855348638,
2026-09-28T00:33:51.793541+00:00,freq,0,0,2500.0,4250.0,2500.0,900.0,0,,,,
2026-09-28T00:33:51.793541+00:00,freq,1,0,550.0,550.0,1200.0,550.0,0,,,,
2026-09-28T00:33:51.793541+00:00,power,0,0,,,,,,537141849594,546881109838,1.06335145433278,
2026-09-28T00:33:52.778903+00:00,freq,0,0,2500.0,4250.0,2500.0,900.0,0,,,,
2026-09-28T00:33:52.778903+00:00,freq,1,0,550.0,550.0,1200.0,550.0,0,,,,
2026-09-28T00:33:52.778903+00:00,power,0,0,,,,,,537141849594,546882095464,0.0,
2026-09-28T00:33:53.794895+00:00,freq,0,0,2500.0,4250.0,2500.0,900.0,0,,,,
2026-09-28T00:33:53.794895+00:00,freq,1,0,550.0,550.0,1200.0,550.0,0,,,,
2026-09-28T00:33:53.794895+00:00,power,0,0,,,,,,537141849594,546883110633,0.0,
2026-09-28T00:33:54.780237+00:00,freq,0,0,2500.0,4250.0,2500.0,900.0,0,,,,
2026-09-28T00:33:54.780237+00:00,freq,1,0,550.0,550.0,1200.0,550.0,0,,,,
2026-09-28T00:33:54.780237+00:00,power,0,0,,,,,,537141849594,546884096242,0.0,
2026-09-28T00:33:55.794320+00:00,freq,0,0,2500.0,4250.0,2500.0,900.0,0,,,,
2026-09-28T00:33:55.794320+00:00,freq,1,0,550.0,550.0,1200.0,550.0,0,,,,
2026-09-28T00:33:55.794320+00:00,power,0,0,,,,,,537141851326,546885110004,0.001708487791019983,
2026-09-28T00:33:56.784921+00:00,freq,0,0,2500.0,4250.0,2500.0,900.0,0,,,,
2026-09-28T00:33:56.784921+00:00,freq,1,0,550.0,550.0,1200.0,550.0,0,,,,
2026-09-28T00:33:56.784921+00:00,power,0,0,,,,,,537141851326,546886100683,0.0,
2026-09-28T00:33:57.774385+00:00,freq,0,0,2500.0,4250.0,2500.0,900.0,0,,,,
2026-09-28T00:33:57.774385+00:00,freq,1,0,550.0,550.0,1200.0,550.0,0,,,,
2026-09-28T00:33:57.774385+00:00,power,0,0,,,,,,537141851326,546887090183,0.0,
2026-09-28T00:33:58.775424+00:00,freq,0,0,2500.0,4250.0,2500.0,1000.0,0,,,,
2026-09-28T00:33:58.775424+00:00,freq,1,0,550.0,550.0,1200.0,550.0,0,,,,
2026-09-28T00:33:58.775424+00:00,power,0,0,,,,,,537141857978,546888091067,0.006646124825654122,
2026-09-28T00:33:59.791600+00:00,freq,0,0,2500.0,4250.0,2500.0,900.0,0,,,,
2026-09-28T00:33:59.791600+00:00,freq,1,0,550.0,550.0,1200.0,550.0,0,,,,
2026-09-28T00:33:59.791600+00:00,power,0,0,,,,,,537143344512,546889107042,1.4631600187012477,
2026-09-28T00:34:00.777619+00:00,freq,0,0,2500.0,4250.0,2500.0,900.0,0,,,,
2026-09-28T00:34:00.777619+00:00,freq,1,0,550.0,550.0,1200.0,550.0,0,,,,
2026-09-28T00:34:00.777619+00:00,power,0,0,,,,,,537145335722,546890093205,2.019148964217883,
2026-09-28T00:34:01.781552+00:00,freq,0,0,2500.0,4250.0,2500.0,900.0,0,,,,
2026-09-28T00:34:01.781552+00:00,freq,1,0,550.0,550.0,1200.0,550.0,0,,,,
2026-09-28T00:34:01.781552+00:00,power,0,0,,,,,,537145361685,546891097225,0.0258590466325372,
2026-09-28T00:34:02.784886+00:00,freq,0,0,2500.0,4250.0,2500.0,900.0,0,,,,
2026-09-28T00:34:02.784886+00:00,freq,1,0,550.0,550.0,1200.0,550.0,0,,,,
2026-09-28T00:34:02.784886+00:00,power,0,0,,,,,,537145361685,546892100813,0.0,
2026-09-28T00:34:03.774954+00:00,freq,0,0,1700.0,1700.0,2500.0,900.0,0,,,,
2026-09-28T00:34:03.774954+00:00,freq,1,0,550.0,550.0,1200.0,550.0,0,,,,
2026-09-28T00:34:03.774954+00:00,power,0,0,,,,,,537145363271,546893090513,0.001602505809841366,
2026-09-28T00:34:04.776831+00:00,freq,0,0,1700.0,1700.0,2500.0,900.0,0,,,,
2026-09-28T00:34:04.776831+00:00,freq,1,0,550.0,550.0,1200.0,550.0,0,,,,
2026-09-28T00:34:04.776831+00:00,power,0,0,,,,,,537145363271,546894092345,0.0,
2026-09-28T00:34:05.792542+00:00,freq,0,0,2500.0,4250.0,2500.0,900.0,0,,,,
2026-09-28T00:34:05.792542+00:00,freq,1,0,550.0,550.0,1200.0,550.0,0,,,,
2026-09-28T00:34:05.792542+00:00,power,0,0,,,,,,537146455762,546895108057,1.0755913093475316,
2026-09-28T00:34:06.784601+00:00,freq,0,0,2500.0,4250.0,2500.0,900.0,0,,,,
2026-09-28T00:34:06.784601+00:00,freq,1,0,550.0,550.0,1200.0,550.0,0,,,,
2026-09-28T00:34:06.784601+00:00,power,0,0,,,,,,537147522290,546896100071,1.0751138592802119,
2026-09-28T00:34:07.773882+00:00,freq,0,0,2500.0,4250.0,2500.0,900.0,0,,,,
2026-09-28T00:34:07.773882+00:00,freq,1,0,550.0,550.0,1200.0,550.0,0,,,,
2026-09-28T00:34:07.773882+00:00,power,0,0,,,,,,537147526769,546897089476,0.0045269631748374025,
2026-09-28T00:34:08.775407+00:00,freq,0,0,2500.0,4250.0,2500.0,900.0,0,,,,
2026-09-28T00:34:08.775407+00:00,freq,1,0,550.0,550.0,1200.0,550.0,0,,,,
2026-09-28T00:34:08.775407+00:00,power,0,0,,,,,,537147526769,546898090833,0.0,
2026-09-28T00:34:09.777910+00:00,freq,0,0,2500.0,4250.0,2500.0,900.0,0,,,,
2026-09-28T00:34:09.777910+00:00,freq,1,0,550.0,550.0,1200.0,550.0,0,,,,
2026-09-28T00:34:09.777910+00:00,power,0,0,,,,,,537147526769,546899093441,0.0,
2026-09-28T00:34:10.778071+00:00,freq,0,0,2500.0,4250.0,2500.0,900.0,0,,,,
2026-09-28T00:34:10.778071+00:00,freq,1,0,550.0,550.0,1200.0,550.0,0,,,,
2026-09-28T00:34:10.778071+00:00,power,0,0,,,,,,537147526769,546900094009,0.0,
2026-09-28T00:34:11.790565+00:00,freq,0,0,2500.0,4250.0,2500.0,900.0,0,,,,
2026-09-28T00:34:11.790565+00:00,freq,1,0,550.0,550.0,1200.0,550.0,0,,,,
2026-09-28T00:34:11.790565+00:00,power,0,0,,,,,,537147527013,546901105968,0.00024111648792095333,
2026-09-28T00:34:12.775589+00:00,freq,0,0,2500.0,4250.0,2500.0,900.0,0,,,,
2026-09-28T00:34:12.775589+00:00,freq,1,0,550.0,550.0,1200.0,550.0,0,,,,
2026-09-28T00:34:12.775589+00:00,power,0,0,,,,,,537147527013,546902091681,0.0,
2026-09-28T00:34:13.789751+00:00,freq,0,0,2500.0,4250.0,2500.0,1000.0,0,,,,
2026-09-28T00:34:13.789751+00:00,freq,1,0,550.0,550.0,1200.0,550.0,0,,,,
2026-09-28T00:34:13.789751+00:00,power,0,0,,,,,,537147530186,546903105091,0.003131013114139391,
2026-09-28T00:34:14.775921+00:00,freq,0,0,2500.0,4250.0,2500.0,900.0,0,,,,
2026-09-28T00:34:14.775921+00:00,freq,1,0,550.0,550.0,1200.0,550.0,0,,,,
2026-09-28T00:34:14.775921+00:00,power,0,0,,,,,,537149053341,546904091055,1.5448383510959833,
2026-09-28T00:34:15.789220+00:00,freq,0,0,2500.0,4250.0,2500.0,900.0,0,,,,
2026-09-28T00:34:15.789220+00:00,freq,1,0,550.0,550.0,1200.0,550.0,0,,,,
2026-09-28T00:34:15.789220+00:00,power,0,0,,,,,,537151099117,546905104493,2.0186493895038473,
2026-09-28T00:34:16.775970+00:00,freq,0,0,2500.0,4250.0,2500.0,900.0,0,,,,
2026-09-28T00:34:16.775970+00:00,freq,1,0,550.0,550.0,1200.0,550.0,0,,,,
2026-09-28T00:34:16.775970+00:00,power,0,0,,,,,,537151123981,546906091288,0.02519672272356467,
2026-09-28T00:34:17.790830+00:00,freq,0,0,2500.0,4250.0,2500.0,900.0,0,,,,
2026-09-28T00:34:17.790830+00:00,freq,1,0,550.0,550.0,1200.0,550.0,0,,,,
2026-09-28T00:34:17.790830+00:00,power,0,0,,,,,,537151123981,546907106271,0.0,
2026-09-28T00:34:18.790990+00:00,freq,0,0,2500.0,4250.0,2500.0,900.0,0,,,,
2026-09-28T00:34:18.790990+00:00,freq,1,0,550.0,550.0,1200.0,550.0,0,,,,
2026-09-28T00:34:18.790990+00:00,power,0,0,,,,,,537151123981,546908106439,0.0,
2026-09-28T00:34:19.776980+00:00,freq,0,0,2500.0,4250.0,2500.0,900.0,0,,,,
2026-09-28T00:34:19.776980+00:00,freq,1,0,550.0,550.0,1200.0,550.0,0,,,,
2026-09-28T00:34:19.776980+00:00,power,0,0,,,,,,537151123981,546909092264,0.0,
2026-09-28T00:34:20.790167+00:00,freq,0,0,2500.0,4250.0,2500.0,900.0,0,,,,
2026-09-28T00:34:20.790167+00:00,freq,1,0,550.0,550.0,1200.0,550.0,0,,,,
2026-09-28T00:34:20.790167+00:00,power,0,0,,,,,,537152194110,546910105422,1.0562311110409235,
2026-09-28T00:34:21.790106+00:00,freq,0,0,2500.0,4250.0,2500.0,900.0,0,,,,
2026-09-28T00:34:21.790106+00:00,freq,1,0,550.0,550.0,1200.0,550.0,0,,,,
2026-09-28T00:34:21.790106+00:00,power,0,0,,,,,,537153274760,546911105341,1.080737539740719,
2026-09-28T00:34:22.781239+00:00,freq,0,0,2500.0,4250.0,2500.0,900.0,0,,,,
2026-09-28T00:34:22.781239+00:00,freq,1,0,550.0,550.0,1200.0,500.0,0,,,,
2026-09-28T00:34:22.781239+00:00,power,0,0,,,,,,537153274760,546912096395,0.0,
2026-09-28T00:34:23.781402+00:00,freq,0,0,2500.0,4250.0,2500.0,900.0,0,,,,
2026-09-28T00:34:23.781402+00:00,freq,1,0,500.0,500.0,1200.0,500.0,0,,,,
2026-09-28T00:34:23.781402+00:00,power,0,0,,,,,,537153276431,546913096955,0.00167006476373231,
2026-09-28T00:34:24.797337+00:00,freq,0,0,2500.0,4250.0,2500.0,900.0,0,,,,
2026-09-28T00:34:24.797337+00:00,freq,1,0,500.0,500.0,1200.0,550.0,0,,,,
2026-09-28T00:34:24.797337+00:00,power,0,0,,,,,,537153276431,546914112590,0.0,
2026-09-28T00:34:25.791924+00:00,freq,0,0,2500.0,4250.0,2500.0,900.0,0,,,,
2026-09-28T00:34:25.791924+00:00,freq,1,0,550.0,550.0,1200.0,550.0,0,,,,
2026-09-28T00:34:25.791924+00:00,power,0,0,,,,,,537153276431,546915107224,0.0,
2026-09-28T00:34:26.779007+00:00,freq,0,0,2500.0,4250.0,2500.0,900.0,0,,,,
2026-09-28T00:34:26.779007+00:00,freq,1,0,550.0,550.0,1200.0,550.0,0,,,,
2026-09-28T00:34:26.779007+00:00,power,0,0,,,,,,537153276431,546916094188,0.0,
2026-09-28T00:34:27.780536+00:00,freq,0,0,2500.0,4250.0,2500.0,900.0,0,,,,
2026-09-28T00:34:27.780536+00:00,freq,1,0,550.0,550.0,1200.0,550.0,0,,,,
2026-09-28T00:34:27.780536+00:00,power,0,0,,,,,,537153277895,546917095628,0.0014618948713852054,
2026-09-28T00:34:28.793938+00:00,freq,0,0,2500.0,4250.0,2500.0,1000.0,0,,,,
2026-09-28T00:34:28.793938+00:00,freq,1,0,550.0,550.0,1200.0,550.0,0,,,,
2026-09-28T00:34:28.793938+00:00,power,0,0,,,,,,537153281458,546918109188,0.003515332096767828,
2026-09-28T00:34:29.780703+00:00,freq,0,0,2500.0,4250.0,2500.0,900.0,0,,,,
2026-09-28T00:34:29.780703+00:00,freq,1,0,550.0,550.0,1200.0,550.0,0,,,,
2026-09-28T00:34:29.780703+00:00,power,0,0,,,,,,537154320764,546919095655,1.053563879987876,
2026-09-28T00:34:30.782989+00:00,freq,0,0,2500.0,4250.0,2500.0,900.0,0,,,,
2026-09-28T00:34:30.782989+00:00,freq,1,0,550.0,550.0,1200.0,550.0,0,,,,
2026-09-28T00:34:30.782989+00:00,power,0,0,,,,,,537156763719,546920097966,2.437322348053648,
2026-09-28T00:34:31.783334+00:00,freq,0,0,2500.0,4250.0,2500.0,900.0,0,,,,
2026-09-28T00:34:31.783334+00:00,freq,1,0,550.0,550.0,1200.0,550.0,0,,,,
2026-09-28T00:34:31.783334+00:00,power,0,0,,,,,,537156791635,546921098553,0.02789962292134517,
2026-09-28T00:34:32.782858+00:00,freq,0,0,2500.0,4250.0,2500.0,900.0,0,,,,
2026-09-28T00:34:32.782858+00:00,freq,1,0,550.0,550.0,1200.0,550.0,0,,,,
2026-09-28T00:34:32.782858+00:00,power,0,0,,,,,,537156791635,546922097926,0.0,
2026-09-28T00:34:33.783745+00:00,freq,0,0,1700.0,1700.0,2500.0,900.0,0,,,,
2026-09-28T00:34:33.783745+00:00,freq,1,0,550.0,550.0,1200.0,550.0,0,,,,
2026-09-28T00:34:33.783745+00:00,power,0,0,,,,,,537156793367,546923098701,0.0017306587394769054,
2026-09-28T00:34:34.770028+00:00,freq,0,0,1700.0,1700.0,2500.0,900.0,0,,,,
2026-09-28T00:34:34.770028+00:00,freq,1,0,550.0,550.0,1200.0,500.0,0,,,,
2026-09-28T00:34:34.770028+00:00,power,0,0,,,,,,537156794709,546924084974,0.0013606780272804792,
2026-09-28T00:34:35.784185+00:00,freq,0,0,2500.0,4250.0,2500.0,900.0,0,,,,
2026-09-28T00:34:35.784185+00:00,freq,1,0,500.0,500.0,1200.0,550.0,0,,,,
2026-09-28T00:34:35.784185+00:00,power,0,0,,,,,,537157877777,546925099084,1.0679985405922434,
2026-09-28T00:34:36.780838+00:00,freq,0,0,2500.0,4250.0,2500.0,900.0,0,,,,
2026-09-28T00:34:36.780838+00:00,freq,1,0,550.0,550.0,1200.0,550.0,0,,,,
2026-09-28T00:34:36.780838+00:00,power,0,0,,,,,,537158945305,546926095936,1.070899190652173,
2026-09-28T00:34:37.784379+00:00,freq,0,0,2500.0,4250.0,2500.0,900.0,0,,,,
2026-09-28T00:34:37.784379+00:00,freq,1,0,550.0,550.0,1200.0,550.0,0,,,,
2026-09-28T00:34:37.784379+00:00,power,0,0,,,,,,537158948051,546927099406,0.002736504329974987,
2026-09-28T00:34:38.780402+00:00,freq,0,0,2500.0,4250.0,2500.0,900.0,0,,,,
2026-09-28T00:34:38.780402+00:00,freq,1,0,550.0,550.0,1200.0,550.0,0,,,,
2026-09-28T00:34:38.780402+00:00,power,0,0,,,,,,537158948051,546928095373,0.0,
2026-09-28T00:34:39.781783+00:00,freq,0,0,2500.0,4250.0,2500.0,900.0,0,,,,
2026-09-28T00:34:39.781783+00:00,freq,1,0,550.0,550.0,1200.0,550.0,0,,,,
2026-09-28T00:34:39.781783+00:00,power,0,0,,,,,,537158948051,546929096718,0.0,
2026-09-28T00:34:40.796748+00:00,freq,0,0,2500.0,4250.0,2500.0,900.0,0,,,,
2026-09-28T00:34:40.796748+00:00,freq,1,0,550.0,550.0,1200.0,550.0,0,,,,
2026-09-28T00:34:40.796748+00:00,power,0,0,,,,,,537158948051,546930111621,0.0,
2026-09-28T00:34:41.783534+00:00,freq,0,0,2500.0,4250.0,2500.0,900.0,0,,,,
2026-09-28T00:34:41.783534+00:00,freq,1,0,550.0,550.0,1200.0,550.0,0,,,,
2026-09-28T00:34:41.783534+00:00,power,0,0,,,,,,537158948051,546931098313,0.0,
2026-09-28T00:34:42.785026+00:00,freq,0,0,2500.0,4250.0,2500.0,900.0,0,,,,
2026-09-28T00:34:42.785026+00:00,freq,1,0,550.0,550.0,1200.0,550.0,0,,,,
2026-09-28T00:34:42.785026+00:00,power,0,0,,,,,,537158948051,546932100027,0.0,
2026-09-28T00:34:43.784630+00:00,freq,0,0,2500.0,4250.0,2500.0,900.0,0,,,,
2026-09-28T00:34:43.784630+00:00,freq,1,0,500.0,500.0,1200.0,550.0,0,,,,
2026-09-28T00:34:43.784630+00:00,power,0,0,,,,,,537158954483,546933099374,0.006436202840454817,
2026-09-28T00:34:44.771043+00:00,freq,0,0,2500.0,4250.0,2500.0,900.0,0,,,,
2026-09-28T00:34:44.771043+00:00,freq,1,0,550.0,550.0,1200.0,550.0,0,,,,
2026-09-28T00:34:44.771043+00:00,power,0,0,,,,,,537159682937,546934085738,0.7385245203596238,
2026-09-28T00:34:45.785208+00:00,freq,0,0,2500.0,4250.0,2500.0,900.0,0,,,,
2026-09-28T00:34:45.785208+00:00,freq,1,0,550.0,550.0,1200.0,550.0,0,,,,
2026-09-28T00:34:45.785208+00:00,power,0,0,,,,,,537162539466,546935100075,2.8161538029274293,
2026-09-28T00:34:46.783102+00:00,freq,0,0,2500.0,4250.0,2500.0,900.0,0,,,,
2026-09-28T00:34:46.783102+00:00,freq,1,0,550.0,550.0,1200.0,550.0,0,,,,
2026-09-28T00:34:46.783102+00:00,power,0,0,,,,,,537162565650,546936097817,0.026243257274926785,
2026-09-28T00:34:47.783922+00:00,freq,0,0,2500.0,4250.0,2500.0,900.0,0,,,,
2026-09-28T00:34:47.783922+00:00,freq,1,0,550.0,550.0,1200.0,550.0,0,,,,
2026-09-28T00:34:47.783922+00:00,power,0,0,,,,,,537162565650,546937098580,0.0,
2026-09-28T00:34:48.799483+00:00,freq,0,0,2500.0,4250.0,2500.0,900.0,0,,,,
2026-09-28T00:34:48.799483+00:00,freq,1,0,550.0,550.0,1200.0,550.0,0,,,,
2026-09-28T00:34:48.799483+00:00,power,0,0,,,,,,537162565650,546938114118,0.0,
2026-09-28T00:34:49.785783+00:00,freq,0,0,2500.0,4250.0,2500.0,900.0,0,,,,
2026-09-28T00:34:49.785783+00:00,freq,1,0,550.0,550.0,1200.0,550.0,0,,,,
2026-09-28T00:34:49.785783+00:00,power,0,0,,,,,,537162565650,546939100435,0.0,
2026-09-28T00:34:50.770935+00:00,freq,0,0,2500.0,4250.0,2500.0,900.0,0,,,,
2026-09-28T00:34:50.770935+00:00,freq,1,0,550.0,550.0,1200.0,550.0,0,,,,
2026-09-28T00:34:50.770935+00:00,power,0,0,,,,,,537163650634,546940086042,1.1008282205787905,
2026-09-28T00:34:51.784803+00:00,freq,0,0,2500.0,4250.0,2500.0,900.0,0,,,,
2026-09-28T00:34:51.784803+00:00,freq,1,0,550.0,550.0,1200.0,550.0,0,,,,
2026-09-28T00:34:51.784803+00:00,power,0,0,,,,,,537164732176,546941099345,1.0673431342846118,
2026-09-28T00:34:52.785022+00:00,freq,0,0,2500.0,4250.0,2500.0,900.0,0,,,,
2026-09-28T00:34:52.785022+00:00,freq,1,0,550.0,550.0,1200.0,550.0,0,,,,
2026-09-28T00:34:52.785022+00:00,power,0,0,,,,,,537164735556,546942099753,0.003378621522418853,
2026-09-28T00:34:53.782629+00:00,freq,0,0,2500.0,4250.0,2500.0,900.0,0,,,,
2026-09-28T00:34:53.782629+00:00,freq,1,0,550.0,550.0,1200.0,550.0,0,,,,
2026-09-28T00:34:53.782629+00:00,power,0,0,,,,,,537164740988,546943097325,0.005445220996579695,
2026-09-28T00:34:54.785135+00:00,freq,0,0,2500.0,4250.0,2500.0,900.0,0,,,,
2026-09-28T00:34:54.785135+00:00,freq,1,0,550.0,550.0,1200.0,550.0,0,,,,
2026-09-28T00:34:54.785135+00:00,power,0,0,,,,,,537164740988,546944099651,0.0,
2026-09-28T00:34:55.777442+00:00,freq,0,0,2500.0,4250.0,2500.0,900.0,0,,,,
2026-09-28T00:34:55.777442+00:00,freq,1,0,550.0,550.0,1200.0,550.0,0,,,,
2026-09-28T00:34:55.777442+00:00,power,0,0,,,,,,537164740988,546945092107,0.0,
2026-09-28T00:34:56.779882+00:00,freq,0,0,2500.0,4250.0,2500.0,900.0,0,,,,
2026-09-28T00:34:56.779882+00:00,freq,1,0,550.0,550.0,1200.0,550.0,0,,,,
2026-09-28T00:34:56.779882+00:00,power,0,0,,,,,,537164740988,546946094447,0.0,
2026-09-28T00:34:57.781480+00:00,freq,0,0,2500.0,4250.0,2500.0,900.0,0,,,,
2026-09-28T00:34:57.781480+00:00,freq,1,0,550.0,550.0,1200.0,550.0,0,,,,
2026-09-28T00:34:57.781480+00:00,power,0,0,,,,,,537164741110,546947096016,0.00012180888186435483,
2026-09-28T00:34:58.796299+00:00,freq,0,0,2500.0,4250.0,2500.0,1000.0,0,,,,
2026-09-28T00:34:58.796299+00:00,freq,1,0,550.0,550.0,1200.0,500.0,0,,,,
2026-09-28T00:34:58.796299+00:00,power,0,0,,,,,,537164745039,546948110762,0.0038719048904849096,
2026-09-28T00:34:59.793996+00:00,freq,0,0,2500.0,4250.0,2500.0,900.0,0,,,,
2026-09-28T00:34:59.793996+00:00,freq,1,0,500.0,500.0,1200.0,550.0,0,,,,
2026-09-28T00:34:59.793996+00:00,power,0,0,,,,,,537165328229,546949108276,0.5846434235509477,
2026-09-28T00:35:00.779305+00:00,freq,0,0,2500.0,4250.0,2500.0,900.0,0,,,,
2026-09-28T00:35:00.779305+00:00,freq,1,0,550.0,550.0,1200.0,550.0,0,,,,
2026-09-28T00:35:00.779305+00:00,power,0,0,,,,,,537168364873,546950093870,3.081029308214133,
2026-09-28T00:35:01.781355+00:00,freq,0,0,2500.0,4250.0,2500.0,900.0,0,,,,
2026-09-28T00:35:01.781355+00:00,freq,1,0,550.0,550.0,1200.0,550.0,0,,,,
2026-09-28T00:35:01.781355+00:00,power,0,0,,,,,,537168392362,546951095814,0.027435665067109538,
2026-09-28T00:35:02.782051+00:00,freq,0,0,2500.0,4250.0,2500.0,900.0,0,,,,
2026-09-28T00:35:02.782051+00:00,freq,1,0,550.0,550.0,1200.0,550.0,0,,,,
2026-09-28T00:35:02.782051+00:00,power,0,0,,,,,,537168392362,546952096454,0.0,
2026-09-28T00:35:03.783481+00:00,freq,0,0,2400.0,2400.0,2500.0,900.0,0,,,,
2026-09-28T00:35:03.783481+00:00,freq,1,0,550.0,550.0,1200.0,550.0,0,,,,
2026-09-28T00:35:03.783481+00:00,power,0,0,,,,,,537168392362,546953097877,0.0,
2026-09-28T00:35:04.785122+00:00,freq,0,0,2400.0,2400.0,2500.0,900.0,0,,,,
2026-09-28T00:35:04.785122+00:00,freq,1,0,550.0,550.0,1200.0,550.0,0,,,,
2026-09-28T00:35:04.785122+00:00,power,0,0,,,,,,537168392362,546954099459,0.0,
2026-09-28T00:35:05.785016+00:00,freq,0,0,2500.0,4250.0,2500.0,900.0,0,,,,
2026-09-28T00:35:05.785016+00:00,freq,1,0,550.0,550.0,1200.0,550.0,0,,,,
2026-09-28T00:35:05.785016+00:00,power,0,0,,,,,,537169479153,546955099320,1.086942084949808,
2026-09-28T00:35:06.781980+00:00,freq,0,0,2500.0,4250.0,2500.0,900.0,0,,,,
2026-09-28T00:35:06.781980+00:00,freq,1,0,550.0,550.0,1200.0,550.0,0,,,,
2026-09-28T00:35:06.781980+00:00,power,0,0,,,,,,537170559498,546956096454,1.0834501681820097,
2026-09-28T00:35:07.796730+00:00,freq,0,0,2500.0,4250.0,2500.0,900.0,0,,,,
2026-09-28T00:35:07.796730+00:00,freq,1,0,550.0,550.0,1200.0,550.0,0,,,,
2026-09-28T00:35:07.796730+00:00,power,0,0,,,,,,537170559498,546957111141,0.0,
2026-09-28T00:35:08.793006+00:00,freq,0,0,2500.0,4250.0,2500.0,900.0,0,,,,
2026-09-28T00:35:08.793006+00:00,freq,1,0,550.0,550.0,1200.0,550.0,0,,,,
2026-09-28T00:35:08.793006+00:00,power,0,0,,,,,,537170560657,546958107392,0.0011633614420462313,
2026-09-28T00:35:09.780356+00:00,freq,0,0,2500.0,4250.0,2500.0,900.0,0,,,,
2026-09-28T00:35:09.780356+00:00,freq,1,0,550.0,550.0,1200.0,550.0,0,,,,
2026-09-28T00:35:09.780356+00:00,power,0,0,,,,,,537170560657,546959094830,0.0,
2026-09-28T00:35:10.780472+00:00,freq,0,0,2500.0,4250.0,2500.0,900.0,0,,,,
2026-09-28T00:35:10.780472+00:00,freq,1,0,550.0,550.0,1200.0,500.0,0,,,,
2026-09-28T00:35:10.780472+00:00,power,0,0,,,,,,537170560657,546960095415,0.0,
2026-09-28T00:35:11.783235+00:00,freq,0,0,2500.0,4250.0,2500.0,900.0,0,,,,
2026-09-28T00:35:11.783235+00:00,freq,1,0,550.0,550.0,1200.0,550.0,0,,,,
2026-09-28T00:35:11.783235+00:00,power,0,0,,,,,,537170560657,546961097586,0.0,
2026-09-28T00:35:12.794385+00:00,freq,0,0,2500.0,4250.0,2500.0,900.0,0,,,,
2026-09-28T00:35:12.794385+00:00,freq,1,0,550.0,550.0,1200.0,550.0,0,,,,
2026-09-28T00:35:12.794385+00:00,power,0,0,,,,,,537170560657,546962108652,0.0,
2026-09-28T00:35:13.780823+00:00,freq,0,0,2500.0,4250.0,2500.0,950.0,0,,,,
2026-09-28T00:35:13.780823+00:00,freq,1,0,550.0,550.0,1200.0,550.0,0,,,,
2026-09-28T00:35:13.780823+00:00,power,0,0,,,,,,537170575389,546963095252,0.014932090006081492,
2026-09-28T00:35:14.781354+00:00,freq,0,0,2500.0,4250.0,2500.0,900.0,0,,,,
2026-09-28T00:35:14.781354+00:00,freq,1,0,550.0,550.0,1200.0,550.0,0,,,,
2026-09-28T00:35:14.781354+00:00,power,0,0,,,,,,537171135874,546964095755,0.5602032177814559,
2026-09-28T00:35:15.796396+00:00,freq,0,0,2500.0,4250.0,2500.0,900.0,0,,,,
2026-09-28T00:35:15.796396+00:00,freq,1,0,550.0,550.0,1200.0,550.0,0,,,,
2026-09-28T00:35:15.796396+00:00,power,0,0,,,,,,537174135202,546965110495,2.9557600961822734,
2026-09-28T00:35:16.797021+00:00,freq,0,0,2500.0,4250.0,2500.0,900.0,0,,,,
2026-09-28T00:35:16.797021+00:00,freq,1,0,550.0,550.0,1200.0,550.0,0,,,,
2026-09-28T00:35:16.797021+00:00,power,0,0,,,,,,537174159883,546966111089,0.02466634818917563,
2026-09-28T00:35:17.782974+00:00,freq,0,0,2500.0,4250.0,2500.0,900.0,0,,,,
2026-09-28T00:35:17.782974+00:00,freq,1,0,550.0,550.0,1200.0,550.0,0,,,,
2026-09-28T00:35:17.782974+00:00,power,0,0,,,,,,537174159883,546967097050,0.0,
2026-09-28T00:35:18.791450+00:00,freq,0,0,2500.0,4250.0,2500.0,900.0,0,,,,
2026-09-28T00:35:18.791450+00:00,freq,1,0,550.0,550.0,1200.0,550.0,0,,,,
2026-09-28T00:35:18.791450+00:00,power,0,0,,,,,,537174159883,546968105549,0.0,
2026-09-28T00:35:19.785952+00:00,freq,0,0,2500.0,4250.0,2500.0,900.0,0,,,,
2026-09-28T00:35:19.785952+00:00,freq,1,0,550.0,550.0,1200.0,550.0,0,,,,
2026-09-28T00:35:19.785952+00:00,power,0,0,,,,,,537174160127,546969099992,0.00024536348488550877,
2026-09-28T00:35:20.787113+00:00,freq,0,0,2500.0,4250.0,2500.0,900.0,0,,,,
2026-09-28T00:35:20.787113+00:00,freq,1,0,550.0,550.0,1200.0,500.0,0,,,,
2026-09-28T00:35:20.787113+00:00,power,0,0,,,,,,537175242792,546970101179,1.08138140027787,
2026-09-28T00:35:21.785994+00:00,freq,0,0,2500.0,4250.0,2500.0,900.0,0,,,,
2026-09-28T00:35:21.785994+00:00,freq,1,0,500.0,500.0,1200.0,500.0,0,,,,
2026-09-28T00:35:21.785994+00:00,power,0,0,,,,,,537176317705,546971100222,1.0759426771420249,
2026-09-28T00:35:22.774958+00:00,freq,0,0,2500.0,4250.0,2500.0,900.0,0,,,,
2026-09-28T00:35:22.774958+00:00,freq,1,0,500.0,500.0,1200.0,550.0,0,,,,
2026-09-28T00:35:22.774958+00:00,power,0,0,,,,,,537176320291,546972089159,0.0026149289590742383,
2026-09-28T00:35:23.790852+00:00,freq,0,0,2500.0,4250.0,2500.0,900.0,0,,,,
2026-09-28T00:35:23.790852+00:00,freq,1,0,550.0,550.0,1200.0,550.0,0,,,,
2026-09-28T00:35:23.790852+00:00,power,0,0,,,,,,537176327187,546973104943,0.006788844872531956,
2026-09-28T00:35:24.778921+00:00,freq,0,0,2500.0,4250.0,2500.0,900.0,0,,,,
2026-09-28T00:35:24.778921+00:00,freq,1,0,550.0,550.0,1200.0,550.0,0,,,,
2026-09-28T00:35:24.778921+00:00,power,0,0,,,,,,537176328614,546974092946,0.0014443275981955521,
2026-09-28T00:35:25.792330+00:00,freq,0,0,2500.0,4250.0,2500.0,900.0,0,,,,
2026-09-28T00:35:25.792330+00:00,freq,1,0,550.0,550.0,1200.0,550.0,0,,,,
2026-09-28T00:35:25.792330+00:00,power,0,0,,,,,,537176328614,546975106406,0.0,
2026-09-28T00:35:26.791562+00:00,freq,0,0,2500.0,4250.0,2500.0,900.0,0,,,,
2026-09-28T00:35:26.791562+00:00,freq,1,0,550.0,550.0,1200.0,550.0,0,,,,
2026-09-28T00:35:26.791562+00:00,power,0,0,,,,,,537176328614,546976105638,0.0,
2026-09-28T00:35:27.788777+00:00,freq,0,0,2500.0,4250.0,2500.0,900.0,0,,,,
2026-09-28T00:35:27.788777+00:00,freq,1,0,550.0,550.0,1200.0,500.0,0,,,,
2026-09-28T00:35:27.788777+00:00,power,0,0,,,,,,537176328736,546977102662,0.00012236415572744488,
2026-09-28T00:35:28.787866+00:00,freq,0,0,2500.0,4250.0,2500.0,900.0,0,,,,
2026-09-28T00:35:28.787866+00:00,freq,1,0,550.0,550.0,1200.0,550.0,0,,,,
2026-09-28T00:35:28.787866+00:00,power,0,0,,,,,,537176337365,546978101878,0.008635770444028117,
2026-09-28T00:35:29.773288+00:00,freq,0,0,2500.0,4250.0,2500.0,900.0,0,,,,
2026-09-28T00:35:29.773288+00:00,freq,1,0,550.0,550.0,1200.0,550.0,0,,,,
2026-09-28T00:35:29.773288+00:00,power,0,0,,,,,,537176337365,546979087432,0.0,
2026-09-28T00:35:30.774535+00:00,freq,0,0,2500.0,4250.0,2500.0,900.0,0,,,,
2026-09-28T00:35:30.774535+00:00,freq,1,0,550.0,550.0,1200.0,500.0,0,,,,
2026-09-28T00:35:30.774535+00:00,power,0,0,,,,,,537179840782,546980088320,3.500308725851444,
2026-09-28T00:35:31.779204+00:00,freq,0,0,2500.0,4250.0,2500.0,900.0,0,,,,
2026-09-28T00:35:31.779204+00:00,freq,1,0,500.0,500.0,1200.0,500.0,0,,,,
2026-09-28T00:35:31.779204+00:00,power,0,0,,,,,,537179867294,546981092978,0.026389079666911525,
2026-09-28T00:35:32.781201+00:00,freq,0,0,2500.0,4250.0,2500.0,900.0,0,,,,
2026-09-28T00:35:32.781201+00:00,freq,1,0,500.0,500.0,1200.0,550.0,0,,,,
2026-09-28T00:35:32.781201+00:00,power,0,0,,,,,,537179867355,546982095012,6.0876177854244466e-05,
2026-09-28T00:35:33.782016+00:00,freq,0,0,1700.0,1700.0,2500.0,900.0,0,,,,
2026-09-28T00:35:33.782016+00:00,freq,1,0,550.0,550.0,1200.0,550.0,0,,,,
2026-09-28T00:35:33.782016+00:00,power,0,0,,,,,,537179869331,546983095802,0.001974440192248124,
2026-09-28T00:35:34.796852+00:00,freq,0,0,1700.0,1700.0,2500.0,900.0,0,,,,
2026-09-28T00:35:34.796852+00:00,freq,1,0,550.0,550.0,1200.0,550.0,0,,,,
2026-09-28T00:35:34.796852+00:00,power,0,0,,,,,,537179869331,546984110624,0.0,
2026-09-28T00:35:35.797140+00:00,freq,0,0,2500.0,4250.0,2500.0,900.0,0,,,,
2026-09-28T00:35:35.797140+00:00,freq,1,0,550.0,550.0,1200.0,550.0,0,,,,
2026-09-28T00:35:35.797140+00:00,power,0,0,,,,,,537180937995,546985110922,1.0683456330013656,
2026-09-28T00:35:36.797599+00:00,freq,0,0,2500.0,4250.0,2500.0,900.0,0,,,,
2026-09-28T00:35:36.797599+00:00,freq,1,0,550.0,550.0,1200.0,550.0,0,,,,
2026-09-28T00:35:36.797599+00:00,power,0,0,,,,,,537182004363,546986111521,1.0657296279528563,
2026-09-28T00:35:37.786596+00:00,freq,0,0,2500.0,4250.0,2500.0,900.0,0,,,,
2026-09-28T00:35:37.786596+00:00,freq,1,0,550.0,550.0,1200.0,550.0,0,,,,
2026-09-28T00:35:37.786596+00:00,power,0,0,,,,,,537182006255,546987100429,0.0019132214523494603,
2026-09-28T00:35:38.772016+00:00,freq,0,0,2500.0,4250.0,2500.0,900.0,0,,,,
2026-09-28T00:35:38.772016+00:00,freq,1,0,550.0,550.0,1200.0,550.0,0,,,,
2026-09-28T00:35:38.772016+00:00,power,0,0,,,,,,537182006255,546988086111,0.0,
2026-09-28T00:35:39.776046+00:00,freq,0,0,2500.0,4250.0,2500.0,900.0,0,,,,
2026-09-28T00:35:39.776046+00:00,freq,1,0,550.0,550.0,1200.0,550.0,0,,,,
2026-09-28T00:35:39.776046+00:00,power,0,0,,,,,,537182006255,546989089680,0.0,
2026-09-28T00:35:40.777288+00:00,freq,0,0,2500.0,4250.0,2500.0,900.0,0,,,,
2026-09-28T00:35:40.777288+00:00,freq,1,0,550.0,550.0,1200.0,550.0,0,,,,
2026-09-28T00:35:40.777288+00:00,power,0,0,,,,,,537182007377,546990091010,0.0011205097220696473,
2026-09-28T00:35:41.778290+00:00,freq,0,0,2500.0,4250.0,2500.0,900.0,0,,,,
2026-09-28T00:35:41.778290+00:00,freq,1,0,550.0,550.0,1200.0,550.0,0,,,,
2026-09-28T00:35:41.778290+00:00,power,0,0,,,,,,537182007377,546991092046,0.0,
2026-09-28T00:35:42.781982+00:00,freq,0,0,2500.0,4250.0,2500.0,900.0,0,,,,
2026-09-28T00:35:42.781982+00:00,freq,1,0,550.0,550.0,1200.0,550.0,0,,,,
2026-09-28T00:35:42.781982+00:00,power,0,0,,,,,,537182007377,546992095726,0.0,
2026-09-28T00:35:43.792264+00:00,freq,0,0,2500.0,4250.0,2500.0,900.0,0,,,,
2026-09-28T00:35:43.792264+00:00,freq,1,0,550.0,550.0,1200.0,550.0,0,,,,
2026-09-28T00:35:43.792264+00:00,power,0,0,,,,,,537182015128,546993106044,0.007671841934915541,
2026-09-28T00:35:44.790543+00:00,freq,0,0,2500.0,4250.0,2500.0,900.0,0,,,,
2026-09-28T00:35:44.790543+00:00,freq,1,0,550.0,550.0,1200.0,550.0,0,,,,
2026-09-28T00:35:44.790543+00:00,power,0,0,,,,,,537182132254,546994104205,0.11734179155466903,
2026-09-28T00:35:45.788363+00:00,freq,0,0,2500.0,4250.0,2500.0,900.0,0,,,,
2026-09-28T00:35:45.788363+00:00,freq,1,0,550.0,550.0,1200.0,550.0,0,,,,
2026-09-28T00:35:45.788363+00:00,power,0,0,,,,,,537185510634,546995101950,3.386015464873289,
2026-09-28T00:35:46.780500+00:00,freq,0,0,2500.0,4250.0,2500.0,950.0,0,,,,
2026-09-28T00:35:46.780500+00:00,freq,1,0,550.0,550.0,1200.0,550.0,0,,,,
2026-09-28T00:35:46.780500+00:00,power,0,0,,,,,,537185536940,546996094092,0.02651434976041736,
2026-09-28T00:35:47.790880+00:00,freq,0,0,2500.0,4250.0,2500.0,900.0,0,,,,
2026-09-28T00:35:47.790880+00:00,freq,1,0,550.0,550.0,1200.0,550.0,0,,,,
2026-09-28T00:35:47.790880+00:00,power,0,0,,,,,,537185536940,546997104402,0.0,
2026-09-28T00:35:48.790856+00:00,freq,0,0,2500.0,4250.0,2500.0,900.0,0,,,,
2026-09-28T00:35:48.790856+00:00,freq,1,0,550.0,550.0,1200.0,550.0,0,,,,
2026-09-28T00:35:48.790856+00:00,power,0,0,,,,,,537185536940,546998104394,0.0,
2026-09-28T00:35:49.776915+00:00,freq,0,0,2500.0,4250.0,2500.0,900.0,0,,,,
2026-09-28T00:35:49.776915+00:00,freq,1,0,550.0,550.0,1200.0,500.0,0,,,,
2026-09-28T00:35:49.776915+00:00,power,0,0,,,,,,537185536940,546999090362,0.0,
2026-09-28T00:35:50.788644+00:00,freq,0,0,2500.0,4250.0,2500.0,900.0,0,,,,
2026-09-28T00:35:50.788644+00:00,freq,1,0,500.0,500.0,1200.0,500.0,0,,,,
2026-09-28T00:35:50.788644+00:00,power,0,0,,,,,,537186616957,547000102400,1.067170402692389,
2026-09-28T00:35:51.788624+00:00,freq,0,0,2500.0,4250.0,2500.0,900.0,0,,,,
2026-09-28T00:35:51.788624+00:00,freq,1,0,500.0,500.0,1200.0,550.0,0,,,,
2026-09-28T00:35:51.788624+00:00,power,0,0,,,,,,537187683813,547001102286,1.0669776354504414,
2026-09-28T00:35:52.775529+00:00,freq,0,0,2500.0,4250.0,2500.0,900.0,0,,,,
2026-09-28T00:35:52.775529+00:00,freq,1,0,550.0,550.0,1200.0,550.0,0,,,,
2026-09-28T00:35:52.775529+00:00,power,0,0,,,,,,537187685606,547002089171,0.0018168276952228476,
2026-09-28T00:35:53.776783+00:00,freq,0,0,2500.0,4250.0,2500.0,900.0,0,,,,
2026-09-28T00:35:53.776783+00:00,freq,1,0,550.0,550.0,1200.0,550.0,0,,,,
2026-09-28T00:35:53.776783+00:00,power,0,0,,,,,,537187685606,547003090131,0.0,
2026-09-28T00:35:54.780288+00:00,freq,0,0,2500.0,4250.0,2500.0,900.0,0,,,,
2026-09-28T00:35:54.780288+00:00,freq,1,0,550.0,550.0,1200.0,500.0,0,,,,
2026-09-28T00:35:54.780288+00:00,power,0,0,,,,,,537187685606,547004093696,0.0,
2026-09-28T00:35:55.783886+00:00,freq,0,0,2500.0,4250.0,2500.0,900.0,0,,,,
2026-09-28T00:35:55.783886+00:00,freq,1,0,500.0,500.0,1200.0,550.0,0,,,,
2026-09-28T00:35:55.783886+00:00,power,0,0,,,,,,537187685606,547005097293,0.0,
2026-09-28T00:35:56.795752+00:00,freq,0,0,2500.0,4250.0,2500.0,900.0,0,,,,
2026-09-28T00:35:56.795752+00:00,freq,1,0,550.0,550.0,1200.0,550.0,0,,,,
2026-09-28T00:35:56.795752+00:00,power,0,0,,,,,,537187685972,547006109085,0.0003617344276293942,
2026-09-28T00:35:57.793080+00:00,freq,0,0,2500.0,4250.0,2500.0,900.0,0,,,,
2026-09-28T00:35:57.793080+00:00,freq,1,0,550.0,550.0,1200.0,550.0,0,,,,
2026-09-28T00:35:57.793080+00:00,power,0,0,,,,,,537187688375,547007106497,0.0024092351004399385,
2026-09-28T00:35:58.790111+00:00,freq,0,0,2500.0,4250.0,2500.0,950.0,0,,,,
2026-09-28T00:35:58.790111+00:00,freq,1,0,550.0,550.0,1200.0,550.0,0,,,,
2026-09-28T00:35:58.790111+00:00,power,0,0,,,,,,537187693624,547008103408,0.005265264401736965,
2026-09-28T00:35:59.789304+00:00,freq,0,0,2500.0,4250.0,2500.0,900.0,0,,,,
2026-09-28T00:35:59.789304+00:00,freq,1,0,550.0,550.0,1200.0,550.0,0,,,,
2026-09-28T00:35:59.789304+00:00,power,0,0,,,,,,537187818685,547009102505,0.12517403215103237,
2026-09-28T00:36:00.789273+00:00,freq,0,0,2500.0,4250.0,2500.0,900.0,0,,,,
2026-09-28T00:36:00.789273+00:00,freq,1,0,550.0,550.0,1200.0,550.0,0,,,,
2026-09-28T00:36:00.789273+00:00,power,0,0,,,,,,537191197370,547010102481,3.3787660903861694,
2026-09-28T00:36:01.788386+00:00,freq,0,0,2500.0,4250.0,2500.0,900.0,0,,,,
2026-09-28T00:36:01.788386+00:00,freq,1,0,550.0,550.0,1200.0,550.0,0,,,,
2026-09-28T00:36:01.788386+00:00,power,0,0,,,,,,537191222295,547011101578,0.024947527617438545,
2026-09-28T00:36:02.773875+00:00,freq,0,0,2500.0,4250.0,2500.0,900.0,0,,,,
2026-09-28T00:36:02.773875+00:00,freq,1,0,550.0,550.0,1200.0,550.0,0,,,,
2026-09-28T00:36:02.773875+00:00,power,0,0,,,,,,537191222295,547012087197,0.0,
2026-09-28T00:36:03.786527+00:00,freq,0,0,1200.0,1200.0,2500.0,900.0,0,,,,
2026-09-28T00:36:03.786527+00:00,freq,1,0,550.0,550.0,1200.0,550.0,0,,,,
2026-09-28T00:36:03.786527+00:00,power,0,0,,,,,,537191222295,547013099725,0.0,
2026-09-28T00:36:04.785648+00:00,freq,0,0,1200.0,1200.0,2500.0,900.0,0,,,,
2026-09-28T00:36:04.785648+00:00,freq,1,0,550.0,550.0,1200.0,500.0,0,,,,
2026-09-28T00:36:04.785648+00:00,power,0,0,,,,,,537191222295,547014098809,0.0,
2026-09-28T00:36:05.785109+00:00,freq,0,0,2500.0,4250.0,2500.0,900.0,0,,,,
2026-09-28T00:36:05.785109+00:00,freq,1,0,500.0,500.0,1200.0,550.0,0,,,,
2026-09-28T00:36:05.785109+00:00,power,0,0,,,,,,537192306157,547015098257,1.0844606222634894,
2026-09-28T00:36:06.797962+00:00,freq,0,0,2500.0,4250.0,2500.0,900.0,0,,,,
2026-09-28T00:36:06.797962+00:00,freq,1,0,550.0,550.0,1200.0,550.0,0,,,,
2026-09-28T00:36:06.797962+00:00,power,0,0,,,,,,537193373013,547016111116,1.0533114678351083,
2026-09-28T00:36:07.795779+00:00,freq,0,0,2500.0,4250.0,2500.0,900.0,0,,,,
2026-09-28T00:36:07.795779+00:00,freq,1,0,550.0,550.0,1200.0,550.0,0,,,,
2026-09-28T00:36:07.795779+00:00,power,0,0,,,,,,537193373196,547017109068,0.000183375553132816,
2026-09-28T00:36:08.796830+00:00,freq,0,0,2500.0,4250.0,2500.0,900.0,0,,,,
2026-09-28T00:36:08.796830+00:00,freq,1,0,550.0,550.0,1200.0,500.0,0,,,,
2026-09-28T00:36:08.796830+00:00,power,0,0,,,,,,537193373196,547018109833,0.0,
2026-09-28T00:36:09.782912+00:00,freq,0,0,2500.0,4250.0,2500.0,900.0,0,,,,
2026-09-28T00:36:09.782912+00:00,freq,1,0,500.0,500.0,1200.0,500.0,0,,,,
2026-09-28T00:36:09.782912+00:00,power,0,0,,,,,,537193373196,547019095954,0.0,
2026-09-28T00:36:10.784303+00:00,freq,0,0,2500.0,4250.0,2500.0,900.0,0,,,,
2026-09-28T00:36:10.784303+00:00,freq,1,0,500.0,500.0,1200.0,500.0,0,,,,
2026-09-28T00:36:10.784303+00:00,power,0,0,,,,,,537193373196,547020097384,0.0,
2026-09-28T00:36:11.793409+00:00,freq,0,0,2500.0,4250.0,2500.0,900.0,0,,,,
2026-09-28T00:36:11.793409+00:00,freq,1,0,500.0,500.0,1200.0,550.0,0,,,,
2026-09-28T00:36:11.793409+00:00,power,0,0,,,,,,537193373196,547021106662,0.0,
2026-09-28T00:36:12.792115+00:00,freq,0,0,2500.0,4250.0,2500.0,900.0,0,,,,
2026-09-28T00:36:12.792115+00:00,freq,1,0,550.0,550.0,1200.0,550.0,0,,,,
2026-09-28T00:36:12.792115+00:00,power,0,0,,,,,,537193373196,547022105327,0.0,
2026-09-28T00:36:13.786650+00:00,freq,0,0,2500.0,4250.0,2500.0,900.0,0,,,,
2026-09-28T00:36:13.786650+00:00,freq,1,0,550.0,550.0,1200.0,500.0,0,,,,
2026-09-28T00:36:13.786650+00:00,power,0,0,,,,,,537193375966,547023099727,0.0027855993563958167,
2026-09-28T00:36:14.786263+00:00,freq,0,0,2500.0,4250.0,2500.0,900.0,0,,,,
2026-09-28T00:36:14.786263+00:00,freq,1,0,500.0,500.0,1200.0,550.0,0,,,,
2026-09-28T00:36:14.786263+00:00,power,0,0,,,,,,537193375966,547024099201,0.0,
2026-09-28T00:36:15.786947+00:00,freq,0,0,2500.0,4250.0,2500.0,900.0,0,,,,
2026-09-28T00:36:15.786947+00:00,freq,1,0,550.0,550.0,1200.0,550.0,0,,,,
2026-09-28T00:36:15.786947+00:00,power,0,0,,,,,,537196864003,547025099853,3.4857642816883394,
2026-09-28T00:36:16.772844+00:00,freq,0,0,2500.0,4250.0,2500.0,900.0,0,,,,
2026-09-28T00:36:16.772844+00:00,freq,1,0,550.0,550.0,1200.0,550.0,0,,,,
2026-09-28T00:36:16.772844+00:00,power,0,0,,,,,,537196885938,547026085762,0.022248503665145566,
2026-09-28T00:36:17.788018+00:00,freq,0,0,2500.0,4250.0,2500.0,900.0,0,,,,
2026-09-28T00:36:17.788018+00:00,freq,1,0,550.0,550.0,1200.0,550.0,0,,,,
2026-09-28T00:36:17.788018+00:00,power,0,0,,,,,,537196885938,547027100912,0.0,
2026-09-28T00:36:18.785068+00:00,freq,0,0,2500.0,4250.0,2500.0,900.0,0,,,,
2026-09-28T00:36:18.785068+00:00,freq,1,0,550.0,550.0,1200.0,550.0,0,,,,
2026-09-28T00:36:18.785068+00:00,power,0,0,,,,,,537196886182,547028097977,0.0002447182480580504,
2026-09-28T00:36:19.785231+00:00,freq,0,0,2500.0,4250.0,2500.0,900.0,0,,,,
2026-09-28T00:36:19.785231+00:00,freq,1,0,550.0,550.0,1200.0,550.0,0,,,,
2026-09-28T00:36:19.785231+00:00,power,0,0,,,,,,537196886182,547029098625,0.0,
2026-09-28T00:36:20.786591+00:00,freq,0,0,2500.0,4250.0,2500.0,900.0,0,,,,
2026-09-28T00:36:20.786591+00:00,freq,1,0,550.0,550.0,1200.0,550.0,0,,,,
2026-09-28T00:36:20.786591+00:00,power,0,0,,,,,,537197967931,547030099546,1.0807536259105364,
2026-09-28T00:36:21.787407+00:00,freq,0,0,2500.0,4250.0,2500.0,900.0,0,,,,
2026-09-28T00:36:21.787407+00:00,freq,1,0,550.0,550.0,1200.0,550.0,0,,,,
2026-09-28T00:36:21.787407+00:00,power,0,0,,,,,,537199037656,547031100347,1.068868836062314,
2026-09-28T00:36:22.773407+00:00,freq,0,0,2500.0,4250.0,2500.0,900.0,0,,,,
2026-09-28T00:36:22.773407+00:00,freq,1,0,550.0,550.0,1200.0,550.0,0,,,,
2026-09-28T00:36:22.773407+00:00,power,0,0,,,,,,537199040426,547032086463,0.002809000158196399,
2026-09-28T00:36:23.773868+00:00,freq,0,0,2500.0,4250.0,2500.0,900.0,0,,,,
2026-09-28T00:36:23.773868+00:00,freq,1,0,550.0,550.0,1200.0,550.0,0,,,,
2026-09-28T00:36:23.773868+00:00,power,0,0,,,,,,537199045919,547033087142,0.0054892727837798135,
2026-09-28T00:36:24.779547+00:00,freq,0,0,2500.0,4250.0,2500.0,900.0,0,,,,
2026-09-28T00:36:24.779547+00:00,freq,1,0,550.0,550.0,1200.0,550.0,0,,,,
2026-09-28T00:36:24.779547+00:00,power,0,0,,,,,,537199045919,547034092316,0.0,
2026-09-28T00:36:25.787585+00:00,freq,0,0,2500.0,4250.0,2500.0,900.0,0,,,,
2026-09-28T00:36:25.787585+00:00,freq,1,0,550.0,550.0,1200.0,550.0,0,,,,
2026-09-28T00:36:25.787585+00:00,power,0,0,,,,,,537199045919,547035100412,0.0,
2026-09-28T00:36:26.784091+00:00,freq,0,0,2500.0,4250.0,2500.0,900.0,0,,,,
2026-09-28T00:36:26.784091+00:00,freq,1,0,550.0,550.0,1200.0,500.0,0,,,,
2026-09-28T00:36:26.784091+00:00,power,0,0,,,,,,537199045919,547036097040,0.0,
2026-09-28T00:36:27.799545+00:00,freq,0,0,2500.0,4250.0,2500.0,900.0,0,,,,
2026-09-28T00:36:27.799545+00:00,freq,1,0,500.0,500.0,1200.0,550.0,0,,,,
2026-09-28T00:36:27.799545+00:00,power,0,0,,,,,,537199045919,547037112552,0.0,
2026-09-28T00:36:28.799114+00:00,freq,0,0,2500.0,4250.0,2500.0,900.0,0,,,,
2026-09-28T00:36:28.799114+00:00,freq,1,0,550.0,550.0,1200.0,550.0,0,,,,
2026-09-28T00:36:28.799114+00:00,power,0,0,,,,,,537199051618,547038111931,0.005702541278133721,
2026-09-28T00:36:29.798459+00:00,freq,0,0,2500.0,4250.0,2500.0,900.0,0,,,,
2026-09-28T00:36:29.798459+00:00,freq,1,0,550.0,550.0,1200.0,500.0,0,,,,
2026-09-28T00:36:29.798459+00:00,power,0,0,,,,,,537199051618,547039111115,0.0,
2026-09-28T00:36:30.783499+00:00,freq,0,0,2500.0,4250.0,2500.0,900.0,0,,,,
2026-09-28T00:36:30.783499+00:00,freq,1,0,500.0,500.0,1200.0,550.0,0,,,,
2026-09-28T00:36:30.783499+00:00,power,0,0,,,,,,537202522405,547040096720,3.521478685680369,
2026-09-28T00:36:31.785272+00:00,freq,0,0,2500.0,4250.0,2500.0,900.0,0,,,,
2026-09-28T00:36:31.785272+00:00,freq,1,0,550.0,550.0,1200.0,550.0,0,,,,
2026-09-28T00:36:31.785272+00:00,power,0,0,,,,,,537202545415,547041097854,0.022983936216330682,
2026-09-28T00:36:32.789835+00:00,freq,0,0,2500.0,4250.0,2500.0,900.0,0,,,,
2026-09-28T00:36:32.789835+00:00,freq,1,0,550.0,550.0,1200.0,550.0,0,,,,
2026-09-28T00:36:32.789835+00:00,power,0,0,,,,,,537202545415,547042102471,0.0,
2026-09-28T00:36:33.776374+00:00,freq,0,0,1250.0,1250.0,2500.0,900.0,0,,,,
2026-09-28T00:36:33.776374+00:00,freq,1,0,550.0,550.0,1200.0,550.0,0,,,,
2026-09-28T00:36:33.776374+00:00,power,0,0,,,,,,537202545476,547043088988,6.183370382872267e-05,
2026-09-28T00:36:34.776815+00:00,freq,0,0,1250.0,1250.0,2500.0,900.0,0,,,,
2026-09-28T00:36:34.776815+00:00,freq,1,0,550.0,550.0,1200.0,550.0,0,,,,
2026-09-28T00:36:34.776815+00:00,power,0,0,,,,,,537202545476,547044089641,0.0,
2026-09-28T00:36:35.791460+00:00,freq,0,0,2500.0,4250.0,2500.0,900.0,0,,,,
2026-09-28T00:36:35.791460+00:00,freq,1,0,550.0,550.0,1200.0,550.0,0,,,,
2026-09-28T00:36:35.791460+00:00,power,0,0,,,,,,537203608647,547045104216,1.0478978882783432,
2026-09-28T00:36:36.791110+00:00,freq,0,0,2500.0,4250.0,2500.0,900.0,0,,,,
2026-09-28T00:36:36.791110+00:00,freq,1,0,550.0,550.0,1200.0,550.0,0,,,,
2026-09-28T00:36:36.791110+00:00,power,0,0,,,,,,537204687405,547046103647,1.0793721627606108,
2026-09-28T00:36:37.790102+00:00,freq,0,0,2500.0,4250.0,2500.0,900.0,0,,,,
2026-09-28T00:36:37.790102+00:00,freq,1,0,550.0,550.0,1200.0,550.0,0,,,,
2026-09-28T00:36:37.790102+00:00,power,0,0,,,,,,537204687405,547047102784,0.0,
2026-09-28T00:36:38.790142+00:00,freq,0,0,2500.0,4250.0,2500.0,900.0,0,,,,
2026-09-28T00:36:38.790142+00:00,freq,1,0,550.0,550.0,1200.0,550.0,0,,,,
2026-09-28T00:36:38.790142+00:00,power,0,0,,,,,,537204687405,547048102787,0.0,
2026-09-28T00:36:39.790335+00:00,freq,0,0,2500.0,4250.0,2500.0,900.0,0,,,,
2026-09-28T00:36:39.790335+00:00,freq,1,0,550.0,550.0,1200.0,550.0,0,,,,
2026-09-28T00:36:39.790335+00:00,power,0,0,,,,,,537204687405,547049102898,0.0,
2026-09-28T00:36:40.789723+00:00,freq,0,0,2500.0,4250.0,2500.0,900.0,0,,,,
2026-09-28T00:36:40.789723+00:00,freq,1,0,550.0,550.0,1200.0,550.0,0,,,,
2026-09-28T00:36:40.789723+00:00,power,0,0,,,,,,537204687405,547050102384,0.0,
2026-09-28T00:36:41.779876+00:00,freq,0,0,2500.0,4250.0,2500.0,900.0,0,,,,
2026-09-28T00:36:41.779876+00:00,freq,1,0,550.0,550.0,1200.0,550.0,0,,,,
2026-09-28T00:36:41.779876+00:00,power,0,0,,,,,,537204687405,547051092487,0.0,
