ts_iso_utc,kind,domain,rc,actual_mhz,request_mhz,tdp_mhz,efficient_mhz,throttle_reasons,energy_uj,timestamp_us,power_w
2026-09-25T07:53:53.724829+00:00,freq,0,0,900.0,900.0,2500.0,900.0,0,,,
2026-09-25T07:53:53.724829+00:00,freq,1,0,600.0,600.0,1200.0,550.0,0,,,
2026-09-25T07:53:53.724829+00:00,power,0,0,,,,,,108480782147,314087897490,
2026-09-25T07:53:54.724251+00:00,freq,0,0,2500.0,4250.0,2500.0,900.0,0,,,
2026-09-25T07:53:54.724251+00:00,freq,1,0,550.0,550.0,1200.0,550.0,0,,,
2026-09-25T07:53:54.724251+00:00,power,0,0,,,,,,108482709332,314088883648,1.9542355281810826
2026-09-25T07:53:55.728124+00:00,freq,0,0,2500.0,4250.0,2500.0,900.0,0,,,
2026-09-25T07:53:55.728124+00:00,freq,1,0,550.0,550.0,1200.0,550.0,0,,,
2026-09-25T07:53:55.728124+00:00,power,0,0,,,,,,108483985882,314089887165,1.2720761083270138
2026-09-25T07:53:56.730053+00:00,freq,0,0,2500.0,4250.0,2500.0,900.0,0,,,
2026-09-25T07:53:56.730053+00:00,freq,1,0,550.0,550.0,1200.0,550.0,0,,,
2026-09-25T07:53:56.730053+00:00,power,0,0,,,,,,108485730290,314090888838,1.7414944797354026
2026-09-25T07:53:57.732920+00:00,freq,0,0,2500.0,4250.0,2500.0,900.0,0,,,
2026-09-25T07:53:57.732920+00:00,freq,1,0,550.0,550.0,1200.0,550.0,0,,,
2026-09-25T07:53:57.732920+00:00,power,0,0,,,,,,108514701199,314091891806,28.885177792312415
2026-09-25T07:53:58.733070+00:00,freq,0,0,2500.0,4250.0,2500.0,900.0,0,,,
2026-09-25T07:53:58.733070+00:00,freq,1,0,550.0,550.0,1200.0,550.0,0,,,
2026-09-25T07:53:58.733070+00:00,power,0,0,,,,,,108540747181,314092892169,26.036530739341618
2026-09-25T07:53:59.738781+00:00,freq,0,0,2500.0,4250.0,2500.0,900.0,0,,,
2026-09-25T07:53:59.738781+00:00,freq,1,0,550.0,550.0,1200.0,550.0,0,,,
2026-09-25T07:53:59.738781+00:00,power,0,0,,,,,,108565951892,314093897543,25.069984901141268
2026-09-25T07:54:00.736224+00:00,freq,0,0,2500.0,4250.0,2500.0,900.0,0,,,
2026-09-25T07:54:00.736224+00:00,freq,1,0,550.0,550.0,1200.0,550.0,0,,,
2026-09-25T07:54:00.736224+00:00,power,0,0,,,,,,108590194163,314094895038,24.303150391731286
2026-09-25T07:54:01.737421+00:00,freq,0,0,2500.0,4250.0,2500.0,900.0,0,,,
2026-09-25T07:54:01.737421+00:00,freq,1,0,550.0,550.0,1200.0,550.0,0,,,
2026-09-25T07:54:01.737421+00:00,power,0,0,,,,,,108612869883,314095896060,22.652569074405957
2026-09-25T07:54:02.724468+00:00,freq,0,0,2500.0,4250.0,2500.0,900.0,0,,,
2026-09-25T07:54:02.724468+00:00,freq,1,0,550.0,550.0,1200.0,550.0,0,,,
2026-09-25T07:54:02.724468+00:00,power,0,0,,,,,,108633551852,314096883287,20.949557700508596
2026-09-25T07:54:03.729147+00:00,freq,0,0,2500.0,4250.0,2500.0,900.0,0,,,
2026-09-25T07:54:03.729147+00:00,freq,1,0,550.0,550.0,1200.0,550.0,0,,,
2026-09-25T07:54:03.729147+00:00,power,0,0,,,,,,108653536067,314097887894,19.892569930330964
2026-09-25T07:54:04.735710+00:00,freq,0,0,2500.0,4250.0,2500.0,900.0,0,,,
2026-09-25T07:54:04.735710+00:00,freq,1,0,550.0,550.0,1200.0,550.0,0,,,
2026-09-25T07:54:04.735710+00:00,power,0,0,,,,,,108672454890,314098894410,18.796346009402733
2026-09-25T07:54:05.739318+00:00,freq,0,0,2500.0,4250.0,2500.0,900.0,0,,,
2026-09-25T07:54:05.739318+00:00,freq,1,0,550.0,550.0,1200.0,550.0,0,,,
2026-09-25T07:54:05.739318+00:00,power,0,0,,,,,,108691265460,314099897965,18.743935309973047
2026-09-25T07:54:06.728690+00:00,freq,0,0,2500.0,4250.0,2500.0,900.0,0,,,
2026-09-25T07:54:06.728690+00:00,freq,1,0,550.0,550.0,1200.0,550.0,0,,,
2026-09-25T07:54:06.728690+00:00,power,0,0,,,,,,108709647723,314100887420,18.578169800546764
2026-09-25T07:54:07.744835+00:00,freq,0,0,2500.0,4250.0,2500.0,900.0,0,,,
2026-09-25T07:54:07.744835+00:00,freq,1,0,550.0,550.0,1200.0,550.0,0,,,
2026-09-25T07:54:07.744835+00:00,power,0,0,,,,,,108728206340,314101903371,18.267236313562368
2026-09-25T07:54:08.741039+00:00,freq,0,0,2500.0,4250.0,2500.0,900.0,0,,,
2026-09-25T07:54:08.741039+00:00,freq,1,0,550.0,550.0,1200.0,550.0,0,,,
2026-09-25T07:54:08.741039+00:00,power,0,0,,,,,,108746452677,314102899679,18.31395211119453
2026-09-25T07:54:09.728481+00:00,freq,0,0,2500.0,4250.0,2500.0,900.0,0,,,
2026-09-25T07:54:09.728481+00:00,freq,1,0,550.0,550.0,1200.0,550.0,0,,,
2026-09-25T07:54:09.728481+00:00,power,0,0,,,,,,108764323977,314103887108,18.09882026960926
2026-09-25T07:54:10.734724+00:00,freq,0,0,2500.0,4250.0,2500.0,900.0,0,,,
2026-09-25T07:54:10.734724+00:00,freq,1,0,550.0,550.0,1200.0,550.0,0,,,
2026-09-25T07:54:10.734724+00:00,power,0,0,,,,,,108782513918,314104893301,18.07798404481049
2026-09-25T07:54:11.739882+00:00,freq,0,0,2500.0,4250.0,2500.0,900.0,0,,,
2026-09-25T07:54:11.739882+00:00,freq,1,0,550.0,550.0,1200.0,550.0,0,,,
2026-09-25T07:54:11.739882+00:00,power,0,0,,,,,,108800530481,314105898362,17.9258403221297
2026-09-25T07:54:12.731475+00:00,freq,0,0,2500.0,4250.0,2500.0,900.0,0,,,
2026-09-25T07:54:12.731475+00:00,freq,1,0,550.0,550.0,1200.0,550.0,0,,,
2026-09-25T07:54:12.731475+00:00,power,0,0,,,,,,108818248681,314106890057,17.866581963204414
2026-09-25T07:54:13.734348+00:00,freq,0,0,2500.0,4250.0,2500.0,900.0,0,,,
2026-09-25T07:54:13.734348+00:00,freq,1,0,550.0,550.0,1200.0,550.0,0,,,
2026-09-25T07:54:13.734348+00:00,power,0,0,,,,,,108836147630,314107892724,17.851339477613205
2026-09-25T07:54:14.736908+00:00,freq,0,0,2500.0,4250.0,2500.0,900.0,0,,,
2026-09-25T07:54:14.736908+00:00,freq,1,0,550.0,550.0,1200.0,550.0,0,,,
2026-09-25T07:54:14.736908+00:00,power,0,0,,,,,,108853442575,314108895463,17.24770354000393
2026-09-25T07:54:15.737634+00:00,freq,0,0,2500.0,4250.0,2500.0,900.0,0,,,
2026-09-25T07:54:15.737634+00:00,freq,1,0,550.0,550.0,1200.0,550.0,0,,,
2026-09-25T07:54:15.737634+00:00,power,0,0,,,,,,108868389901,314109896302,14.934795706402328
2026-09-25T07:54:16.727391+00:00,freq,0,0,2500.0,4250.0,2500.0,900.0,0,,,
2026-09-25T07:54:16.727391+00:00,freq,1,0,550.0,550.0,1200.0,550.0,0,,,
2026-09-25T07:54:16.727391+00:00,power,0,0,,,,,,108882657685,314110885798,14.419243736205098
2026-09-25T07:54:17.729245+00:00,freq,0,0,2500.0,4250.0,2500.0,900.0,0,,,
2026-09-25T07:54:17.729245+00:00,freq,1,0,550.0,550.0,1200.0,550.0,0,,,
2026-09-25T07:54:17.729245+00:00,power,0,0,,,,,,108897060418,314111887702,14.375362310161453
2026-09-25T07:54:18.743534+00:00,freq,0,0,2500.0,4250.0,2500.0,900.0,0,,,
2026-09-25T07:54:18.743534+00:00,freq,1,0,550.0,550.0,1200.0,550.0,0,,,
2026-09-25T07:54:18.743534+00:00,power,0,0,,,,,,108911417130,314112902059,14.153510056124224
2026-09-25T07:54:19.734088+00:00,freq,0,0,2500.0,4250.0,2500.0,900.0,0,,,
2026-09-25T07:54:19.734088+00:00,freq,1,0,550.0,550.0,1200.0,550.0,0,,,
2026-09-25T07:54:19.734088+00:00,power,0,0,,,,,,108925436013,314113892365,14.15611235315145
2026-09-25T07:54:20.738429+00:00,freq,0,0,2500.0,4250.0,2500.0,900.0,0,,,
2026-09-25T07:54:20.738429+00:00,freq,1,0,550.0,550.0,1200.0,550.0,0,,,
2026-09-25T07:54:20.738429+00:00,power,0,0,,,,,,108939669716,314114896794,14.170939907151228
2026-09-25T07:54:21.724315+00:00,freq,0,0,2500.0,4250.0,2500.0,900.0,0,,,
2026-09-25T07:54:21.724315+00:00,freq,1,0,550.0,550.0,1200.0,550.0,0,,,
2026-09-25T07:54:21.724315+00:00,power,0,0,,,,,,108953679993,314115882607,14.211901242933498
2026-09-25T07:54:22.731555+00:00,freq,0,0,2500.0,4250.0,2500.0,900.0,0,,,
2026-09-25T07:54:22.731555+00:00,freq,1,0,550.0,550.0,1200.0,550.0,0,,,
2026-09-25T07:54:22.731555+00:00,power,0,0,,,,,,108967997803,314116889843,14.21495061733298
2026-09-25T07:54:23.736359+00:00,freq,0,0,2500.0,4250.0,2500.0,900.0,0,,,
2026-09-25T07:54:23.736359+00:00,freq,1,0,550.0,550.0,1200.0,550.0,0,,,
2026-09-25T07:54:23.736359+00:00,power,0,0,,,,,,108970115990,314117894750,2.107843810422258
2026-09-25T07:54:24.742188+00:00,freq,0,0,2500.0,4250.0,2500.0,900.0,0,,,
2026-09-25T07:54:24.742188+00:00,freq,1,0,550.0,550.0,1200.0,550.0,0,,,
2026-09-25T07:54:24.742188+00:00,power,0,0,,,,,,108970115990,314118900580,0.0
2026-09-25T07:54:25.732174+00:00,freq,0,0,2500.0,4250.0,2500.0,900.0,0,,,
2026-09-25T07:54:25.732174+00:00,freq,1,0,550.0,550.0,1200.0,550.0,0,,,
2026-09-25T07:54:25.732174+00:00,power,0,0,,,,,,108970115990,314119890574,0.0
2026-09-25T07:54:26.735752+00:00,freq,0,0,2500.0,4250.0,2500.0,900.0,0,,,
2026-09-25T07:54:26.735752+00:00,freq,1,0,550.0,550.0,1200.0,550.0,0,,,
2026-09-25T07:54:26.735752+00:00,power,0,0,,,,,,108970115990,314120894105,0.0
2026-09-25T07:54:27.748917+00:00,freq,0,0,2500.0,4250.0,2500.0,900.0,0,,,
2026-09-25T07:54:27.748917+00:00,freq,1,0,550.0,550.0,1200.0,550.0,0,,,
2026-09-25T07:54:27.748917+00:00,power,0,0,,,,,,108970115990,314121907334,0.0
2026-09-25T07:54:28.747006+00:00,freq,0,0,2500.0,4250.0,2500.0,900.0,0,,,
2026-09-25T07:54:28.747006+00:00,freq,1,0,550.0,550.0,1200.0,550.0,0,,,
2026-09-25T07:54:28.747006+00:00,power,0,0,,,,,,108993158409,314122905312,23.089105170655063
2026-09-25T07:54:29.733733+00:00,freq,0,0,2500.0,4250.0,2500.0,900.0,0,,,
2026-09-25T07:54:29.733733+00:00,freq,1,0,550.0,550.0,1200.0,600.0,0,,,
2026-09-25T07:54:29.733733+00:00,power,0,0,,,,,,109019458054,314123891825,26.659197598004283
2026-09-25T07:54:30.739664+00:00,freq,0,0,2500.0,4250.0,2500.0,900.0,0,,,
2026-09-25T07:54:30.739664+00:00,freq,1,0,600.0,600.0,1200.0,550.0,0,,,
2026-09-25T07:54:30.739664+00:00,power,0,0,,,,,,109044865975,314124897803,25.25693504231703
2026-09-25T07:54:31.729303+00:00,freq,0,0,2500.0,4250.0,2500.0,900.0,0,,,
2026-09-25T07:54:31.729303+00:00,freq,1,0,550.0,550.0,1200.0,550.0,0,,,
2026-09-25T07:54:31.729303+00:00,power,0,0,,,,,,109069256844,314125887479,24.645307151027204
2026-09-25T07:54:32.732286+00:00,freq,0,0,2500.0,4250.0,2500.0,900.0,0,,,
2026-09-25T07:54:32.732286+00:00,freq,1,0,550.0,550.0,1200.0,550.0,0,,,
2026-09-25T07:54:32.732286+00:00,power,0,0,,,,,,109092584504,314126890512,23.257121151547356
2026-09-25T07:54:33.736164+00:00,freq,0,0,2500.0,4250.0,2500.0,900.0,0,,,
2026-09-25T07:54:33.736164+00:00,freq,1,0,550.0,550.0,1200.0,550.0,0,,,
2026-09-25T07:54:33.736164+00:00,power,0,0,,,,,,109114341584,314127894317,21.674608116118172
2026-09-25T07:54:34.739311+00:00,freq,0,0,2500.0,4250.0,2500.0,900.0,0,,,
2026-09-25T07:54:34.739311+00:00,freq,1,0,550.0,550.0,1200.0,600.0,0,,,
2026-09-25T07:54:34.739311+00:00,power,0,0,,,,,,109134633233,314128897383,20.22962496984246
2026-09-25T07:54:35.730123+00:00,freq,0,0,2500.0,4250.0,2500.0,900.0,0,,,
2026-09-25T07:54:35.730123+00:00,freq,1,0,600.0,600.0,1200.0,600.0,0,,,
2026-09-25T07:54:35.730123+00:00,power,0,0,,,,,,109153429863,314129888083,18.97307964065812
2026-09-25T07:54:36.731770+00:00,freq,0,0,2500.0,4250.0,2500.0,900.0,0,,,
2026-09-25T07:54:36.731770+00:00,freq,1,0,600.0,600.0,1200.0,550.0,0,,,
2026-09-25T07:54:36.731770+00:00,power,0,0,,,,,,109172292557,314130889828,18.829835936291172
2026-09-25T07:54:37.736113+00:00,freq,0,0,2500.0,4250.0,2500.0,900.0,0,,,
2026-09-25T07:54:37.736113+00:00,freq,1,0,550.0,550.0,1200.0,600.0,0,,,
2026-09-25T07:54:37.736113+00:00,power,0,0,,,,,,109190770767,314131894001,18.40142087070654
2026-09-25T07:54:38.739110+00:00,freq,0,0,2500.0,4250.0,2500.0,900.0,0,,,
2026-09-25T07:54:38.739110+00:00,freq,1,0,600.0,600.0,1200.0,600.0,0,,,
2026-09-25T07:54:38.739110+00:00,power,0,0,,,,,,109209119362,314132897136,18.291251925214453
2026-09-25T07:54:39.730508+00:00,freq,0,0,2500.0,4250.0,2500.0,900.0,0,,,
2026-09-25T07:54:39.730508+00:00,freq,1,0,600.0,600.0,1200.0,600.0,0,,,
2026-09-25T07:54:39.730508+00:00,power,0,0,,,,,,109227020729,314133888533,18.056708866377445
2026-09-25T07:54:40.735191+00:00,freq,0,0,2500.0,4250.0,2500.0,900.0,0,,,
2026-09-25T07:54:40.735191+00:00,freq,1,0,600.0,600.0,1200.0,550.0,0,,,
2026-09-25T07:54:40.735191+00:00,power,0,0,,,,,,109245213844,314134893117,18.11009830934994
2026-09-25T07:54:41.736340+00:00,freq,0,0,2500.0,4250.0,2500.0,900.0,0,,,
2026-09-25T07:54:41.736340+00:00,freq,1,0,550.0,550.0,1200.0,600.0,0,,,
2026-09-25T07:54:41.736340+00:00,power,0,0,,,,,,109263156616,314135894289,17.921767688269348
2026-09-25T07:54:42.750996+00:00,freq,0,0,2500.0,4250.0,2500.0,900.0,0,,,
2026-09-25T07:54:42.750996+00:00,freq,1,0,600.0,600.0,1200.0,600.0,0,,,
2026-09-25T07:54:42.750996+00:00,power,0,0,,,,,,109281354393,314136908838,17.93681428891064
2026-09-25T07:54:43.741222+00:00,freq,0,0,2500.0,4250.0,2500.0,900.0,0,,,
2026-09-25T07:54:43.741222+00:00,freq,1,0,600.0,600.0,1200.0,600.0,0,,,
2026-09-25T07:54:43.741222+00:00,power,0,0,,,,,,109299022666,314137899081,17.842360915452065
2026-09-25T07:54:44.728790+00:00,freq,0,0,2500.0,4250.0,2500.0,900.0,0,,,
2026-09-25T07:54:44.728790+00:00,freq,1,0,600.0,600.0,1200.0,550.0,0,,,
2026-09-25T07:54:44.728790+00:00,power,0,0,,,,,,109316612814,314138886568,17.813042602079825
2026-09-25T07:54:45.735727+00:00,freq,0,0,2500.0,4250.0,2500.0,900.0,0,,,
2026-09-25T07:54:45.735727+00:00,freq,1,0,550.0,550.0,1200.0,600.0,0,,,
2026-09-25T07:54:45.735727+00:00,power,0,0,,,,,,109334088827,314139893624,17.353566236634308
2026-09-25T07:54:46.737974+00:00,freq,0,0,2500.0,4250.0,2500.0,900.0,0,,,
2026-09-25T07:54:46.737974+00:00,freq,1,0,600.0,600.0,1200.0,600.0,0,,,
2026-09-25T07:54:46.737974+00:00,power,0,0,,,,,,109349664411,314140895745,15.542618106995063
2026-09-25T07:54:47.724626+00:00,freq,0,0,2500.0,4250.0,2500.0,900.0,0,,,
2026-09-25T07:54:47.724626+00:00,freq,1,0,600.0,600.0,1200.0,600.0,0,,,
2026-09-25T07:54:47.724626+00:00,power,0,0,,,,,,109363770612,314141882539,14.294980512650056
2026-09-25T07:54:48.739287+00:00,freq,0,0,2500.0,4250.0,2500.0,900.0,0,,,
2026-09-25T07:54:48.739287+00:00,freq,1,0,600.0,600.0,1200.0,600.0,0,,,
2026-09-25T07:54:48.739287+00:00,power,0,0,,,,,,109378238103,314142897073,14.260232776821674
2026-09-25T07:54:49.737885+00:00,freq,0,0,2500.0,4250.0,2500.0,900.0,0,,,
2026-09-25T07:54:49.737885+00:00,freq,1,0,600.0,600.0,1200.0,600.0,0,,,
2026-09-25T07:54:49.737885+00:00,power,0,0,,,,,,109392359807,314143895564,14.143045856197002
2026-09-25T07:54:50.727825+00:00,freq,0,0,2500.0,4250.0,2500.0,900.0,0,,,
2026-09-25T07:54:50.727825+00:00,freq,1,0,600.0,600.0,1200.0,600.0,0,,,
2026-09-25T07:54:50.727825+00:00,power,0,0,,,,,,109406332303,314144885453,14.11521493824055
2026-09-25T07:54:51.734199+00:00,freq,0,0,2500.0,4250.0,2500.0,900.0,0,,,
2026-09-25T07:54:51.734199+00:00,freq,1,0,600.0,600.0,1200.0,600.0,0,,,
2026-09-25T07:54:51.734199+00:00,power,0,0,,,,,,109420581105,314145891816,14.158710127458978
2026-09-25T07:54:52.741149+00:00,freq,0,0,2500.0,4250.0,2500.0,900.0,0,,,
2026-09-25T07:54:52.741149+00:00,freq,1,0,600.0,600.0,1200.0,550.0,0,,,
2026-09-25T07:54:52.741149+00:00,power,0,0,,,,,,109434853443,314146898724,14.174421099047779
2026-09-25T07:54:53.731305+00:00,freq,0,0,2500.0,4250.0,2500.0,900.0,0,,,
2026-09-25T07:54:53.731305+00:00,freq,1,0,550.0,550.0,1200.0,600.0,0,,,
2026-09-25T07:54:53.731305+00:00,power,0,0,,,,,,109448912891,314147888991,14.1976335675126
2026-09-25T07:54:54.733419+00:00,freq,0,0,2500.0,4250.0,2500.0,900.0,0,,,
2026-09-25T07:54:54.733419+00:00,freq,1,0,600.0,600.0,1200.0,600.0,0,,,
2026-09-25T07:54:54.733419+00:00,power,0,0,,,,,,109471159313,314148891342,22.19424333392195
2026-09-25T07:54:55.736342+00:00,freq,0,0,2500.0,4250.0,2500.0,900.0,0,,,
2026-09-25T07:54:55.736342+00:00,freq,1,0,600.0,600.0,1200.0,600.0,0,,,
2026-09-25T07:54:55.736342+00:00,power,0,0,,,,,,109498448276,314149893887,27.219688891770446
2026-09-25T07:54:56.739395+00:00,freq,0,0,2500.0,4250.0,2500.0,900.0,0,,,
2026-09-25T07:54:56.739395+00:00,freq,1,0,600.0,600.0,1200.0,600.0,0,,,
2026-09-25T07:54:56.739395+00:00,power,0,0,,,,,,109523829745,314150896942,25.304164776607465
2026-09-25T07:54:57.726445+00:00,freq,0,0,2500.0,4250.0,2500.0,900.0,0,,,
2026-09-25T07:54:57.726445+00:00,freq,1,0,600.0,600.0,1200.0,600.0,0,,,
2026-09-25T07:54:57.726445+00:00,power,0,0,,,,,,109548227755,314151884236,24.712000680648316
2026-09-25T07:54:58.729463+00:00,freq,0,0,2500.0,4250.0,2500.0,900.0,0,,,
2026-09-25T07:54:58.729463+00:00,freq,1,0,600.0,600.0,1200.0,600.0,0,,,
2026-09-25T07:54:58.729463+00:00,power,0,0,,,,,,109571728266,314152887079,23.433888455122087
2026-09-25T07:54:59.736769+00:00,freq,0,0,2500.0,4250.0,2500.0,900.0,0,,,
2026-09-25T07:54:59.736769+00:00,freq,1,0,600.0,600.0,1200.0,600.0,0,,,
2026-09-25T07:54:59.736769+00:00,power,0,0,,,,,,109593841791,314153894314,21.954682869439605
2026-09-25T07:55:00.741658+00:00,freq,0,0,2500.0,4250.0,2500.0,900.0,0,,,
2026-09-25T07:55:00.741658+00:00,freq,1,0,600.0,600.0,1200.0,600.0,0,,,
2026-09-25T07:55:00.741658+00:00,power,0,0,,,,,,109613900041,314154899167,19.961377435306456
2026-09-25T07:55:01.727984+00:00,freq,0,0,2500.0,4250.0,2500.0,900.0,0,,,
2026-09-25T07:55:01.727984+00:00,freq,1,0,600.0,600.0,1200.0,600.0,0,,,
2026-09-25T07:55:01.727984+00:00,power,0,0,,,,,,109632718973,314155885550,19.078727025911842
2026-09-25T07:55:02.732382+00:00,freq,0,0,2500.0,4250.0,2500.0,900.0,0,,,
2026-09-25T07:55:02.732382+00:00,freq,1,0,600.0,600.0,1200.0,600.0,0,,,
2026-09-25T07:55:02.732382+00:00,power,0,0,,,,,,109651633706,314156889828,18.83416046154551
2026-09-25T07:55:03.734415+00:00,freq,0,0,2500.0,4250.0,2500.0,900.0,0,,,
2026-09-25T07:55:03.734415+00:00,freq,1,0,600.0,600.0,1200.0,600.0,0,,,
2026-09-25T07:55:03.734415+00:00,power,0,0,,,,,,109670005311,314157891925,18.333160362719376
2026-09-25T07:55:04.735714+00:00,freq,0,0,2500.0,4250.0,2500.0,900.0,0,,,
2026-09-25T07:55:04.735714+00:00,freq,1,0,600.0,600.0,1200.0,600.0,0,,,
2026-09-25T07:55:04.735714+00:00,power,0,0,,,,,,109688311242,314158893226,18.28214592814748
2026-09-25T07:55:05.737543+00:00,freq,0,0,2500.0,4250.0,2500.0,900.0,0,,,
2026-09-25T07:55:05.737543+00:00,freq,1,0,600.0,600.0,1200.0,600.0,0,,,
2026-09-25T07:55:05.737543+00:00,power,0,0,,,,,,109706489830,314159895008,18.146251380040766
2026-09-25T07:55:06.741035+00:00,freq,0,0,2500.0,4250.0,2500.0,900.0,0,,,
2026-09-25T07:55:06.741035+00:00,freq,1,0,600.0,600.0,1200.0,600.0,0,,,
2026-09-25T07:55:06.741035+00:00,power,0,0,,,,,,109724620224,314160898337,18.070238177108408
2026-09-25T07:55:07.727661+00:00,freq,0,0,2500.0,4250.0,2500.0,900.0,0,,,
2026-09-25T07:55:07.727661+00:00,freq,1,0,600.0,600.0,1200.0,600.0,0,,,
2026-09-25T07:55:07.727661+00:00,power,0,0,,,,,,109742335311,314161885129,17.95219965301705
2026-09-25T07:55:08.730309+00:00,freq,0,0,2500.0,4250.0,2500.0,900.0,0,,,
2026-09-25T07:55:08.730309+00:00,freq,1,0,600.0,600.0,1200.0,600.0,0,,,
2026-09-25T07:55:08.730309+00:00,power,0,0,,,,,,109760385078,314162887593,18.00540169023526
2026-09-25T07:55:09.735608+00:00,freq,0,0,2500.0,4250.0,2500.0,900.0,0,,,
2026-09-25T07:55:09.735608+00:00,freq,1,0,600.0,600.0,1200.0,600.0,0,,,
2026-09-25T07:55:09.735608+00:00,power,0,0,,,,,,109778382453,314163893030,17.900052415019537
2026-09-25T07:55:10.735804+00:00,freq,0,0,2500.0,4250.0,2500.0,900.0,0,,,
2026-09-25T07:55:10.735804+00:00,freq,1,0,600.0,600.0,1200.0,600.0,0,,,
2026-09-25T07:55:10.735804+00:00,power,0,0,,,,,,109796236297,314164893346,17.848203967546254
2026-09-25T07:55:11.738955+00:00,freq,0,0,2500.0,4250.0,2500.0,900.0,0,,,
2026-09-25T07:55:11.738955+00:00,freq,1,0,600.0,600.0,1200.0,600.0,0,,,
2026-09-25T07:55:11.738955+00:00,power,0,0,,,,,,109813841521,314165896249,17.554263971690183
2026-09-25T07:55:12.725747+00:00,freq,0,0,2500.0,4250.0,2500.0,900.0,0,,,
2026-09-25T07:55:12.725747+00:00,freq,1,0,600.0,600.0,1200.0,600.0,0,,,
2026-09-25T07:55:12.725747+00:00,power,0,0,,,,,,109830027678,314166883039,16.402838496539285
2026-09-25T07:55:13.730232+00:00,freq,0,0,2500.0,4250.0,2500.0,900.0,0,,,
2026-09-25T07:55:13.730232+00:00,freq,1,0,600.0,600.0,1200.0,600.0,0,,,
2026-09-25T07:55:13.730232+00:00,power,0,0,,,,,,109844306082,314167887435,14.215910855877562
2026-09-25T07:55:14.735948+00:00,freq,0,0,2500.0,4250.0,2500.0,900.0,0,,,
2026-09-25T07:55:14.735948+00:00,freq,1,0,600.0,600.0,1200.0,600.0,0,,,
2026-09-25T07:55:14.735948+00:00,power,0,0,,,,,,109858630934,314168893083,14.244399630884763
2026-09-25T07:55:15.740421+00:00,freq,0,0,2500.0,4250.0,2500.0,900.0,0,,,
2026-09-25T07:55:15.740421+00:00,freq,1,0,600.0,600.0,1200.0,600.0,0,,,
2026-09-25T07:55:15.740421+00:00,power,0,0,,,,,,109872820898,314169897630,14.125734286200645
2026-09-25T07:55:16.727017+00:00,freq,0,0,2500.0,4250.0,2500.0,900.0,0,,,
2026-09-25T07:55:16.727017+00:00,freq,1,0,600.0,600.0,1200.0,600.0,0,,,
2026-09-25T07:55:16.727017+00:00,power,0,0,,,,,,109886770116,314170884101,14.1405251649567
2026-09-25T07:55:17.740702+00:00,freq,0,0,2500.0,4250.0,2500.0,900.0,0,,,
2026-09-25T07:55:17.740702+00:00,freq,1,0,600.0,600.0,1200.0,600.0,0,,,
2026-09-25T07:55:17.740702+00:00,power,0,0,,,,,,109901090672,314171898022,14.12393667751235
2026-09-25T07:55:18.739433+00:00,freq,0,0,2500.0,4250.0,2500.0,900.0,0,,,
2026-09-25T07:55:18.739433+00:00,freq,1,0,600.0,600.0,1200.0,600.0,0,,,
2026-09-25T07:55:18.739433+00:00,power,0,0,,,,,,109915186947,314172896533,14.117295653227655
2026-09-25T07:55:19.729301+00:00,freq,0,0,2500.0,4250.0,2500.0,900.0,0,,,
2026-09-25T07:55:19.729301+00:00,freq,1,0,600.0,600.0,1200.0,600.0,0,,,
2026-09-25T07:55:19.729301+00:00,power,0,0,,,,,,109929196407,314173886505,14.151369937735613
2026-09-25T07:55:20.733069+00:00,freq,0,0,2500.0,4250.0,2500.0,900.0,0,,,
2026-09-25T07:55:20.733069+00:00,freq,1,0,600.0,600.0,1200.0,600.0,0,,,
2026-09-25T07:55:20.733069+00:00,power,0,0,,,,,,109947683772,314174890155,18.420131519952175
2026-09-25T07:55:21.739582+00:00,freq,0,0,2500.0,4250.0,2500.0,900.0,0,,,
2026-09-25T07:55:21.739582+00:00,freq,1,0,600.0,600.0,1200.0,600.0,0,,,
2026-09-25T07:55:21.739582+00:00,power,0,0,,,,,,109976092669,314175897030,28.214919428926134
2026-09-25T07:55:22.728918+00:00,freq,0,0,2500.0,4250.0,2500.0,900.0,0,,,
2026-09-25T07:55:22.728918+00:00,freq,1,0,600.0,600.0,1200.0,600.0,0,,,
2026-09-25T07:55:22.728918+00:00,power,0,0,,,,,,110001340837,314176886101,25.527154269005965
2026-09-25T07:55:23.731412+00:00,freq,0,0,2500.0,4250.0,2500.0,900.0,0,,,
2026-09-25T07:55:23.731412+00:00,freq,1,0,600.0,600.0,1200.0,600.0,0,,,
2026-09-25T07:55:23.731412+00:00,power,0,0,,,,,,110026255594,314177888510,24.85488159024909
2026-09-25T07:55:24.733553+00:00,freq,0,0,2500.0,4250.0,2500.0,900.0,0,,,
2026-09-25T07:55:24.733553+00:00,freq,1,0,600.0,600.0,1200.0,600.0,0,,,
2026-09-25T07:55:24.733553+00:00,power,0,0,,,,,,110050326906,314178890548,24.02235444164792
2026-09-25T07:55:25.738428+00:00,freq,0,0,2500.0,4250.0,2500.0,900.0,0,,,
2026-09-25T07:55:25.738428+00:00,freq,1,0,600.0,600.0,1200.0,600.0,0,,,
2026-09-25T07:55:25.738428+00:00,power,0,0,,,,,,110072541444,314179895482,22.105469612929806
2026-09-25T07:55:26.729271+00:00,freq,0,0,2500.0,4250.0,2500.0,900.0,0,,,
2026-09-25T07:55:26.729271+00:00,freq,1,0,600.0,600.0,1200.0,600.0,0,,,
2026-09-25T07:55:26.729271+00:00,power,0,0,,,,,,110092609033,314180886380,20.251921993989292
2026-09-25T07:55:27.732929+00:00,freq,0,0,2500.0,4250.0,2500.0,900.0,0,,,
2026-09-25T07:55:27.732929+00:00,freq,1,0,600.0,600.0,1200.0,600.0,0,,,
2026-09-25T07:55:27.732929+00:00,power,0,0,,,,,,110112085107,314181889900,19.407758689413264
2026-09-25T07:55:28.737212+00:00,freq,0,0,2500.0,4250.0,2500.0,900.0,0,,,
2026-09-25T07:55:28.737212+00:00,freq,1,0,600.0,600.0,1200.0,600.0,0,,,
2026-09-25T07:55:28.737212+00:00,power,0,0,,,,,,110131000329,314182894267,18.832978383399695
2026-09-25T07:55:29.742373+00:00,freq,0,0,2500.0,4250.0,2500.0,900.0,0,,,
2026-09-25T07:55:29.742373+00:00,freq,1,0,600.0,600.0,1200.0,600.0,0,,,
2026-09-25T07:55:29.742373+00:00,power,0,0,,,,,,110149403344,314183899250,18.3117674627332
2026-09-25T07:55:30.730286+00:00,freq,0,0,2500.0,4250.0,2500.0,900.0,0,,,
2026-09-25T07:55:30.730286+00:00,freq,1,0,600.0,600.0,1200.0,600.0,0,,,
2026-09-25T07:55:30.730286+00:00,power,0,0,,,,,,110167547227,314184887203,18.365127693321444
2026-09-25T07:55:31.738481+00:00,freq,0,0,2500.0,4250.0,2500.0,900.0,0,,,
2026-09-25T07:55:31.738481+00:00,freq,1,0,600.0,600.0,1200.0,600.0,0,,,
2026-09-25T07:55:31.738481+00:00,power,0,0,,,,,,110185698533,314185895436,18.00308658812001
2026-09-25T07:55:32.744122+00:00,freq,0,0,2500.0,4250.0,2500.0,900.0,0,,,
2026-09-25T07:55:32.744122+00:00,freq,1,0,600.0,600.0,1200.0,600.0,0,,,
2026-09-25T07:55:32.744122+00:00,power,0,0,,,,,,110203951425,314186900933,18.153104385194585
2026-09-25T07:55:33.734593+00:00,freq,0,0,2500.0,4250.0,2500.0,900.0,0,,,
2026-09-25T07:55:33.734593+00:00,freq,1,0,600.0,600.0,1200.0,600.0,0,,,
2026-09-25T07:55:33.734593+00:00,power,0,0,,,,,,110221676118,314187891499,17.893500281657154
2026-09-25T07:55:34.739725+00:00,freq,0,0,2500.0,4250.0,2500.0,900.0,0,,,
2026-09-25T07:55:34.739725+00:00,freq,1,0,600.0,600.0,1200.0,600.0,0,,,
2026-09-25T07:55:34.739725+00:00,power,0,0,,,,,,110239843293,314188896618,18.07465086223621
2026-09-25T07:55:35.729074+00:00,freq,0,0,2500.0,4250.0,2500.0,900.0,0,,,
2026-09-25T07:55:35.729074+00:00,freq,1,0,600.0,600.0,1200.0,600.0,0,,,
2026-09-25T07:55:35.729074+00:00,power,0,0,,,,,,110257525018,314189885954,17.872315371117597
2026-09-25T07:55:36.744983+00:00,freq,0,0,2500.0,4250.0,2500.0,900.0,0,,,
2026-09-25T07:55:36.744983+00:00,freq,1,0,600.0,600.0,1200.0,600.0,0,,,
2026-09-25T07:55:36.744983+00:00,power,0,0,,,,,,110275698991,314190901768,17.891044029714102
2026-09-25T07:55:37.740554+00:00,freq,0,0,2500.0,4250.0,2500.0,900.0,0,,,
2026-09-25T07:55:37.740554+00:00,freq,1,0,600.0,600.0,1200.0,600.0,0,,,
2026-09-25T07:55:37.740554+00:00,power,0,0,,,,,,110293354264,314191897346,17.73369138329694
2026-09-25T07:55:38.739901+00:00,freq,0,0,2500.0,4250.0,2500.0,900.0,0,,,
2026-09-25T07:55:38.739901+00:00,freq,1,0,600.0,600.0,1200.0,600.0,0,,,
2026-09-25T07:55:38.739901+00:00,power,0,0,,,,,,110310512650,314192896535,17.172312745636713
2026-09-25T07:55:39.729995+00:00,freq,0,0,2500.0,4250.0,2500.0,900.0,0,,,
2026-09-25T07:55:39.729995+00:00,freq,1,0,600.0,600.0,1200.0,600.0,0,,,
2026-09-25T07:55:39.729995+00:00,power,0,0,,,,,,110324670632,314193886681,14.298883195003565
2026-09-25T07:55:40.733843+00:00,freq,0,0,2500.0,4250.0,2500.0,900.0,0,,,
2026-09-25T07:55:40.733843+00:00,freq,1,0,600.0,600.0,1200.0,600.0,0,,,
2026-09-25T07:55:40.733843+00:00,power,0,0,,,,,,110339014161,314194890559,14.288119671912323
2026-09-25T07:55:41.739319+00:00,freq,0,0,2500.0,4250.0,2500.0,900.0,0,,,
2026-09-25T07:55:41.739319+00:00,freq,1,0,600.0,600.0,1200.0,600.0,0,,,
2026-09-25T07:55:41.739319+00:00,power,0,0,,,,,,110353241967,314195896013,14.150628472312011
2026-09-25T07:55:42.729305+00:00,freq,0,0,2500.0,4250.0,2500.0,900.0,0,,,
2026-09-25T07:55:42.729305+00:00,freq,1,0,600.0,600.0,1200.0,600.0,0,,,
2026-09-25T07:55:42.729305+00:00,power,0,0,,,,,,110367152855,314196886056,14.050791733288353
2026-09-25T07:55:43.734724+00:00,freq,0,0,2500.0,4250.0,2500.0,900.0,0,,,
2026-09-25T07:55:43.734724+00:00,freq,1,0,600.0,600.0,1200.0,600.0,0,,,
2026-09-25T07:55:43.734724+00:00,power,0,0,,,,,,110381275192,314197891268,14.049113022924518
2026-09-25T07:55:44.737024+00:00,freq,0,0,2500.0,4250.0,2500.0,900.0,0,,,
2026-09-25T07:55:44.737024+00:00,freq,1,0,600.0,600.0,1200.0,600.0,0,,,
2026-09-25T07:55:44.737024+00:00,power,0,0,,,,,,110395370284,314198893682,14.06114838779187
2026-09-25T07:55:45.751669+00:00,freq,0,0,2500.0,4250.0,2500.0,900.0,0,,,
2026-09-25T07:55:45.751669+00:00,freq,1,0,600.0,600.0,1200.0,600.0,0,,,
2026-09-25T07:55:45.751669+00:00,power,0,0,,,,,,110409657637,314199908291,14.081634403006479
2026-09-25T07:55:46.738996+00:00,freq,0,0,2500.0,4250.0,2500.0,900.0,0,,,
2026-09-25T07:55:46.738996+00:00,freq,1,0,600.0,600.0,1200.0,600.0,0,,,
2026-09-25T07:55:46.738996+00:00,power,0,0,,,,,,110422144537,314200895743,12.645576696386255
2026-09-25T07:55:47.739077+00:00,freq,0,0,2500.0,4250.0,2500.0,900.0,0,,,
2026-09-25T07:55:47.739077+00:00,freq,1,0,600.0,600.0,1200.0,600.0,0,,,
2026-09-25T07:55:47.739077+00:00,power,0,0,,,,,,110422144537,314201895817,0.0
2026-09-25T07:55:48.731654+00:00,freq,0,0,2500.0,4250.0,2500.0,900.0,0,,,
2026-09-25T07:55:48.731654+00:00,freq,1,0,600.0,600.0,1200.0,600.0,0,,,
2026-09-25T07:55:48.731654+00:00,power,0,0,,,,,,110422144537,314202888398,0.0
2026-09-25T07:55:49.737060+00:00,freq,0,0,2500.0,4250.0,2500.0,900.0,0,,,
2026-09-25T07:55:49.737060+00:00,freq,1,0,600.0,600.0,1200.0,600.0,0,,,
2026-09-25T07:55:49.737060+00:00,power,0,0,,,,,,110422144537,314203893750,0.0
2026-09-25T07:55:50.742678+00:00,freq,0,0,2500.0,4250.0,2500.0,900.0,0,,,
2026-09-25T07:55:50.742678+00:00,freq,1,0,600.0,600.0,1200.0,600.0,0,,,
2026-09-25T07:55:50.742678+00:00,power,0,0,,,,,,110422144537,314204899341,0.0
2026-09-25T07:55:51.728374+00:00,freq,0,0,2500.0,4250.0,2500.0,900.0,0,,,
2026-09-25T07:55:51.728374+00:00,freq,1,0,600.0,600.0,1200.0,600.0,0,,,
2026-09-25T07:55:51.728374+00:00,power,0,0,,,,,,110422144537,314205885188,0.0
2026-09-25T07:55:52.742639+00:00,freq,0,0,2500.0,4250.0,2500.0,900.0,0,,,
2026-09-25T07:55:52.742639+00:00,freq,1,0,600.0,600.0,1200.0,600.0,0,,,
2026-09-25T07:55:52.742639+00:00,power,0,0,,,,,,110422144537,314206899365,0.0
2026-09-25T07:55:53.732470+00:00,freq,0,0,2500.0,4250.0,2500.0,900.0,0,,,
2026-09-25T07:55:53.732470+00:00,freq,1,0,600.0,600.0,1200.0,550.0,0,,,
2026-09-25T07:55:53.732470+00:00,power,0,0,,,,,,110422144537,314207889136,0.0
2026-09-25T07:55:54.737942+00:00,freq,0,0,2500.0,4250.0,2500.0,900.0,0,,,
2026-09-25T07:55:54.737942+00:00,freq,1,0,550.0,550.0,1200.0,550.0,0,,,
2026-09-25T07:55:54.737942+00:00,power,0,0,,,,,,110422144537,314208894584,0.0
2026-09-25T07:55:55.741056+00:00,freq,0,0,2500.0,4250.0,2500.0,900.0,0,,,
2026-09-25T07:55:55.741056+00:00,freq,1,0,550.0,550.0,1200.0,550.0,0,,,
2026-09-25T07:55:55.741056+00:00,power,0,0,,,,,,110422144537,314209897678,0.0
2026-09-25T07:55:56.726877+00:00,freq,0,0,2500.0,4250.0,2500.0,900.0,0,,,
2026-09-25T07:55:56.726877+00:00,freq,1,0,550.0,550.0,1200.0,550.0,0,,,
2026-09-25T07:55:56.726877+00:00,power,0,0,,,,,,110422144537,314210883537,0.0
2026-09-25T07:55:57.740210+00:00,freq,0,0,2500.0,4250.0,2500.0,900.0,0,,,
2026-09-25T07:55:57.740210+00:00,freq,1,0,550.0,550.0,1200.0,550.0,0,,,
2026-09-25T07:55:57.740210+00:00,power,0,0,,,,,,110422144537,314211896704,0.0
2026-09-25T07:55:58.726326+00:00,freq,0,0,2500.0,4250.0,2500.0,900.0,0,,,
2026-09-25T07:55:58.726326+00:00,freq,1,0,550.0,550.0,1200.0,550.0,0,,,
2026-09-25T07:55:58.726326+00:00,power,0,0,,,,,,110422144537,314212882961,0.0
2026-09-25T07:55:59.727456+00:00,freq,0,0,2500.0,4250.0,2500.0,900.0,0,,,
2026-09-25T07:55:59.727456+00:00,freq,1,0,550.0,550.0,1200.0,550.0,0,,,
2026-09-25T07:55:59.727456+00:00,power,0,0,,,,,,110422144537,314213883964,0.0
2026-09-25T07:56:00.732465+00:00,freq,0,0,2500.0,4250.0,2500.0,900.0,0,,,
2026-09-25T07:56:00.732465+00:00,freq,1,0,550.0,550.0,1200.0,550.0,0,,,
2026-09-25T07:56:00.732465+00:00,power,0,0,,,,,,110422144598,314214888978,6.0695671901087943e-05
2026-09-25T07:56:01.735769+00:00,freq,0,0,2500.0,4250.0,2500.0,900.0,0,,,
2026-09-25T07:56:01.735769+00:00,freq,1,0,550.0,550.0,1200.0,550.0,0,,,
2026-09-25T07:56:01.735769+00:00,power,0,0,,,,,,110422144598,314215892236,0.0
2026-09-25T07:56:02.740175+00:00,freq,0,0,2500.0,4250.0,2500.0,900.0,0,,,
2026-09-25T07:56:02.740175+00:00,freq,1,0,550.0,550.0,1200.0,550.0,0,,,
2026-09-25T07:56:02.740175+00:00,power,0,0,,,,,,110422144598,314216896691,0.0
2026-09-25T07:56:03.731101+00:00,freq,0,0,2500.0,4250.0,2500.0,900.0,0,,,
2026-09-25T07:56:03.731101+00:00,freq,1,0,550.0,550.0,1200.0,550.0,0,,,
2026-09-25T07:56:03.731101+00:00,power,0,0,,,,,,110422144598,314217887538,0.0
2026-09-25T07:56:04.734738+00:00,freq,0,0,2500.0,4250.0,2500.0,900.0,0,,,
2026-09-25T07:56:04.734738+00:00,freq,1,0,550.0,550.0,1200.0,550.0,0,,,
2026-09-25T07:56:04.734738+00:00,power,0,0,,,,,,110422144659,314218891162,6.077973424310299e-05
2026-09-25T07:56:05.738263+00:00,freq,0,0,2500.0,4250.0,2500.0,900.0,0,,,
2026-09-25T07:56:05.738263+00:00,freq,1,0,550.0,550.0,1200.0,550.0,0,,,
2026-09-25T07:56:05.738263+00:00,power,0,0,,,,,,110422144659,314219894673,0.0
2026-09-25T07:56:06.752119+00:00,freq,0,0,2500.0,4250.0,2500.0,900.0,0,,,
2026-09-25T07:56:06.752119+00:00,freq,1,0,550.0,550.0,1200.0,550.0,0,,,
2026-09-25T07:56:06.752119+00:00,power,0,0,,,,,,110422144659,314220908494,0.0
2026-09-25T07:56:07.748819+00:00,freq,0,0,2500.0,4250.0,2500.0,900.0,0,,,
2026-09-25T07:56:07.748819+00:00,freq,1,0,550.0,550.0,1200.0,600.0,0,,,
2026-09-25T07:56:07.748819+00:00,power,0,0,,,,,,110422144659,314221905227,0.0
2026-09-25T07:56:08.734977+00:00,freq,0,0,2500.0,4250.0,2500.0,900.0,0,,,
2026-09-25T07:56:08.734977+00:00,freq,1,0,600.0,600.0,1200.0,600.0,0,,,
2026-09-25T07:56:08.734977+00:00,power,0,0,,,,,,110422144659,314222891306,0.0
2026-09-25T07:56:09.749040+00:00,freq,0,0,2500.0,4250.0,2500.0,900.0,0,,,
2026-09-25T07:56:09.749040+00:00,freq,1,0,600.0,600.0,1200.0,550.0,0,,,
2026-09-25T07:56:09.749040+00:00,power,0,0,,,,,,110422144659,314223905401,0.0
2026-09-25T07:56:10.747761+00:00,freq,0,0,2500.0,4250.0,2500.0,900.0,0,,,
2026-09-25T07:56:10.747761+00:00,freq,1,0,550.0,550.0,1200.0,600.0,0,,,
2026-09-25T07:56:10.747761+00:00,power,0,0,,,,,,110422144659,314224904020,0.0
2026-09-25T07:56:11.734760+00:00,freq,0,0,1600.0,4250.0,1600.0,900.0,2,,,
2026-09-25T07:56:11.734760+00:00,freq,1,0,600.0,600.0,1200.0,600.0,0,,,
2026-09-25T07:56:11.734760+00:00,power,0,0,,,,,,110422756071,314225890730,0.6196471100931378
2026-09-25T07:56:12.749075+00:00,freq,0,0,1450.0,4250.0,1500.0,900.0,2,,,
2026-09-25T07:56:12.749075+00:00,freq,1,0,600.0,600.0,1200.0,600.0,0,,,
2026-09-25T07:56:12.749075+00:00,power,0,0,,,,,,110435543302,314226905063,12.606541441518713
2026-09-25T07:56:13.733855+00:00,freq,0,0,1650.0,4250.0,1650.0,900.0,2,,,
2026-09-25T07:56:13.733855+00:00,freq,1,0,600.0,600.0,1200.0,600.0,0,,,
2026-09-25T07:56:13.733855+00:00,power,0,0,,,,,,110446881277,314227889874,11.51284358115415
2026-09-25T07:56:14.735007+00:00,freq,0,0,1550.0,4250.0,1550.0,900.0,2,,,
2026-09-25T07:56:14.735007+00:00,freq,1,0,600.0,600.0,1200.0,600.0,0,,,
2026-09-25T07:56:14.735007+00:00,power,0,0,,,,,,110458409597,314228890920,11.516273977419619
2026-09-25T07:56:15.736346+00:00,freq,0,0,1650.0,4250.0,1650.0,900.0,2,,,
2026-09-25T07:56:15.736346+00:00,freq,1,0,600.0,600.0,1200.0,600.0,0,,,
2026-09-25T07:56:15.736346+00:00,power,0,0,,,,,,110469662244,314229892217,11.238071221625551
2026-09-25T07:56:16.739914+00:00,freq,0,0,1650.0,4250.0,1650.0,900.0,2,,,
2026-09-25T07:56:16.739914+00:00,freq,1,0,600.0,600.0,1200.0,600.0,0,,,
2026-09-25T07:56:16.739914+00:00,power,0,0,,,,,,110480773107,314230895773,11.071492771703822
2026-09-25T07:56:17.736357+00:00,freq,0,0,1650.0,4250.0,1650.0,900.0,2,,,
2026-09-25T07:56:17.736357+00:00,freq,1,0,600.0,600.0,1200.0,600.0,0,,,
2026-09-25T07:56:17.736357+00:00,power,0,0,,,,,,110491222898,314231892174,10.487535640771135
2026-09-25T07:56:18.751477+00:00,freq,0,0,1600.0,4250.0,1600.0,900.0,2,,,
2026-09-25T07:56:18.751477+00:00,freq,1,0,600.0,600.0,1200.0,600.0,0,,,
2026-09-25T07:56:18.751477+00:00,power,0,0,,,,,,110501769162,314232907316,10.388954451692472
2026-09-25T07:56:19.737101+00:00,freq,0,0,1550.0,4250.0,1550.0,900.0,2,,,
2026-09-25T07:56:19.737101+00:00,freq,1,0,600.0,600.0,1200.0,600.0,0,,,
2026-09-25T07:56:19.737101+00:00,power,0,0,,,,,,110511660641,314233892919,10.03596681422439
2026-09-25T07:56:20.750861+00:00,freq,0,0,1650.0,4250.0,1600.0,900.0,2,,,
2026-09-25T07:56:20.750861+00:00,freq,1,0,600.0,600.0,1200.0,600.0,0,,,
2026-09-25T07:56:20.750861+00:00,power,0,0,,,,,,110520924031,314234906708,9.137394467685091
2026-09-25T07:56:21.739718+00:00,freq,0,0,1700.0,4250.0,1700.0,900.0,2,,,
2026-09-25T07:56:21.739718+00:00,freq,1,0,600.0,600.0,1200.0,600.0,0,,,
2026-09-25T07:56:21.739718+00:00,power,0,0,,,,,,110530210102,314235895499,9.391338513396663
2026-09-25T07:56:22.728177+00:00,freq,0,0,1650.0,4250.0,1700.0,900.0,2,,,
2026-09-25T07:56:22.728177+00:00,freq,1,0,600.0,600.0,1200.0,600.0,0,,,
2026-09-25T07:56:22.728177+00:00,power,0,0,,,,,,110538874103,314236883925,8.765452345446194
2026-09-25T07:56:23.730027+00:00,freq,0,0,1650.0,4250.0,1600.0,900.0,2,,,
2026-09-25T07:56:23.730027+00:00,freq,1,0,600.0,600.0,1200.0,600.0,0,,,
2026-09-25T07:56:23.730027+00:00,power,0,0,,,,,,110547714496,314237885733,8.824438415345057
2026-09-25T07:56:24.730858+00:00,freq,0,0,1700.0,4250.0,1700.0,900.0,2,,,
2026-09-25T07:56:24.730858+00:00,freq,1,0,600.0,600.0,1200.0,600.0,0,,,
2026-09-25T07:56:24.730858+00:00,power,0,0,,,,,,110556463359,314238886533,8.741869504396483
2026-09-25T07:56:25.731775+00:00,freq,0,0,1650.0,4250.0,1650.0,900.0,2,,,
2026-09-25T07:56:25.731775+00:00,freq,1,0,600.0,600.0,1200.0,600.0,0,,,
2026-09-25T07:56:25.731775+00:00,power,0,0,,,,,,110565141910,314239887473,8.670400823226167
2026-09-25T07:56:26.744926+00:00,freq,0,0,1600.0,4250.0,1600.0,900.0,2,,,
2026-09-25T07:56:26.744926+00:00,freq,1,0,600.0,600.0,1200.0,600.0,0,,,
2026-09-25T07:56:26.744926+00:00,power,0,0,,,,,,110573577701,314240900686,8.325782436664355
2026-09-25T07:56:27.742465+00:00,freq,0,0,1700.0,4250.0,1700.0,900.0,2,,,
2026-09-25T07:56:27.742465+00:00,freq,1,0,600.0,600.0,1200.0,600.0,0,,,
2026-09-25T07:56:27.742465+00:00,power,0,0,,,,,,110581795314,314241898093,8.238976666496225
2026-09-25T07:56:28.728591+00:00,freq,0,0,1700.0,4250.0,1700.0,900.0,2,,,
2026-09-25T07:56:28.728591+00:00,freq,1,0,600.0,600.0,1200.0,600.0,0,,,
2026-09-25T07:56:28.728591+00:00,power,0,0,,,,,,110590209864,314242884188,8.53320420446306
2026-09-25T07:56:29.729599+00:00,freq,0,0,1700.0,4250.0,1700.0,900.0,2,,,
2026-09-25T07:56:29.729599+00:00,freq,1,0,600.0,600.0,1200.0,600.0,0,,,
2026-09-25T07:56:29.729599+00:00,power,0,0,,,,,,110598868090,314243885186,8.649593705481928
2026-09-25T07:56:30.732294+00:00,freq,0,0,1650.0,4250.0,1650.0,900.0,2,,,
2026-09-25T07:56:30.732294+00:00,freq,1,0,600.0,600.0,1200.0,600.0,0,,,
2026-09-25T07:56:30.732294+00:00,power,0,0,,,,,,110607379259,314244887863,8.488445431579661
2026-09-25T07:56:31.744867+00:00,freq,0,0,1650.0,4250.0,1650.0,900.0,2,,,
2026-09-25T07:56:31.744867+00:00,freq,1,0,600.0,600.0,1200.0,600.0,0,,,
2026-09-25T07:56:31.744867+00:00,power,0,0,,,,,,110615925706,314245900426,8.440410127567372
2026-09-25T07:56:32.742535+00:00,freq,0,0,1700.0,4250.0,1700.0,900.0,2,,,
2026-09-25T07:56:32.742535+00:00,freq,1,0,600.0,600.0,1200.0,600.0,0,,,
2026-09-25T07:56:32.742535+00:00,power,0,0,,,,,,110624258126,314246898142,8.351494814155531
2026-09-25T07:56:33.739017+00:00,freq,0,0,1700.0,4250.0,1700.0,900.0,2,,,
2026-09-25T07:56:33.739017+00:00,freq,1,0,600.0,600.0,1200.0,600.0,0,,,
2026-09-25T07:56:33.739017+00:00,power,0,0,,,,,,110632295357,314247894535,8.066326238743146
2026-09-25T07:56:34.741952+00:00,freq,0,0,1700.0,4250.0,1700.0,900.0,2,,,
2026-09-25T07:56:34.741952+00:00,freq,1,0,600.0,600.0,1200.0,600.0,0,,,
2026-09-25T07:56:34.741952+00:00,power,0,0,,,,,,110640740998,314248897459,8.421017943533109
2026-09-25T07:56:35.730375+00:00,freq,0,0,1700.0,4250.0,1700.0,900.0,2,,,
2026-09-25T07:56:35.730375+00:00,freq,1,0,600.0,600.0,1200.0,600.0,0,,,
2026-09-25T07:56:35.730375+00:00,power,0,0,,,,,,110649118195,314249885893,8.475221410837749
2026-09-25T07:56:36.731352+00:00,freq,0,0,1500.0,4250.0,1500.0,900.0,2,,,
2026-09-25T07:56:36.731352+00:00,freq,1,0,600.0,600.0,1200.0,600.0,0,,,
2026-09-25T07:56:36.731352+00:00,power,0,0,,,,,,110657272088,314250886863,8.145991388353297
2026-09-25T07:56:37.746058+00:00,freq,0,0,1650.0,4250.0,1650.0,900.0,2,,,
2026-09-25T07:56:37.746058+00:00,freq,1,0,600.0,600.0,1200.0,600.0,0,,,
2026-09-25T07:56:37.746058+00:00,power,0,0,,,,,,110665186394,314251901522,7.7999662940948635
2026-09-25T07:56:38.734568+00:00,freq,0,0,1600.0,4250.0,1600.0,900.0,2,,,
2026-09-25T07:56:38.734568+00:00,freq,1,0,600.0,600.0,1200.0,600.0,0,,,
2026-09-25T07:56:38.734568+00:00,power,0,0,,,,,,110672261467,314252890035,7.157288776171886
2026-09-25T07:56:39.734600+00:00,freq,0,0,1650.0,4250.0,1650.0,900.0,2,,,
2026-09-25T07:56:39.734600+00:00,freq,1,0,600.0,600.0,1200.0,600.0,0,,,
2026-09-25T07:56:39.734600+00:00,power,0,0,,,,,,110679387809,314253890323,7.1242902044211265
2026-09-25T07:56:40.748532+00:00,freq,0,0,1650.0,4250.0,1650.0,900.0,2,,,
2026-09-25T07:56:40.748532+00:00,freq,1,0,600.0,600.0,1200.0,600.0,0,,,
2026-09-25T07:56:40.748532+00:00,power,0,0,,,,,,110686400039,314254903928,6.918109125349618
2026-09-25T07:56:41.733178+00:00,freq,0,0,1650.0,4250.0,1650.0,900.0,2,,,
2026-09-25T07:56:41.733178+00:00,freq,1,0,600.0,600.0,1200.0,600.0,0,,,
2026-09-25T07:56:41.733178+00:00,power,0,0,,,,,,110693394996,314255888696,7.103152214531748
2026-09-25T07:56:42.736176+00:00,freq,0,0,1650.0,4250.0,1650.0,900.0,2,,,
2026-09-25T07:56:42.736176+00:00,freq,1,0,600.0,600.0,1200.0,600.0,0,,,
2026-09-25T07:56:42.736176+00:00,power,0,0,,,,,,110700501197,314256891609,7.085560761501745
2026-09-25T07:56:43.741009+00:00,freq,0,0,1650.0,4250.0,1650.0,900.0,2,,,
2026-09-25T07:56:43.741009+00:00,freq,1,0,600.0,600.0,1200.0,600.0,0,,,
2026-09-25T07:56:43.741009+00:00,power,0,0,,,,,,110707590148,314257896462,7.05471447067382
2026-09-25T07:56:44.727622+00:00,freq,0,0,1650.0,4250.0,1650.0,900.0,2,,,
2026-09-25T07:56:44.727622+00:00,freq,1,0,600.0,600.0,1200.0,600.0,0,,,
2026-09-25T07:56:44.727622+00:00,power,0,0,,,,,,110714600523,314258882962,7.106310187531678
2026-09-25T07:56:45.730362+00:00,freq,0,0,1650.0,4250.0,1650.0,900.0,2,,,
2026-09-25T07:56:45.730362+00:00,freq,1,0,600.0,600.0,1200.0,600.0,0,,,
2026-09-25T07:56:45.730362+00:00,power,0,0,,,,,,110721663046,314259885684,7.04335099858186
2026-09-25T07:56:46.743300+00:00,freq,0,0,1550.0,4250.0,1550.0,900.0,2,,,
2026-09-25T07:56:46.743300+00:00,freq,1,0,600.0,600.0,1200.0,600.0,0,,,
2026-09-25T07:56:46.743300+00:00,power,0,0,,,,,,110728677962,314260898632,6.925247890316186
2026-09-25T07:56:47.739978+00:00,freq,0,0,1550.0,4250.0,1550.0,900.0,2,,,
2026-09-25T07:56:47.739978+00:00,freq,1,0,600.0,600.0,1200.0,600.0,0,,,
2026-09-25T07:56:47.739978+00:00,power,0,0,,,,,,110736445845,314261895225,7.79443865248903
2026-09-25T07:56:48.744085+00:00,freq,0,0,1550.0,4250.0,1550.0,900.0,2,,,
2026-09-25T07:56:48.744085+00:00,freq,1,0,600.0,600.0,1200.0,600.0,0,,,
2026-09-25T07:56:48.744085+00:00,power,0,0,,,,,,110748953436,314262899324,12.45653167665738
2026-09-25T07:56:49.728688+00:00,freq,0,0,1650.0,4250.0,1650.0,900.0,2,,,
2026-09-25T07:56:49.728688+00:00,freq,1,0,600.0,600.0,1200.0,600.0,0,,,
2026-09-25T07:56:49.728688+00:00,power,0,0,,,,,,110760455816,314263883891,11.682678781637003
2026-09-25T07:56:50.730523+00:00,freq,0,0,1550.0,4250.0,1550.0,900.0,2,,,
2026-09-25T07:56:50.730523+00:00,freq,1,0,600.0,600.0,1200.0,600.0,0,,,
2026-09-25T07:56:50.730523+00:00,power,0,0,,,,,,110771911466,314264885859,11.433149561662647
2026-09-25T07:56:51.731142+00:00,freq,0,0,1650.0,4250.0,1650.0,900.0,2,,,
2026-09-25T07:56:51.731142+00:00,freq,1,0,600.0,600.0,1200.0,600.0,0,,,
2026-09-25T07:56:51.731142+00:00,power,0,0,,,,,,110783112173,314265886490,11.193643810755413
2026-09-25T07:56:52.738665+00:00,freq,0,0,1600.0,4250.0,1600.0,900.0,2,,,
2026-09-25T07:56:52.738665+00:00,freq,1,0,600.0,600.0,1200.0,600.0,0,,,
2026-09-25T07:56:52.738665+00:00,power,0,0,,,,,,110794194387,314266893877,11.000949982479424
2026-09-25T07:56:53.752299+00:00,freq,0,0,1600.0,4250.0,1600.0,900.0,2,,,
2026-09-25T07:56:53.752299+00:00,freq,1,0,600.0,600.0,1200.0,600.0,0,,,
2026-09-25T07:56:53.752299+00:00,power,0,0,,,,,,110804943861,314267907602,10.60393499223162
2026-09-25T07:56:54.746541+00:00,freq,0,0,1650.0,4250.0,1650.0,900.0,2,,,
2026-09-25T07:56:54.746541+00:00,freq,1,0,600.0,600.0,1200.0,600.0,0,,,
2026-09-25T07:56:54.746541+00:00,power,0,0,,,,,,110814158094,314268901637,9.26952572092532
2026-09-25T07:56:55.743710+00:00,freq,0,0,1650.0,4250.0,1650.0,900.0,2,,,
2026-09-25T07:56:55.743710+00:00,freq,1,0,600.0,600.0,1200.0,600.0,0,,,
2026-09-25T07:56:55.743710+00:00,power,0,0,,,,,,110824083203,314269898761,9.953735944576602
2026-09-25T07:56:56.740657+00:00,freq,0,0,1400.0,4250.0,1400.0,900.0,2,,,
2026-09-25T07:56:56.740657+00:00,freq,1,0,600.0,600.0,1200.0,600.0,0,,,
2026-09-25T07:56:56.740657+00:00,power,0,0,,,,,,110833162426,314270895726,9.10686232716294
2026-09-25T07:56:57.737042+00:00,freq,0,0,1650.0,4250.0,1650.0,900.0,2,,,
2026-09-25T07:56:57.737042+00:00,freq,1,0,600.0,600.0,1200.0,600.0,0,,,
2026-09-25T07:56:57.737042+00:00,power,0,0,,,,,,110842292613,314271892070,9.16368944862417
2026-09-25T07:56:58.738021+00:00,freq,0,0,1650.0,4250.0,1650.0,900.0,2,,,
2026-09-25T07:56:58.738021+00:00,freq,1,0,600.0,600.0,1200.0,600.0,0,,,
2026-09-25T07:56:58.738021+00:00,power,0,0,,,,,,110850988841,314272893012,8.688043862681354
2026-09-25T07:56:59.739720+00:00,freq,0,0,1700.0,4250.0,1700.0,900.0,2,,,
2026-09-25T07:56:59.739720+00:00,freq,1,0,600.0,600.0,1200.0,600.0,0,,,
2026-09-25T07:56:59.739720+00:00,power,0,0,,,,,,110859807651,314273894704,8.803913777887814
2026-09-25T07:57:00.755216+00:00,freq,0,0,1650.0,4250.0,1650.0,900.0,2,,,
2026-09-25T07:57:00.755216+00:00,freq,1,0,600.0,600.0,1200.0,600.0,0,,,
2026-09-25T07:57:00.755216+00:00,power,0,0,,,,,,110868533016,314274910187,8.59232995530206
2026-09-25T07:57:01.753087+00:00,freq,0,0,1650.0,4250.0,1650.0,900.0,2,,,
2026-09-25T07:57:01.753087+00:00,freq,1,0,600.0,600.0,1200.0,600.0,0,,,
2026-09-25T07:57:01.753087+00:00,power,0,0,,,,,,110876847102,314275908030,8.332058249644483
2026-09-25T07:57:02.737901+00:00,freq,0,0,1700.0,4250.0,1700.0,900.0,2,,,
2026-09-25T07:57:02.737901+00:00,freq,1,0,600.0,600.0,1200.0,600.0,0,,,
2026-09-25T07:57:02.737901+00:00,power,0,0,,,,,,110885308917,314276892837,8.592358705817485
2026-09-25T07:57:03.739952+00:00,freq,0,0,1650.0,4250.0,1650.0,900.0,2,,,
2026-09-25T07:57:03.739952+00:00,freq,1,0,600.0,600.0,1200.0,600.0,0,,,
2026-09-25T07:57:03.739952+00:00,power,0,0,,,,,,110893778338,314277894872,8.452220730812796
2026-09-25T07:57:04.742261+00:00,freq,0,0,1700.0,4250.0,1650.0,900.0,2,,,
2026-09-25T07:57:04.742261+00:00,freq,1,0,600.0,600.0,1200.0,600.0,0,,,
2026-09-25T07:57:04.742261+00:00,power,0,0,,,,,,110902178362,314278897126,8.38113292638393
2026-09-25T07:57:05.727809+00:00,freq,0,0,1700.0,4250.0,1700.0,900.0,2,,,
2026-09-25T07:57:05.727809+00:00,freq,1,0,600.0,600.0,1200.0,600.0,0,,,
2026-09-25T07:57:05.727809+00:00,power,0,0,,,,,,110910591814,314279882755,8.53612464730644
2026-09-25T07:57:06.740031+00:00,freq,0,0,1650.0,4250.0,1650.0,900.0,2,,,
2026-09-25T07:57:06.740031+00:00,freq,1,0,600.0,600.0,1200.0,600.0,0,,,
2026-09-25T07:57:06.740031+00:00,power,0,0,,,,,,110918759843,314280895075,8.068623557768294
2026-09-25T07:57:07.740409+00:00,freq,0,0,1650.0,4250.0,1650.0,900.0,2,,,
2026-09-25T07:57:07.740409+00:00,freq,1,0,600.0,600.0,1200.0,600.0,0,,,
2026-09-25T07:57:07.740409+00:00,power,0,0,,,,,,110927052957,314281895481,8.28974836216496
2026-09-25T07:57:08.755041+00:00,freq,0,0,1600.0,4250.0,1600.0,900.0,2,,,
2026-09-25T07:57:08.755041+00:00,freq,1,0,600.0,600.0,1200.0,600.0,0,,,
2026-09-25T07:57:08.755041+00:00,power,0,0,,,,,,110935393777,314282909854,8.222636052024255
2026-09-25T07:57:09.740886+00:00,freq,0,0,1700.0,4250.0,1700.0,900.0,2,,,
2026-09-25T07:57:09.740886+00:00,freq,1,0,600.0,600.0,1200.0,600.0,0,,,
2026-09-25T07:57:09.740886+00:00,power,0,0,,,,,,110943537599,314283895839,8.259580013894734
2026-09-25T07:57:10.725714+00:00,freq,0,0,1700.0,4250.0,1700.0,900.0,2,,,
2026-09-25T07:57:10.725714+00:00,freq,1,0,600.0,600.0,1200.0,600.0,0,,,
2026-09-25T07:57:10.725714+00:00,power,0,0,,,,,,110951724939,314284880475,8.315093090238424
2026-09-25T07:57:11.725889+00:00,freq,0,0,1700.0,4250.0,1700.0,900.0,2,,,
2026-09-25T07:57:11.725889+00:00,freq,1,0,600.0,600.0,1200.0,600.0,0,,,
2026-09-25T07:57:11.725889+00:00,power,0,0,,,,,,110960124353,314285880729,8.397281090602986
2026-09-25T07:57:12.728400+00:00,freq,0,0,1650.0,4250.0,1650.0,900.0,2,,,
2026-09-25T07:57:12.728400+00:00,freq,1,0,600.0,600.0,1200.0,600.0,0,,,
2026-09-25T07:57:12.728400+00:00,power,0,0,,,,,,110968267198,314286883099,8.123592086754392
2026-09-25T07:57:13.730407+00:00,freq,0,0,1650.0,4250.0,1650.0,900.0,2,,,
2026-09-25T07:57:13.730407+00:00,freq,1,0,600.0,600.0,1200.0,600.0,0,,,
2026-09-25T07:57:13.730407+00:00,power,0,0,,,,,,110976132371,314287885111,7.849380047344742
2026-09-25T07:57:14.746044+00:00,freq,0,0,1650.0,4250.0,1650.0,900.0,2,,,
2026-09-25T07:57:14.746044+00:00,freq,1,0,600.0,600.0,1200.0,600.0,0,,,
2026-09-25T07:57:14.746044+00:00,power,0,0,,,,,,110983301034,314288900761,7.058202136562793
2026-09-25T07:57:15.737476+00:00,freq,0,0,1600.0,4250.0,1600.0,900.0,2,,,
2026-09-25T07:57:15.737476+00:00,freq,1,0,600.0,600.0,1200.0,600.0,0,,,
2026-09-25T07:57:15.737476+00:00,power,0,0,,,,,,110990000679,314289892272,6.757005217289572
2026-09-25T07:57:16.750810+00:00,freq,0,0,1650.0,4250.0,1650.0,900.0,2,,,
2026-09-25T07:57:16.750810+00:00,freq,1,0,600.0,600.0,1200.0,600.0,0,,,
2026-09-25T07:57:16.750810+00:00,power,0,0,,,,,,110996958405,314290905456,6.867188980481334
2026-09-25T07:57:17.737804+00:00,freq,0,0,1650.0,4250.0,1650.0,900.0,2,,,
2026-09-25T07:57:17.737804+00:00,freq,1,0,600.0,600.0,1200.0,600.0,0,,,
2026-09-25T07:57:17.737804+00:00,power,0,0,,,,,,111003954278,314291892613,7.086889927336786
2026-09-25T07:57:18.753029+00:00,freq,0,0,1650.0,4250.0,1650.0,900.0,2,,,
2026-09-25T07:57:18.753029+00:00,freq,1,0,600.0,600.0,1200.0,600.0,0,,,
2026-09-25T07:57:18.753029+00:00,power,0,0,,,,,,111011155755,314292907617,7.095023270844253
2026-09-25T07:57:19.737253+00:00,freq,0,0,1650.0,4250.0,1650.0,900.0,2,,,
2026-09-25T07:57:19.737253+00:00,freq,1,0,600.0,600.0,1200.0,600.0,0,,,
2026-09-25T07:57:19.737253+00:00,power,0,0,,,,,,111018130204,314293891868,7.086047156670402
2026-09-25T07:57:20.738014+00:00,freq,0,0,1650.0,4250.0,1650.0,900.0,2,,,
2026-09-25T07:57:20.738014+00:00,freq,1,0,600.0,600.0,1200.0,600.0,0,,,
2026-09-25T07:57:20.738014+00:00,power,0,0,,,,,,111025211624,314294892591,7.076303832329226
2026-09-25T07:57:21.738532+00:00,freq,0,0,1650.0,4250.0,1650.0,900.0,2,,,
2026-09-25T07:57:21.738532+00:00,freq,1,0,600.0,600.0,1200.0,600.0,0,,,
2026-09-25T07:57:21.738532+00:00,power,0,0,,,,,,111032297805,314295893050,7.082929935159762
2026-09-25T07:57:22.752405+00:00,freq,0,0,1650.0,4250.0,1650.0,900.0,2,,,
2026-09-25T07:57:22.752405+00:00,freq,1,0,600.0,600.0,1200.0,600.0,0,,,
2026-09-25T07:57:22.752405+00:00,power,0,0,,,,,,111039273902,314296907012,6.880037910690933
2026-09-25T07:57:23.736574+00:00,freq,0,0,1550.0,4250.0,1550.0,900.0,2,,,
2026-09-25T07:57:23.736574+00:00,freq,1,0,600.0,600.0,1200.0,600.0,0,,,
2026-09-25T07:57:23.736574+00:00,power,0,0,,,,,,111047947241,314297891340,8.811431758519518
2026-09-25T07:57:24.737812+00:00,freq,0,0,1550.0,4250.0,1550.0,900.0,2,,,
2026-09-25T07:57:24.737812+00:00,freq,1,0,600.0,600.0,1200.0,600.0,0,,,
2026-09-25T07:57:24.737812+00:00,power,0,0,,,,,,111060229124,314298892394,12.268951525092552
2026-09-25T07:57:25.751952+00:00,freq,0,0,1650.0,4250.0,1650.0,900.0,2,,,
2026-09-25T07:57:25.751952+00:00,freq,1,0,600.0,600.0,1200.0,600.0,0,,,
2026-09-25T07:57:25.751952+00:00,power,0,0,,,,,,111071902219,314299906436,11.51145120221845
2026-09-25T07:57:26.747971+00:00,freq,0,0,1600.0,4250.0,1600.0,900.0,2,,,
2026-09-25T07:57:26.747971+00:00,freq,1,0,600.0,600.0,1200.0,600.0,0,,,
2026-09-25T07:57:26.747971+00:00,power,0,0,,,,,,111082771786,314300902444,10.91313222383756
2026-09-25T07:57:27.745111+00:00,freq,0,0,1600.0,4250.0,1600.0,900.0,2,,,
2026-09-25T07:57:27.745111+00:00,freq,1,0,600.0,600.0,1200.0,600.0,0,,,
2026-09-25T07:57:27.745111+00:00,power,0,0,,,,,,111093836262,314301899543,11.096667432220872
2026-09-25T07:57:28.742228+00:00,freq,0,0,1450.0,4250.0,1450.0,900.0,2,,,
2026-09-25T07:57:28.742228+00:00,freq,1,0,600.0,600.0,1200.0,600.0,0,,,
2026-09-25T07:57:28.742228+00:00,power,0,0,,,,,,111104669330,314302896679,10.864183020169767
2026-09-25T07:57:29.726643+00:00,freq,0,0,1650.0,4250.0,1650.0,900.0,2,,,
2026-09-25T07:57:29.726643+00:00,freq,1,0,600.0,600.0,1200.0,600.0,0,,,
2026-09-25T07:57:29.726643+00:00,power,0,0,,,,,,111115008281,314303881085,10.502730580675047
2026-09-25T07:57:30.729102+00:00,freq,0,0,1650.0,4250.0,1650.0,900.0,2,,,
2026-09-25T07:57:30.729102+00:00,freq,1,0,600.0,600.0,1200.0,600.0,0,,,
2026-09-25T07:57:30.729102+00:00,power,0,0,,,,,,111125153140,314304883486,10.120559536552737
2026-09-25T07:57:31.729893+00:00,freq,0,0,1650.0,4250.0,1650.0,900.0,2,,,
2026-09-25T07:57:31.729893+00:00,freq,1,0,600.0,600.0,1200.0,600.0,0,,,
2026-09-25T07:57:31.729893+00:00,power,0,0,,,,,,111135070620,314305884236,9.910047464401698
2026-09-25T07:57:32.732672+00:00,freq,0,0,1550.0,4250.0,1550.0,900.0,2,,,
2026-09-25T07:57:32.732672+00:00,freq,1,0,600.0,600.0,1200.0,600.0,0,,,
2026-09-25T07:57:32.732672+00:00,power,0,0,,,,,,111144350710,314306886995,9.254556678125052
2026-09-25T07:57:33.734836+00:00,freq,0,0,1650.0,4250.0,1650.0,900.0,2,,,
2026-09-25T07:57:33.734836+00:00,freq,1,0,600.0,600.0,1200.0,600.0,0,,,
2026-09-25T07:57:33.734836+00:00,power,0,0,,,,,,111153553003,314307889123,9.182752103523702
2026-09-25T07:57:34.735947+00:00,freq,0,0,1650.0,4250.0,1650.0,900.0,2,,,
2026-09-25T07:57:34.735947+00:00,freq,1,0,600.0,600.0,1200.0,600.0,0,,,
2026-09-25T07:57:34.735947+00:00,power,0,0,,,,,,111162247705,314308890245,8.68495747771001
2026-09-25T07:57:35.751122+00:00,freq,0,0,1550.0,4250.0,1550.0,900.0,2,,,
2026-09-25T07:57:35.751122+00:00,freq,1,0,600.0,600.0,1200.0,600.0,0,,,
2026-09-25T07:57:35.751122+00:00,power,0,0,,,,,,111170966905,314309905386,8.589151654794753
2026-09-25T07:57:36.746425+00:00,freq,0,0,1600.0,4250.0,1550.0,900.0,2,,,
2026-09-25T07:57:36.746425+00:00,freq,1,0,600.0,600.0,1200.0,600.0,0,,,
2026-09-25T07:57:36.746425+00:00,power,0,0,,,,,,111179110825,314310900729,8.182023684297775
2026-09-25T07:57:37.745651+00:00,freq,0,0,1650.0,4250.0,1650.0,900.0,2,,,
2026-09-25T07:57:37.745651+00:00,freq,1,0,600.0,600.0,1200.0,600.0,0,,,
2026-09-25T07:57:37.745651+00:00,power,0,0,,,,,,111187435372,314311899929,8.33121196957566
2026-09-25T07:57:38.732695+00:00,freq,0,0,1650.0,4250.0,1700.0,900.0,2,,,
2026-09-25T07:57:38.732695+00:00,freq,1,0,600.0,600.0,1200.0,600.0,0,,,
2026-09-25T07:57:38.732695+00:00,power,0,0,,,,,,111195921639,314312886894,8.598346445922601
2026-09-25T07:57:39.735494+00:00,freq,0,0,1650.0,4250.0,1650.0,900.0,2,,,
2026-09-25T07:57:39.735494+00:00,freq,1,0,600.0,600.0,1200.0,600.0,0,,,
2026-09-25T07:57:39.735494+00:00,power,0,0,,,,,,111204364045,314313889677,8.41897598982033
2026-09-25T07:57:40.738130+00:00,freq,0,0,1550.0,4250.0,1550.0,900.0,2,,,
2026-09-25T07:57:40.738130+00:00,freq,1,0,600.0,600.0,1200.0,600.0,0,,,
2026-09-25T07:57:40.738130+00:00,power,0,0,,,,,,111212830109,314314892283,8.444058782811991
2026-09-25T07:57:41.739367+00:00,freq,0,0,1650.0,4250.0,1650.0,900.0,2,,,
2026-09-25T07:57:41.739367+00:00,freq,1,0,600.0,600.0,1200.0,600.0,0,,,
2026-09-25T07:57:41.739367+00:00,power,0,0,,,,,,111221306084,314315893489,8.465765287063801
2026-09-25T07:57:42.754422+00:00,freq,0,0,1500.0,4250.0,1500.0,900.0,2,,,
2026-09-25T07:57:42.754422+00:00,freq,1,0,600.0,600.0,1200.0,600.0,0,,,
2026-09-25T07:57:42.754422+00:00,power,0,0,,,,,,111229613762,314316908624,8.1838159456624
2026-09-25T07:57:43.740083+00:00,freq,0,0,1650.0,4250.0,1650.0,900.0,2,,,
2026-09-25T07:57:43.740083+00:00,freq,1,0,600.0,600.0,1200.0,600.0,0,,,
2026-09-25T07:57:43.740083+00:00,power,0,0,,,,,,111237722061,314317894178,8.22714838557806
2026-09-25T07:57:44.742126+00:00,freq,0,0,1650.0,4250.0,1650.0,900.0,2,,,
2026-09-25T07:57:44.742126+00:00,freq,1,0,600.0,600.0,1200.0,600.0,0,,,
2026-09-25T07:57:44.742126+00:00,power,0,0,,,,,,111246205337,314318896194,8.466208124421167
2026-09-25T07:57:45.726204+00:00,freq,0,0,1650.0,4250.0,1650.0,900.0,2,,,
2026-09-25T07:57:45.726204+00:00,freq,1,0,600.0,600.0,1200.0,600.0,0,,,
2026-09-25T07:57:45.726204+00:00,power,0,0,,,,,,111254278053,314319880443,8.201904192943045
2026-09-25T07:57:46.726256+00:00,freq,0,0,1650.0,4250.0,1650.0,900.0,2,,,
2026-09-25T07:57:46.726256+00:00,freq,1,0,600.0,600.0,1200.0,600.0,0,,,
2026-09-25T07:57:46.726256+00:00,power,0,0,,,,,,111262342139,314320880692,8.062078542442931
2026-09-25T07:57:47.731485+00:00,freq,0,0,1700.0,4250.0,1700.0,900.0,2,,,
2026-09-25T07:57:47.731485+00:00,freq,1,0,600.0,600.0,1200.0,600.0,0,,,
2026-09-25T07:57:47.731485+00:00,power,0,0,,,,,,111270784155,314321885542,8.40126984126984
2026-09-25T07:57:48.747030+00:00,freq,0,0,1650.0,4250.0,1650.0,900.0,2,,,
2026-09-25T07:57:48.747030+00:00,freq,1,0,600.0,600.0,1200.0,600.0,0,,,
2026-09-25T07:57:48.747030+00:00,power,0,0,,,,,,111278913878,314322901050,8.005572580422804
2026-09-25T07:57:49.746147+00:00,freq,0,0,1550.0,4250.0,1550.0,900.0,2,,,
2026-09-25T07:57:49.746147+00:00,freq,1,0,600.0,600.0,1200.0,600.0,0,,,
2026-09-25T07:57:49.746147+00:00,power,0,0,,,,,,111286585936,314323900152,7.67895370042298
2026-09-25T07:57:50.746168+00:00,freq,0,0,1650.0,4250.0,1650.0,900.0,2,,,
2026-09-25T07:57:50.746168+00:00,freq,1,0,600.0,600.0,1200.0,600.0,0,,,
2026-09-25T07:57:50.746168+00:00,power,0,0,,,,,,111293622801,314324900185,7.036632791117893
2026-09-25T07:57:51.730335+00:00,freq,0,0,1650.0,4250.0,1650.0,900.0,2,,,
2026-09-25T07:57:51.730335+00:00,freq,1,0,600.0,600.0,1200.0,600.0,0,,,
2026-09-25T07:57:51.730335+00:00,power,0,0,,,,,,111300664572,314325884445,7.154380956251397
2026-09-25T07:57:52.732833+00:00,freq,0,0,1650.0,4250.0,1650.0,900.0,2,,,
2026-09-25T07:57:52.732833+00:00,freq,1,0,600.0,600.0,1200.0,600.0,0,,,
2026-09-25T07:57:52.732833+00:00,power,0,0,,,,,,111307851057,314326886830,7.169386014355761
2026-09-25T07:57:53.734209+00:00,freq,0,0,1650.0,4250.0,1650.0,900.0,2,,,
2026-09-25T07:57:53.734209+00:00,freq,1,0,600.0,600.0,1200.0,600.0,0,,,
2026-09-25T07:57:53.734209+00:00,power,0,0,,,,,,111314979291,314327888109,7.119128634476504
2026-09-25T07:57:54.736102+00:00,freq,0,0,1650.0,4250.0,1650.0,900.0,2,,,
2026-09-25T07:57:54.736102+00:00,freq,1,0,600.0,600.0,1200.0,600.0,0,,,
2026-09-25T07:57:54.736102+00:00,power,0,0,,,,,,111322090947,314328890000,7.09823324094138
2026-09-25T07:57:55.751947+00:00,freq,0,0,1650.0,4250.0,1650.0,900.0,2,,,
2026-09-25T07:57:55.751947+00:00,freq,1,0,600.0,600.0,1200.0,600.0,0,,,
2026-09-25T07:57:55.751947+00:00,power,0,0,,,,,,111329265897,314329905798,7.063362991460901
2026-09-25T07:57:56.748573+00:00,freq,0,0,1550.0,4250.0,1550.0,900.0,2,,,
2026-09-25T07:57:56.748573+00:00,freq,1,0,600.0,600.0,1200.0,600.0,0,,,
2026-09-25T07:57:56.748573+00:00,power,0,0,,,,,,111335907681,314330902422,6.664282618118769
2026-09-25T07:57:57.733687+00:00,freq,0,0,1650.0,4250.0,1650.0,900.0,2,,,
2026-09-25T07:57:57.733687+00:00,freq,1,0,600.0,600.0,1200.0,600.0,0,,,
2026-09-25T07:57:57.733687+00:00,power,0,0,,,,,,111342836903,314331887547,7.0338505265829205
2026-09-25T07:57:58.749313+00:00,freq,0,0,1650.0,4250.0,1650.0,900.0,2,,,
2026-09-25T07:57:58.749313+00:00,freq,1,0,600.0,600.0,1200.0,600.0,0,,,
2026-09-25T07:57:58.749313+00:00,power,0,0,,,,,,111350025318,314332903112,7.078242160767651
2026-09-25T07:57:59.734851+00:00,freq,0,0,2500.0,4250.0,2500.0,900.0,0,,,
2026-09-25T07:57:59.734851+00:00,freq,1,0,600.0,600.0,1200.0,600.0,0,,,
2026-09-25T07:57:59.734851+00:00,power,0,0,,,,,,111353557605,314333889022,3.5827682039942794
2026-09-25T07:58:00.739188+00:00,freq,0,0,2500.0,4250.0,2500.0,900.0,0,,,
2026-09-25T07:58:00.739188+00:00,freq,1,0,600.0,600.0,1200.0,600.0,0,,,
2026-09-25T07:58:00.739188+00:00,power,0,0,,,,,,111353557605,314334893239,0.0
2026-09-25T07:58:01.743161+00:00,freq,0,0,2500.0,4250.0,2500.0,900.0,0,,,
2026-09-25T07:58:01.743161+00:00,freq,1,0,600.0,600.0,1200.0,600.0,0,,,
2026-09-25T07:58:01.743161+00:00,power,0,0,,,,,,111353557605,314335897269,0.0
2026-09-25T07:58:02.730522+00:00,freq,0,0,2500.0,4250.0,2500.0,900.0,0,,,
2026-09-25T07:58:02.730522+00:00,freq,1,0,600.0,600.0,1200.0,600.0,0,,,
2026-09-25T07:58:02.730522+00:00,power,0,0,,,,,,111353557605,314336884516,0.0
2026-09-25T07:58:03.730606+00:00,freq,0,0,2500.0,4250.0,2500.0,1000.0,0,,,
2026-09-25T07:58:03.730606+00:00,freq,1,0,600.0,600.0,1200.0,600.0,0,,,
2026-09-25T07:58:03.730606+00:00,power,0,0,,,,,,111353557605,314337885133,0.0
2026-09-25T07:58:04.734427+00:00,freq,0,0,2500.0,4250.0,2500.0,900.0,0,,,
2026-09-25T07:58:04.734427+00:00,freq,1,0,600.0,600.0,1200.0,600.0,0,,,
2026-09-25T07:58:04.734427+00:00,power,0,0,,,,,,111353557605,314338888412,0.0
2026-09-25T07:58:05.739691+00:00,freq,0,0,2500.0,4250.0,2500.0,900.0,0,,,
2026-09-25T07:58:05.739691+00:00,freq,1,0,600.0,600.0,1200.0,600.0,0,,,
2026-09-25T07:58:05.739691+00:00,power,0,0,,,,,,111353557605,314339893706,0.0
2026-09-25T07:58:06.741240+00:00,freq,0,0,2500.0,4250.0,2500.0,900.0,0,,,
2026-09-25T07:58:06.741240+00:00,freq,1,0,600.0,600.0,1200.0,600.0,0,,,
2026-09-25T07:58:06.741240+00:00,power,0,0,,,,,,111353557605,314340895201,0.0
2026-09-25T07:58:07.745618+00:00,freq,0,0,2500.0,4250.0,2500.0,900.0,0,,,
2026-09-25T07:58:07.745618+00:00,freq,1,0,600.0,600.0,1200.0,600.0,0,,,
2026-09-25T07:58:07.745618+00:00,power,0,0,,,,,,111353557605,314341899511,0.0
2026-09-25T07:58:08.733552+00:00,freq,0,0,2500.0,4250.0,2500.0,900.0,0,,,
2026-09-25T07:58:08.733552+00:00,freq,1,0,600.0,600.0,1200.0,600.0,0,,,
2026-09-25T07:58:08.733552+00:00,power,0,0,,,,,,111353557605,314342887452,0.0
2026-09-25T07:58:09.735551+00:00,freq,0,0,2500.0,4250.0,2500.0,900.0,0,,,
2026-09-25T07:58:09.735551+00:00,freq,1,0,600.0,600.0,1200.0,600.0,0,,,
2026-09-25T07:58:09.735551+00:00,power,0,0,,,,,,111353557605,314343889432,0.0
2026-09-25T07:58:10.736164+00:00,freq,0,0,2500.0,4250.0,2500.0,900.0,0,,,
2026-09-25T07:58:10.736164+00:00,freq,1,0,600.0,600.0,1200.0,600.0,0,,,
2026-09-25T07:58:10.736164+00:00,power,0,0,,,,,,111353557605,314344890036,0.0
2026-09-25T07:58:11.739536+00:00,freq,0,0,2500.0,4250.0,2500.0,900.0,0,,,
2026-09-25T07:58:11.739536+00:00,freq,1,0,600.0,600.0,1200.0,600.0,0,,,
2026-09-25T07:58:11.739536+00:00,power,0,0,,,,,,111353557605,314345893438,0.0
2026-09-25T07:58:12.746045+00:00,freq,0,0,2500.0,4250.0,2500.0,900.0,0,,,
2026-09-25T07:58:12.746045+00:00,freq,1,0,600.0,600.0,1200.0,600.0,0,,,
2026-09-25T07:58:12.746045+00:00,power,0,0,,,,,,111353557605,314346899915,0.0
2026-09-25T07:58:13.733736+00:00,freq,0,0,1750.0,1750.0,2500.0,900.0,0,,,
2026-09-25T07:58:13.733736+00:00,freq,1,0,600.0,600.0,1200.0,600.0,0,,,
2026-09-25T07:58:13.733736+00:00,power,0,0,,,,,,111353561412,314347887489,0.0038549009998238106
2026-09-25T07:58:14.736768+00:00,freq,0,0,1750.0,1750.0,2500.0,900.0,0,,,
2026-09-25T07:58:14.736768+00:00,freq,1,0,600.0,600.0,1200.0,600.0,0,,,
2026-09-25T07:58:14.736768+00:00,power,0,0,,,,,,111353561412,314348890607,0.0
2026-09-25T07:58:15.752018+00:00,freq,0,0,1750.0,1750.0,2500.0,900.0,0,,,
2026-09-25T07:58:15.752018+00:00,freq,1,0,600.0,600.0,1200.0,600.0,0,,,
2026-09-25T07:58:15.752018+00:00,power,0,0,,,,,,111353561412,314349905738,0.0
2026-09-25T07:58:16.751364+00:00,freq,0,0,1750.0,1750.0,2500.0,900.0,0,,,
2026-09-25T07:58:16.751364+00:00,freq,1,0,600.0,600.0,1200.0,600.0,0,,,
2026-09-25T07:58:16.751364+00:00,power,0,0,,,,,,111353561412,314350905177,0.0
2026-09-25T07:58:17.749580+00:00,freq,0,0,1750.0,1750.0,2500.0,900.0,0,,,
2026-09-25T07:58:17.749580+00:00,freq,1,0,600.0,600.0,1200.0,600.0,0,,,
2026-09-25T07:58:17.749580+00:00,power,0,0,,,,,,111353561412,314351903308,0.0
2026-09-25T07:58:18.737805+00:00,freq,0,0,1750.0,1750.0,2500.0,900.0,0,,,
2026-09-25T07:58:18.737805+00:00,freq,1,0,600.0,600.0,1200.0,600.0,0,,,
2026-09-25T07:58:18.737805+00:00,power,0,0,,,,,,111353561412,314352891556,0.0
2026-09-25T07:58:19.739937+00:00,freq,0,0,1500.0,1750.0,1500.0,900.0,2,,,
2026-09-25T07:58:19.739937+00:00,freq,1,0,600.0,600.0,1200.0,600.0,0,,,
2026-09-25T07:58:19.739937+00:00,power,0,0,,,,,,111353561412,314353893489,0.0
2026-09-25T07:58:20.752435+00:00,freq,0,0,1500.0,1750.0,1500.0,900.0,2,,,
2026-09-25T07:58:20.752435+00:00,freq,1,0,600.0,600.0,1200.0,600.0,0,,,
2026-09-25T07:58:20.752435+00:00,power,0,0,,,,,,111353561412,314354905939,0.0
2026-09-25T07:58:21.736483+00:00,freq,0,0,1500.0,1750.0,1500.0,900.0,2,,,
2026-09-25T07:58:21.736483+00:00,freq,1,0,600.0,600.0,1200.0,600.0,0,,,
2026-09-25T07:58:21.736483+00:00,power,0,0,,,,,,111353561412,314355890429,0.0
2026-09-25T07:58:22.750931+00:00,freq,0,0,1500.0,1750.0,1500.0,900.0,2,,,
2026-09-25T07:58:22.750931+00:00,freq,1,0,600.0,600.0,1200.0,600.0,0,,,
2026-09-25T07:58:22.750931+00:00,power,0,0,,,,,,111353561412,314356904403,0.0
2026-09-25T07:58:23.746228+00:00,freq,0,0,1500.0,1750.0,1500.0,900.0,2,,,
2026-09-25T07:58:23.746228+00:00,freq,1,0,600.0,600.0,1200.0,600.0,0,,,
2026-09-25T07:58:23.746228+00:00,power,0,0,,,,,,111353561412,314357899705,0.0
2026-09-25T07:58:24.744106+00:00,freq,0,0,1300.0,4250.0,1300.0,900.0,2,,,
2026-09-25T07:58:24.744106+00:00,freq,1,0,600.0,600.0,1200.0,600.0,0,,,
2026-09-25T07:58:24.744106+00:00,power,0,0,,,,,,111355894382,314358897400,2.338359919614712
2026-09-25T07:58:25.740319+00:00,freq,0,0,1350.0,4250.0,1350.0,900.0,2,,,
2026-09-25T07:58:25.740319+00:00,freq,1,0,600.0,600.0,1200.0,600.0,0,,,
2026-09-25T07:58:25.740319+00:00,power,0,0,,,,,,111365703853,314359893630,9.846592654306736
2026-09-25T07:58:26.741191+00:00,freq,0,0,1400.0,4250.0,1400.0,900.0,2,,,
2026-09-25T07:58:26.741191+00:00,freq,1,0,600.0,600.0,1200.0,600.0,0,,,
2026-09-25T07:58:26.741191+00:00,power,0,0,,,,,,111374911189,314360894442,9.199865709044255
2026-09-25T07:58:27.743905+00:00,freq,0,0,1400.0,4250.0,1400.0,900.0,2,,,
2026-09-25T07:58:27.743905+00:00,freq,1,0,600.0,600.0,1200.0,600.0,0,,,
2026-09-25T07:58:27.743905+00:00,power,0,0,,,,,,111383929156,314361897109,8.9939800551928
2026-09-25T07:58:28.729642+00:00,freq,0,0,1400.0,4250.0,1400.0,900.0,2,,,
2026-09-25T07:58:28.729642+00:00,freq,1,0,600.0,600.0,1200.0,600.0,0,,,
2026-09-25T07:58:28.729642+00:00,power,0,0,,,,,,111393033854,314362882832,9.236568488307567
2026-09-25T07:58:29.731611+00:00,freq,0,0,1400.0,4250.0,1400.0,900.0,2,,,
2026-09-25T07:58:29.731611+00:00,freq,1,0,600.0,600.0,1200.0,600.0,0,,,
2026-09-25T07:58:29.731611+00:00,power,0,0,,,,,,111402489420,314363884877,9.436268830242154
2026-09-25T07:58:30.743151+00:00,freq,0,0,1400.0,4250.0,1400.0,900.0,2,,,
2026-09-25T07:58:30.743151+00:00,freq,1,0,600.0,600.0,1200.0,600.0,0,,,
2026-09-25T07:58:30.743151+00:00,power,0,0,,,,,,111411863894,314364896417,9.267526741404195
2026-09-25T07:58:31.740172+00:00,freq,0,0,1400.0,4250.0,1400.0,900.0,2,,,
2026-09-25T07:58:31.740172+00:00,freq,1,0,600.0,600.0,1200.0,600.0,0,,,
2026-09-25T07:58:31.740172+00:00,power,0,0,,,,,,111420791384,314365893402,8.954487780658686
2026-09-25T07:58:32.741434+00:00,freq,0,0,1500.0,4250.0,1500.0,900.0,2,,,
2026-09-25T07:58:32.741434+00:00,freq,1,0,600.0,600.0,1200.0,600.0,0,,,
2026-09-25T07:58:32.741434+00:00,power,0,0,,,,,,111429408754,314366894650,8.606628927098981
2026-09-25T07:58:33.743349+00:00,freq,0,0,1500.0,4250.0,1500.0,900.0,2,,,
2026-09-25T07:58:33.743349+00:00,freq,1,0,600.0,600.0,1200.0,600.0,0,,,
2026-09-25T07:58:33.743349+00:00,power,0,0,,,,,,111437899683,314367896525,8.475038303181535
2026-09-25T07:58:34.740108+00:00,freq,0,0,1550.0,4250.0,1550.0,900.0,2,,,
2026-09-25T07:58:34.740108+00:00,freq,1,0,600.0,600.0,1200.0,600.0,0,,,
2026-09-25T07:58:34.740108+00:00,power,0,0,,,,,,111445819787,314368893282,7.945872464402056
2026-09-25T07:58:35.741134+00:00,freq,0,0,1500.0,4250.0,1500.0,900.0,2,,,
2026-09-25T07:58:35.741134+00:00,freq,1,0,600.0,600.0,1200.0,600.0,0,,,
2026-09-25T07:58:35.741134+00:00,power,0,0,,,,,,111454300035,314369894205,8.47242794900307
2026-09-25T07:58:36.753130+00:00,freq,0,0,2150.0,4250.0,2150.0,900.0,2,,,
2026-09-25T07:58:36.753130+00:00,freq,1,0,600.0,600.0,1200.0,600.0,0,,,
2026-09-25T07:58:36.753130+00:00,power,0,0,,,,,,111465529916,314370906175,11.097049319643864
2026-09-25T07:58:37.748970+00:00,freq,0,0,1900.0,4250.0,1900.0,900.0,2,,,
2026-09-25T07:58:37.748970+00:00,freq,1,0,600.0,600.0,1200.0,600.0,0,,,
2026-09-25T07:58:37.748970+00:00,power,0,0,,,,,,111477397591,314371902031,11.917059293713148
2026-09-25T07:58:38.745413+00:00,freq,0,0,1600.0,4250.0,1600.0,900.0,2,,,
2026-09-25T07:58:38.745413+00:00,freq,1,0,600.0,600.0,1200.0,600.0,0,,,
2026-09-25T07:58:38.745413+00:00,power,0,0,,,,,,111486033417,314372898470,8.666688076239488
2026-09-25T07:58:39.745456+00:00,freq,0,0,1600.0,4250.0,1600.0,900.0,2,,,
2026-09-25T07:58:39.745456+00:00,freq,1,0,600.0,600.0,1200.0,600.0,0,,,
2026-09-25T07:58:39.745456+00:00,power,0,0,,,,,,111493964836,314373898620,7.930229465580163
2026-09-25T07:58:40.730186+00:00,freq,0,0,1550.0,4250.0,1550.0,900.0,2,,,
2026-09-25T07:58:40.730186+00:00,freq,1,0,600.0,600.0,1200.0,600.0,0,,,
2026-09-25T07:58:40.730186+00:00,power,0,0,,,,,,111501758842,314374883322,7.915091063083044
2026-09-25T07:58:41.731564+00:00,freq,0,0,2050.0,4250.0,2050.0,900.0,2,,,
2026-09-25T07:58:41.731564+00:00,freq,1,0,600.0,600.0,1200.0,600.0,0,,,
2026-09-25T07:58:41.731564+00:00,power,0,0,,,,,,111515176834,314375884569,13.40128060308795
2026-09-25T07:58:42.732861+00:00,freq,0,0,2200.0,4250.0,2200.0,900.0,2,,,
2026-09-25T07:58:42.732861+00:00,freq,1,0,600.0,600.0,1200.0,600.0,0,,,
2026-09-25T07:58:42.732861+00:00,power,0,0,,,,,,111528063186,314376885937,12.86874755334702
2026-09-25T07:58:43.745333+00:00,freq,0,0,2250.0,4250.0,2250.0,900.0,2,,,
2026-09-25T07:58:43.745333+00:00,freq,1,0,600.0,600.0,1200.0,600.0,0,,,
2026-09-25T07:58:43.745333+00:00,power,0,0,,,,,,111539614211,314377898317,11.409772022363144
2026-09-25T07:58:44.741194+00:00,freq,0,0,2050.0,4250.0,2050.0,900.0,2,,,
2026-09-25T07:58:44.741194+00:00,freq,1,0,600.0,600.0,1200.0,600.0,0,,,
2026-09-25T07:58:44.741194+00:00,power,0,0,,,,,,111553306776,314378894153,13.749819247345949
2026-09-25T07:58:45.751504+00:00,freq,0,0,1700.0,4250.0,1700.0,900.0,2,,,
2026-09-25T07:58:45.751504+00:00,freq,1,0,600.0,600.0,1200.0,600.0,0,,,
2026-09-25T07:58:45.751504+00:00,power,0,0,,,,,,111563613782,314379904367,10.202794655389848
2026-09-25T07:58:46.736446+00:00,freq,0,0,1650.0,4250.0,1650.0,900.0,2,,,
2026-09-25T07:58:46.736446+00:00,freq,1,0,600.0,600.0,1200.0,600.0,0,,,
2026-09-25T07:58:46.736446+00:00,power,0,0,,,,,,111571881505,314380889334,8.393908628410902
2026-09-25T07:58:47.737387+00:00,freq,0,0,1700.0,4250.0,1700.0,900.0,2,,,
2026-09-25T07:58:47.737387+00:00,freq,1,0,600.0,600.0,1200.0,600.0,0,,,
2026-09-25T07:58:47.737387+00:00,power,0,0,,,,,,111580192540,314381890224,8.303644756167012
2026-09-25T07:58:48.739096+00:00,freq,0,0,1700.0,4250.0,1700.0,900.0,2,,,
2026-09-25T07:58:48.739096+00:00,freq,1,0,600.0,600.0,1200.0,600.0,0,,,
2026-09-25T07:58:48.739096+00:00,power,0,0,,,,,,111588636631,314382891877,8.430155952210995
2026-09-25T07:58:49.742105+00:00,freq,0,0,1700.0,4250.0,1700.0,900.0,2,,,
2026-09-25T07:58:49.742105+00:00,freq,1,0,600.0,600.0,1200.0,600.0,0,,,
2026-09-25T07:58:49.742105+00:00,power,0,0,,,,,,111596644283,314383894858,7.983852136780258
2026-09-25T07:58:50.742341+00:00,freq,0,0,1650.0,4250.0,1650.0,900.0,2,,,
2026-09-25T07:58:50.742341+00:00,freq,1,0,600.0,600.0,1200.0,600.0,0,,,
2026-09-25T07:58:50.742341+00:00,power,0,0,,,,,,111604287922,314384895099,7.64179732684423
2026-09-25T07:58:51.744594+00:00,freq,0,0,1650.0,4250.0,1650.0,900.0,2,,,
2026-09-25T07:58:51.744594+00:00,freq,1,0,600.0,600.0,1200.0,600.0,0,,,
2026-09-25T07:58:51.744594+00:00,power,0,0,,,,,,111611299908,314385897361,6.996160684531589
2026-09-25T07:58:52.743304+00:00,freq,0,0,1650.0,4250.0,1650.0,900.0,2,,,
2026-09-25T07:58:52.743304+00:00,freq,1,0,600.0,600.0,1200.0,600.0,0,,,
2026-09-25T07:58:52.743304+00:00,power,0,0,,,,,,111618135601,314386895996,6.845036474788086
2026-09-25T07:58:53.742526+00:00,freq,0,0,1650.0,4250.0,1650.0,900.0,2,,,
2026-09-25T07:58:53.742526+00:00,freq,1,0,600.0,600.0,1200.0,600.0,0,,,
2026-09-25T07:58:53.742526+00:00,power,0,0,,,,,,111625203373,314387895294,7.072737061417115
2026-09-25T07:58:54.744906+00:00,freq,0,0,1650.0,4250.0,1650.0,900.0,2,,,
2026-09-25T07:58:54.744906+00:00,freq,1,0,600.0,600.0,1200.0,600.0,0,,,
2026-09-25T07:58:54.744906+00:00,power,0,0,,,,,,111632234890,314388897637,7.015080665999563
2026-09-25T07:58:55.743435+00:00,freq,0,0,1550.0,4250.0,1550.0,900.0,2,,,
2026-09-25T07:58:55.743435+00:00,freq,1,0,600.0,600.0,1200.0,600.0,0,,,
2026-09-25T07:58:55.743435+00:00,power,0,0,,,,,,111639085659,314389896254,6.860256735064595
2026-09-25T07:58:56.741550+00:00,freq,0,0,1650.0,4250.0,1700.0,900.0,2,,,
2026-09-25T07:58:56.741550+00:00,freq,1,0,600.0,600.0,1200.0,600.0,0,,,
2026-09-25T07:58:56.741550+00:00,power,0,0,,,,,,111646065418,314390894202,6.994110915598808
2026-09-25T07:58:57.743034+00:00,freq,0,0,1650.0,4250.0,1650.0,900.0,2,,,
2026-09-25T07:58:57.743034+00:00,freq,1,0,600.0,600.0,1200.0,600.0,0,,,
2026-09-25T07:58:57.743034+00:00,power,0,0,,,,,,111653116283,314391895653,7.040649018274483
2026-09-25T07:58:58.741055+00:00,freq,0,0,1650.0,4250.0,1650.0,900.0,2,,,
2026-09-25T07:58:58.741055+00:00,freq,1,0,600.0,600.0,1200.0,600.0,0,,,
2026-09-25T07:58:58.741055+00:00,power,0,0,,,,,,111660086741,314392893720,6.983957990796209
2026-09-25T07:58:59.754573+00:00,freq,0,0,1650.0,4250.0,1650.0,900.0,2,,,
2026-09-25T07:58:59.754573+00:00,freq,1,0,600.0,600.0,1200.0,600.0,0,,,
2026-09-25T07:58:59.754573+00:00,power,0,0,,,,,,111667012972,314393907243,6.83381728880351
2026-09-25T07:59:00.753614+00:00,freq,0,0,1600.0,4250.0,1600.0,900.0,2,,,
2026-09-25T07:59:00.753614+00:00,freq,1,0,600.0,600.0,1200.0,600.0,0,,,
2026-09-25T07:59:00.753614+00:00,power,0,0,,,,,,111676642488,314394906256,9.639029722335946
2026-09-25T07:59:01.753208+00:00,freq,0,0,1550.0,4250.0,1600.0,900.0,2,,,
2026-09-25T07:59:01.753208+00:00,freq,1,0,600.0,600.0,1200.0,600.0,0,,,
2026-09-25T07:59:01.753208+00:00,power,0,0,,,,,,111688783258,314395905804,12.146260109569525
2026-09-25T07:59:02.737965+00:00,freq,0,0,1550.0,4250.0,1550.0,900.0,2,,,
2026-09-25T07:59:02.737965+00:00,freq,1,0,600.0,600.0,1200.0,600.0,0,,,
2026-09-25T07:59:02.737965+00:00,power,0,0,,,,,,111700161028,314396890490,11.554718966249139
2026-09-25T07:59:03.738311+00:00,freq,0,0,1600.0,4250.0,1650.0,900.0,2,,,
2026-09-25T07:59:03.738311+00:00,freq,1,0,600.0,600.0,1200.0,600.0,0,,,
2026-09-25T07:59:03.738311+00:00,power,0,0,,,,,,111711431779,314397890807,11.267179304160582
2026-09-25T07:59:04.739498+00:00,freq,0,0,1600.0,4250.0,1600.0,900.0,2,,,
2026-09-25T07:59:04.739498+00:00,freq,1,0,600.0,600.0,1200.0,600.0,0,,,
2026-09-25T07:59:04.739498+00:00,power,0,0,,,,,,111722529031,314398891994,11.0840951790225
2026-09-25T07:59:05.748802+00:00,freq,0,0,1550.0,4250.0,1550.0,900.0,2,,,
2026-09-25T07:59:05.748802+00:00,freq,1,0,600.0,600.0,1200.0,600.0,0,,,
2026-09-25T07:59:05.748802+00:00,power,0,0,,,,,,111733017678,314399901336,10.39156896274999
2026-09-25T07:59:06.743633+00:00,freq,0,0,2200.0,4250.0,2200.0,900.0,2,,,
2026-09-25T07:59:06.743633+00:00,freq,1,0,600.0,600.0,1200.0,600.0,0,,,
2026-09-25T07:59:06.743633+00:00,power,0,0,,,,,,111745327454,314400896178,12.373599023764578
2026-09-25T07:59:07.729261+00:00,freq,0,0,1900.0,4250.0,1850.0,900.0,2,,,
2026-09-25T07:59:07.729261+00:00,freq,1,0,600.0,600.0,1200.0,600.0,0,,,
2026-09-25T07:59:07.729261+00:00,power,0,0,,,,,,111759200402,314401881699,14.076765487493418
2026-09-25T07:59:08.743926+00:00,freq,0,0,1600.0,4250.0,1600.0,900.0,2,,,
2026-09-25T07:59:08.743926+00:00,freq,1,0,600.0,600.0,1200.0,600.0,0,,,
2026-09-25T07:59:08.743926+00:00,power,0,0,,,,,,111769735741,314402896298,10.383746682186755
2026-09-25T07:59:09.730603+00:00,freq,0,0,1600.0,4250.0,1600.0,900.0,2,,,
2026-09-25T07:59:09.730603+00:00,freq,1,0,600.0,600.0,1200.0,600.0,0,,,
2026-09-25T07:59:09.730603+00:00,power,0,0,,,,,,111778193711,314403882986,8.572081549588116
2026-09-25T07:59:10.730665+00:00,freq,0,0,1550.0,4250.0,1550.0,900.0,2,,,
2026-09-25T07:59:10.730665+00:00,freq,1,0,600.0,600.0,1200.0,600.0,0,,,
2026-09-25T07:59:10.730665+00:00,power,0,0,,,,,,111786386605,314404883242,8.190797155928083
2026-09-25T07:59:11.730847+00:00,freq,0,0,1500.0,4250.0,1500.0,900.0,2,,,
2026-09-25T07:59:11.730847+00:00,freq,1,0,600.0,600.0,1200.0,600.0,0,,,
2026-09-25T07:59:11.730847+00:00,power,0,0,,,,,,111794389656,314405883543,8.00064280651524
2026-09-25T07:59:12.743430+00:00,freq,0,0,1900.0,4250.0,1900.0,900.0,2,,,
2026-09-25T07:59:12.743430+00:00,freq,1,0,600.0,600.0,1200.0,600.0,0,,,
2026-09-25T07:59:12.743430+00:00,power,0,0,,,,,,111807434601,314406895754,12.887574823826258
2026-09-25T07:59:13.741007+00:00,freq,0,0,1900.0,4250.0,1900.0,900.0,2,,,
2026-09-25T07:59:13.741007+00:00,freq,1,0,600.0,600.0,1200.0,600.0,0,,,
2026-09-25T07:59:13.741007+00:00,power,0,0,,,,,,111818566460,314407893474,11.157297638616045
2026-09-25T07:59:14.753225+00:00,freq,0,0,1700.0,4250.0,1700.0,900.0,2,,,
2026-09-25T07:59:14.753225+00:00,freq,1,0,600.0,600.0,1200.0,600.0,0,,,
2026-09-25T07:59:14.753225+00:00,power,0,0,,,,,,111828105057,314408905583,9.42447601987533
2026-09-25T07:59:15.739271+00:00,freq,0,0,1550.0,4250.0,1550.0,900.0,2,,,
2026-09-25T07:59:15.739271+00:00,freq,1,0,600.0,600.0,1200.0,600.0,0,,,
2026-09-25T07:59:15.739271+00:00,power,0,0,,,,,,111836100235,314409891553,8.108946519670983
2026-09-25T07:59:16.755004+00:00,freq,0,0,1650.0,4250.0,1650.0,900.0,2,,,
2026-09-25T07:59:16.755004+00:00,freq,1,0,600.0,600.0,1200.0,600.0,0,,,
2026-09-25T07:59:16.755004+00:00,power,0,0,,,,,,111844596511,314410907230,8.365135766587212
2026-09-25T07:59:17.739774+00:00,freq,0,0,1650.0,4250.0,1650.0,900.0,2,,,
2026-09-25T07:59:17.739774+00:00,freq,1,0,600.0,600.0,1200.0,600.0,0,,,
2026-09-25T07:59:17.739774+00:00,power,0,0,,,,,,111852939490,314411891982,8.472162534323363
2026-09-25T07:59:18.755162+00:00,freq,0,0,1650.0,4250.0,1650.0,900.0,2,,,
2026-09-25T07:59:18.755162+00:00,freq,1,0,600.0,600.0,1200.0,600.0,0,,,
2026-09-25T07:59:18.755162+00:00,power,0,0,,,,,,111861371557,314412907355,8.304403406432908
2026-09-25T07:59:19.754648+00:00,freq,0,0,1450.0,4250.0,1450.0,900.0,2,,,
2026-09-25T07:59:19.754648+00:00,freq,1,0,600.0,600.0,1200.0,600.0,0,,,
2026-09-25T07:59:19.754648+00:00,power,0,0,,,,,,111869666380,314413906922,8.298416214220758
2026-09-25T07:59:20.739988+00:00,freq,0,0,1700.0,4250.0,1700.0,900.0,2,,,
2026-09-25T07:59:20.739988+00:00,freq,1,0,600.0,600.0,1200.0,600.0,0,,,
2026-09-25T07:59:20.739988+00:00,power,0,0,,,,,,111877779783,314414892139,8.235143120754108
2026-09-25T07:59:21.753926+00:00,freq,0,0,1650.0,4250.0,1650.0,900.0,2,,,
2026-09-25T07:59:21.753926+00:00,freq,1,0,600.0,600.0,1200.0,600.0,0,,,
2026-09-25T07:59:21.753926+00:00,power,0,0,,,,,,111886097494,314415906043,8.203647485363506
2026-09-25T07:59:22.739789+00:00,freq,0,0,1600.0,4250.0,1600.0,900.0,2,,,
2026-09-25T07:59:22.739789+00:00,freq,1,0,600.0,600.0,1200.0,600.0,0,,,
2026-09-25T07:59:22.739789+00:00,power,0,0,,,,,,111894258687,314416891892,8.27833978631616
2026-09-25T07:59:23.755031+00:00,freq,0,0,1650.0,4250.0,1650.0,900.0,2,,,
2026-09-25T07:59:23.755031+00:00,freq,1,0,600.0,600.0,1200.0,600.0,0,,,
2026-09-25T07:59:23.755031+00:00,power,0,0,,,,,,111902719403,314417907076,8.334169963277594
2026-09-25T07:59:24.744308+00:00,freq,0,0,1650.0,4250.0,1650.0,900.0,2,,,
2026-09-25T07:59:24.744308+00:00,freq,1,0,600.0,600.0,1200.0,600.0,0,,,
2026-09-25T07:59:24.744308+00:00,power,0,0,,,,,,111910723492,314418896374,8.090675408218758
2026-09-25T07:59:25.742069+00:00,freq,0,0,1650.0,4250.0,1650.0,900.0,2,,,
2026-09-25T07:59:25.742069+00:00,freq,1,0,600.0,600.0,1200.0,600.0,0,,,
2026-09-25T07:59:25.742069+00:00,power,0,0,,,,,,111918418621,314419894202,7.711879201625932
2026-09-25T07:59:26.756574+00:00,freq,0,0,1650.0,4250.0,1650.0,900.0,2,,,
2026-09-25T07:59:26.756574+00:00,freq,1,0,600.0,600.0,1200.0,600.0,0,,,
2026-09-25T07:59:26.756574+00:00,power,0,0,,,,,,111925547367,314420908668,7.027092085885579
2026-09-25T07:59:27.755083+00:00,freq,0,0,1500.0,4250.0,1500.0,900.0,2,,,
2026-09-25T07:59:27.755083+00:00,freq,1,0,600.0,600.0,1200.0,600.0,0,,,
2026-09-25T07:59:27.755083+00:00,power,0,0,,,,,,111932354617,314421907115,6.817838102573297
2026-09-25T07:59:28.740252+00:00,freq,0,0,1650.0,4250.0,1650.0,900.0,2,,,
2026-09-25T07:59:28.740252+00:00,freq,1,0,600.0,600.0,1200.0,600.0,0,,,
2026-09-25T07:59:28.740252+00:00,power,0,0,,,,,,111939237330,314422892279,6.986362676671092
2026-09-25T07:59:29.742470+00:00,freq,0,0,1650.0,4250.0,1650.0,900.0,2,,,
2026-09-25T07:59:29.742470+00:00,freq,1,0,600.0,600.0,1200.0,600.0,0,,,
2026-09-25T07:59:29.742470+00:00,power,0,0,,,,,,111946321826,314423894433,7.069268795015536
2026-09-25T07:59:30.758141+00:00,freq,0,0,1650.0,4250.0,1650.0,900.0,2,,,
2026-09-25T07:59:30.758141+00:00,freq,1,0,600.0,600.0,1200.0,600.0,0,,,
2026-09-25T07:59:30.758141+00:00,power,0,0,,,,,,111953481677,314424910105,7.049373222851472
2026-09-25T07:59:31.742651+00:00,freq,0,0,1600.0,4250.0,1600.0,900.0,2,,,
2026-09-25T07:59:31.742651+00:00,freq,1,0,600.0,600.0,1200.0,600.0,0,,,
2026-09-25T07:59:31.742651+00:00,power,0,0,,,,,,111960413683,314425894600,7.041179487960833
2026-09-25T07:59:32.743048+00:00,freq,0,0,1650.0,4250.0,1650.0,900.0,2,,,
2026-09-25T07:59:32.743048+00:00,freq,1,0,600.0,600.0,1200.0,600.0,0,,,
2026-09-25T07:59:32.743048+00:00,power,0,0,,,,,,111967445566,314426895039,7.0287973579598555
2026-09-25T07:59:33.745038+00:00,freq,0,0,1650.0,4250.0,1650.0,900.0,2,,,
2026-09-25T07:59:33.745038+00:00,freq,1,0,600.0,600.0,1200.0,600.0,0,,,
2026-09-25T07:59:33.745038+00:00,power,0,0,,,,,,111974473848,314427896971,7.014729542523844
2026-09-25T07:59:34.744624+00:00,freq,0,0,1650.0,4250.0,1650.0,900.0,2,,,
2026-09-25T07:59:34.744624+00:00,freq,1,0,600.0,600.0,1200.0,600.0,0,,,
2026-09-25T07:59:34.744624+00:00,power,0,0,,,,,,111981288423,314428896507,6.817738430631813
2026-09-25T07:59:35.742319+00:00,freq,0,0,1500.0,4250.0,1500.0,900.0,2,,,
2026-09-25T07:59:35.742319+00:00,freq,1,0,600.0,600.0,1200.0,600.0,0,,,
2026-09-25T07:59:35.742319+00:00,power,0,0,,,,,,111988313898,314429894305,7.040979236278285
2026-09-25T07:59:36.743703+00:00,freq,0,0,1600.0,4250.0,1600.0,900.0,2,,,
2026-09-25T07:59:36.743703+00:00,freq,1,0,600.0,600.0,1200.0,600.0,0,,,
2026-09-25T07:59:36.743703+00:00,power,0,0,,,,,,112000750421,314430895518,12.421455774145961
2026-09-25T07:59:37.729507+00:00,freq,0,0,1550.0,4250.0,1550.0,900.0,2,,,
2026-09-25T07:59:37.729507+00:00,freq,1,0,600.0,600.0,1200.0,600.0,0,,,
2026-09-25T07:59:37.729507+00:00,power,0,0,,,,,,112012218560,314431881323,11.633273314702198
2026-09-25T07:59:38.730214+00:00,freq,0,0,1550.0,4250.0,1550.0,900.0,2,,,
2026-09-25T07:59:38.730214+00:00,freq,1,0,600.0,600.0,1200.0,600.0,0,,,
2026-09-25T07:59:38.730214+00:00,power,0,0,,,,,,112023564957,314432882021,11.338482739048144
2026-09-25T07:59:39.745791+00:00,freq,0,0,1650.0,4250.0,1650.0,900.0,2,,,
2026-09-25T07:59:39.745791+00:00,freq,1,0,600.0,600.0,1200.0,600.0,0,,,
2026-09-25T07:59:39.745791+00:00,power,0,0,,,,,,112034835342,314433897559,11.097945128591938
2026-09-25T07:59:40.745129+00:00,freq,0,0,1550.0,4250.0,1550.0,900.0,2,,,
2026-09-25T07:59:40.745129+00:00,freq,1,0,600.0,600.0,1200.0,600.0,0,,,
2026-09-25T07:59:40.745129+00:00,power,0,0,,,,,,112045798011,314434897030,10.968471321328982
2026-09-25T07:59:41.729193+00:00,freq,0,0,1550.0,4250.0,1500.0,900.0,2,,,
2026-09-25T07:59:41.729193+00:00,freq,1,0,600.0,600.0,1200.0,600.0,0,,,
2026-09-25T07:59:41.729193+00:00,power,0,0,,,,,,112056090186,314435881297,10.45669010542871
2026-09-25T07:59:42.731249+00:00,freq,0,0,1600.0,4250.0,1650.0,900.0,2,,,
2026-09-25T07:59:42.731249+00:00,freq,1,0,600.0,600.0,1200.0,600.0,0,,,
2026-09-25T07:59:42.731249+00:00,power,0,0,,,,,,112066411414,314436883087,10.302786013036664
2026-09-25T07:59:43.732424+00:00,freq,0,0,1650.0,4250.0,1650.0,900.0,2,,,
2026-09-25T07:59:43.732424+00:00,freq,1,0,600.0,600.0,1200.0,600.0,0,,,
2026-09-25T07:59:43.732424+00:00,power,0,0,,,,,,112076521765,314437884127,10.099847158954686
2026-09-25T07:59:44.746418+00:00,freq,0,0,1650.0,4250.0,1600.0,900.0,2,,,
2026-09-25T07:59:44.746418+00:00,freq,1,0,600.0,600.0,1200.0,600.0,0,,,
2026-09-25T07:59:44.746418+00:00,power,0,0,,,,,,112085835142,314438898158,9.184509152087067
2026-09-25T07:59:45.731176+00:00,freq,0,0,1650.0,4250.0,1650.0,900.0,2,,,
2026-09-25T07:59:45.731176+00:00,freq,1,0,600.0,600.0,1200.0,600.0,0,,,
2026-09-25T07:59:45.731176+00:00,power,0,0,,,,,,112094699216,314439882822,9.00213067604787
2026-09-25T07:59:46.736360+00:00,freq,0,0,1650.0,4250.0,1650.0,900.0,2,,,
2026-09-25T07:59:46.736360+00:00,freq,1,0,600.0,600.0,1200.0,600.0,0,,,
2026-09-25T07:59:46.736360+00:00,power,0,0,,,,,,112103349813,314440888099,8.605187425953245
2026-09-25T07:59:47.750034+00:00,freq,0,0,1550.0,4250.0,1550.0,900.0,2,,,
2026-09-25T07:59:47.750034+00:00,freq,1,0,600.0,600.0,1200.0,600.0,0,,,
2026-09-25T07:59:47.750034+00:00,power,0,0,,,,,,112112035542,314441901751,8.56874844621231
2026-09-25T07:59:48.734546+00:00,freq,0,0,1650.0,4250.0,1650.0,900.0,2,,,
2026-09-25T07:59:48.734546+00:00,freq,1,0,600.0,600.0,1200.0,600.0,0,,,
2026-09-25T07:59:48.734546+00:00,power,0,0,,,,,,112120357563,314442886244,8.453103272445817
2026-09-25T07:59:49.747396+00:00,freq,0,0,1550.0,4250.0,1600.0,900.0,2,,,
2026-09-25T07:59:49.747396+00:00,freq,1,0,600.0,600.0,1200.0,600.0,0,,,
2026-09-25T07:59:49.747396+00:00,power,0,0,,,,,,112128809711,314443898995,8.345731576665933
2026-09-25T07:59:50.734506+00:00,freq,0,0,1700.0,4250.0,1700.0,900.0,2,,,
2026-09-25T07:59:50.734506+00:00,freq,1,0,600.0,600.0,1200.0,600.0,0,,,
2026-09-25T07:59:50.734506+00:00,power,0,0,,,,,,112137305461,314444886049,8.607178533291998
2026-09-25T07:59:51.736867+00:00,freq,0,0,1650.0,4250.0,1650.0,900.0,2,,,
2026-09-25T07:59:51.736867+00:00,freq,1,0,600.0,600.0,1200.0,600.0,0,,,
2026-09-25T07:59:51.736867+00:00,power,0,0,,,,,,112145734195,314445888409,8.408889021908296
2026-09-25T07:59:52.752534+00:00,freq,0,0,1650.0,4250.0,1650.0,900.0,2,,,
2026-09-25T07:59:52.752534+00:00,freq,1,0,600.0,600.0,1200.0,600.0,0,,,
2026-09-25T07:59:52.752534+00:00,power,0,0,,,,,,112154240542,314446904046,8.37538116472716
2026-09-25T07:59:53.739978+00:00,freq,0,0,1650.0,4250.0,1650.0,900.0,2,,,
2026-09-25T07:59:53.739978+00:00,freq,1,0,600.0,600.0,1200.0,600.0,0,,,
2026-09-25T07:59:53.739978+00:00,power,0,0,,,,,,112162637636,314447891510,8.503696337284195
2026-09-25T07:59:54.751191+00:00,freq,0,0,1600.0,4250.0,1600.0,900.0,2,,,
2026-09-25T07:59:54.751191+00:00,freq,1,0,600.0,600.0,1200.0,600.0,0,,,
2026-09-25T07:59:54.751191+00:00,power,0,0,,,,,,112170749292,314448902798,8.021113668905397
2026-09-25T07:59:55.735439+00:00,freq,0,0,1650.0,4250.0,1700.0,900.0,2,,,
2026-09-25T07:59:55.735439+00:00,freq,1,0,600.0,600.0,1200.0,600.0,0,,,
2026-09-25T07:59:55.735439+00:00,power,0,0,,,,,,112178689928,314449887075,8.067481003823112
2026-09-25T07:59:56.738530+00:00,freq,0,0,1700.0,4250.0,1700.0,900.0,2,,,
2026-09-25T07:59:56.738530+00:00,freq,1,0,600.0,600.0,1200.0,600.0,0,,,
2026-09-25T07:59:56.738530+00:00,power,0,0,,,,,,112187168504,314450890029,8.45360405362559
2026-09-25T07:59:57.739439+00:00,freq,0,0,1650.0,4250.0,1650.0,900.0,2,,,
2026-09-25T07:59:57.739439+00:00,freq,1,0,600.0,600.0,1200.0,600.0,0,,,
2026-09-25T07:59:57.739439+00:00,power,0,0,,,,,,112195445542,314451890850,8.270248126288317
2026-09-25T07:59:58.739924+00:00,freq,0,0,1650.0,4250.0,1650.0,900.0,2,,,
2026-09-25T07:59:58.739924+00:00,freq,1,0,600.0,600.0,1200.0,600.0,0,,,
2026-09-25T07:59:58.739924+00:00,power,0,0,,,,,,112203756234,314452891344,8.306588545258641
2026-09-25T07:59:59.741199+00:00,freq,0,0,1700.0,4250.0,1700.0,900.0,2,,,
2026-09-25T07:59:59.741199+00:00,freq,1,0,600.0,600.0,1200.0,600.0,0,,,
2026-09-25T07:59:59.741199+00:00,power,0,0,,,,,,112212116463,314453892561,8.350066968499336
2026-09-25T08:00:00.742168+00:00,freq,0,0,1600.0,4250.0,1600.0,900.0,2,,,
2026-09-25T08:00:00.742168+00:00,freq,1,0,600.0,600.0,1200.0,600.0,0,,,
2026-09-25T08:00:00.742168+00:00,power,0,0,,,,,,112220310554,314454893569,8.185839673609003
2026-09-25T08:00:01.758241+00:00,freq,0,0,1700.0,4250.0,1700.0,900.0,2,,,
2026-09-25T08:00:01.758241+00:00,freq,1,0,600.0,600.0,1200.0,600.0,0,,,
2026-09-25T08:00:01.758241+00:00,power,0,0,,,,,,112228239105,314455909585,7.803569038282862
2026-09-25T08:00:02.744277+00:00,freq,0,0,1650.0,4250.0,1650.0,900.0,2,,,
2026-09-25T08:00:02.744277+00:00,freq,1,0,600.0,600.0,1200.0,600.0,0,,,
2026-09-25T08:00:02.744277+00:00,power,0,0,,,,,,112235201568,314456895608,7.061156788431913
2026-09-25T08:00:03.731230+00:00,freq,0,0,1650.0,4250.0,1650.0,900.0,2,,,
2026-09-25T08:00:03.731230+00:00,freq,1,0,600.0,600.0,1200.0,600.0,0,,,
2026-09-25T08:00:03.731230+00:00,power,0,0,,,,,,112242214530,314457882584,7.10550408520572
2026-09-25T08:00:04.746550+00:00,freq,0,0,1650.0,4250.0,1650.0,900.0,2,,,
2026-09-25T08:00:04.746550+00:00,freq,1,0,600.0,600.0,1200.0,600.0,0,,,
2026-09-25T08:00:04.746550+00:00,power,0,0,,,,,,112249406607,314458897788,7.084366294853054
2026-09-25T08:00:05.742312+00:00,freq,0,0,1650.0,4250.0,1650.0,900.0,2,,,
2026-09-25T08:00:05.742312+00:00,freq,1,0,600.0,600.0,1200.0,600.0,0,,,
2026-09-25T08:00:05.742312+00:00,power,0,0,,,,,,112256206435,314459893598,6.828439160080738
2026-09-25T08:00:06.742998+00:00,freq,0,0,1650.0,4250.0,1650.0,900.0,2,,,
2026-09-25T08:00:06.742998+00:00,freq,1,0,600.0,600.0,1200.0,600.0,0,,,
2026-09-25T08:00:06.742998+00:00,power,0,0,,,,,,112263230262,314460894241,7.0193135813671805
2026-09-25T08:00:07.744241+00:00,freq,0,0,1650.0,4250.0,1650.0,900.0,2,,,
2026-09-25T08:00:07.744241+00:00,freq,1,0,600.0,600.0,1200.0,600.0,0,,,
2026-09-25T08:00:07.744241+00:00,power,0,0,,,,,,112270224120,314461895418,6.985635906538005
2026-09-25T08:00:08.742688+00:00,freq,0,0,1650.0,4250.0,1650.0,900.0,2,,,
2026-09-25T08:00:08.742688+00:00,freq,1,0,600.0,600.0,1200.0,600.0,0,,,
2026-09-25T08:00:08.742688+00:00,power,0,0,,,,,,112276987608,314462893961,6.773356780829669
2026-09-25T08:00:09.742714+00:00,freq,0,0,1650.0,4250.0,1650.0,900.0,2,,,
2026-09-25T08:00:09.742714+00:00,freq,1,0,600.0,600.0,1200.0,600.0,0,,,
2026-09-25T08:00:09.742714+00:00,power,0,0,,,,,,112284048483,314463894223,7.059025535309749
2026-09-25T08:00:10.743033+00:00,freq,0,0,1650.0,4250.0,1650.0,900.0,2,,,
2026-09-25T08:00:10.743033+00:00,freq,1,0,600.0,600.0,1200.0,600.0,0,,,
2026-09-25T08:00:10.743033+00:00,power,0,0,,,,,,112291094771,314464894468,7.044562082289839
2026-09-25T08:00:11.758957+00:00,freq,0,0,2500.0,4250.0,2500.0,900.0,0,,,
2026-09-25T08:00:11.758957+00:00,freq,1,0,600.0,600.0,1200.0,600.0,0,,,
2026-09-25T08:00:11.758957+00:00,power,0,0,,,,,,112297363936,314465910291,6.1715131474676195
2026-09-25T08:00:12.749410+00:00,freq,0,0,2500.0,4250.0,2500.0,900.0,0,,,
2026-09-25T08:00:12.749410+00:00,freq,1,0,600.0,600.0,1200.0,600.0,0,,,
2026-09-25T08:00:12.749410+00:00,power,0,0,,,,,,112297389692,314466900827,0.026002083720329194
2026-09-25T08:00:13.737888+00:00,freq,0,0,1250.0,1250.0,2500.0,900.0,0,,,
2026-09-25T08:00:13.737888+00:00,freq,1,0,600.0,600.0,1200.0,600.0,0,,,
2026-09-25T08:00:13.737888+00:00,power,0,0,,,,,,112297389692,314467889342,0.0
2026-09-25T08:00:14.738148+00:00,freq,0,0,1250.0,1250.0,2500.0,900.0,0,,,
2026-09-25T08:00:14.738148+00:00,freq,1,0,600.0,600.0,1200.0,600.0,0,,,
2026-09-25T08:00:14.738148+00:00,power,0,0,,,,,,112297389692,314468889907,0.0
2026-09-25T08:00:15.753656+00:00,freq,0,0,1250.0,1250.0,2500.0,900.0,0,,,
2026-09-25T08:00:15.753656+00:00,freq,1,0,600.0,600.0,1200.0,600.0,0,,,
2026-09-25T08:00:15.753656+00:00,power,0,0,,,,,,112297389753,314469905055,6.008976031081182e-05
2026-09-25T08:00:16.744204+00:00,freq,0,0,1250.0,1250.0,2500.0,900.0,0,,,
2026-09-25T08:00:16.744204+00:00,freq,1,0,600.0,600.0,1200.0,600.0,0,,,
2026-09-25T08:00:16.744204+00:00,power,0,0,,,,,,112297389753,314470895617,0.0
2026-09-25T08:00:17.747084+00:00,freq,0,0,1250.0,1250.0,2500.0,900.0,0,,,
2026-09-25T08:00:17.747084+00:00,freq,1,0,600.0,600.0,1200.0,600.0,0,,,
2026-09-25T08:00:17.747084+00:00,power,0,0,,,,,,112297389753,314471898472,0.0
2026-09-25T08:00:18.736923+00:00,freq,0,0,1250.0,1250.0,2500.0,900.0,0,,,
2026-09-25T08:00:18.736923+00:00,freq,1,0,600.0,600.0,1200.0,600.0,0,,,
2026-09-25T08:00:18.736923+00:00,power,0,0,,,,,,112297389753,314472888280,0.0
2026-09-25T08:00:19.743629+00:00,freq,0,0,1250.0,1250.0,2500.0,900.0,0,,,
2026-09-25T08:00:19.743629+00:00,freq,1,0,600.0,600.0,1200.0,600.0,0,,,
2026-09-25T08:00:19.743629+00:00,power,0,0,,,,,,112297390814,314473894969,0.001053950127596507
2026-09-25T08:00:20.748811+00:00,freq,0,0,1250.0,1250.0,2500.0,900.0,0,,,
2026-09-25T08:00:20.748811+00:00,freq,1,0,600.0,600.0,1200.0,600.0,0,,,
2026-09-25T08:00:20.748811+00:00,power,0,0,,,,,,112297390814,314474900103,0.0
2026-09-25T08:00:21.738049+00:00,freq,0,0,1250.0,1250.0,2500.0,900.0,0,,,
2026-09-25T08:00:21.738049+00:00,freq,1,0,600.0,600.0,1200.0,600.0,0,,,
2026-09-25T08:00:21.738049+00:00,power,0,0,,,,,,112297390814,314475889337,0.0
2026-09-25T08:00:22.739636+00:00,freq,0,0,1250.0,1250.0,2500.0,900.0,0,,,
2026-09-25T08:00:22.739636+00:00,freq,1,0,600.0,600.0,1200.0,600.0,0,,,
2026-09-25T08:00:22.739636+00:00,power,0,0,,,,,,112297390997,314476890931,0.0001827087622330006
2026-09-25T08:00:23.744968+00:00,freq,0,0,1250.0,1250.0,2500.0,900.0,0,,,
2026-09-25T08:00:23.744968+00:00,freq,1,0,600.0,600.0,1200.0,600.0,0,,,
2026-09-25T08:00:23.744968+00:00,power,0,0,,,,,,112297390997,314477896205,0.0
2026-09-25T08:00:24.731798+00:00,freq,0,0,1250.0,1250.0,2500.0,900.0,0,,,
2026-09-25T08:00:24.731798+00:00,freq,1,0,600.0,600.0,1200.0,600.0,0,,,
2026-09-25T08:00:24.731798+00:00,power,0,0,,,,,,112297390997,314478883188,0.0
2026-09-25T08:00:25.734171+00:00,freq,0,0,1250.0,1250.0,2500.0,900.0,0,,,
2026-09-25T08:00:25.734171+00:00,freq,1,0,600.0,600.0,1200.0,600.0,0,,,
2026-09-25T08:00:25.734171+00:00,power,0,0,,,,,,112297390997,314479885571,0.0
2026-09-25T08:00:26.740304+00:00,freq,0,0,1250.0,1250.0,2500.0,900.0,0,,,
2026-09-25T08:00:26.740304+00:00,freq,1,0,600.0,600.0,1200.0,600.0,0,,,
2026-09-25T08:00:26.740304+00:00,power,0,0,,,,,,112297390997,314480891515,0.0
2026-09-25T08:00:27.745966+00:00,freq,0,0,1250.0,1250.0,2500.0,900.0,0,,,
2026-09-25T08:00:27.745966+00:00,freq,1,0,600.0,600.0,1200.0,600.0,0,,,
2026-09-25T08:00:27.745966+00:00,power,0,0,,,,,,112297390997,314481897127,0.0
2026-09-25T08:00:28.731555+00:00,freq,0,0,1250.0,1250.0,2500.0,900.0,0,,,
2026-09-25T08:00:28.731555+00:00,freq,1,0,600.0,600.0,1200.0,600.0,0,,,
2026-09-25T08:00:28.731555+00:00,power,0,0,,,,,,112297390997,314482882707,0.0
2026-09-25T08:00:29.732260+00:00,freq,0,0,1250.0,1250.0,2500.0,900.0,0,,,
2026-09-25T08:00:29.732260+00:00,freq,1,0,600.0,600.0,1200.0,600.0,0,,,
2026-09-25T08:00:29.732260+00:00,power,0,0,,,,,,112297390997,314483883334,0.0
2026-09-25T08:00:30.736761+00:00,freq,0,0,1250.0,1250.0,2500.0,900.0,0,,,
2026-09-25T08:00:30.736761+00:00,freq,1,0,600.0,600.0,1200.0,600.0,0,,,
2026-09-25T08:00:30.736761+00:00,power,0,0,,,,,,112297390997,314484887858,0.0
2026-09-25T08:00:31.741587+00:00,freq,0,0,1250.0,1250.0,2500.0,900.0,0,,,
2026-09-25T08:00:31.741587+00:00,freq,1,0,600.0,600.0,1200.0,600.0,0,,,
2026-09-25T08:00:31.741587+00:00,power,0,0,,,,,,112297390997,314485892578,0.0
2026-09-25T08:00:32.750547+00:00,freq,0,0,1250.0,1250.0,2500.0,1000.0,0,,,
2026-09-25T08:00:32.750547+00:00,freq,1,0,600.0,600.0,1200.0,600.0,0,,,
2026-09-25T08:00:32.750547+00:00,power,0,0,,,,,,112297390997,314486901492,0.0
2026-09-25T08:00:33.744595+00:00,freq,0,0,1250.0,1250.0,2500.0,1000.0,0,,,
2026-09-25T08:00:33.744595+00:00,freq,1,0,600.0,600.0,1200.0,600.0,0,,,
2026-09-25T08:00:33.744595+00:00,power,0,0,,,,,,112297390997,314487895520,0.0
2026-09-25T08:00:34.739694+00:00,freq,0,0,1250.0,1250.0,2500.0,1000.0,0,,,
2026-09-25T08:00:34.739694+00:00,freq,1,0,600.0,600.0,1200.0,600.0,0,,,
2026-09-25T08:00:34.739694+00:00,power,0,0,,,,,,112297390997,314488890655,0.0
2026-09-25T08:00:35.747871+00:00,freq,0,0,1250.0,1250.0,2500.0,1000.0,0,,,
2026-09-25T08:00:35.747871+00:00,freq,1,0,600.0,600.0,1200.0,600.0,0,,,
2026-09-25T08:00:35.747871+00:00,power,0,0,,,,,,112297390997,314489898745,0.0
2026-09-25T08:00:36.743785+00:00,freq,0,0,1250.0,1250.0,2500.0,1000.0,0,,,
2026-09-25T08:00:36.743785+00:00,freq,1,0,600.0,600.0,1200.0,600.0,0,,,
2026-09-25T08:00:36.743785+00:00,power,0,0,,,,,,112297390997,314490894621,0.0
2026-09-25T08:00:37.744907+00:00,freq,0,0,2150.0,4250.0,2150.0,900.0,2,,,
2026-09-25T08:00:37.744907+00:00,freq,1,0,600.0,600.0,1200.0,600.0,0,,,
2026-09-25T08:00:37.744907+00:00,power,0,0,,,,,,112318484892,314491895600,21.073264274275484
2026-09-25T08:00:38.729743+00:00,freq,0,0,2300.0,4250.0,2300.0,900.0,2,,,
2026-09-25T08:00:38.729743+00:00,freq,1,0,600.0,600.0,1200.0,600.0,0,,,
2026-09-25T08:00:38.729743+00:00,power,0,0,,,,,,112337993742,314492880394,19.8100821085425
2026-09-25T08:00:39.745297+00:00,freq,0,0,2400.0,4250.0,2400.0,900.0,2,,,
2026-09-25T08:00:39.745297+00:00,freq,1,0,600.0,600.0,1200.0,600.0,0,,,
2026-09-25T08:00:39.745297+00:00,power,0,0,,,,,,112356966543,314493895855,18.68392877717608
2026-09-25T08:00:40.744442+00:00,freq,0,0,2150.0,4250.0,2150.0,900.0,2,,,
2026-09-25T08:00:40.744442+00:00,freq,1,0,600.0,600.0,1200.0,600.0,0,,,
2026-09-25T08:00:40.744442+00:00,power,0,0,,,,,,112377291029,314494895002,20.341837587462106
2026-09-25T08:00:41.745111+00:00,freq,0,0,2350.0,4250.0,2350.0,900.0,2,,,
2026-09-25T08:00:41.745111+00:00,freq,1,0,600.0,600.0,1200.0,600.0,0,,,
2026-09-25T08:00:41.745111+00:00,power,0,0,,,,,,112396457288,314495895729,19.152335252271598
2026-09-25T08:00:42.739844+00:00,freq,0,0,2150.0,4250.0,2150.0,900.0,2,,,
2026-09-25T08:00:42.739844+00:00,freq,1,0,600.0,600.0,1200.0,600.0,0,,,
2026-09-25T08:00:42.739844+00:00,power,0,0,,,,,,112415228795,314496890426,18.871583004673784
2026-09-25T08:00:43.751478+00:00,freq,0,0,2500.0,4250.0,2500.0,900.0,0,,,
2026-09-25T08:00:43.751478+00:00,freq,1,0,600.0,600.0,1200.0,600.0,0,,,
2026-09-25T08:00:43.751478+00:00,power,0,0,,,,,,112433474217,314497902143,18.03411625978411
2026-09-25T08:00:44.748355+00:00,freq,0,0,2450.0,4250.0,2450.0,900.0,2,,,
2026-09-25T08:00:44.748355+00:00,freq,1,0,600.0,600.0,1200.0,600.0,0,,,
2026-09-25T08:00:44.748355+00:00,power,0,0,,,,,,112451779904,314498899007,18.36327422797894
2026-09-25T08:00:45.732513+00:00,freq,0,0,2500.0,4250.0,2500.0,900.0,0,,,
2026-09-25T08:00:45.732513+00:00,freq,1,0,600.0,600.0,1200.0,600.0,0,,,
2026-09-25T08:00:45.732513+00:00,power,0,0,,,,,,112469509152,314499883385,18.010609745443315
2026-09-25T08:00:46.747938+00:00,freq,0,0,2500.0,4250.0,2500.0,900.0,0,,,
2026-09-25T08:00:46.747938+00:00,freq,1,0,600.0,600.0,1200.0,600.0,0,,,
2026-09-25T08:00:46.747938+00:00,power,0,0,,,,,,112487727803,314500898487,17.947606250406363
2026-09-25T08:00:47.746195+00:00,freq,0,0,2500.0,4250.0,2500.0,900.0,0,,,
2026-09-25T08:00:47.746195+00:00,freq,1,0,600.0,600.0,1200.0,600.0,0,,,
2026-09-25T08:00:47.746195+00:00,power,0,0,,,,,,112505592976,314501896757,17.896133310627384
2026-09-25T08:00:48.745898+00:00,freq,0,0,2500.0,4250.0,2500.0,900.0,0,,,
2026-09-25T08:00:48.745898+00:00,freq,1,0,600.0,600.0,1200.0,600.0,0,,,
2026-09-25T08:00:48.745898+00:00,power,0,0,,,,,,112523345478,314502896424,17.758415552378942
2026-09-25T08:00:49.742817+00:00,freq,0,0,2500.0,4250.0,2500.0,900.0,0,,,
2026-09-25T08:00:49.742817+00:00,freq,1,0,600.0,600.0,1200.0,600.0,0,,,
2026-09-25T08:00:49.742817+00:00,power,0,0,,,,,,112541064312,314503893398,17.77261392975143
2026-09-25T08:00:50.756286+00:00,freq,0,0,2500.0,4250.0,2500.0,900.0,0,,,
2026-09-25T08:00:50.756286+00:00,freq,1,0,600.0,600.0,1200.0,600.0,0,,,
2026-09-25T08:00:50.756286+00:00,power,0,0,,,,,,112559269512,314504906783,17.96474192927663
2026-09-25T08:00:51.754540+00:00,freq,0,0,2500.0,4250.0,2500.0,900.0,0,,,
2026-09-25T08:00:51.754540+00:00,freq,1,0,600.0,600.0,1200.0,600.0,0,,,
2026-09-25T08:00:51.754540+00:00,power,0,0,,,,,,112576960819,314505905030,17.722374322186795
2026-09-25T08:00:52.752660+00:00,freq,0,0,2500.0,4250.0,2500.0,900.0,0,,,
2026-09-25T08:00:52.752660+00:00,freq,1,0,600.0,600.0,1200.0,600.0,0,,,
2026-09-25T08:00:52.752660+00:00,power,0,0,,,,,,112594634586,314506903043,17.70895469297494
2026-09-25T08:00:53.748185+00:00,freq,0,0,2500.0,4250.0,2500.0,900.0,0,,,
2026-09-25T08:00:53.748185+00:00,freq,1,0,600.0,600.0,1200.0,600.0,0,,,
2026-09-25T08:00:53.748185+00:00,power,0,0,,,,,,112612243716,314507898654,17.686757177250954
2026-09-25T08:00:54.740028+00:00,freq,0,0,2500.0,4250.0,2500.0,900.0,0,,,
2026-09-25T08:00:54.740028+00:00,freq,1,0,600.0,600.0,1200.0,600.0,0,,,
2026-09-25T08:00:54.740028+00:00,power,0,0,,,,,,112629925990,314508890469,17.82819779898469
2026-09-25T08:00:55.748703+00:00,freq,0,0,2500.0,4250.0,2500.0,900.0,0,,,
2026-09-25T08:00:55.748703+00:00,freq,1,0,600.0,600.0,1200.0,600.0,0,,,
2026-09-25T08:00:55.748703+00:00,power,0,0,,,,,,112647541346,314509899142,17.46389166756719
2026-09-25T08:00:56.743599+00:00,freq,0,0,2500.0,4250.0,2500.0,900.0,0,,,
2026-09-25T08:00:56.743599+00:00,freq,1,0,600.0,600.0,1200.0,600.0,0,,,
2026-09-25T08:00:56.743599+00:00,power,0,0,,,,,,112662223132,314510894057,14.75682445234015
2026-09-25T08:00:57.755169+00:00,freq,0,0,2500.0,4250.0,2500.0,900.0,0,,,
2026-09-25T08:00:57.755169+00:00,freq,1,0,600.0,600.0,1200.0,600.0,0,,,
2026-09-25T08:00:57.755169+00:00,power,0,0,,,,,,112676867015,314511905568,14.477235541679725
2026-09-25T08:00:58.754456+00:00,freq,0,0,2500.0,4250.0,2500.0,900.0,0,,,
2026-09-25T08:00:58.754456+00:00,freq,1,0,600.0,600.0,1200.0,600.0,0,,,
2026-09-25T08:00:58.754456+00:00,power,0,0,,,,,,112691339610,314512904859,14.482863350115231
2026-09-25T08:00:59.738516+00:00,freq,0,0,2500.0,4250.0,2500.0,900.0,0,,,
2026-09-25T08:00:59.738516+00:00,freq,1,0,600.0,600.0,1200.0,600.0,0,,,
2026-09-25T08:00:59.738516+00:00,power,0,0,,,,,,112705457713,314513889186,14.342899260103604
2026-09-25T08:01:00.739377+00:00,freq,0,0,2500.0,4250.0,2500.0,900.0,0,,,
2026-09-25T08:01:00.739377+00:00,freq,1,0,600.0,600.0,1200.0,600.0,0,,,
2026-09-25T08:01:00.739377+00:00,power,0,0,,,,,,112719767062,314514889674,14.302369443711468
2026-09-25T08:01:01.753373+00:00,freq,0,0,2500.0,4250.0,2500.0,900.0,0,,,
2026-09-25T08:01:01.753373+00:00,freq,1,0,600.0,600.0,1200.0,600.0,0,,,
2026-09-25T08:01:01.753373+00:00,power,0,0,,,,,,112734252352,314515903598,14.286366631029544
2026-09-25T08:01:02.752167+00:00,freq,0,0,2500.0,4250.0,2500.0,900.0,0,,,
2026-09-25T08:01:02.752167+00:00,freq,1,0,600.0,600.0,1200.0,600.0,0,,,
2026-09-25T08:01:02.752167+00:00,power,0,0,,,,,,112748533991,314516902381,14.299040932815236
2026-09-25T08:01:03.745435+00:00,freq,0,0,2500.0,4250.0,2500.0,900.0,0,,,
2026-09-25T08:01:03.745435+00:00,freq,1,0,600.0,600.0,1200.0,600.0,0,,,
2026-09-25T08:01:03.745435+00:00,power,0,0,,,,,,112762710748,314517895676,14.272453802747421
2026-09-25T08:01:04.739734+00:00,freq,0,0,2000.0,4250.0,2000.0,900.0,2,,,
2026-09-25T08:01:04.739734+00:00,freq,1,0,600.0,600.0,1200.0,600.0,0,,,
2026-09-25T08:01:04.739734+00:00,power,0,0,,,,,,112782287553,314518889862,19.69129016099603
2026-09-25T08:01:05.754621+00:00,freq,0,0,2250.0,4250.0,2250.0,900.0,2,,,
2026-09-25T08:01:05.754621+00:00,freq,1,0,600.0,600.0,1200.0,600.0,0,,,
2026-09-25T08:01:05.754621+00:00,power,0,0,,,,,,112802471475,314519904777,19.887302877580883
2026-09-25T08:01:06.738827+00:00,freq,0,0,2400.0,4250.0,2400.0,900.0,2,,,
2026-09-25T08:01:06.738827+00:00,freq,1,0,600.0,600.0,1200.0,600.0,0,,,
2026-09-25T08:01:06.738827+00:00,power,0,0,,,,,,112822374940,314520889106,20.220337915473383
2026-09-25T08:01:07.754255+00:00,freq,0,0,2400.0,4250.0,2400.0,900.0,2,,,
2026-09-25T08:01:07.754255+00:00,freq,1,0,600.0,600.0,1200.0,600.0,0,,,
2026-09-25T08:01:07.754255+00:00,power,0,0,,,,,,112842829285,314521904312,20.147974893765404
2026-09-25T08:01:08.738690+00:00,freq,0,0,2350.0,4250.0,2350.0,900.0,2,,,
2026-09-25T08:01:08.738690+00:00,freq,1,0,600.0,600.0,1200.0,600.0,0,,,
2026-09-25T08:01:08.738690+00:00,power,0,0,,,,,,112862676514,314522888794,20.16007301301598
2026-09-25T08:01:09.753232+00:00,freq,0,0,2400.0,4250.0,2400.0,900.0,2,,,
2026-09-25T08:01:09.753232+00:00,freq,1,0,600.0,600.0,1200.0,600.0,0,,,
2026-09-25T08:01:09.753232+00:00,power,0,0,,,,,,112882878662,314523903254,19.914188829525067
2026-09-25T08:01:10.748936+00:00,freq,0,0,2500.0,4250.0,2500.0,900.0,0,,,
2026-09-25T08:01:10.748936+00:00,freq,1,0,600.0,600.0,1200.0,600.0,0,,,
2026-09-25T08:01:10.748936+00:00,power,0,0,,,,,,112901409935,314524898908,18.612161453677682
2026-09-25T08:01:11.745362+00:00,freq,0,0,2500.0,4250.0,2500.0,900.0,0,,,
2026-09-25T08:01:11.745362+00:00,freq,1,0,600.0,600.0,1200.0,600.0,0,,,
2026-09-25T08:01:11.745362+00:00,power,0,0,,,,,,112919693199,314525895473,18.34628348376674
2026-09-25T08:01:12.744330+00:00,freq,0,0,2400.0,4250.0,2400.0,900.0,2,,,
2026-09-25T08:01:12.744330+00:00,freq,1,0,600.0,600.0,1200.0,600.0,0,,,
2026-09-25T08:01:12.744330+00:00,power,0,0,,,,,,112937698631,314526894283,18.02688399195042
2026-09-25T08:01:13.758350+00:00,freq,0,0,2500.0,4250.0,2500.0,900.0,0,,,
2026-09-25T08:01:13.758350+00:00,freq,1,0,600.0,600.0,1200.0,600.0,0,,,
2026-09-25T08:01:13.758350+00:00,power,0,0,,,,,,112955676986,314527908284,17.73011565077352
2026-09-25T08:01:14.753152+00:00,freq,0,0,2500.0,4250.0,2500.0,900.0,0,,,
2026-09-25T08:01:14.753152+00:00,freq,1,0,600.0,600.0,1200.0,600.0,0,,,
2026-09-25T08:01:14.753152+00:00,power,0,0,,,,,,112973502425,314528903207,17.916400565671918
2026-09-25T08:01:15.751969+00:00,freq,0,0,2500.0,4250.0,2500.0,900.0,0,,,
2026-09-25T08:01:15.751969+00:00,freq,1,0,600.0,600.0,1200.0,600.0,0,,,
2026-09-25T08:01:15.751969+00:00,power,0,0,,,,,,112991390387,314529901990,17.909758175699828
2026-09-25T08:01:16.748960+00:00,freq,0,0,2500.0,4250.0,2500.0,900.0,0,,,
2026-09-25T08:01:16.748960+00:00,freq,1,0,600.0,600.0,1200.0,600.0,0,,,
2026-09-25T08:01:16.748960+00:00,power,0,0,,,,,,113008986968,314530898991,17.649511886146552
2026-09-25T08:01:17.745764+00:00,freq,0,0,2500.0,4250.0,2450.0,900.0,0,,,
2026-09-25T08:01:17.745764+00:00,freq,1,0,600.0,600.0,1200.0,600.0,0,,,
2026-09-25T08:01:17.745764+00:00,power,0,0,,,,,,113026754240,314531895763,17.82481048825609
2026-09-25T08:01:18.742358+00:00,freq,0,0,2500.0,4250.0,2500.0,900.0,0,,,
2026-09-25T08:01:18.742358+00:00,freq,1,0,600.0,600.0,1200.0,600.0,0,,,
2026-09-25T08:01:18.742358+00:00,power,0,0,,,,,,113044340811,314532892355,17.646710991057525
2026-09-25T08:01:19.743506+00:00,freq,0,0,2350.0,4250.0,2350.0,900.0,2,,,
2026-09-25T08:01:19.743506+00:00,freq,1,0,600.0,600.0,1200.0,600.0,0,,,
2026-09-25T08:01:19.743506+00:00,power,0,0,,,,,,113061964712,314533893314,17.607015871778962
2026-09-25T08:01:20.757582+00:00,freq,0,0,2500.0,4250.0,2500.0,900.0,0,,,
2026-09-25T08:01:20.757582+00:00,freq,1,0,600.0,600.0,1200.0,600.0,0,,,
2026-09-25T08:01:20.757582+00:00,power,0,0,,,,,,113079698011,314534907400,17.486977435838774
2026-09-25T08:01:21.755889+00:00,freq,0,0,2500.0,4250.0,2500.0,900.0,0,,,
2026-09-25T08:01:21.755889+00:00,freq,1,0,600.0,600.0,1200.0,600.0,0,,,
2026-09-25T08:01:21.755889+00:00,power,0,0,,,,,,113097146825,314535905696,17.478597530191447
2026-09-25T08:01:22.754774+00:00,freq,0,0,2500.0,4250.0,2500.0,900.0,0,,,
2026-09-25T08:01:22.754774+00:00,freq,1,0,600.0,600.0,1200.0,600.0,0,,,
2026-09-25T08:01:22.754774+00:00,power,0,0,,,,,,113114354710,314536904635,17.226161957837267
2026-09-25T08:01:23.750629+00:00,freq,0,0,2500.0,4250.0,2500.0,900.0,0,,,
2026-09-25T08:01:23.750629+00:00,freq,1,0,600.0,600.0,1200.0,600.0,0,,,
2026-09-25T08:01:23.750629+00:00,power,0,0,,,,,,113128934506,314537900589,14.639025497161516
2026-09-25T08:01:24.743684+00:00,freq,0,0,2500.0,4250.0,2500.0,900.0,0,,,
2026-09-25T08:01:24.743684+00:00,freq,1,0,600.0,600.0,1200.0,600.0,0,,,
2026-09-25T08:01:24.743684+00:00,power,0,0,,,,,,113143157796,314538893618,14.323136585134977
2026-09-25T08:01:25.754593+00:00,freq,0,0,2500.0,4250.0,2500.0,900.0,0,,,
2026-09-25T08:01:25.754593+00:00,freq,1,0,600.0,600.0,1200.0,600.0,0,,,
2026-09-25T08:01:25.754593+00:00,power,0,0,,,,,,113157709760,314539904411,14.396581693779043
2026-09-25T08:01:26.753764+00:00,freq,0,0,2500.0,4250.0,2500.0,900.0,0,,,
2026-09-25T08:01:26.753764+00:00,freq,1,0,600.0,600.0,1200.0,600.0,0,,,
2026-09-25T08:01:26.753764+00:00,power,0,0,,,,,,113171934674,314540903602,14.236431272899775
2026-09-25T08:01:27.751805+00:00,freq,0,0,2500.0,4250.0,2500.0,900.0,0,,,
2026-09-25T08:01:27.751805+00:00,freq,1,0,600.0,600.0,1200.0,600.0,0,,,
2026-09-25T08:01:27.751805+00:00,power,0,0,,,,,,113186213322,314541901479,14.309026062330327
2026-09-25T08:01:28.751261+00:00,freq,0,0,2500.0,4250.0,2500.0,900.0,0,,,
2026-09-25T08:01:28.751261+00:00,freq,1,0,600.0,600.0,1200.0,600.0,0,,,
2026-09-25T08:01:28.751261+00:00,power,0,0,,,,,,113200553189,314542900942,14.347571645973888
2026-09-25T08:01:29.749301+00:00,freq,0,0,2500.0,4250.0,2500.0,900.0,0,,,
2026-09-25T08:01:29.749301+00:00,freq,1,0,600.0,600.0,1200.0,600.0,0,,,
2026-09-25T08:01:29.749301+00:00,power,0,0,,,,,,113214866726,314543898970,14.34181906720052
2026-09-25T08:01:30.748784+00:00,freq,0,0,2500.0,4250.0,2500.0,900.0,0,,,
2026-09-25T08:01:30.748784+00:00,freq,1,0,600.0,600.0,1200.0,600.0,0,,,
2026-09-25T08:01:30.748784+00:00,power,0,0,,,,,,113229241688,314544898452,14.382412089462342
2026-09-25T08:01:31.744670+00:00,freq,0,0,2150.0,4250.0,2100.0,900.0,2,,,
2026-09-25T08:01:31.744670+00:00,freq,1,0,600.0,600.0,1200.0,600.0,0,,,
2026-09-25T08:01:31.744670+00:00,power,0,0,,,,,,113249441113,314545894247,20.28472225709107
2026-09-25T08:01:32.755321+00:00,freq,0,0,2150.0,4250.0,2150.0,900.0,2,,,
2026-09-25T08:01:32.755321+00:00,freq,1,0,600.0,600.0,1200.0,600.0,0,,,
2026-09-25T08:01:32.755321+00:00,power,0,0,,,,,,113269700108,314546904868,20.04608552563226
2026-09-25T08:01:33.753812+00:00,freq,0,0,2350.0,4250.0,2350.0,900.0,2,,,
2026-09-25T08:01:33.753812+00:00,freq,1,0,600.0,600.0,1200.0,600.0,0,,,
2026-09-25T08:01:33.753812+00:00,power,0,0,,,,,,113290107212,314547903333,20.438477062290616
2026-09-25T08:01:34.748823+00:00,freq,0,0,2250.0,4250.0,2250.0,900.0,2,,,
2026-09-25T08:01:34.748823+00:00,freq,1,0,600.0,600.0,1200.0,600.0,0,,,
2026-09-25T08:01:34.748823+00:00,power,0,0,,,,,,113310857845,314548898389,20.85373386020485
2026-09-25T08:01:35.748426+00:00,freq,0,0,2300.0,4250.0,2400.0,900.0,2,,,
2026-09-25T08:01:35.748426+00:00,freq,1,0,600.0,600.0,1200.0,600.0,0,,,
2026-09-25T08:01:35.748426+00:00,power,0,0,,,,,,113330957332,314549897971,20.107892098897338
2026-09-25T08:01:36.732766+00:00,freq,0,0,2400.0,4250.0,2400.0,900.0,2,,,
2026-09-25T08:01:36.732766+00:00,freq,1,0,600.0,600.0,1200.0,600.0,0,,,
2026-09-25T08:01:36.732766+00:00,power,0,0,,,,,,113350549884,314550882280,19.904879463664358
2026-09-25T08:01:37.732979+00:00,freq,0,0,2450.0,4250.0,2450.0,900.0,2,,,
2026-09-25T08:01:37.732979+00:00,freq,1,0,600.0,600.0,1200.0,600.0,0,,,
2026-09-25T08:01:37.732979+00:00,power,0,0,,,,,,113369359515,314551882572,18.80414019106421
2026-09-25T08:01:38.740128+00:00,freq,0,0,2500.0,4250.0,2500.0,900.0,0,,,
2026-09-25T08:01:38.740128+00:00,freq,1,0,600.0,600.0,1200.0,600.0,0,,,
2026-09-25T08:01:38.740128+00:00,power,0,0,,,,,,113387952372,314552889727,18.46077018929559
2026-09-25T08:01:39.752683+00:00,freq,0,0,2450.0,4250.0,2450.0,900.0,2,,,
2026-09-25T08:01:39.752683+00:00,freq,1,0,600.0,600.0,1200.0,600.0,0,,,
2026-09-25T08:01:39.752683+00:00,power,0,0,,,,,,113406071634,314553902149,17.89694613510967
2026-09-25T08:01:40.751464+00:00,freq,0,0,2500.0,4250.0,2500.0,900.0,0,,,
2026-09-25T08:01:40.751464+00:00,freq,1,0,600.0,600.0,1200.0,600.0,0,,,
2026-09-25T08:01:40.751464+00:00,power,0,0,,,,,,113423830934,314554900997,17.77978230922022
2026-09-25T08:01:41.750025+00:00,freq,0,0,2350.0,4250.0,2350.0,900.0,2,,,
2026-09-25T08:01:41.750025+00:00,freq,1,0,600.0,600.0,1200.0,600.0,0,,,
2026-09-25T08:01:41.750025+00:00,power,0,0,,,,,,113441692773,314555899481,17.888958661330577
2026-09-25T08:01:42.748656+00:00,freq,0,0,2500.0,4250.0,2500.0,900.0,0,,,
2026-09-25T08:01:42.748656+00:00,freq,1,0,600.0,600.0,1200.0,600.0,0,,,
2026-09-25T08:01:42.748656+00:00,power,0,0,,,,,,113459360924,314556898085,17.69285021890559
2026-09-25T08:01:43.745250+00:00,freq,0,0,2400.0,4250.0,2400.0,900.0,2,,,
2026-09-25T08:01:43.745250+00:00,freq,1,0,600.0,600.0,1200.0,600.0,0,,,
2026-09-25T08:01:43.745250+00:00,power,0,0,,,,,,113477120933,314557894742,17.81957985545679
2026-09-25T08:01:44.756306+00:00,freq,0,0,2500.0,4250.0,2500.0,900.0,0,,,
2026-09-25T08:01:44.756306+00:00,freq,1,0,600.0,600.0,1200.0,600.0,0,,,
2026-09-25T08:01:44.756306+00:00,power,0,0,,,,,,113494943198,314558905641,17.63011438333602
2026-09-25T08:01:45.752051+00:00,freq,0,0,2500.0,4250.0,2500.0,900.0,0,,,
2026-09-25T08:01:45.752051+00:00,freq,1,0,600.0,600.0,1200.0,600.0,0,,,
2026-09-25T08:01:45.752051+00:00,power,0,0,,,,,,113512538534,314559901495,17.668589974032336
2026-09-25T08:01:46.747643+00:00,freq,0,0,2500.0,4250.0,2500.0,900.0,0,,,
2026-09-25T08:01:46.747643+00:00,freq,1,0,600.0,600.0,1200.0,600.0,0,,,
2026-09-25T08:01:46.747643+00:00,power,0,0,,,,,,113530145429,314560897060,17.685329436048878
2026-09-25T08:01:47.746211+00:00,freq,0,0,2500.0,4250.0,2500.0,900.0,0,,,
2026-09-25T08:01:47.746211+00:00,freq,1,0,600.0,600.0,1200.0,600.0,0,,,
2026-09-25T08:01:47.746211+00:00,power,0,0,,,,,,113547678838,314561895591,17.55920346989728
2026-09-25T08:01:48.731333+00:00,freq,0,0,2500.0,4250.0,2500.0,900.0,0,,,
2026-09-25T08:01:48.731333+00:00,freq,1,0,600.0,600.0,1200.0,600.0,0,,,
2026-09-25T08:01:48.731333+00:00,power,0,0,,,,,,113565010503,314562880695,17.59374137146941
2026-09-25T08:01:49.746358+00:00,freq,0,0,2500.0,4250.0,2500.0,900.0,0,,,
2026-09-25T08:01:49.746358+00:00,freq,1,0,600.0,600.0,1200.0,600.0,0,,,
2026-09-25T08:01:49.746358+00:00,power,0,0,,,,,,113582446256,314563895666,17.178572589758723
2026-09-25T08:01:50.744690+00:00,freq,0,0,2500.0,4250.0,2500.0,900.0,0,,,
2026-09-25T08:01:50.744690+00:00,freq,1,0,600.0,600.0,1200.0,600.0,0,,,
2026-09-25T08:01:50.744690+00:00,power,0,0,,,,,,113597308682,314564893972,14.887645671767975
2026-09-25T08:01:51.746017+00:00,freq,0,0,2500.0,4250.0,2500.0,900.0,0,,,
2026-09-25T08:01:51.746017+00:00,freq,1,0,600.0,600.0,1200.0,600.0,0,,,
2026-09-25T08:01:51.746017+00:00,power,0,0,,,,,,113611823659,314565895224,14.496826972630267
2026-09-25T08:01:52.757367+00:00,freq,0,0,2500.0,4250.0,2500.0,900.0,0,,,
2026-09-25T08:01:52.757367+00:00,freq,1,0,600.0,600.0,1200.0,600.0,0,,,
2026-09-25T08:01:52.757367+00:00,power,0,0,,,,,,113626528150,314566906657,14.538274903033617
2026-09-25T08:01:53.753078+00:00,freq,0,0,2500.0,4250.0,2500.0,900.0,0,,,
2026-09-25T08:01:53.753078+00:00,freq,1,0,600.0,600.0,1200.0,600.0,0,,,
2026-09-25T08:01:53.753078+00:00,power,0,0,,,,,,113640892590,314567902324,14.426951982942088
2026-09-25T08:01:54.746327+00:00,freq,0,0,2500.0,4250.0,2500.0,900.0,0,,,
2026-09-25T08:01:54.746327+00:00,freq,1,0,600.0,600.0,1200.0,600.0,0,,,
2026-09-25T08:01:54.746327+00:00,power,0,0,,,,,,113655203282,314568895601,14.40755398544414
2026-09-25T08:01:55.745279+00:00,freq,0,0,2500.0,4250.0,2500.0,900.0,0,,,
2026-09-25T08:01:55.745279+00:00,freq,1,0,600.0,600.0,1200.0,600.0,0,,,
2026-09-25T08:01:55.745279+00:00,power,0,0,,,,,,113669651059,314569894580,14.462543256665056
2026-09-25T08:01:56.760092+00:00,freq,0,0,2500.0,4250.0,2500.0,900.0,0,,,
2026-09-25T08:01:56.760092+00:00,freq,1,0,600.0,600.0,1200.0,600.0,0,,,
2026-09-25T08:01:56.760092+00:00,power,0,0,,,,,,113684383419,314570909320,14.518359382699016
2026-09-25T08:01:57.759909+00:00,freq,0,0,2500.0,4250.0,2500.0,900.0,0,,,
2026-09-25T08:01:57.759909+00:00,freq,1,0,600.0,600.0,1200.0,600.0,0,,,
2026-09-25T08:01:57.759909+00:00,power,0,0,,,,,,113698859211,314571909053,14.479658068704344
2026-09-25T08:01:58.747662+00:00,freq,0,0,2500.0,4250.0,2500.0,900.0,0,,,
2026-09-25T08:01:58.747662+00:00,freq,1,0,600.0,600.0,1200.0,600.0,0,,,
2026-09-25T08:01:58.747662+00:00,power,0,0,,,,,,113699816364,314572896938,0.9688911158687499
2026-09-25T08:01:59.737250+00:00,freq,0,0,2500.0,4250.0,2500.0,900.0,0,,,
2026-09-25T08:01:59.737250+00:00,freq,1,0,600.0,600.0,1200.0,600.0,0,,,
2026-09-25T08:01:59.737250+00:00,power,0,0,,,,,,113699816364,314573886542,0.0
2026-09-25T08:02:00.738224+00:00,freq,0,0,2500.0,4250.0,2500.0,1000.0,0,,,
2026-09-25T08:02:00.738224+00:00,freq,1,0,600.0,600.0,1200.0,600.0,0,,,
2026-09-25T08:02:00.738224+00:00,power,0,0,,,,,,113699816364,314574887436,0.0
2026-09-25T08:02:01.738697+00:00,freq,0,0,2500.0,4250.0,2500.0,900.0,0,,,
2026-09-25T08:02:01.738697+00:00,freq,1,0,600.0,600.0,1200.0,600.0,0,,,
2026-09-25T08:02:01.738697+00:00,power,0,0,,,,,,113699816425,314575887975,6.09671387122341e-05
2026-09-25T08:02:02.745083+00:00,freq,0,0,2500.0,4250.0,2500.0,900.0,0,,,
2026-09-25T08:02:02.745083+00:00,freq,1,0,600.0,600.0,1200.0,600.0,0,,,
2026-09-25T08:02:02.745083+00:00,power,0,0,,,,,,113699816425,314576894259,0.0
2026-09-25T08:02:03.749804+00:00,freq,0,0,2500.0,4250.0,2500.0,900.0,0,,,
2026-09-25T08:02:03.749804+00:00,freq,1,0,600.0,600.0,1200.0,600.0,0,,,
2026-09-25T08:02:03.749804+00:00,power,0,0,,,,,,113699816425,314577898972,0.0
2026-09-25T08:02:04.734675+00:00,freq,0,0,2500.0,4250.0,2500.0,900.0,0,,,
2026-09-25T08:02:04.734675+00:00,freq,1,0,600.0,600.0,1200.0,600.0,0,,,
2026-09-25T08:02:04.734675+00:00,power,0,0,,,,,,113699817974,314578883892,0.0015727165658124518
2026-09-25T08:02:05.737597+00:00,freq,0,0,2500.0,4250.0,2500.0,900.0,0,,,
2026-09-25T08:02:05.737597+00:00,freq,1,0,600.0,600.0,1200.0,600.0,0,,,
2026-09-25T08:02:05.737597+00:00,power,0,0,,,,,,113699817974,314579886798,0.0
2026-09-25T08:02:06.742548+00:00,freq,0,0,2500.0,4250.0,2500.0,900.0,0,,,
2026-09-25T08:02:06.742548+00:00,freq,1,0,600.0,600.0,1200.0,600.0,0,,,
2026-09-25T08:02:06.742548+00:00,power,0,0,,,,,,113699817974,314580891764,0.0
2026-09-25T08:02:07.745507+00:00,freq,0,0,2500.0,4250.0,2500.0,900.0,0,,,
2026-09-25T08:02:07.745507+00:00,freq,1,0,600.0,600.0,1200.0,600.0,0,,,
2026-09-25T08:02:07.745507+00:00,power,0,0,,,,,,113699817974,314581894620,0.0
2026-09-25T08:02:08.748732+00:00,freq,0,0,2500.0,4250.0,2500.0,900.0,0,,,
2026-09-25T08:02:08.748732+00:00,freq,1,0,600.0,600.0,1200.0,600.0,0,,,
2026-09-25T08:02:08.748732+00:00,power,0,0,,,,,,113699817974,314582897892,0.0
2026-09-25T08:02:09.739184+00:00,freq,0,0,2500.0,4250.0,2500.0,900.0,0,,,
2026-09-25T08:02:09.739184+00:00,freq,1,0,600.0,600.0,1200.0,600.0,0,,,
2026-09-25T08:02:09.739184+00:00,power,0,0,,,,,,113699817974,314583888218,0.0
2026-09-25T08:02:10.744544+00:00,freq,0,0,2500.0,4250.0,2500.0,900.0,0,,,
2026-09-25T08:02:10.744544+00:00,freq,1,0,600.0,600.0,1200.0,600.0,0,,,
2026-09-25T08:02:10.744544+00:00,power,0,0,,,,,,113699817974,314584893556,0.0
2026-09-25T08:02:11.747538+00:00,freq,0,0,2500.0,4250.0,2500.0,900.0,0,,,
2026-09-25T08:02:11.747538+00:00,freq,1,0,600.0,600.0,1200.0,600.0,0,,,
2026-09-25T08:02:11.747538+00:00,power,0,0,,,,,,113699817974,314585896547,0.0
2026-09-25T08:02:12.736771+00:00,freq,0,0,2500.0,4250.0,2500.0,900.0,0,,,
2026-09-25T08:02:12.736771+00:00,freq,1,0,600.0,600.0,1200.0,600.0,0,,,
2026-09-25T08:02:12.736771+00:00,power,0,0,,,,,,113699817974,314586885792,0.0
2026-09-25T08:02:13.739798+00:00,freq,0,0,2500.0,4250.0,2500.0,900.0,0,,,
2026-09-25T08:02:13.739798+00:00,freq,1,0,600.0,600.0,1200.0,600.0,0,,,
2026-09-25T08:02:13.739798+00:00,power,0,0,,,,,,113699817974,314587888780,0.0
2026-09-25T08:02:14.740104+00:00,freq,0,0,1000.0,1000.0,2500.0,900.0,0,,,
2026-09-25T08:02:14.740104+00:00,freq,1,0,600.0,600.0,1200.0,600.0,0,,,
2026-09-25T08:02:14.740104+00:00,power,0,0,,,,,,113699817974,314588889291,0.0
2026-09-25T08:02:15.742107+00:00,freq,0,0,1000.0,1000.0,2500.0,900.0,0,,,
2026-09-25T08:02:15.742107+00:00,freq,1,0,600.0,600.0,1200.0,600.0,0,,,
2026-09-25T08:02:15.742107+00:00,power,0,0,,,,,,113699818035,314589891109,6.088930324669751e-05
2026-09-25T08:02:16.746090+00:00,freq,0,0,1000.0,1000.0,2500.0,900.0,0,,,
2026-09-25T08:02:16.746090+00:00,freq,1,0,600.0,600.0,1200.0,600.0,0,,,
2026-09-25T08:02:16.746090+00:00,power,0,0,,,,,,113699818035,314590895077,0.0
2026-09-25T08:02:17.749649+00:00,freq,0,0,1000.0,1000.0,2500.0,900.0,0,,,
2026-09-25T08:02:17.749649+00:00,freq,1,0,600.0,600.0,1200.0,600.0,0,,,
2026-09-25T08:02:17.749649+00:00,power,0,0,,,,,,113699818035,314591898584,0.0
2026-09-25T08:02:18.737454+00:00,freq,0,0,1000.0,1000.0,2500.0,900.0,0,,,
2026-09-25T08:02:18.737454+00:00,freq,1,0,600.0,600.0,1200.0,600.0,0,,,
2026-09-25T08:02:18.737454+00:00,power,0,0,,,,,,113699818035,314592886393,0.0
2026-09-25T08:02:19.740898+00:00,freq,0,0,1000.0,1000.0,2500.0,900.0,0,,,
2026-09-25T08:02:19.740898+00:00,freq,1,0,600.0,600.0,1200.0,600.0,0,,,
2026-09-25T08:02:19.740898+00:00,power,0,0,,,,,,113699818035,314593889826,0.0
2026-09-25T08:02:20.745388+00:00,freq,0,0,1000.0,1000.0,2500.0,900.0,0,,,
2026-09-25T08:02:20.745388+00:00,freq,1,0,600.0,600.0,1200.0,600.0,0,,,
2026-09-25T08:02:20.745388+00:00,power,0,0,,,,,,113699818035,314594894287,0.0
2026-09-25T08:02:21.748440+00:00,freq,0,0,1000.0,1000.0,2500.0,900.0,0,,,
2026-09-25T08:02:21.748440+00:00,freq,1,0,600.0,600.0,1200.0,600.0,0,,,
2026-09-25T08:02:21.748440+00:00,power,0,0,,,,,,113699818035,314595897226,0.0
2026-09-25T08:02:22.733225+00:00,freq,0,0,1000.0,1000.0,2500.0,900.0,0,,,
2026-09-25T08:02:22.733225+00:00,freq,1,0,600.0,600.0,1200.0,600.0,0,,,
2026-09-25T08:02:22.733225+00:00,power,0,0,,,,,,113699818035,314596881926,0.0
2026-09-25T08:02:23.736965+00:00,freq,0,0,2500.0,4250.0,2500.0,900.0,0,,,
2026-09-25T08:02:23.736965+00:00,freq,1,0,600.0,600.0,1200.0,600.0,0,,,
2026-09-25T08:02:23.736965+00:00,power,0,0,,,,,,113721888103,314597885553,21.9903091487176
2026-09-25T08:02:24.740624+00:00,freq,0,0,2500.0,4250.0,2500.0,900.0,0,,,
2026-09-25T08:02:24.740624+00:00,freq,1,0,600.0,600.0,1200.0,600.0,0,,,
2026-09-25T08:02:24.740624+00:00,power,0,0,,,,,,113748874088,314598889094,26.890764801836696
2026-09-25T08:02:25.746498+00:00,freq,0,0,2500.0,4250.0,2500.0,900.0,0,,,
2026-09-25T08:02:25.746498+00:00,freq,1,0,600.0,600.0,1200.0,600.0,0,,,
2026-09-25T08:02:25.746498+00:00,power,0,0,,,,,,113774301150,314599895172,25.273449971075802
2026-09-25T08:02:26.752127+00:00,freq,0,0,2500.0,4250.0,2500.0,900.0,0,,,
2026-09-25T08:02:26.752127+00:00,freq,1,0,600.0,600.0,1200.0,600.0,0,,,
2026-09-25T08:02:26.752127+00:00,power,0,0,,,,,,113799017848,314600900735,24.57995968427637
2026-09-25T08:02:27.736963+00:00,freq,0,0,2500.0,4250.0,2500.0,900.0,0,,,
2026-09-25T08:02:27.736963+00:00,freq,1,0,600.0,600.0,1200.0,600.0,0,,,
2026-09-25T08:02:27.736963+00:00,power,0,0,,,,,,113821883570,314601885614,23.216782975370577
2026-09-25T08:02:28.737422+00:00,freq,0,0,2500.0,4250.0,2500.0,900.0,0,,,
2026-09-25T08:02:28.737422+00:00,freq,1,0,600.0,600.0,1200.0,600.0,0,,,
2026-09-25T08:02:28.737422+00:00,power,0,0,,,,,,113843479357,314602886020,21.587022668796468
2026-09-25T08:02:29.743189+00:00,freq,0,0,2500.0,4250.0,2500.0,900.0,0,,,
2026-09-25T08:02:29.743189+00:00,freq,1,0,600.0,600.0,1200.0,600.0,0,,,
2026-09-25T08:02:29.743189+00:00,power,0,0,,,,,,113863671152,314603891624,20.07927076662384
2026-09-25T08:02:30.746368+00:00,freq,0,0,2500.0,4250.0,2500.0,900.0,0,,,
2026-09-25T08:02:30.746368+00:00,freq,1,0,600.0,600.0,1200.0,600.0,0,,,
2026-09-25T08:02:30.746368+00:00,power,0,0,,,,,,113882607027,314604894849,18.87500311495427
2026-09-25T08:02:31.750532+00:00,freq,0,0,2500.0,4250.0,2500.0,900.0,0,,,
2026-09-25T08:02:31.750532+00:00,freq,1,0,600.0,600.0,1200.0,600.0,0,,,
2026-09-25T08:02:31.750532+00:00,power,0,0,,,,,,113901463533,314605899058,18.777471621943242
2026-09-25T08:02:32.742012+00:00,freq,0,0,2500.0,4250.0,2500.0,900.0,0,,,
2026-09-25T08:02:32.742012+00:00,freq,1,0,600.0,600.0,1200.0,600.0,0,,,
2026-09-25T08:02:32.742012+00:00,power,0,0,,,,,,113919769403,314606890525,18.463418348770055
2026-09-25T08:02:33.744781+00:00,freq,0,0,2500.0,4250.0,2500.0,900.0,0,,,
2026-09-25T08:02:33.744781+00:00,freq,1,0,600.0,600.0,1200.0,600.0,0,,,
2026-09-25T08:02:33.744781+00:00,power,0,0,,,,,,113938162652,314607893118,18.345678655246946
2026-09-25T08:02:34.758582+00:00,freq,0,0,2500.0,4250.0,2500.0,900.0,0,,,
2026-09-25T08:02:34.758582+00:00,freq,1,0,600.0,600.0,1200.0,600.0,0,,,
2026-09-25T08:02:34.758582+00:00,power,0,0,,,,,,113956622026,314608907022,18.20623451529928
2026-09-25T08:02:35.743498+00:00,freq,0,0,2500.0,4250.0,2500.0,900.0,0,,,
2026-09-25T08:02:35.743498+00:00,freq,1,0,600.0,600.0,1200.0,600.0,0,,,
2026-09-25T08:02:35.743498+00:00,power,0,0,,,,,,113974447221,314609891960,18.097783819895263
2026-09-25T08:02:36.747513+00:00,freq,0,0,2500.0,4250.0,2500.0,900.0,0,,,
2026-09-25T08:02:36.747513+00:00,freq,1,0,600.0,600.0,1200.0,600.0,0,,,
2026-09-25T08:02:36.747513+00:00,power,0,0,,,,,,113992537149,314610895850,18.019830857962525
2026-09-25T08:02:37.734606+00:00,freq,0,0,2500.0,4250.0,2500.0,900.0,0,,,
2026-09-25T08:02:37.734606+00:00,freq,1,0,600.0,600.0,1200.0,600.0,0,,,
2026-09-25T08:02:37.734606+00:00,power,0,0,,,,,,114010400552,314611882928,18.097255738654898
2026-09-25T08:02:38.742883+00:00,freq,0,0,2500.0,4250.0,2500.0,900.0,0,,,
2026-09-25T08:02:38.742883+00:00,freq,1,0,600.0,600.0,1200.0,600.0,0,,,
2026-09-25T08:02:38.742883+00:00,power,0,0,,,,,,114028465150,314612891286,17.914865553702157
2026-09-25T08:02:39.749240+00:00,freq,0,0,2500.0,4250.0,2500.0,900.0,0,,,
2026-09-25T08:02:39.749240+00:00,freq,1,0,600.0,600.0,1200.0,600.0,0,,,
2026-09-25T08:02:39.749240+00:00,power,0,0,,,,,,114046475732,314613897480,17.899711188895978
2026-09-25T08:02:40.736412+00:00,freq,0,0,2500.0,4250.0,2500.0,900.0,0,,,
2026-09-25T08:02:40.736412+00:00,freq,1,0,600.0,600.0,1200.0,600.0,0,,,
2026-09-25T08:02:40.736412+00:00,power,0,0,,,,,,114063756127,314614884753,17.503157687893825
2026-09-25T08:02:41.739542+00:00,freq,0,0,2500.0,4250.0,2500.0,900.0,0,,,
2026-09-25T08:02:41.739542+00:00,freq,1,0,600.0,600.0,1200.0,600.0,0,,,
2026-09-25T08:02:41.739542+00:00,power,0,0,,,,,,114079635399,314615887820,15.830719184261868
2026-09-25T08:02:42.743711+00:00,freq,0,0,2500.0,4250.0,2500.0,900.0,0,,,
2026-09-25T08:02:42.743711+00:00,freq,1,0,600.0,600.0,1200.0,600.0,0,,,
2026-09-25T08:02:42.743711+00:00,power,0,0,,,,,,114093963585,314616891864,14.27047619427037
2026-09-25T08:02:43.758183+00:00,freq,0,0,2500.0,4250.0,2500.0,900.0,0,,,
2026-09-25T08:02:43.758183+00:00,freq,1,0,600.0,600.0,1200.0,600.0,0,,,
2026-09-25T08:02:43.758183+00:00,power,0,0,,,,,,114108442368,314617906366,14.271813165474292
2026-09-25T08:02:44.753165+00:00,freq,0,0,2500.0,4250.0,2500.0,900.0,0,,,
2026-09-25T08:02:44.753165+00:00,freq,1,0,600.0,600.0,1200.0,600.0,0,,,
2026-09-25T08:02:44.753165+00:00,power,0,0,,,,,,114122489327,314618901483,14.11588687561362
2026-09-25T08:02:45.740395+00:00,freq,0,0,2500.0,4250.0,2500.0,900.0,0,,,
2026-09-25T08:02:45.740395+00:00,freq,1,0,600.0,600.0,1200.0,600.0,0,,,
2026-09-25T08:02:45.740395+00:00,power,0,0,,,,,,114136426056,314619888479,14.120350031813706
2026-09-25T08:02:46.747321+00:00,freq,0,0,2500.0,4250.0,2500.0,900.0,0,,,
2026-09-25T08:02:46.747321+00:00,freq,1,0,600.0,600.0,1200.0,600.0,0,,,
2026-09-25T08:02:46.747321+00:00,power,0,0,,,,,,114150661224,314620895513,14.135737224363824
2026-09-25T08:02:47.735900+00:00,freq,0,0,2500.0,4250.0,2500.0,900.0,0,,,
2026-09-25T08:02:47.735900+00:00,freq,1,0,600.0,600.0,1200.0,600.0,0,,,
2026-09-25T08:02:47.735900+00:00,power,0,0,,,,,,114164652618,314621883970,14.154782656200522
2026-09-25T08:02:48.737357+00:00,freq,0,0,2500.0,4250.0,2500.0,900.0,0,,,
2026-09-25T08:02:48.737357+00:00,freq,1,0,600.0,600.0,1200.0,600.0,0,,,
2026-09-25T08:02:48.737357+00:00,power,0,0,,,,,,114178808684,314622885652,14.132295479004314
2026-09-25T08:02:49.738137+00:00,freq,0,0,2500.0,4250.0,2500.0,900.0,0,,,
2026-09-25T08:02:49.738137+00:00,freq,1,0,600.0,600.0,1200.0,600.0,0,,,
2026-09-25T08:02:49.738137+00:00,power,0,0,,,,,,114200244986,314623886257,21.423340878768347
2026-09-25T08:02:50.743061+00:00,freq,0,0,2500.0,4250.0,2500.0,900.0,0,,,
2026-09-25T08:02:50.743061+00:00,freq,1,0,600.0,600.0,1200.0,600.0,0,,,
2026-09-25T08:02:50.743061+00:00,power,0,0,,,,,,114227836599,314624891144,27.457428546692313
2026-09-25T08:02:51.748249+00:00,freq,0,0,2500.0,4250.0,2500.0,900.0,0,,,
2026-09-25T08:02:51.748249+00:00,freq,1,0,600.0,600.0,1200.0,600.0,0,,,
2026-09-25T08:02:51.748249+00:00,power,0,0,,,,,,114253439039,314625896223,25.473062316494524
2026-09-25T08:02:52.734226+00:00,freq,0,0,2500.0,4250.0,2500.0,900.0,0,,,
2026-09-25T08:02:52.734226+00:00,freq,1,0,600.0,600.0,1200.0,600.0,0,,,
2026-09-25T08:02:52.734226+00:00,power,0,0,,,,,,114277713636,314626882344,24.616245876520225
2026-09-25T08:02:53.737409+00:00,freq,0,0,2500.0,4250.0,2500.0,900.0,0,,,
2026-09-25T08:02:53.737409+00:00,freq,1,0,600.0,600.0,1200.0,600.0,0,,,
2026-09-25T08:02:53.737409+00:00,power,0,0,,,,,,114301416235,314627885500,23.628028940663267
2026-09-25T08:02:54.749629+00:00,freq,0,0,2500.0,4250.0,2500.0,900.0,0,,,
2026-09-25T08:02:54.749629+00:00,freq,1,0,600.0,600.0,1200.0,600.0,0,,,
2026-09-25T08:02:54.749629+00:00,power,0,0,,,,,,114323833860,314628897776,22.145763605973073
2026-09-25T08:02:55.736690+00:00,freq,0,0,2500.0,4250.0,2500.0,900.0,0,,,
2026-09-25T08:02:55.736690+00:00,freq,1,0,600.0,600.0,1200.0,600.0,0,,,
2026-09-25T08:02:55.736690+00:00,power,0,0,,,,,,114343616842,314629884830,20.04245157813048
2026-09-25T08:02:56.741184+00:00,freq,0,0,2500.0,4250.0,2500.0,900.0,0,,,
2026-09-25T08:02:56.741184+00:00,freq,1,0,600.0,600.0,1200.0,600.0,0,,,
2026-09-25T08:02:56.741184+00:00,power,0,0,,,,,,114362907125,314630889235,19.205681970918107
2026-09-25T08:02:57.745215+00:00,freq,0,0,2500.0,4250.0,2500.0,900.0,0,,,
2026-09-25T08:02:57.745215+00:00,freq,1,0,600.0,600.0,1200.0,600.0,0,,,
2026-09-25T08:02:57.745215+00:00,power,0,0,,,,,,114381931478,314631893072,18.951635574301406
2026-09-25T08:02:58.750938+00:00,freq,0,0,2500.0,4250.0,2500.0,900.0,0,,,
2026-09-25T08:02:58.750938+00:00,freq,1,0,600.0,600.0,1200.0,600.0,0,,,
2026-09-25T08:02:58.750938+00:00,power,0,0,,,,,,114400444478,314632898919,18.405383721381085
2026-09-25T08:02:59.739506+00:00,freq,0,0,2500.0,4250.0,2500.0,900.0,0,,,
2026-09-25T08:02:59.739506+00:00,freq,1,0,600.0,600.0,1200.0,600.0,0,,,
2026-09-25T08:02:59.739506+00:00,power,0,0,,,,,,114418756757,314633887329,18.52700701126051
2026-09-25T08:03:00.743218+00:00,freq,0,0,2500.0,4250.0,2500.0,900.0,0,,,
2026-09-25T08:03:00.743218+00:00,freq,1,0,600.0,600.0,1200.0,600.0,0,,,
2026-09-25T08:03:00.743218+00:00,power,0,0,,,,,,114436965069,314634891164,18.13874989415591
2026-09-25T08:03:01.754876+00:00,freq,0,0,2500.0,4250.0,2500.0,900.0,0,,,
2026-09-25T08:03:01.754876+00:00,freq,1,0,600.0,600.0,1200.0,600.0,0,,,
2026-09-25T08:03:01.754876+00:00,power,0,0,,,,,,114455368145,314635902647,18.194152546310715
2026-09-25T08:03:02.754071+00:00,freq,0,0,2500.0,4250.0,2500.0,900.0,0,,,
2026-09-25T08:03:02.754071+00:00,freq,1,0,600.0,600.0,1200.0,600.0,0,,,
2026-09-25T08:03:02.754071+00:00,power,0,0,,,,,,114473299419,314636901735,17.947642249731754
2026-09-25T08:03:03.743132+00:00,freq,0,0,2500.0,4250.0,2500.0,900.0,0,,,
2026-09-25T08:03:03.743132+00:00,freq,1,0,600.0,600.0,1200.0,600.0,0,,,
2026-09-25T08:03:03.743132+00:00,power,0,0,,,,,,114491172587,314637890891,18.06910942257844
2026-09-25T08:03:04.745362+00:00,freq,0,0,2500.0,4250.0,2500.0,900.0,0,,,
2026-09-25T08:03:04.745362+00:00,freq,1,0,600.0,600.0,1200.0,600.0,0,,,
2026-09-25T08:03:04.745362+00:00,power,0,0,,,,,,114509148562,314638893151,17.93544090355796
2026-09-25T08:03:05.750987+00:00,freq,0,0,2500.0,4250.0,2500.0,900.0,0,,,
2026-09-25T08:03:05.750987+00:00,freq,1,0,600.0,600.0,1200.0,600.0,0,,,
2026-09-25T08:03:05.750987+00:00,power,0,0,,,,,,114527190821,314639898750,17.941802845865997
2026-09-25T08:03:06.735540+00:00,freq,0,0,2500.0,4250.0,2500.0,900.0,0,,,
2026-09-25T08:03:06.735540+00:00,freq,1,0,600.0,600.0,1200.0,600.0,0,,,
2026-09-25T08:03:06.735540+00:00,power,0,0,,,,,,114544613855,314640883400,17.694646828822425
2026-09-25T08:03:07.740339+00:00,freq,0,0,2500.0,4250.0,2500.0,900.0,0,,,
2026-09-25T08:03:07.740339+00:00,freq,1,0,600.0,600.0,1200.0,600.0,0,,,
2026-09-25T08:03:07.740339+00:00,power,0,0,,,,,,114561303697,314641888142,16.611072295176275
2026-09-25T08:03:08.744579+00:00,freq,0,0,2500.0,4250.0,2500.0,900.0,0,,,
2026-09-25T08:03:08.744579+00:00,freq,1,0,600.0,600.0,1200.0,600.0,0,,,
2026-09-25T08:03:08.744579+00:00,power,0,0,,,,,,114575643296,314642892251,14.280918705040987
2026-09-25T08:03:09.759917+00:00,freq,0,0,2500.0,4250.0,2500.0,900.0,0,,,
2026-09-25T08:03:09.759917+00:00,freq,1,0,600.0,600.0,1200.0,600.0,0,,,
2026-09-25T08:03:09.759917+00:00,power,0,0,,,,,,114590086411,314643907620,14.224498679790303
2026-09-25T08:03:10.749755+00:00,freq,0,0,2500.0,4250.0,2500.0,900.0,0,,,
2026-09-25T08:03:10.749755+00:00,freq,1,0,600.0,600.0,1200.0,600.0,0,,,
2026-09-25T08:03:10.749755+00:00,power,0,0,,,,,,114604140999,314644897497,14.19831756874844
2026-09-25T08:03:11.737928+00:00,freq,0,0,2500.0,4250.0,2500.0,900.0,0,,,
2026-09-25T08:03:11.737928+00:00,freq,1,0,600.0,600.0,1200.0,600.0,0,,,
2026-09-25T08:03:11.737928+00:00,power,0,0,,,,,,114618113411,314645885682,14.139469836113683
2026-09-25T08:03:12.741572+00:00,freq,0,0,2500.0,4250.0,2500.0,900.0,0,,,
2026-09-25T08:03:12.741572+00:00,freq,1,0,600.0,600.0,1200.0,600.0,0,,,
2026-09-25T08:03:12.741572+00:00,power,0,0,,,,,,114632316925,314646889245,14.15308655261304
2026-09-25T08:03:13.746389+00:00,freq,0,0,2500.0,4250.0,2500.0,900.0,0,,,
2026-09-25T08:03:13.746389+00:00,freq,1,0,600.0,600.0,1200.0,600.0,0,,,
2026-09-25T08:03:13.746389+00:00,power,0,0,,,,,,114646513458,314647894021,14.129052644569535
2026-09-25T08:03:14.751849+00:00,freq,0,0,2500.0,4250.0,2500.0,900.0,0,,,
2026-09-25T08:03:14.751849+00:00,freq,1,0,600.0,600.0,1200.0,600.0,0,,,
2026-09-25T08:03:14.751849+00:00,power,0,0,,,,,,114660738677,314648899494,14.147788155425356
2026-09-25T08:03:15.740724+00:00,freq,0,0,2500.0,4250.0,2500.0,900.0,0,,,
2026-09-25T08:03:15.740724+00:00,freq,1,0,600.0,600.0,1200.0,600.0,0,,,
2026-09-25T08:03:15.740724+00:00,power,0,0,,,,,,114678455314,314649888260,17.917926991826175
2026-09-25T08:03:16.742290+00:00,freq,0,0,2500.0,4250.0,2500.0,900.0,0,,,
2026-09-25T08:03:16.742290+00:00,freq,1,0,600.0,600.0,1200.0,600.0,0,,,
2026-09-25T08:03:16.742290+00:00,power,0,0,,,,,,114706571914,314650889852,28.07190952004409
2026-09-25T08:03:17.749752+00:00,freq,0,0,2500.0,4250.0,2500.0,900.0,0,,,
2026-09-25T08:03:17.749752+00:00,freq,1,0,600.0,600.0,1200.0,600.0,0,,,
2026-09-25T08:03:17.749752+00:00,power,0,0,,,,,,114732428298,314651897275,25.665866274643324
2026-09-25T08:03:18.739352+00:00,freq,0,0,2500.0,4250.0,2500.0,900.0,0,,,
2026-09-25T08:03:18.739352+00:00,freq,1,0,600.0,600.0,1200.0,600.0,0,,,
2026-09-25T08:03:18.739352+00:00,power,0,0,,,,,,114757118140,314652886789,24.9514832533951
2026-09-25T08:03:19.742836+00:00,freq,0,0,2500.0,4250.0,2500.0,900.0,0,,,
2026-09-25T08:03:19.742836+00:00,freq,1,0,600.0,600.0,1200.0,600.0,0,,,
2026-09-25T08:03:19.742836+00:00,power,0,0,,,,,,114781385535,314653890328,24.181815554751733
2026-09-25T08:03:20.746242+00:00,freq,0,0,2500.0,4250.0,2500.0,900.0,0,,,
2026-09-25T08:03:20.746242+00:00,freq,1,0,600.0,600.0,1200.0,600.0,0,,,
2026-09-25T08:03:20.746242+00:00,power,0,0,,,,,,114803625243,314654893706,22.164835186739197
2026-09-25T08:03:21.752231+00:00,freq,0,0,2500.0,4250.0,2500.0,900.0,0,,,
2026-09-25T08:03:21.752231+00:00,freq,1,0,600.0,600.0,1200.0,600.0,0,,,
2026-09-25T08:03:21.752231+00:00,power,0,0,,,,,,114824187376,314655899534,20.44299124701241
2026-09-25T08:03:22.738080+00:00,freq,0,0,2500.0,4250.0,2500.0,900.0,0,,,
2026-09-25T08:03:22.738080+00:00,freq,1,0,600.0,600.0,1200.0,600.0,0,,,
2026-09-25T08:03:22.738080+00:00,power,0,0,,,,,,114843485312,314656885512,19.572379911113636
2026-09-25T08:03:23.739242+00:00,freq,0,0,2500.0,4250.0,2500.0,900.0,0,,,
2026-09-25T08:03:23.739242+00:00,freq,1,0,600.0,600.0,1200.0,600.0,0,,,
2026-09-25T08:03:23.739242+00:00,power,0,0,,,,,,114862319357,314657886758,18.81060698369831
2026-09-25T08:03:24.742742+00:00,freq,0,0,2500.0,4250.0,2500.0,900.0,0,,,
2026-09-25T08:03:24.742742+00:00,freq,1,0,600.0,600.0,1200.0,600.0,0,,,
2026-09-25T08:03:24.742742+00:00,power,0,0,,,,,,114880928755,314658890204,18.545490240630787
2026-09-25T08:03:25.747093+00:00,freq,0,0,2500.0,4250.0,2500.0,900.0,0,,,
2026-09-25T08:03:25.747093+00:00,freq,1,0,600.0,600.0,1200.0,600.0,0,,,
2026-09-25T08:03:25.747093+00:00,power,0,0,,,,,,114899587080,314659894355,18.581194461789114
2026-09-25T08:03:26.751014+00:00,freq,0,0,2500.0,4250.0,2500.0,900.0,0,,,
2026-09-25T08:03:26.751014+00:00,freq,1,0,600.0,600.0,1200.0,600.0,0,,,
2026-09-25T08:03:26.751014+00:00,power,0,0,,,,,,114917851934,314660898304,18.193009804282887
2026-09-25T08:03:27.750177+00:00,freq,0,0,2500.0,4250.0,2500.0,900.0,0,,,
2026-09-25T08:03:27.750177+00:00,freq,1,0,600.0,600.0,1200.0,600.0,0,,,
2026-09-25T08:03:27.750177+00:00,power,0,0,,,,,,114936002141,314661897455,18.165629619546994
2026-09-25T08:03:28.736418+00:00,freq,0,0,2500.0,4250.0,2500.0,900.0,0,,,
2026-09-25T08:03:28.736418+00:00,freq,1,0,600.0,600.0,1200.0,600.0,0,,,
2026-09-25T08:03:28.736418+00:00,power,0,0,,,,,,114953849088,314662883788,18.094240991632642
2026-09-25T08:03:29.737376+00:00,freq,0,0,2500.0,4250.0,2500.0,900.0,0,,,
2026-09-25T08:03:29.737376+00:00,freq,1,0,600.0,600.0,1200.0,600.0,0,,,
2026-09-25T08:03:29.737376+00:00,power,0,0,,,,,,114971894192,314663884658,18.029418405986792
2026-09-25T08:03:30.740207+00:00,freq,0,0,2500.0,4250.0,2500.0,900.0,0,,,
2026-09-25T08:03:30.740207+00:00,freq,1,0,600.0,600.0,1200.0,600.0,0,,,
2026-09-25T08:03:30.740207+00:00,power,0,0,,,,,,114989894314,314664887557,17.94809048568201
2026-09-25T08:03:31.746293+00:00,freq,0,0,2500.0,4250.0,2500.0,900.0,0,,,
2026-09-25T08:03:31.746293+00:00,freq,1,0,600.0,600.0,1200.0,600.0,0,,,
2026-09-25T08:03:31.746293+00:00,power,0,0,,,,,,115007950855,314665893625,17.947634752322905
2026-09-25T08:03:32.748004+00:00,freq,0,0,2500.0,4250.0,2500.0,900.0,0,,,
2026-09-25T08:03:32.748004+00:00,freq,1,0,600.0,600.0,1200.0,600.0,0,,,
2026-09-25T08:03:32.748004+00:00,power,0,0,,,,,,115025886218,314666895283,17.905675390203044
2026-09-25T08:03:33.748618+00:00,freq,0,0,2500.0,4250.0,2500.0,900.0,0,,,
2026-09-25T08:03:33.748618+00:00,freq,1,0,600.0,600.0,1200.0,600.0,0,,,
2026-09-25T08:03:33.748618+00:00,power,0,0,,,,,,115043222117,314667895720,17.32832652131019
2026-09-25T08:03:34.739017+00:00,freq,0,0,2500.0,4250.0,2500.0,900.0,0,,,
2026-09-25T08:03:34.739017+00:00,freq,1,0,600.0,600.0,1200.0,600.0,0,,,
2026-09-25T08:03:34.739017+00:00,power,0,0,,,,,,115057375376,314668886356,14.287042869429337
2026-09-25T08:03:35.743659+00:00,freq,0,0,2500.0,4250.0,2500.0,900.0,0,,,
2026-09-25T08:03:35.743659+00:00,freq,1,0,600.0,600.0,1200.0,600.0,0,,,
2026-09-25T08:03:35.743659+00:00,power,0,0,,,,,,115071712923,314669890991,14.271399065332185
2026-09-25T08:03:36.745135+00:00,freq,0,0,2500.0,4250.0,2500.0,900.0,0,,,
2026-09-25T08:03:36.745135+00:00,freq,1,0,600.0,600.0,1200.0,600.0,0,,,
2026-09-25T08:03:36.745135+00:00,power,0,0,,,,,,115086010859,314670892363,14.278346109138262
2026-09-25T08:03:37.746611+00:00,freq,0,0,2500.0,4250.0,2500.0,900.0,0,,,
2026-09-25T08:03:37.746611+00:00,freq,1,0,600.0,600.0,1200.0,600.0,0,,,
2026-09-25T08:03:37.746611+00:00,power,0,0,,,,,,115100158197,314671893835,14.126543727632924
2026-09-25T08:03:38.749990+00:00,freq,0,0,2500.0,4250.0,2500.0,900.0,0,,,
2026-09-25T08:03:38.749990+00:00,freq,1,0,600.0,600.0,1200.0,600.0,0,,,
2026-09-25T08:03:38.749990+00:00,power,0,0,,,,,,115114374566,314672897250,14.167985330097716
2026-09-25T08:03:39.736520+00:00,freq,0,0,2500.0,4250.0,2500.0,900.0,0,,,
2026-09-25T08:03:39.736520+00:00,freq,1,0,600.0,600.0,1200.0,600.0,0,,,
2026-09-25T08:03:39.736520+00:00,power,0,0,,,,,,115128318253,314673883680,14.135505813894548
2026-09-25T08:03:40.741675+00:00,freq,0,0,2500.0,4250.0,2500.0,900.0,0,,,
2026-09-25T08:03:40.741675+00:00,freq,1,0,600.0,600.0,1200.0,600.0,0,,,
2026-09-25T08:03:40.741675+00:00,power,0,0,,,,,,115142559341,314674888862,14.167671128213597
2026-09-25T08:03:41.746970+00:00,freq,0,0,2500.0,4250.0,2500.0,900.0,0,,,
2026-09-25T08:03:41.746970+00:00,freq,1,0,600.0,600.0,1200.0,600.0,0,,,
2026-09-25T08:03:41.746970+00:00,power,0,0,,,,,,115155531227,314675894212,12.9028557218879
2026-09-25T08:03:42.747531+00:00,freq,0,0,2500.0,4250.0,2500.0,900.0,0,,,
2026-09-25T08:03:42.747531+00:00,freq,1,0,600.0,600.0,1200.0,600.0,0,,,
2026-09-25T08:03:42.747531+00:00,power,0,0,,,,,,115155531227,314676894790,0.0
2026-09-25T08:03:43.760731+00:00,freq,0,0,2500.0,4250.0,2500.0,900.0,0,,,
2026-09-25T08:03:43.760731+00:00,freq,1,0,600.0,600.0,1200.0,600.0,0,,,
2026-09-25T08:03:43.760731+00:00,power,0,0,,,,,,115155531227,314677907873,0.0
2026-09-25T08:03:44.750032+00:00,freq,0,0,1750.0,1750.0,2500.0,900.0,0,,,
2026-09-25T08:03:44.750032+00:00,freq,1,0,600.0,600.0,1200.0,600.0,0,,,
2026-09-25T08:03:44.750032+00:00,power,0,0,,,,,,115155531227,314678897259,0.0
2026-09-25T08:03:45.739143+00:00,freq,0,0,1750.0,1750.0,2500.0,900.0,0,,,
2026-09-25T08:03:45.739143+00:00,freq,1,0,600.0,600.0,1200.0,600.0,0,,,
2026-09-25T08:03:45.739143+00:00,power,0,0,,,,,,115155531227,314679886314,0.0
2026-09-25T08:03:46.742404+00:00,freq,0,0,1750.0,1750.0,2500.0,900.0,0,,,
2026-09-25T08:03:46.742404+00:00,freq,1,0,600.0,600.0,1200.0,600.0,0,,,
2026-09-25T08:03:46.742404+00:00,power,0,0,,,,,,115155531227,314680889496,0.0
2026-09-25T08:03:47.747652+00:00,freq,0,0,1750.0,1750.0,2500.0,900.0,0,,,
2026-09-25T08:03:47.747652+00:00,freq,1,0,600.0,600.0,1200.0,600.0,0,,,
2026-09-25T08:03:47.747652+00:00,power,0,0,,,,,,115155531227,314681894778,0.0
2026-09-25T08:03:48.754260+00:00,freq,0,0,1750.0,1750.0,2500.0,900.0,0,,,
2026-09-25T08:03:48.754260+00:00,freq,1,0,600.0,600.0,1200.0,600.0,0,,,
2026-09-25T08:03:48.754260+00:00,power,0,0,,,,,,115155531227,314682901368,0.0
2026-09-25T08:03:49.739545+00:00,freq,0,0,1750.0,1750.0,2500.0,900.0,0,,,
2026-09-25T08:03:49.739545+00:00,freq,1,0,600.0,600.0,1200.0,600.0,0,,,
2026-09-25T08:03:49.739545+00:00,power,0,0,,,,,,115155531227,314683886594,0.0
2026-09-25T08:03:50.743520+00:00,freq,0,0,1750.0,1750.0,2500.0,900.0,0,,,
2026-09-25T08:03:50.743520+00:00,freq,1,0,600.0,600.0,1200.0,600.0,0,,,
2026-09-25T08:03:50.743520+00:00,power,0,0,,,,,,115155531227,314684890535,0.0
2026-09-25T08:03:51.744624+00:00,freq,0,0,1750.0,1750.0,2500.0,900.0,0,,,
2026-09-25T08:03:51.744624+00:00,freq,1,0,600.0,600.0,1200.0,600.0,0,,,
2026-09-25T08:03:51.744624+00:00,power,0,0,,,,,,115155531227,314685891619,0.0
2026-09-25T08:03:52.760326+00:00,freq,0,0,1750.0,1750.0,2500.0,900.0,0,,,
2026-09-25T08:03:52.760326+00:00,freq,1,0,600.0,600.0,1200.0,600.0,0,,,
2026-09-25T08:03:52.760326+00:00,power,0,0,,,,,,115155531227,314686907315,0.0
2026-09-25T08:03:53.745100+00:00,freq,0,0,1750.0,1750.0,2500.0,900.0,0,,,
2026-09-25T08:03:53.745100+00:00,freq,1,0,600.0,600.0,1200.0,600.0,0,,,
2026-09-25T08:03:53.745100+00:00,power,0,0,,,,,,115155531227,314687892119,0.0
2026-09-25T08:03:54.749878+00:00,freq,0,0,1750.0,1750.0,2500.0,900.0,0,,,
2026-09-25T08:03:54.749878+00:00,freq,1,0,600.0,600.0,1200.0,600.0,0,,,
2026-09-25T08:03:54.749878+00:00,power,0,0,,,,,,115155532447,314688896857,0.0012142468981963456
2026-09-25T08:03:55.738879+00:00,freq,0,0,1750.0,1750.0,2500.0,900.0,0,,,
2026-09-25T08:03:55.738879+00:00,freq,1,0,600.0,600.0,1200.0,600.0,0,,,
2026-09-25T08:03:55.738879+00:00,power,0,0,,,,,,115155532447,314689885861,0.0
2026-09-25T08:03:56.743777+00:00,freq,0,0,1750.0,1750.0,2500.0,900.0,0,,,
2026-09-25T08:03:56.743777+00:00,freq,1,0,600.0,600.0,1200.0,600.0,0,,,
2026-09-25T08:03:56.743777+00:00,power,0,0,,,,,,115155532447,314690890782,0.0
2026-09-25T08:03:57.746122+00:00,freq,0,0,1750.0,1750.0,2500.0,900.0,0,,,
2026-09-25T08:03:57.746122+00:00,freq,1,0,600.0,600.0,1200.0,600.0,0,,,
2026-09-25T08:03:57.746122+00:00,power,0,0,,,,,,115155532447,314691892971,0.0
2026-09-25T08:03:58.749071+00:00,freq,0,0,1750.0,1750.0,2500.0,900.0,0,,,
2026-09-25T08:03:58.749071+00:00,freq,1,0,600.0,600.0,1200.0,600.0,0,,,
2026-09-25T08:03:58.749071+00:00,power,0,0,,,,,,115155533874,314692896024,0.0014226566293107144
2026-09-25T08:03:59.737420+00:00,freq,0,0,1750.0,1750.0,2500.0,900.0,0,,,
2026-09-25T08:03:59.737420+00:00,freq,1,0,600.0,600.0,1200.0,600.0,0,,,
2026-09-25T08:03:59.737420+00:00,power,0,0,,,,,,115155533874,314693884324,0.0
2026-09-25T08:04:00.742034+00:00,freq,0,0,1750.0,1750.0,2500.0,900.0,0,,,
2026-09-25T08:04:00.742034+00:00,freq,1,0,600.0,600.0,1200.0,600.0,0,,,
2026-09-25T08:04:00.742034+00:00,power,0,0,,,,,,115155534057,314694888898,0.00018216676919768977
